{"type":"FeatureCollection","features":[{"type":"Feature","properties":{"state":"Arunachal Pradesh","state_code":"12","nfhs_name":"Arunachal Pradesh","bbox":[91.5599,26.6508,97.3949,29.4617],"pill_total":15.5,"pill_urban":13.3,"pill_rural":15.9,"pill_nfhs4":10.2,"modern_method_total":47.2,"modern_method_urban":44.8,"modern_method_rural":47.6,"modern_method_nfhs4":26.6,"any_method_total":59.1,"any_method_urban":57,"any_method_rural":59.5,"any_method_nfhs4":31.7,"female_sterilization_total":18.2,"female_sterilization_urban":15.7,"female_sterilization_rural":18.7,"female_sterilization_nfhs4":11.2,"condom_total":4.7,"condom_urban":7.5,"condom_rural":4.2,"condom_nfhs4":1.4,"iud_total":6.2,"iud_urban":6.3,"iud_rural":6.2,"iud_nfhs4":3.4,"injectables_total":1,"injectables_urban":0.7,"injectables_rural":1,"injectables_nfhs4":0.2},"geometry":{"type":"Polygon","coordinates":[[[95.2339,26.6825],[95.3034,26.6508],[95.4306,26.7],[95.5432,26.8354],[95.608,26.8132],[95.6672,26.9029],[95.7231,26.8815],[95.8023,27.0151],[95.9457,27.0514],[96.0226,27.18],[96.0899,27.2232],[96.3074,27.2942],[96.4625,27.3061],[96.5176,27.2855],[96.6057,27.3658],[96.7967,27.3458],[96.8856,27.2269],[97.062,27.0992],[97.1628,27.1431],[97.0905,27.2136],[96.9605,27.404],[96.9034,27.4528],[96.9277,27.5121],[96.8898,27.6059],[96.983,27.6665],[97.0193,27.7395],[97.1565,27.8141],[97.2527,27.901],[97.3747,27.9091],[97.3949,28.0255],[97.3214,28.1402],[97.3604,28.1884],[97.2791,28.2687],[97.1711,28.2919],[97.0901,28.3629],[96.994,28.3095],[96.85,28.3621],[96.6628,28.4603],[96.5779,28.4578],[96.5085,28.413],[96.3693,28.3893],[96.2623,28.4086],[96.4929,28.6335],[96.4695,28.6801],[96.5849,28.717],[96.603,28.8],[96.5369,28.88],[96.5185,28.9672],[96.4357,29.0342],[96.3467,29.029],[96.2482,28.9395],[96.1507,29.0503],[96.2179,29.1353],[96.3467,29.1681],[96.3934,29.2538],[96.2442,29.2326],[96.1512,29.3973],[96.0821,29.4617],[95.9585,29.381],[95.8823,29.39],[95.5871,29.2164],[95.5479,29.1269],[95.4111,29.0324],[95.2514,29.0671],[95.2521,29.1085],[94.9968,29.14],[94.8,29.2094],[94.6441,29.3468],[94.5603,29.2286],[94.4337,29.2267],[94.3594,29.1523],[94.2902,29.148],[94.2171,29.0838],[94.1573,28.9543],[93.997,28.8409],[93.9587,28.704],[93.8459,28.7068],[93.6221,28.6573],[93.4933,28.6837],[93.3392,28.6399],[93.2779,28.5045],[93.183,28.4324],[93.2334,28.4002],[93.1955,28.3175],[93.0255,28.3028],[92.897,28.2042],[92.818,28.2012],[92.6889,28.1254],[92.6629,28.0673],[92.741,27.9889],[92.6706,27.8996],[92.5621,27.8205],[92.309,27.7788],[92.2658,27.8576],[92.158,27.8368],[92.0572,27.7589],[91.9858,27.7698],[91.8806,27.7217],[91.8301,27.8075],[91.7604,27.8012],[91.6718,27.8567],[91.6305,27.8008],[91.626,27.7059],[91.5599,27.6334],[91.5641,27.5841],[91.655,27.4828],[91.9408,27.4603],[92.0201,27.4793],[92.0557,27.3996],[92.071,27.2768],[92.0285,27.078],[92.1038,27.007],[92.1121,26.8919],[92.1947,26.8901],[92.4474,26.9589],[92.5833,26.9596],[92.6724,27.0317],[92.8865,26.9998],[93.0218,26.9135],[93.3226,26.9601],[93.489,26.9363],[93.66,26.9671],[93.8356,27.0744],[93.8059,27.1489],[93.9912,27.3284],[94.0597,27.3616],[94.1892,27.4925],[94.2682,27.5209],[94.2133,27.6003],[94.3639,27.5744],[94.5024,27.5775],[94.8523,27.7277],[95.3087,27.8681],[95.3795,27.8393],[95.5147,27.8796],[95.6052,27.9547],[95.8238,27.9716],[95.9717,27.9625],[95.9048,27.8622],[95.7759,27.7537],[95.7906,27.5997],[95.8766,27.5444],[95.8831,27.4354],[95.9693,27.428],[96.0177,27.365],[95.9599,27.311],[95.5875,27.223],[95.5298,27.2646],[95.4558,27.2026],[95.4532,27.1295],[95.3547,27.104],[95.2463,27.0239],[95.1946,27.0313],[95.23,26.9226],[95.1809,26.856],[95.2311,26.7651],[95.2339,26.6825]]]}},{"type":"Feature","properties":{"state":"Assam","state_code":"18","nfhs_name":"Assam","bbox":[89.7094,24.1363,96.0177,27.9716],"pill_total":27.5,"pill_urban":21.2,"pill_rural":28.6,"pill_nfhs4":22,"modern_method_total":45.3,"modern_method_urban":42.3,"modern_method_rural":45.8,"modern_method_nfhs4":37,"any_method_total":60.8,"any_method_urban":61.4,"any_method_rural":60.7,"any_method_nfhs4":52.4,"female_sterilization_total":9,"female_sterilization_urban":9.3,"female_sterilization_rural":8.9,"female_sterilization_nfhs4":9.5,"condom_total":4.9,"condom_urban":7.6,"condom_rural":4.4,"condom_nfhs4":2.7,"iud_total":2.9,"iud_urban":3.4,"iud_rural":2.9,"iud_nfhs4":2.2,"injectables_total":0.5,"injectables_urban":0.3,"injectables_rural":0.6,"injectables_nfhs4":0.1},"geometry":{"type":"Polygon","coordinates":[[[95.1946,27.0313],[95.2463,27.0239],[95.3547,27.104],[95.4532,27.1295],[95.4558,27.2026],[95.5298,27.2646],[95.5875,27.223],[95.9599,27.311],[96.0177,27.365],[95.9693,27.428],[95.8831,27.4354],[95.8766,27.5444],[95.7906,27.5997],[95.7759,27.7537],[95.9048,27.8622],[95.9717,27.9625],[95.8238,27.9716],[95.6052,27.9547],[95.5147,27.8796],[95.3795,27.8393],[95.3087,27.8681],[94.8523,27.7277],[94.5024,27.5775],[94.3639,27.5744],[94.2133,27.6003],[94.2682,27.5209],[94.1892,27.4925],[94.0597,27.3616],[93.9912,27.3284],[93.8059,27.1489],[93.8356,27.0744],[93.66,26.9671],[93.489,26.9363],[93.3226,26.9601],[93.0218,26.9135],[92.8865,26.9998],[92.6724,27.0317],[92.5833,26.9596],[92.4474,26.9589],[92.1947,26.8901],[92.1121,26.8919],[92.0562,26.8467],[91.9836,26.8579],[91.893,26.9187],[91.7207,26.8119],[91.6259,26.821],[91.4952,26.7912],[91.4081,26.84],[91.3373,26.7806],[91.2368,26.812],[91.0976,26.8221],[90.9917,26.7908],[90.6931,26.7708],[90.5464,26.8168],[90.4181,26.9044],[90.3006,26.8485],[90.2308,26.8588],[90.1947,26.7737],[90.0492,26.7304],[89.8976,26.7243],[89.8518,26.6972],[89.869,26.4537],[89.781,26.3528],[89.7094,26.2115],[89.7196,26.1659],[89.7844,26.1054],[89.8783,25.9242],[89.8333,25.8712],[89.8271,25.7406],[89.8823,25.6173],[89.8544,25.4674],[89.8986,25.5606],[90.0202,25.6076],[89.8991,25.7265],[89.9547,25.7673],[90.0056,25.8786],[90.1162,25.957],[90.2114,25.9527],[90.4761,26.0097],[90.5349,25.9497],[90.6316,25.9199],[90.7138,25.9518],[90.957,25.9351],[91.0013,25.8252],[91.2036,25.8433],[91.1782,25.7774],[91.2745,25.7505],[91.3353,25.8406],[91.4778,25.8574],[91.5707,26.0258],[91.6195,26.0261],[91.6364,25.9214],[91.72,25.9537],[91.731,26.059],[91.8253,26.1195],[91.8672,26.0421],[92.1213,26.044],[92.1693,26.0777],[92.2634,26.0332],[92.1641,25.9704],[92.1772,25.8728],[92.151,25.8167],[92.1733,25.6742],[92.3786,25.7485],[92.4442,25.7198],[92.5055,25.6164],[92.6428,25.5349],[92.5736,25.4906],[92.6185,25.4231],[92.7237,25.3789],[92.7924,25.2827],[92.7428,25.2068],[92.6583,25.172],[92.6213,25.1151],[92.5248,25.1353],[92.4252,25.0297],[92.4184,24.9665],[92.4872,24.9471],[92.4924,24.8743],[92.3857,24.8518],[92.2486,24.9091],[92.2959,24.7366],[92.2544,24.6781],[92.2117,24.5045],[92.2598,24.3585],[92.2188,24.2857],[92.2923,24.2505],[92.4224,24.255],[92.4642,24.1363],[92.5239,24.1715],[92.5508,24.2473],[92.6122,24.2536],[92.6247,24.3342],[92.6897,24.3537],[92.7629,24.5212],[92.7993,24.4192],[92.9311,24.3931],[93.0087,24.4118],[93.0499,24.5443],[93.0931,24.5816],[93.1047,24.7914],[93.191,24.8041],[93.2487,24.9149],[93.2641,25.0495],[93.3321,25.0933],[93.381,25.2397],[93.4539,25.3249],[93.4581,25.4311],[93.3844,25.4693],[93.3502,25.5321],[93.4014,25.6112],[93.4965,25.6546],[93.5424,25.731],[93.702,25.8516],[93.7361,25.9229],[93.8522,25.8583],[93.9786,25.9168],[93.9541,25.9694],[94.001,26.1724],[94.0996,26.314],[94.1601,26.3544],[94.1716,26.4299],[94.2562,26.5413],[94.2897,26.4798],[94.3957,26.5274],[94.4602,26.6617],[94.5392,26.7063],[94.6923,26.732],[94.8026,26.8014],[94.8735,26.9176],[94.9825,26.9131],[95.0952,26.9576],[95.1946,27.0313]]]}},{"type":"Feature","properties":{"state":"Chandigarh","state_code":"04","nfhs_name":"Chandigarh","bbox":[76.7052,30.6704,76.8381,30.7953],"pill_total":0.5,"pill_urban":0.4,"pill_rural":null,"pill_nfhs4":3.6,"modern_method_total":55.6,"modern_method_urban":55.8,"modern_method_rural":null,"modern_method_nfhs4":58.2,"any_method_total":77.4,"any_method_urban":77.5,"any_method_rural":null,"any_method_nfhs4":74,"female_sterilization_total":19,"female_sterilization_urban":19,"female_sterilization_rural":null,"female_sterilization_nfhs4":20.6,"condom_total":31.1,"condom_urban":31.2,"condom_rural":null,"condom_nfhs4":27.3,"iud_total":4.2,"iud_urban":4.3,"iud_rural":null,"iud_nfhs4":5.4,"injectables_total":0,"injectables_urban":0,"injectables_rural":null,"injectables_nfhs4":0},"geometry":{"type":"Polygon","coordinates":[[[76.8381,30.7549],[76.7715,30.7953],[76.7052,30.7561],[76.7766,30.6704],[76.8292,30.681],[76.8381,30.7549]]]}},{"type":"Feature","properties":{"state":"Chhattisgarh","state_code":"22","nfhs_name":"Chhattisgarh","bbox":[80.2709,17.7981,84.3958,24.1017],"pill_total":2.4,"pill_urban":2.6,"pill_rural":2.3,"pill_nfhs4":1.7,"modern_method_total":61.7,"modern_method_urban":64.9,"modern_method_rural":60.8,"modern_method_nfhs4":54.5,"any_method_total":67.8,"any_method_urban":71.3,"any_method_rural":66.8,"any_method_nfhs4":57.7,"female_sterilization_total":47.5,"female_sterilization_urban":47.3,"female_sterilization_rural":47.6,"female_sterilization_nfhs4":46.2,"condom_total":4.1,"condom_urban":7.9,"condom_rural":3,"condom_nfhs4":3.9,"iud_total":2.8,"iud_urban":3.7,"iud_rural":2.6,"iud_nfhs4":1.6,"injectables_total":0.4,"injectables_urban":0.4,"injectables_rural":0.4,"injectables_nfhs4":0},"geometry":{"type":"Polygon","coordinates":[[[83.3299,24.1017],[83.216,23.9379],[83.1415,23.8849],[82.9479,23.8714],[82.8103,23.9629],[82.6989,23.925],[82.6353,23.8377],[82.5234,23.7837],[82.479,23.806],[82.3346,23.8026],[82.1808,23.8363],[82.0527,23.8195],[82.0075,23.8618],[81.7731,23.8164],[81.6578,23.9164],[81.609,23.9032],[81.6446,23.7702],[81.6959,23.7214],[81.6203,23.6515],[81.6114,23.5126],[81.7252,23.5569],[81.8207,23.5153],[81.9233,23.5327],[81.9853,23.4145],[82.1034,23.3983],[82.1994,23.3135],[82.1258,23.104],[81.9911,23.0866],[81.9215,23.0408],[81.9505,22.983],[81.8616,22.8893],[81.7757,22.8745],[81.7944,22.7665],[81.7286,22.6765],[81.6472,22.6133],[81.6,22.5353],[81.5222,22.539],[81.4278,22.4798],[81.3265,22.5262],[81.2322,22.4522],[81.1727,22.4879],[81.1112,22.4376],[81.1187,22.2913],[81.0501,22.2446],[81.0219,22.1328],[80.9079,22.1096],[80.8478,21.9313],[80.8386,21.8003],[80.7409,21.7446],[80.7154,21.5851],[80.7349,21.4599],[80.66,21.3341],[80.6439,21.2514],[80.4643,21.1749],[80.4392,21.0965],[80.4637,20.9291],[80.5418,20.9238],[80.5492,20.7959],[80.5801,20.6728],[80.481,20.6184],[80.5209,20.5805],[80.6123,20.6005],[80.6261,20.3361],[80.3953,20.2449],[80.3885,20.1651],[80.5521,20.118],[80.5389,19.9518],[80.4691,19.8269],[80.5463,19.8183],[80.5865,19.7412],[80.6764,19.6994],[80.7147,19.6166],[80.8954,19.5197],[80.8463,19.3554],[80.757,19.2896],[80.6127,19.3094],[80.5811,19.3977],[80.4825,19.338],[80.3878,19.1803],[80.3276,19.1349],[80.3297,19.0699],[80.2709,18.9384],[80.3495,18.848],[80.2729,18.723],[80.3458,18.5955],[80.4546,18.6303],[80.5147,18.6194],[80.5998,18.5531],[80.732,18.401],[80.7372,18.2221],[80.8667,18.1403],[80.9555,18.1324],[80.9984,17.9168],[81.0082,17.7983],[81.0856,17.7981],[81.1661,17.8577],[81.2654,17.8111],[81.3961,17.82],[81.4829,17.9768],[81.5133,18.1],[81.507,18.1862],[81.5373,18.2694],[81.6591,18.3466],[81.7503,18.3536],[81.7695,18.4189],[81.9506,18.5701],[81.9607,18.6887],[82.1573,18.7855],[82.1761,18.9027],[82.246,18.9191],[82.2184,19.0973],[82.1698,19.1453],[82.1715,19.4372],[82.1002,19.5166],[82.0472,19.5334],[82.0447,19.7089],[82.0655,19.7907],[81.9859,19.8011],[81.9681,19.8599],[81.8531,19.9185],[81.8709,20.0442],[81.9464,20.1052],[82.0215,20.0238],[82.0635,20.0546],[82.1842,19.9842],[82.2692,19.9753],[82.3453,19.8359],[82.446,19.9102],[82.7073,19.8351],[82.7154,19.9947],[82.5967,19.99],[82.3992,20.0566],[82.3909,20.1622],[82.4379,20.2934],[82.4003,20.3408],[82.438,20.4342],[82.3333,20.5687],[82.3765,20.6324],[82.3498,20.7063],[82.3395,20.8469],[82.5601,20.9467],[82.6293,21.0385],[82.6405,21.1548],[82.9022,21.1669],[83.1314,21.1058],[83.1982,21.1453],[83.2173,21.2551],[83.2842,21.3802],[83.392,21.3425],[83.3987,21.4052],[83.3467,21.4897],[83.3827,21.6202],[83.4432,21.6555],[83.6057,21.9141],[83.5379,21.9693],[83.5371,22.0445],[83.6274,22.2037],[83.7579,22.2403],[83.8642,22.3433],[83.9968,22.3719],[84.0474,22.4382],[84.0091,22.5261],[84.0244,22.5919],[84.084,22.6382],[84.1524,22.6369],[84.2381,22.6919],[84.3336,22.8606],[84.3958,22.9392],[84.3281,22.982],[84.1783,22.9799],[84.1334,23.0831],[84.0324,23.1605],[84.0747,23.3333],[83.9623,23.3854],[83.971,23.467],[84.0146,23.5036],[84.03,23.6],[83.9377,23.569],[83.7753,23.609],[83.7228,23.6859],[83.7377,23.7605],[83.6595,23.8493],[83.5591,23.893],[83.5138,23.9964],[83.4316,24.086],[83.3299,24.1017]]]}},{"type":"Feature","properties":{"state":"Delhi","state_code":"07","nfhs_name":"NCT of Delhi","bbox":[76.8425,28.4047,77.3454,28.8678],"pill_total":2.7,"pill_urban":2.7,"pill_rural":3.4,"pill_nfhs4":2.9,"modern_method_total":57.7,"modern_method_urban":57.6,"modern_method_rural":59.7,"modern_method_nfhs4":48.6,"any_method_total":76.4,"any_method_urban":76.5,"any_method_rural":71.3,"any_method_nfhs4":54.9,"female_sterilization_total":18,"female_sterilization_urban":18,"female_sterilization_rural":18.6,"female_sterilization_nfhs4":19.8,"condom_total":28.3,"condom_urban":28.4,"condom_rural":23.3,"condom_nfhs4":20,"iud_total":6.7,"iud_urban":6.6,"iud_rural":11,"iud_nfhs4":5.4,"injectables_total":0.4,"injectables_urban":0.3,"injectables_rural":1.8,"injectables_nfhs4":0.1},"geometry":{"type":"Polygon","coordinates":[[[77.2098,28.8579],[77.0578,28.8678],[76.9508,28.8183],[76.9678,28.6996],[76.8425,28.5561],[76.8796,28.5047],[77.0066,28.5413],[77.1207,28.4963],[77.1744,28.4047],[77.2433,28.4788],[77.3454,28.5133],[77.2984,28.5802],[77.3254,28.7089],[77.1994,28.7981],[77.2098,28.8579]]]}},{"type":"Feature","properties":{"state":"Goa","state_code":"30","nfhs_name":"Goa","bbox":[73.6754,14.9006,74.3262,15.7507],"pill_total":2.7,"pill_urban":3.4,"pill_rural":1.7,"pill_nfhs4":0.3,"modern_method_total":60.1,"modern_method_urban":65,"modern_method_rural":52.4,"modern_method_nfhs4":24.8,"any_method_total":67.9,"any_method_urban":72.3,"any_method_rural":61.1,"any_method_nfhs4":26.3,"female_sterilization_total":29.9,"female_sterilization_urban":33.2,"female_sterilization_rural":24.9,"female_sterilization_nfhs4":16.3,"condom_total":23.2,"condom_urban":24.6,"condom_rural":21.1,"condom_nfhs4":7.1,"iud_total":2.4,"iud_urban":2.5,"iud_rural":2.2,"iud_nfhs4":0.9,"injectables_total":0,"injectables_urban":0,"injectables_rural":0,"injectables_nfhs4":0.1},"geometry":{"type":"Polygon","coordinates":[[[74.1184,15.652],[73.9908,15.6115],[73.9387,15.7427],[73.8752,15.7507],[73.6754,15.727],[73.7662,15.4947],[73.8972,15.4186],[73.8793,15.3634],[73.9496,15.1448],[73.9318,15.0791],[74.0349,14.9972],[74.0857,14.9006],[74.2524,14.9588],[74.2966,15.0412],[74.2727,15.0975],[74.3174,15.1838],[74.3262,15.2834],[74.251,15.4916],[74.2827,15.5314],[74.222,15.6555],[74.1184,15.652]]]}},{"type":"Feature","properties":{"state":"Haryana","state_code":"06","nfhs_name":"Haryana","bbox":[74.4804,27.6536,77.5856,30.9043],"pill_total":2.8,"pill_urban":2.9,"pill_rural":2.8,"pill_nfhs4":2.7,"modern_method_total":60.5,"modern_method_urban":59,"modern_method_rural":61.3,"modern_method_nfhs4":59.4,"any_method_total":73.1,"any_method_urban":73.5,"any_method_rural":72.9,"any_method_nfhs4":63.7,"female_sterilization_total":32.3,"female_sterilization_urban":24.1,"female_sterilization_rural":36.3,"female_sterilization_nfhs4":38.1,"condom_total":18.1,"condom_urban":24.6,"condom_rural":14.9,"condom_nfhs4":12,"iud_total":5,"iud_urban":5,"iud_rural":4.9,"iud_nfhs4":5.7,"injectables_total":0.4,"injectables_urban":0.4,"injectables_rural":0.4,"injectables_nfhs4":0.2},"geometry":{"type":"Polygon","coordinates":[[[77.5856,30.3796],[77.5185,30.4433],[77.452,30.4001],[77.2265,30.4805],[77.1228,30.5633],[77.1723,30.6013],[77.1612,30.691],[77.0958,30.7388],[77.0297,30.7337],[77.0122,30.8099],[76.7767,30.9043],[76.8467,30.834],[76.8381,30.7549],[76.8292,30.681],[76.926,30.6101],[76.9311,30.5009],[76.8833,30.4087],[76.7896,30.415],[76.6388,30.2844],[76.5999,30.1847],[76.6422,30.1497],[76.538,30.0747],[76.4101,30.1451],[76.2263,30.0594],[76.1848,29.8228],[76.1051,29.8119],[75.9844,29.7271],[75.8702,29.7493],[75.7788,29.8224],[75.6345,29.7553],[75.4214,29.7751],[75.3457,29.696],[75.3094,29.5608],[75.183,29.6284],[75.2006,29.7265],[75.0699,29.8771],[74.9909,29.8677],[74.9267,29.9503],[74.6936,29.9669],[74.6292,29.905],[74.5272,29.9428],[74.561,29.8696],[74.4851,29.815],[74.4804,29.7435],[74.6161,29.7522],[74.5749,29.5643],[74.6219,29.5222],[74.5846,29.4585],[74.6073,29.3562],[74.7875,29.3614],[74.8505,29.4036],[74.9383,29.362],[74.9611,29.2806],[75.05,29.2862],[75.0755,29.2297],[75.2101,29.2347],[75.3415,29.2812],[75.412,29.2428],[75.3813,29.1689],[75.3912,29.0627],[75.5218,29.0039],[75.4986,28.934],[75.5034,28.7824],[75.5615,28.6132],[75.6217,28.6021],[75.7697,28.4228],[75.8904,28.3831],[75.9862,28.2931],[76.0706,28.1651],[75.999,28.1228],[75.9714,27.852],[76.0889,27.8605],[76.1826,27.7986],[76.2254,27.8335],[76.1682,27.9034],[76.1804,28.0545],[76.261,28.0675],[76.3189,28.0155],[76.3566,28.1437],[76.4757,28.1486],[76.5293,28.0404],[76.5888,27.998],[76.7157,28.1278],[76.7948,28.1484],[76.8084,28.2109],[76.9705,28.1384],[76.9307,27.9533],[76.8983,27.6775],[76.9791,27.6536],[77.0001,27.737],[77.1085,27.7863],[77.2837,27.8011],[77.4922,27.9385],[77.5459,27.9582],[77.4743,28.0875],[77.537,28.1657],[77.4776,28.4191],[77.3454,28.5133],[77.2433,28.4788],[77.1744,28.4047],[77.1207,28.4963],[77.0066,28.5413],[76.8796,28.5047],[76.8425,28.5561],[76.9678,28.6996],[76.9508,28.8183],[77.0578,28.8678],[77.2098,28.8579],[77.2329,28.9187],[77.1638,29.0795],[77.1314,29.2175],[77.1611,29.3324],[77.0964,29.5195],[77.1062,29.6324],[77.1565,29.6926],[77.1225,29.7513],[77.1792,29.8127],[77.2175,29.9235],[77.303,30.0554],[77.4051,30.0891],[77.5835,30.3074],[77.5856,30.3796]]]}},{"type":"Feature","properties":{"state":"Himachal Pradesh","state_code":"02","nfhs_name":"Himachal Pradesh","bbox":[75.6385,30.3796,79.0022,33.2496],"pill_total":1.5,"pill_urban":2,"pill_rural":1.4,"pill_nfhs4":1.5,"modern_method_total":63.4,"modern_method_urban":59.3,"modern_method_rural":64,"modern_method_nfhs4":52.1,"any_method_total":74.2,"any_method_urban":75.2,"any_method_rural":74.1,"any_method_nfhs4":57,"female_sterilization_total":37.7,"female_sterilization_urban":21.7,"female_sterilization_rural":40.2,"female_sterilization_nfhs4":34.5,"condom_total":19.2,"condom_urban":31.9,"condom_rural":17.3,"condom_nfhs4":12.7,"iud_total":1.1,"iud_urban":0.9,"iud_rural":1.2,"iud_nfhs4":0.9,"injectables_total":0.1,"injectables_urban":0,"injectables_rural":0.1,"injectables_nfhs4":0.1},"geometry":{"type":"Polygon","coordinates":[[[78.3986,32.5257],[78.3128,32.5737],[78.4052,32.6194],[78.3877,32.7569],[78.2195,32.6647],[78.1427,32.6818],[78.0989,32.6304],[78.0158,32.6198],[77.9185,32.6907],[77.9258,32.772],[77.792,32.8558],[77.8109,32.9068],[77.7307,32.9745],[77.6023,32.9428],[77.469,32.8584],[77.4136,32.884],[77.3388,32.8168],[77.2434,32.8926],[77.1642,32.9189],[77.1497,32.9781],[77.0103,32.9891],[76.933,33.0285],[76.8344,33.2049],[76.7712,33.2496],[76.7469,33.1792],[76.6185,33.1744],[76.5674,33.2103],[76.4101,33.1865],[76.2918,33.1032],[76.2474,33.0216],[76.1123,33.0063],[76.0993,32.9661],[75.9539,32.8734],[75.8423,32.9293],[75.8113,32.8778],[75.9246,32.7483],[75.9159,32.613],[75.8344,32.5118],[75.9018,32.4528],[75.7706,32.2887],[75.6385,32.252],[75.6582,32.0777],[75.9104,31.9502],[76.0177,31.6322],[76.1208,31.4976],[76.2139,31.2995],[76.3112,31.3195],[76.3485,31.3978],[76.4317,31.3269],[76.6454,31.2091],[76.602,31.1238],[76.6247,30.9988],[76.7096,30.9698],[76.7767,30.9043],[77.0122,30.8099],[77.0297,30.7337],[77.0958,30.7388],[77.1612,30.691],[77.1723,30.6013],[77.1228,30.5633],[77.2265,30.4805],[77.452,30.4001],[77.5185,30.4433],[77.5856,30.3796],[77.576,30.3974],[77.6524,30.4481],[77.8185,30.5081],[77.7429,30.5939],[77.7906,30.6341],[77.7088,30.7398],[77.7988,30.8681],[77.7541,30.9645],[77.8638,31.1086],[77.9673,31.1734],[78.0297,31.1642],[78.1602,31.2256],[78.2469,31.2305],[78.3703,31.2864],[78.4837,31.199],[78.5782,31.2253],[78.66,31.1912],[78.8099,31.1984],[78.8854,31.0988],[79.0022,31.1125],[78.9859,31.1739],[78.882,31.2868],[78.7916,31.3046],[78.7528,31.3854],[78.7977,31.4435],[78.7349,31.5361],[78.8469,31.608],[78.764,31.6746],[78.7053,31.776],[78.7811,31.9935],[78.5898,32.1542],[78.6085,32.2143],[78.4819,32.2798],[78.4799,32.3481],[78.5348,32.4144],[78.4542,32.4524],[78.3986,32.5257]]]}},{"type":"Feature","properties":{"state":"Jharkhand","state_code":"20","nfhs_name":"Jharkhand","bbox":[83.3299,21.9708,87.9575,25.3327],"pill_total":3.1,"pill_urban":3.1,"pill_rural":3.1,"pill_nfhs4":2.6,"modern_method_total":49.5,"modern_method_urban":51.4,"modern_method_rural":48.9,"modern_method_nfhs4":37.5,"any_method_total":61.7,"any_method_urban":66,"any_method_rural":60.4,"any_method_nfhs4":40.4,"female_sterilization_total":37.4,"female_sterilization_urban":37.3,"female_sterilization_rural":37.4,"female_sterilization_nfhs4":31.1,"condom_total":4.1,"condom_urban":6,"condom_rural":3.5,"condom_nfhs4":2.2,"iud_total":1.7,"iud_urban":2.1,"iud_rural":1.6,"iud_nfhs4":1,"injectables_total":0.5,"injectables_urban":0.5,"injectables_rural":0.5,"injectables_nfhs4":0.2},"geometry":{"type":"Polygon","coordinates":[[[87.7114,25.2577],[87.6984,25.304],[87.5519,25.3327],[87.4733,25.2383],[87.3345,25.2162],[87.2965,25.1137],[87.1811,25.0658],[87.1458,25.0193],[87.1567,24.881],[87.1047,24.8468],[87.0511,24.6086],[86.9332,24.6312],[86.8408,24.5628],[86.787,24.6165],[86.6694,24.5662],[86.6034,24.6082],[86.5167,24.5354],[86.4912,24.428],[86.4453,24.3679],[86.3491,24.4466],[86.2848,24.588],[86.1669,24.5838],[86.1154,24.6437],[86.1285,24.6987],[86.0553,24.7797],[85.9196,24.7448],[85.855,24.8084],[85.7367,24.8208],[85.7072,24.7245],[85.649,24.6846],[85.6761,24.6165],[85.5806,24.6008],[85.4978,24.5466],[85.3216,24.5198],[85.1739,24.4206],[85.0282,24.4154],[84.954,24.3715],[84.8369,24.4589],[84.8257,24.5253],[84.6864,24.4567],[84.6653,24.391],[84.583,24.4129],[84.5016,24.2882],[84.4308,24.3566],[84.342,24.3933],[84.2972,24.5605],[84.1728,24.5451],[84.1083,24.4775],[84.0339,24.63],[83.9368,24.5497],[83.7186,24.5034],[83.5033,24.5254],[83.4017,24.5035],[83.3855,24.4513],[83.4495,24.3771],[83.38,24.3131],[83.4091,24.2663],[83.3299,24.1017],[83.4316,24.086],[83.5138,23.9964],[83.5591,23.893],[83.6595,23.8493],[83.7377,23.7605],[83.7228,23.6859],[83.7753,23.609],[83.9377,23.569],[84.03,23.6],[84.0146,23.5036],[83.971,23.467],[83.9623,23.3854],[84.0747,23.3333],[84.0324,23.1605],[84.1334,23.0831],[84.1783,22.9799],[84.3281,22.982],[84.3958,22.9392],[84.3336,22.8606],[84.2381,22.6919],[84.1524,22.6369],[84.084,22.6382],[84.0244,22.5919],[84.0091,22.5261],[84.1408,22.4739],[84.1968,22.3781],[84.2915,22.3429],[84.4294,22.3525],[84.5084,22.4211],[84.759,22.4467],[84.915,22.4256],[85.057,22.4862],[85.117,22.2944],[85.0782,22.2573],[85.0284,22.1222],[85.0985,22.1059],[85.2519,22.0271],[85.2751,22.0823],[85.3661,22.1589],[85.4233,22.158],[85.5994,22.0783],[85.7493,22.0736],[85.784,21.9844],[85.9083,21.9708],[86.0092,22.1158],[86.0313,22.19],[85.9738,22.2471],[86.0181,22.4257],[85.9627,22.4851],[86.0454,22.5675],[86.1185,22.4867],[86.2693,22.4423],[86.4105,22.32],[86.5043,22.3429],[86.5549,22.2984],[86.727,22.2168],[86.824,22.2668],[86.8455,22.3999],[86.7647,22.4266],[86.8022,22.5023],[86.7658,22.5757],[86.6585,22.5757],[86.6414,22.6577],[86.548,22.7209],[86.4822,22.7294],[86.4194,22.791],[86.5014,22.9947],[86.223,22.9948],[86.0437,23.1449],[85.8942,23.1553],[85.8197,23.2685],[85.8686,23.3304],[85.8759,23.4807],[86.0388,23.4979],[86.042,23.5862],[86.1434,23.5635],[86.1485,23.4654],[86.2886,23.4295],[86.3498,23.4516],[86.3681,23.5408],[86.4906,23.6377],[86.713,23.6986],[86.7993,23.689],[86.826,23.7769],[86.8886,23.8436],[86.9863,23.8596],[87.1225,23.7962],[87.2953,23.9021],[87.2454,24.0451],[87.337,24.034],[87.4395,23.9818],[87.512,24.0361],[87.5319,24.1073],[87.6384,24.2147],[87.7615,24.3083],[87.8164,24.5006],[87.8026,24.562],[87.8919,24.5656],[87.9171,24.6658],[87.8427,24.7403],[87.9575,24.9711],[87.7957,25.0873],[87.7792,25.1436],[87.7787,25.2505],[87.7114,25.2577]]]}},{"type":"Feature","properties":{"state":"Karnataka","state_code":"29","nfhs_name":"Karnataka","bbox":[74.0857,11.6186,78.5673,18.4501],"pill_total":2.1,"pill_urban":2.1,"pill_rural":2.1,"pill_nfhs4":0.4,"modern_method_total":68.2,"modern_method_urban":68.8,"modern_method_rural":67.7,"modern_method_nfhs4":51.3,"any_method_total":68.7,"any_method_urban":69.6,"any_method_rural":68.2,"any_method_nfhs4":51.8,"female_sterilization_total":57.4,"female_sterilization_urban":55.2,"female_sterilization_rural":58.9,"female_sterilization_nfhs4":48.6,"condom_total":4.1,"condom_urban":6,"condom_rural":2.9,"condom_nfhs4":1.3,"iud_total":2.9,"iud_urban":3.4,"iud_rural":2.5,"iud_nfhs4":0.8,"injectables_total":0.5,"injectables_urban":0.7,"injectables_rural":0.4,"injectables_nfhs4":0},"geometry":{"type":"Polygon","coordinates":[[[77.5514,18.2919],[77.4927,18.2672],[77.409,18.3015],[77.4141,18.3931],[77.3361,18.4501],[77.2418,18.4126],[77.2118,18.3163],[77.1402,18.2077],[76.952,18.1881],[76.9206,18.1182],[76.919,17.916],[76.7751,17.8777],[76.7905,17.8263],[76.721,17.7881],[76.6909,17.681],[76.6282,17.7506],[76.5613,17.7646],[76.4873,17.7148],[76.4898,17.6605],[76.4197,17.6037],[76.3313,17.5974],[76.3635,17.3777],[76.2721,17.3606],[76.119,17.3705],[75.9309,17.3226],[75.8941,17.4012],[75.8062,17.368],[75.6331,17.4772],[75.6038,17.3055],[75.6542,17.2738],[75.6283,17.1627],[75.6724,17.116],[75.6661,16.9798],[75.5294,16.9694],[75.4656,16.9884],[75.2797,16.9566],[75.2648,16.8628],[75.1819,16.8434],[75.0894,16.9516],[74.993,16.9521],[74.9104,16.8351],[74.9195,16.7725],[74.772,16.7507],[74.6895,16.6865],[74.6877,16.6179],[74.5686,16.5539],[74.5446,16.6355],[74.3967,16.5833],[74.3799,16.5286],[74.2642,16.5398],[74.3327,16.4548],[74.3288,16.3238],[74.3505,16.2754],[74.5032,16.2254],[74.483,16.0901],[74.4309,15.9566],[74.3869,15.905],[74.3676,15.7858],[74.308,15.7485],[74.1616,15.7513],[74.1184,15.652],[74.222,15.6555],[74.2827,15.5314],[74.251,15.4916],[74.3262,15.2834],[74.3174,15.1838],[74.2727,15.0975],[74.2966,15.0412],[74.2524,14.9588],[74.0857,14.9006],[74.1413,14.7794],[74.25,14.7395],[74.3163,14.5278],[74.3554,14.5089],[74.4134,14.3162],[74.4695,14.1882],[74.5012,14.0233],[74.6101,13.8669],[74.6697,13.6348],[74.6978,13.3473],[74.7751,13.0841],[74.8236,12.8468],[74.8696,12.7607],[75.0095,12.7676],[75.0466,12.6668],[75.1605,12.6716],[75.2118,12.5794],[75.2801,12.5242],[75.3819,12.5021],[75.3797,12.3921],[75.4358,12.2946],[75.5054,12.2708],[75.577,12.1569],[75.6489,12.1086],[75.8027,12.0795],[75.8011,12.037],[75.8701,11.952],[76.0032,11.9315],[76.1125,11.9788],[76.1128,11.8585],[76.1904,11.8713],[76.2802,11.8124],[76.3397,11.7391],[76.414,11.7602],[76.4313,11.6665],[76.5116,11.7051],[76.5599,11.6226],[76.7569,11.6186],[76.835,11.6555],[76.908,11.7954],[77.0129,11.8147],[77.1107,11.7736],[77.2938,11.8091],[77.3351,11.7713],[77.4498,11.7961],[77.4639,11.8941],[77.5379,11.9325],[77.6756,11.9521],[77.7738,12.1206],[77.7277,12.1816],[77.6107,12.2062],[77.472,12.208],[77.479,12.2713],[77.5513,12.2913],[77.6168,12.3683],[77.6346,12.4877],[77.5872,12.5148],[77.5989,12.6672],[77.7399,12.673],[77.7985,12.7952],[77.7991,12.8516],[77.9219,12.8848],[78.0097,12.8058],[78.0765,12.8397],[78.1342,12.782],[78.2309,12.7607],[78.2522,12.8606],[78.3124,12.8586],[78.3887,12.9069],[78.4622,13.0433],[78.5673,13.1933],[78.5564,13.2839],[78.4011,13.3155],[78.3776,13.3632],[78.3852,13.5922],[78.1902,13.5902],[78.1143,13.6574],[78.1148,13.8629],[77.9921,13.8689],[77.8957,13.9411],[77.7815,13.8183],[77.6513,13.7841],[77.5344,13.707],[77.4651,13.7109],[77.4646,13.8061],[77.4325,13.8433],[77.2567,13.8466],[77.0647,13.7439],[76.9764,13.8174],[77.0417,13.9335],[76.9311,14.0302],[76.9735,14.0836],[76.9198,14.1645],[77.0055,14.184],[77.0349,14.0561],[77.1274,14.0471],[77.1411,14.0039],[77.3066,14.032],[77.398,13.9066],[77.4354,13.9476],[77.3902,14.0167],[77.3937,14.1743],[77.5035,14.1572],[77.4818,14.2916],[77.4078,14.3376],[77.3638,14.2759],[77.1357,14.3369],[77.1167,14.2264],[76.9401,14.2446],[76.9457,14.3132],[76.8848,14.3476],[76.9478,14.4132],[76.9007,14.4892],[76.8063,14.5311],[76.765,14.6022],[76.7753,14.681],[76.8368,14.7908],[76.8696,14.9377],[76.7666,14.9756],[76.8003,15.0959],[76.8772,15.0302],[77.113,15.0341],[77.1692,15.1714],[77.152,15.2757],[77.0419,15.3619],[77.0305,15.6345],[77.0832,15.6592],[77.0491,15.7303],[77.0711,15.9088],[77.1853,15.9568],[77.4296,15.9491],[77.5135,15.9268],[77.4898,16.1196],[77.5048,16.2758],[77.5881,16.3334],[77.4897,16.385],[77.421,16.3662],[77.288,16.4087],[77.294,16.4767],[77.4192,16.5224],[77.4678,16.6098],[77.4745,16.7813],[77.4592,16.9173],[77.4967,17.0427],[77.4592,17.1091],[77.378,17.1399],[77.3802,17.2225],[77.4586,17.279],[77.4536,17.374],[77.5158,17.3604],[77.5373,17.4438],[77.6888,17.5109],[77.4432,17.584],[77.4525,17.6947],[77.5686,17.7489],[77.515,17.8054],[77.6495,17.95],[77.5896,18.0117],[77.597,18.0868],[77.5514,18.2919]]]}},{"type":"Feature","properties":{"state":"Manipur","state_code":"14","nfhs_name":"Manipur","bbox":[92.991,23.8482,94.7441,25.6815],"pill_total":4.4,"pill_urban":3,"pill_rural":5.2,"pill_nfhs4":4.2,"modern_method_total":18.2,"modern_method_urban":19.3,"modern_method_rural":17.5,"modern_method_nfhs4":12.7,"any_method_total":61.3,"any_method_urban":61.5,"any_method_rural":61.2,"any_method_nfhs4":23.6,"female_sterilization_total":3.7,"female_sterilization_urban":4.4,"female_sterilization_rural":3.2,"female_sterilization_nfhs4":3.1,"condom_total":4.8,"condom_urban":6.1,"condom_rural":4,"condom_nfhs4":1.3,"iud_total":4.9,"iud_urban":5.5,"iud_rural":4.5,"iud_nfhs4":3.7,"injectables_total":0.1,"injectables_urban":0.1,"injectables_rural":0.2,"injectables_nfhs4":0.1},"geometry":{"type":"Polygon","coordinates":[[[94.6755,25.4456],[94.5539,25.5026],[94.5897,25.6815],[94.425,25.5865],[94.3551,25.5122],[94.2186,25.4916],[94.1562,25.5511],[94.1081,25.5219],[94.0217,25.5902],[93.9604,25.5507],[93.8344,25.5606],[93.81,25.4838],[93.6816,25.3289],[93.6227,25.2314],[93.5013,25.2424],[93.4539,25.3249],[93.381,25.2397],[93.3321,25.0933],[93.2641,25.0495],[93.2487,24.9149],[93.191,24.8041],[93.1047,24.7914],[93.0931,24.5816],[93.0499,24.5443],[93.0087,24.4118],[93.0403,24.3414],[92.991,24.1156],[93.1038,24.0497],[93.3262,24.0485],[93.4216,24.0641],[93.4896,23.9515],[93.6085,23.9719],[93.6238,24.0114],[93.7543,24.0055],[93.8196,23.9236],[93.8934,23.9529],[94.0167,23.9269],[94.1566,23.8482],[94.1697,23.9284],[94.2373,24.0354],[94.2597,24.1653],[94.4083,24.4399],[94.4545,24.566],[94.605,24.7159],[94.6318,24.8396],[94.6876,24.8893],[94.7441,25.037],[94.7365,25.1351],[94.606,25.1814],[94.5851,25.2668],[94.6755,25.4456]]]}},{"type":"Feature","properties":{"state":"Meghalaya","state_code":"17","nfhs_name":"Meghalaya","bbox":[89.8158,25.0297,92.7924,26.1195],"pill_total":8.3,"pill_urban":6,"pill_rural":8.9,"pill_nfhs4":11.7,"modern_method_total":22.5,"modern_method_urban":21,"modern_method_rural":22.9,"modern_method_nfhs4":21.9,"any_method_total":27.4,"any_method_urban":25.9,"any_method_rural":27.8,"any_method_nfhs4":24.3,"female_sterilization_total":5.6,"female_sterilization_urban":7.1,"female_sterilization_rural":5.2,"female_sterilization_nfhs4":6.2,"condom_total":2.7,"condom_urban":3.9,"condom_rural":2.4,"condom_nfhs4":1.3,"iud_total":4.4,"iud_urban":2.9,"iud_rural":4.7,"iud_nfhs4":2.1,"injectables_total":1.1,"injectables_urban":0.7,"injectables_rural":1.2,"injectables_nfhs4":0.6},"geometry":{"type":"Polygon","coordinates":[[[92.4252,25.0297],[92.5248,25.1353],[92.6213,25.1151],[92.6583,25.172],[92.7428,25.2068],[92.7924,25.2827],[92.7237,25.3789],[92.6185,25.4231],[92.5736,25.4906],[92.6428,25.5349],[92.5055,25.6164],[92.4442,25.7198],[92.3786,25.7485],[92.1733,25.6742],[92.151,25.8167],[92.1772,25.8728],[92.1641,25.9704],[92.2634,26.0332],[92.1693,26.0777],[92.1213,26.044],[91.8672,26.0421],[91.8253,26.1195],[91.731,26.059],[91.72,25.9537],[91.6364,25.9214],[91.6195,26.0261],[91.5707,26.0258],[91.4778,25.8574],[91.3353,25.8406],[91.2745,25.7505],[91.1782,25.7774],[91.2036,25.8433],[91.0013,25.8252],[90.957,25.9351],[90.7138,25.9518],[90.6316,25.9199],[90.5349,25.9497],[90.4761,26.0097],[90.2114,25.9527],[90.1162,25.957],[90.0056,25.8786],[89.9547,25.7673],[89.8991,25.7265],[90.0202,25.6076],[89.8986,25.5606],[89.8544,25.4674],[89.8158,25.3886],[89.8349,25.296],[89.9081,25.3078],[90.1124,25.2242],[90.3317,25.1917],[90.4446,25.1438],[90.5104,25.1685],[90.8694,25.1597],[91.0815,25.2019],[91.2521,25.1975],[91.4931,25.1347],[91.6029,25.1737],[91.642,25.1243],[91.7466,25.1717],[92.0814,25.1839],[92.1355,25.1433],[92.3448,25.0506],[92.4252,25.0297]]]}},{"type":"Feature","properties":{"state":"Mizoram","state_code":"15","nfhs_name":"Mizoram","bbox":[92.257,21.9982,93.4355,24.5212],"pill_total":12.9,"pill_urban":10.9,"pill_rural":15.2,"pill_nfhs4":13.2,"modern_method_total":30.8,"modern_method_urban":28.6,"modern_method_rural":33.2,"modern_method_nfhs4":35.2,"any_method_total":31.2,"any_method_urban":29.1,"any_method_rural":33.5,"any_method_nfhs4":35.3,"female_sterilization_total":13,"female_sterilization_urban":13.7,"female_sterilization_rural":12.3,"female_sterilization_nfhs4":17.4,"condom_total":1.9,"condom_urban":1.5,"condom_rural":2.3,"condom_nfhs4":1.3,"iud_total":2.8,"iud_urban":2.4,"iud_rural":3.2,"iud_nfhs4":3.4,"injectables_total":0.1,"injectables_urban":0,"injectables_rural":0.2,"injectables_nfhs4":0},"geometry":{"type":"Polygon","coordinates":[[[93.0087,24.4118],[92.9311,24.3931],[92.7993,24.4192],[92.7629,24.5212],[92.6897,24.3537],[92.6247,24.3342],[92.6122,24.2536],[92.5508,24.2473],[92.5239,24.1715],[92.4642,24.1363],[92.4224,24.255],[92.2923,24.2505],[92.3316,24.1519],[92.312,24.0325],[92.3251,23.9142],[92.257,23.8129],[92.2654,23.7251],[92.3312,23.4658],[92.3778,23.3623],[92.4005,23.2364],[92.3463,23.2367],[92.3918,23.0574],[92.3742,22.9711],[92.4612,22.8613],[92.4735,22.7599],[92.529,22.6659],[92.6105,22.1382],[92.5748,22.1153],[92.5976,22.0093],[92.6796,22.0115],[92.6816,22.1035],[92.727,22.1491],[92.8913,22.0115],[92.978,21.9982],[93.0627,22.2078],[93.1612,22.1965],[93.1992,22.2559],[93.1852,22.4277],[93.1064,22.5269],[93.1402,22.5927],[93.0909,22.7048],[93.0942,22.8062],[93.1339,22.8922],[93.1265,23.044],[93.1846,23.0595],[93.2413,23.0067],[93.3334,23.0496],[93.3804,23.1869],[93.3646,23.3059],[93.4014,23.3842],[93.3948,23.5038],[93.4355,23.6782],[93.3916,23.7571],[93.3846,23.8758],[93.3262,24.0485],[93.1038,24.0497],[92.991,24.1156],[93.0403,24.3414],[93.0087,24.4118]]]}},{"type":"Feature","properties":{"state":"Nagaland","state_code":"13","nfhs_name":"Nagaland","bbox":[93.3502,25.2314,95.2339,27.0313],"pill_total":6.4,"pill_urban":9.1,"pill_rural":5.1,"pill_nfhs4":4,"modern_method_total":45.3,"modern_method_urban":48.5,"modern_method_rural":43.8,"modern_method_nfhs4":21.3,"any_method_total":57.4,"any_method_urban":61,"any_method_rural":55.7,"any_method_nfhs4":26.5,"female_sterilization_total":14.4,"female_sterilization_urban":13.6,"female_sterilization_rural":14.8,"female_sterilization_nfhs4":9.1,"condom_total":3.3,"condom_urban":4.2,"condom_rural":2.8,"condom_nfhs4":1.3,"iud_total":19.8,"iud_urban":20.1,"iud_rural":19.7,"iud_nfhs4":6.7,"injectables_total":0.3,"injectables_urban":0.2,"injectables_rural":0.4,"injectables_nfhs4":0.1},"geometry":{"type":"Polygon","coordinates":[[[95.1946,27.0313],[95.0952,26.9576],[94.9825,26.9131],[94.8735,26.9176],[94.8026,26.8014],[94.6923,26.732],[94.5392,26.7063],[94.4602,26.6617],[94.3957,26.5274],[94.2897,26.4798],[94.2562,26.5413],[94.1716,26.4299],[94.1601,26.3544],[94.0996,26.314],[94.001,26.1724],[93.9541,25.9694],[93.9786,25.9168],[93.8522,25.8583],[93.7361,25.9229],[93.702,25.8516],[93.5424,25.731],[93.4965,25.6546],[93.4014,25.6112],[93.3502,25.5321],[93.3844,25.4693],[93.4581,25.4311],[93.4539,25.3249],[93.5013,25.2424],[93.6227,25.2314],[93.6816,25.3289],[93.81,25.4838],[93.8344,25.5606],[93.9604,25.5507],[94.0217,25.5902],[94.1081,25.5219],[94.1562,25.5511],[94.2186,25.4916],[94.3551,25.5122],[94.425,25.5865],[94.5897,25.6815],[94.5539,25.5026],[94.6755,25.4456],[94.8055,25.4918],[94.8253,25.5424],[94.9148,25.6075],[94.9355,25.6668],[95.0408,25.7423],[95.0089,25.8669],[95.1857,26.0733],[95.1177,26.1012],[95.1322,26.3777],[95.0729,26.4725],[95.2339,26.6825],[95.2311,26.7651],[95.1809,26.856],[95.23,26.9226],[95.1946,27.0313]]]}},{"type":"Feature","properties":{"state":"Punjab","state_code":"03","nfhs_name":"Punjab","bbox":[73.8841,29.5608,76.9311,32.5118],"pill_total":1.5,"pill_urban":1.1,"pill_rural":1.7,"pill_nfhs4":2.5,"modern_method_total":50.5,"modern_method_urban":49.4,"modern_method_rural":51.1,"modern_method_nfhs4":66.3,"any_method_total":66.6,"any_method_urban":68.4,"any_method_rural":65.4,"any_method_nfhs4":75.8,"female_sterilization_total":22.8,"female_sterilization_urban":18,"female_sterilization_rural":25.6,"female_sterilization_nfhs4":37.5,"condom_total":22.2,"condom_urban":26.6,"condom_rural":19.7,"condom_nfhs4":18.9,"iud_total":3.1,"iud_urban":2.8,"iud_rural":3.2,"iud_nfhs4":6.8,"injectables_total":0.1,"injectables_urban":0.1,"injectables_rural":0.1,"injectables_nfhs4":0.1},"geometry":{"type":"Polygon","coordinates":[[[76.7767,30.9043],[76.7096,30.9698],[76.6247,30.9988],[76.602,31.1238],[76.6454,31.2091],[76.4317,31.3269],[76.3485,31.3978],[76.3112,31.3195],[76.2139,31.2995],[76.1208,31.4976],[76.0177,31.6322],[75.9104,31.9502],[75.6582,32.0777],[75.6385,32.252],[75.7706,32.2887],[75.9018,32.4528],[75.8344,32.5118],[75.687,32.3905],[75.4802,32.3343],[75.3317,32.3269],[75.3704,32.2582],[75.2478,32.1009],[74.9828,32.0402],[74.8794,32.0538],[74.8189,31.9587],[74.6078,31.89],[74.5472,31.7494],[74.5554,31.6079],[74.5841,31.5208],[74.6522,31.4572],[74.5516,31.3644],[74.5103,31.132],[74.6891,31.128],[74.6665,31.0521],[74.548,31.0325],[74.3204,30.8466],[74.2748,30.7372],[74.1019,30.5791],[73.9637,30.4848],[73.9644,30.4242],[73.8841,30.367],[73.9639,30.2572],[73.9726,30.1981],[73.9707,30.1251],[73.8863,30.0121],[73.8947,29.9738],[74.5272,29.9428],[74.6292,29.905],[74.6936,29.9669],[74.9267,29.9503],[74.9909,29.8677],[75.0699,29.8771],[75.2006,29.7265],[75.183,29.6284],[75.3094,29.5608],[75.3457,29.696],[75.4214,29.7751],[75.6345,29.7553],[75.7788,29.8224],[75.8702,29.7493],[75.9844,29.7271],[76.1051,29.8119],[76.1848,29.8228],[76.2263,30.0594],[76.4101,30.1451],[76.538,30.0747],[76.6422,30.1497],[76.5999,30.1847],[76.6388,30.2844],[76.7896,30.415],[76.8833,30.4087],[76.9311,30.5009],[76.926,30.6101],[76.8292,30.681],[76.7766,30.6704],[76.7052,30.7561],[76.7715,30.7953],[76.8381,30.7549],[76.8467,30.834],[76.7767,30.9043]]]}},{"type":"Feature","properties":{"state":"Rajasthan","state_code":"08","nfhs_name":"Rajasthan","bbox":[69.4842,23.0614,78.2723,30.1981],"pill_total":3.1,"pill_urban":3.4,"pill_rural":3,"pill_nfhs4":2.4,"modern_method_total":62.1,"modern_method_urban":63.2,"modern_method_rural":61.8,"modern_method_nfhs4":53.5,"any_method_total":72.3,"any_method_urban":74.2,"any_method_rural":71.7,"any_method_nfhs4":59.7,"female_sterilization_total":42.4,"female_sterilization_urban":35.5,"female_sterilization_rural":44.5,"female_sterilization_nfhs4":40.7,"condom_total":13.7,"condom_urban":21.3,"condom_rural":11.4,"condom_nfhs4":8.7,"iud_total":1.4,"iud_urban":1.9,"iud_rural":1.3,"iud_nfhs4":1.2,"injectables_total":0.6,"injectables_urban":0.4,"injectables_rural":0.7,"injectables_nfhs4":0.2},"geometry":{"type":"Polygon","coordinates":[[[74.5272,29.9428],[73.8947,29.9738],[73.8863,30.0121],[73.9707,30.1251],[73.9726,30.1981],[73.8062,30.0677],[73.5971,30.0189],[73.397,29.9459],[73.2824,29.572],[73.0845,29.2358],[73.0043,29.1529],[72.9452,29.0277],[72.7325,28.9476],[72.4037,28.7832],[72.2993,28.6695],[72.2061,28.3941],[72.1322,28.3129],[72.0164,28.2276],[71.9277,28.1216],[71.8983,27.9615],[71.666,27.8778],[71.3826,27.8725],[71.2051,27.8353],[70.9058,27.7095],[70.7591,27.7212],[70.684,27.8282],[70.6771,27.9218],[70.5892,28.0104],[70.5054,28.037],[70.3719,28.0118],[70.2258,27.9008],[70.1322,27.8056],[70.0257,27.5629],[69.9335,27.4978],[69.8629,27.4022],[69.5869,27.1835],[69.5131,27.01],[69.4842,26.8049],[69.5101,26.7436],[69.7195,26.6548],[69.7917,26.5983],[69.8859,26.5788],[70.056,26.6006],[70.174,26.5514],[70.1851,26.3743],[70.1749,26.2514],[70.1409,26.156],[70.0832,26.0834],[70.0995,25.9383],[70.2684,25.7138],[70.3867,25.6739],[70.5299,25.6836],[70.6085,25.7151],[70.6737,25.676],[70.6645,25.3971],[70.7513,25.2779],[70.8882,25.1483],[70.9374,24.9388],[71.112,24.6757],[71.2987,24.6239],[71.3774,24.6259],[71.4786,24.6797],[71.7079,24.6617],[71.9838,24.6858],[72.0613,24.712],[72.1648,24.6212],[72.2304,24.6405],[72.2948,24.5467],[72.3537,24.5637],[72.4573,24.4147],[72.539,24.5195],[72.6563,24.4621],[72.7243,24.3675],[72.8498,24.3719],[72.9107,24.3371],[73.0032,24.4667],[73.0872,24.498],[73.0765,24.3965],[73.152,24.3543],[73.1692,24.3002],[73.0675,24.1946],[73.1252,24.1248],[73.2139,24.0776],[73.2428,24.0022],[73.3609,24.0812],[73.4047,24.041],[73.4133,23.9391],[73.3539,23.8528],[73.4735,23.7051],[73.5231,23.6068],[73.5727,23.6537],[73.6557,23.6212],[73.6272,23.4485],[73.7677,23.4528],[73.8303,23.4262],[73.8919,23.334],[74.0287,23.3316],[74.0382,23.2934],[74.1388,23.266],[74.1278,23.176],[74.2029,23.1902],[74.2727,23.1596],[74.3244,23.0614],[74.3861,23.1115],[74.4641,23.0817],[74.528,23.0976],[74.6493,23.1752],[74.713,23.2504],[74.5851,23.2769],[74.515,23.3157],[74.5724,23.4206],[74.7009,23.5042],[74.8473,23.5521],[74.9365,23.6286],[74.9404,23.7647],[74.9037,23.8527],[74.9393,24.0538],[74.8678,24.243],[74.7748,24.2386],[74.7809,24.3385],[74.8552,24.4243],[74.7275,24.4888],[74.7865,24.5858],[74.7718,24.6614],[74.8041,24.7352],[74.8729,24.6465],[74.9291,24.6356],[74.9923,24.6934],[74.9725,24.7635],[74.8609,24.7985],[74.8258,24.9007],[74.8592,24.9627],[74.9482,24.8645],[75.034,24.8446],[75.1168,24.8779],[75.1136,24.9668],[75.1982,25.033],[75.3343,25.0411],[75.2156,24.8025],[75.2284,24.7176],[75.4554,24.6806],[75.5339,24.7123],[75.646,24.6851],[75.7568,24.7615],[75.8363,24.7278],[75.8467,24.6309],[75.9039,24.5484],[75.9092,24.455],[75.8388,24.4141],[75.7861,24.4532],[75.7315,24.3987],[75.7399,24.3321],[75.8108,24.2958],[75.8303,24.2334],[75.751,24.1434],[75.8368,24.057],[75.7018,23.9665],[75.6709,24.018],[75.5817,23.9912],[75.5211,24.0246],[75.4622,23.9145],[75.5643,23.8564],[75.5835,23.7947],[75.7216,23.8119],[75.7656,23.8506],[75.9814,23.9289],[75.9987,24.0207],[76.1271,24.088],[76.1174,24.1941],[76.1433,24.283],[76.2125,24.2098],[76.3218,24.2454],[76.5048,24.2031],[76.5276,24.157],[76.6434,24.2693],[76.676,24.1909],[76.7907,24.1238],[76.9008,24.1272],[76.9224,24.2116],[76.8631,24.2731],[76.8324,24.3581],[76.8629,24.5496],[76.9778,24.4612],[77.0547,24.5264],[77.0651,24.6438],[77.0307,24.7122],[76.9467,24.7588],[76.8561,24.7425],[76.8026,24.8093],[76.9496,24.8694],[76.8619,24.9614],[76.8762,25.0415],[77.0003,25.0748],[77.1228,25.0669],[77.1746,25.1117],[77.2983,25.0864],[77.3931,25.1194],[77.4115,25.2239],[77.3141,25.4314],[77.2342,25.3789],[77.2092,25.3062],[77.0835,25.3367],[76.9578,25.2843],[76.8572,25.3327],[76.7777,25.3155],[76.6234,25.3767],[76.5164,25.5276],[76.5041,25.6709],[76.5301,25.8114],[76.6318,25.9],[76.7065,25.9001],[76.791,25.9431],[76.9011,26.0932],[76.999,26.1301],[77.1163,26.2203],[77.2039,26.23],[77.3209,26.3334],[77.4376,26.4034],[77.5235,26.4073],[77.7447,26.5382],[77.8325,26.5615],[78.0006,26.6949],[78.0957,26.6812],[78.1068,26.7908],[78.223,26.8306],[78.2723,26.9192],[78.1186,26.947],[78.0944,26.9033],[77.9484,26.8936],[77.7606,26.9326],[77.7226,26.8743],[77.5576,26.8176],[77.4852,26.748],[77.3979,26.8304],[77.4603,26.8858],[77.6609,26.9712],[77.5376,27.0983],[77.6584,27.1701],[77.6164,27.2578],[77.6227,27.3362],[77.5479,27.3369],[77.44,27.3903],[77.4378,27.4563],[77.34,27.5266],[77.3526,27.6512],[77.2837,27.8011],[77.1085,27.7863],[77.0001,27.737],[76.9791,27.6536],[76.8983,27.6775],[76.9307,27.9533],[76.9705,28.1384],[76.8084,28.2109],[76.7948,28.1484],[76.7157,28.1278],[76.5888,27.998],[76.5293,28.0404],[76.4757,28.1486],[76.3566,28.1437],[76.3189,28.0155],[76.261,28.0675],[76.1804,28.0545],[76.1682,27.9034],[76.2254,27.8335],[76.1826,27.7986],[76.0889,27.8605],[75.9714,27.852],[75.999,28.1228],[76.0706,28.1651],[75.9862,28.2931],[75.8904,28.3831],[75.7697,28.4228],[75.6217,28.6021],[75.5615,28.6132],[75.5034,28.7824],[75.4986,28.934],[75.5218,29.0039],[75.3912,29.0627],[75.3813,29.1689],[75.412,29.2428],[75.3415,29.2812],[75.2101,29.2347],[75.0755,29.2297],[75.05,29.2862],[74.9611,29.2806],[74.9383,29.362],[74.8505,29.4036],[74.7875,29.3614],[74.6073,29.3562],[74.5846,29.4585],[74.6219,29.5222],[74.5749,29.5643],[74.6161,29.7522],[74.4804,29.7435],[74.4851,29.815],[74.561,29.8696],[74.5272,29.9428]]]}},{"type":"Feature","properties":{"state":"Sikkim","state_code":"11","nfhs_name":"Sikkim","bbox":[88.0148,27.0794,88.9198,28.0904],"pill_total":18.2,"pill_urban":9.7,"pill_rural":23.4,"pill_nfhs4":11.6,"modern_method_total":54.9,"modern_method_urban":43.6,"modern_method_rural":61.8,"modern_method_nfhs4":45.9,"any_method_total":69.1,"any_method_urban":55.5,"any_method_rural":77.3,"any_method_nfhs4":46.7,"female_sterilization_total":14.5,"female_sterilization_urban":14.3,"female_sterilization_rural":14.6,"female_sterilization_nfhs4":17.6,"condom_total":9.3,"condom_urban":10.7,"condom_rural":8.4,"condom_nfhs4":5.2,"iud_total":6.2,"iud_urban":4.6,"iud_rural":7.1,"iud_nfhs4":6.3,"injectables_total":3.5,"injectables_urban":3.9,"injectables_rural":3.2,"injectables_nfhs4":1.9},"geometry":{"type":"Polygon","coordinates":[[[88.7455,27.142],[88.8033,27.248],[88.8791,27.2612],[88.9198,27.3273],[88.8062,27.4068],[88.7769,27.4687],[88.8045,27.5944],[88.8482,27.6678],[88.8556,27.8159],[88.883,27.8907],[88.844,27.9926],[88.7561,28.0761],[88.5664,28.0904],[88.5428,28.0331],[88.3876,27.9792],[88.2375,27.9712],[88.1192,27.9168],[88.1958,27.8543],[88.1432,27.6626],[88.0831,27.5888],[88.045,27.4782],[88.0684,27.3351],[88.0148,27.2117],[88.1536,27.1098],[88.3166,27.1256],[88.4306,27.0794],[88.5958,27.1893],[88.7455,27.142]]]}},{"type":"Feature","properties":{"state":"Tripura","state_code":"16","nfhs_name":"Tripura","bbox":[91.1604,22.9656,92.3316,24.5272],"pill_total":32.8,"pill_urban":33,"pill_rural":32.6,"pill_nfhs4":26.3,"modern_method_total":49.1,"modern_method_urban":53.4,"modern_method_rural":47.4,"modern_method_nfhs4":42.8,"any_method_total":71.2,"any_method_urban":76.9,"any_method_rural":68.9,"any_method_nfhs4":64.1,"female_sterilization_total":10.5,"female_sterilization_urban":14.2,"female_sterilization_rural":9.1,"female_sterilization_nfhs4":13.9,"condom_total":3.3,"condom_urban":5,"condom_rural":2.6,"condom_nfhs4":1.9,"iud_total":0.4,"iud_urban":0,"iud_rural":0.6,"iud_nfhs4":0.6,"injectables_total":0.3,"injectables_urban":0.2,"injectables_rural":0.3,"injectables_nfhs4":0.1},"geometry":{"type":"Polygon","coordinates":[[[92.2117,24.5045],[92.1689,24.5272],[92.1105,24.3834],[91.9224,24.3384],[91.9423,24.2631],[91.9033,24.1376],[91.7466,24.2453],[91.7571,24.143],[91.6826,24.1624],[91.6283,24.101],[91.5397,24.0732],[91.3761,24.1058],[91.397,24.0472],[91.3605,23.9855],[91.2802,23.9823],[91.2195,23.8792],[91.2478,23.8298],[91.1665,23.75],[91.1604,23.5961],[91.202,23.514],[91.2548,23.4868],[91.3236,23.2377],[91.3232,23.1583],[91.3697,23.0705],[91.4153,23.2634],[91.4844,23.2094],[91.5112,23.1043],[91.5766,22.9656],[91.7197,22.9874],[91.8222,23.0862],[91.7644,23.3099],[91.8636,23.4083],[91.9479,23.4354],[91.976,23.4968],[91.937,23.6893],[92.0744,23.6464],[92.1194,23.7322],[92.1704,23.7058],[92.2654,23.7251],[92.257,23.8129],[92.3251,23.9142],[92.312,24.0325],[92.3316,24.1519],[92.2923,24.2505],[92.2188,24.2857],[92.2598,24.3585],[92.2117,24.5045]]]}},{"type":"Feature","properties":{"state":"Uttarakhand","state_code":"05","nfhs_name":"Uttarakhand","bbox":[77.576,28.7229,81.0345,31.4517],"pill_total":2.7,"pill_urban":2.6,"pill_rural":2.7,"pill_nfhs4":3.2,"modern_method_total":57.8,"modern_method_urban":59.5,"modern_method_rural":57.1,"modern_method_nfhs4":49.3,"any_method_total":70.8,"any_method_urban":73.5,"any_method_rural":69.5,"any_method_nfhs4":53.4,"female_sterilization_total":26,"female_sterilization_urban":17.8,"female_sterilization_rural":29.8,"female_sterilization_nfhs4":27.4,"condom_total":25.6,"condom_urban":35.4,"condom_rural":21,"condom_nfhs4":16.1,"iud_total":1.5,"iud_urban":2,"iud_rural":1.3,"iud_nfhs4":1.6,"injectables_total":0.4,"injectables_urban":0.6,"injectables_rural":0.3,"injectables_nfhs4":0.2},"geometry":{"type":"Polygon","coordinates":[[[80.0651,28.8367],[80.0589,28.9158],[80.1269,29.0055],[80.1446,29.1026],[80.2585,29.1878],[80.3176,29.3131],[80.2429,29.411],[80.4092,29.5975],[80.368,29.7237],[80.4349,29.8047],[80.5535,29.8493],[80.6019,29.957],[80.6753,29.9573],[80.7618,30.0499],[80.8769,30.1286],[80.8624,30.1696],[81.0345,30.1976],[81.0321,30.2468],[80.8037,30.3235],[80.7083,30.4175],[80.6072,30.4717],[80.5409,30.4483],[80.3154,30.565],[80.2093,30.5883],[80.1934,30.6675],[80.2487,30.7199],[80.1722,30.8086],[80.0868,30.7962],[80.0095,30.8686],[79.9322,30.88],[79.8744,30.9673],[79.7754,30.9869],[79.6009,30.9393],[79.5084,31.015],[79.4174,31.0445],[79.4095,31.1084],[79.3184,31.1359],[79.2963,31.2176],[79.2219,31.2599],[79.2333,31.3339],[79.1669,31.361],[79.0961,31.4517],[79.0158,31.4232],[78.9987,31.3399],[78.9382,31.3473],[78.882,31.2868],[78.9859,31.1739],[79.0022,31.1125],[78.8854,31.0988],[78.8099,31.1984],[78.66,31.1912],[78.5782,31.2253],[78.4837,31.199],[78.3703,31.2864],[78.2469,31.2305],[78.1602,31.2256],[78.0297,31.1642],[77.9673,31.1734],[77.8638,31.1086],[77.7541,30.9645],[77.7988,30.8681],[77.7088,30.7398],[77.7906,30.6341],[77.7429,30.5939],[77.8185,30.5081],[77.6524,30.4481],[77.576,30.3974],[77.6479,30.4047],[77.7218,30.3303],[77.937,30.2492],[77.8604,30.1133],[77.7984,30.0836],[77.7437,29.9834],[77.7141,29.8703],[77.83,29.6683],[77.9125,29.696],[77.9699,29.6665],[78.0152,29.5873],[78.1305,29.6526],[78.2039,29.7373],[78.3357,29.7967],[78.514,29.7231],[78.5215,29.6579],[78.5804,29.5864],[78.7063,29.5027],[78.9187,29.4343],[78.9118,29.3938],[78.7345,29.2996],[78.8707,29.2273],[78.9188,29.1356],[79.0394,29.1585],[79.1535,29.1152],[79.2117,29.0276],[79.3073,28.9665],[79.4075,28.9523],[79.4249,28.8682],[79.7199,28.8457],[79.8293,28.8845],[79.9542,28.7229],[80.0301,28.7487],[80.0651,28.8367]]]}},{"type":"Feature","properties":{"state":"Telangana","state_code":"36","nfhs_name":"Telangana","bbox":[77.288,15.836,81.3124,19.8804],"pill_total":0.8,"pill_urban":1.2,"pill_rural":0.5,"pill_nfhs4":0.3,"modern_method_total":66.7,"modern_method_urban":66.9,"modern_method_rural":66.5,"modern_method_nfhs4":57,"any_method_total":68.1,"any_method_urban":69,"any_method_rural":67.6,"any_method_nfhs4":57.2,"female_sterilization_total":61.9,"female_sterilization_urban":61.3,"female_sterilization_rural":62.2,"female_sterilization_nfhs4":54.2,"condom_total":0.8,"condom_urban":1.3,"condom_rural":0.5,"condom_nfhs4":0.5,"iud_total":0.5,"iud_urban":1,"iud_rural":0.2,"iud_nfhs4":0.4,"injectables_total":0.1,"injectables_urban":0.1,"injectables_rural":0.1,"injectables_nfhs4":0},"geometry":{"type":"Polygon","coordinates":[[[80.2729,18.723],[80.1181,18.6805],[80.0186,18.7704],[79.9158,18.8299],[79.9616,18.8667],[79.9371,19.0427],[79.8584,19.1024],[79.9459,19.1695],[79.9255,19.2107],[79.9659,19.3031],[79.9724,19.4162],[79.9448,19.4698],[79.8646,19.5105],[79.8163,19.574],[79.7431,19.6086],[79.6294,19.574],[79.603,19.5146],[79.4984,19.5057],[79.3657,19.5763],[79.273,19.5989],[79.2039,19.4941],[79.1614,19.4883],[79.046,19.5483],[78.9405,19.5519],[78.9556,19.6558],[78.8599,19.6895],[78.841,19.7619],[78.552,19.8241],[78.423,19.8176],[78.3807,19.8804],[78.3432,19.7132],[78.2762,19.6924],[78.3056,19.6071],[78.2743,19.554],[78.3044,19.4561],[78.2116,19.4285],[78.1721,19.3597],[78.1753,19.2376],[78.0557,19.2371],[77.9451,19.3424],[77.8635,19.3042],[77.8714,19.255],[77.8004,19.0511],[77.7618,19.033],[77.8433,18.9087],[77.9489,18.8433],[77.84,18.8048],[77.7873,18.6826],[77.73,18.6669],[77.7385,18.5568],[77.6559,18.5309],[77.5964,18.5489],[77.5257,18.3421],[77.5514,18.2919],[77.597,18.0868],[77.5896,18.0117],[77.6495,17.95],[77.515,17.8054],[77.5686,17.7489],[77.4525,17.6947],[77.4432,17.584],[77.6888,17.5109],[77.5373,17.4438],[77.5158,17.3604],[77.4536,17.374],[77.4586,17.279],[77.3802,17.2225],[77.378,17.1399],[77.4592,17.1091],[77.4967,17.0427],[77.4592,16.9173],[77.4745,16.7813],[77.4678,16.6098],[77.4192,16.5224],[77.294,16.4767],[77.288,16.4087],[77.421,16.3662],[77.4897,16.385],[77.5881,16.3334],[77.5048,16.2758],[77.4898,16.1196],[77.5135,15.9268],[77.6592,15.8855],[77.8036,15.8742],[77.888,15.9061],[78.0988,15.836],[78.1754,15.8581],[78.2995,16.0116],[78.4079,16.0748],[78.5518,16.0428],[78.6273,16.0877],[78.7355,16.0082],[78.8403,16.0782],[78.8339,16.1445],[78.9857,16.2107],[79.0095,16.2402],[79.157,16.2093],[79.2166,16.2274],[79.2343,16.3339],[79.2077,16.3848],[79.2209,16.5144],[79.2569,16.5659],[79.4187,16.5803],[79.5989,16.6733],[79.7925,16.7255],[79.8937,16.6502],[79.9631,16.6436],[80.055,16.7447],[80.0733,16.8172],[79.9988,16.8653],[80.0555,16.9715],[80.1702,17.0169],[80.3066,16.9738],[80.3217,16.8797],[80.5702,16.7681],[80.5629,16.8329],[80.6019,16.9186],[80.5347,16.9615],[80.4497,16.9548],[80.4649,17.0301],[80.58,17.1531],[80.6706,17.1012],[80.8288,17.0528],[80.8715,17.0699],[80.8794,17.1609],[80.9189,17.2198],[80.9944,17.1914],[81.174,17.2304],[81.1904,17.3249],[81.274,17.3172],[81.3124,17.4088],[81.1483,17.4637],[81.1273,17.5265],[81.0199,17.5201],[80.9694,17.5981],[80.8554,17.6019],[80.8855,17.7357],[80.9463,17.7602],[81.0406,17.7477],[81.0856,17.7981],[81.0082,17.7983],[80.9984,17.9168],[80.9555,18.1324],[80.8667,18.1403],[80.7372,18.2221],[80.732,18.401],[80.5998,18.5531],[80.5147,18.6194],[80.4546,18.6303],[80.3458,18.5955],[80.2729,18.723]]]}},{"type":"Feature","properties":{"state":"Andaman & Nicobar","state_code":"35","nfhs_name":"Andaman & Nicobar Islands","bbox":[92.379,6.7664,93.9215,13.5685],"pill_total":3.6,"pill_urban":2.2,"pill_rural":4.5,"pill_nfhs4":2.2,"modern_method_total":57.7,"modern_method_urban":48.5,"modern_method_rural":63.9,"modern_method_nfhs4":48.3,"any_method_total":65.8,"any_method_urban":54.4,"any_method_rural":73.4,"any_method_nfhs4":50.8,"female_sterilization_total":39.2,"female_sterilization_urban":31,"female_sterilization_rural":44.6,"female_sterilization_nfhs4":39.9,"condom_total":9.8,"condom_urban":12.1,"condom_rural":8.2,"condom_nfhs4":4.2,"iud_total":3.9,"iud_urban":2.2,"iud_rural":5,"iud_nfhs4":2.1,"injectables_total":0.3,"injectables_urban":0.5,"injectables_rural":0.1,"injectables_nfhs4":0},"geometry":{"type":"MultiPolygon","coordinates":[[[[93.8372,7.2402],[93.7225,7.1893],[93.6451,7.1271],[93.6674,7.0232],[93.7381,6.9635],[93.7998,6.7664],[93.878,6.7934],[93.9215,6.9547],[93.8803,7.0902],[93.8711,7.1862],[93.8372,7.2402]]],[[[93.7,7.4457],[93.6206,7.3733],[93.6174,7.2665],[93.7131,7.3122],[93.7431,7.3773],[93.7,7.4457]]],[[[92.7924,9.2387],[92.7203,9.2186],[92.7281,9.1267],[92.8263,9.1401],[92.7924,9.2387]]],[[[92.5206,10.8978],[92.4274,10.8239],[92.379,10.7417],[92.4205,10.6157],[92.4193,10.55],[92.499,10.5134],[92.5685,10.5784],[92.5522,10.6404],[92.5978,10.7047],[92.5589,10.863],[92.5206,10.8978]]],[[[92.6389,11.5105],[92.5863,11.4009],[92.5983,11.3468],[92.6845,11.3666],[92.6844,11.4363],[92.6389,11.5105]]],[[[92.696,12.2391],[92.6218,12.1016],[92.6015,11.8601],[92.5275,11.8958],[92.5589,11.7679],[92.5923,11.7355],[92.6066,11.5944],[92.6461,11.5218],[92.7224,11.5324],[92.7511,11.6093],[92.7859,11.9255],[92.7083,11.9477],[92.7761,12.0332],[92.7336,12.1034],[92.7562,12.1772],[92.696,12.2391]]],[[[92.8102,12.3131],[92.763,12.2627],[92.7699,12.1834],[92.8149,12.1387],[92.884,12.1983],[92.872,12.3019],[92.8102,12.3131]]],[[[92.9011,12.9109],[92.8736,12.8812],[92.7899,12.8895],[92.722,12.8261],[92.7521,12.6722],[92.708,12.5761],[92.6991,12.3281],[92.7192,12.3003],[92.8797,12.3349],[92.9737,12.5428],[92.9561,12.6249],[92.9675,12.7402],[92.9011,12.9109]]],[[[93.0298,13.5685],[92.927,13.5215],[92.8485,13.4116],[92.8257,13.3286],[92.8323,13.2145],[92.7926,13.0908],[92.8007,12.9001],[92.8579,12.9014],[92.9019,13.022],[93.0022,13.029],[93.0333,13.0819],[93.0555,13.256],[93.0315,13.3452],[93.0433,13.5291],[93.0298,13.5685]]]]}},{"type":"Feature","properties":{"state":"Bihar","state_code":"10","nfhs_name":"Bihar","bbox":[83.3547,24.2882,88.2833,27.5167],"pill_total":2,"pill_urban":3.6,"pill_rural":1.8,"pill_nfhs4":0.8,"modern_method_total":44.4,"modern_method_urban":47,"modern_method_rural":43.9,"modern_method_nfhs4":23.3,"any_method_total":55.8,"any_method_urban":62.3,"any_method_rural":54.6,"any_method_nfhs4":24.1,"female_sterilization_total":34.8,"female_sterilization_urban":31.8,"female_sterilization_rural":35.3,"female_sterilization_nfhs4":20.7,"condom_total":4,"condom_urban":7.3,"condom_rural":3.4,"condom_nfhs4":1,"iud_total":0.8,"iud_urban":1.3,"iud_rural":0.7,"iud_nfhs4":0.5,"injectables_total":1.1,"injectables_urban":1.1,"injectables_rural":1.1,"injectables_nfhs4":0.3},"geometry":{"type":"Polygon","coordinates":[[[88.1054,26.5511],[88.0904,26.4411],[88.0343,26.3929],[87.9329,26.418],[87.9,26.4778],[87.7667,26.4109],[87.7128,26.4274],[87.5843,26.3934],[87.4637,26.4402],[87.388,26.4192],[87.3402,26.3477],[87.2353,26.4152],[87.1622,26.4045],[87.0165,26.5318],[86.9334,26.5154],[86.8335,26.4393],[86.6925,26.4513],[86.5703,26.4966],[86.542,26.5383],[86.3075,26.6203],[86.1421,26.6052],[86.0273,26.6663],[85.8587,26.569],[85.7323,26.6536],[85.7347,26.7959],[85.6241,26.8737],[85.4542,26.7822],[85.3343,26.7417],[85.1973,26.7696],[85.1905,26.8702],[85.0576,26.8494],[84.9622,26.9606],[84.7934,26.9963],[84.6433,27.0465],[84.674,27.0959],[84.6899,27.2216],[84.6202,27.3393],[84.2794,27.3947],[84.2585,27.451],[84.0977,27.5167],[84.0465,27.4459],[83.8698,27.4374],[83.8635,27.3441],[83.9344,27.2996],[83.9121,27.2458],[83.987,27.1976],[83.9477,27.1125],[84.0495,27.0433],[84.0524,26.9064],[84.1818,26.8335],[84.2326,26.7537],[84.3061,26.7496],[84.3303,26.684],[84.4199,26.6269],[84.2815,26.5996],[84.0865,26.6392],[84.0564,26.5446],[83.9167,26.5167],[83.9108,26.4497],[84.0226,26.4311],[84.0683,26.3884],[84.1769,26.3707],[84.1769,26.265],[84.0259,26.2045],[84.0887,26.1003],[84.2071,25.9999],[84.3119,25.9438],[84.5109,25.8714],[84.6248,25.7919],[84.5202,25.675],[84.3646,25.7419],[84.324,25.6704],[84.2232,25.6625],[84.1741,25.7207],[84.075,25.6953],[84.0813,25.6365],[83.9212,25.552],[83.8079,25.4091],[83.6285,25.3285],[83.4099,25.2466],[83.3663,25.1954],[83.3547,24.9055],[83.3978,24.7782],[83.4894,24.7365],[83.5419,24.6128],[83.5033,24.5254],[83.7186,24.5034],[83.9368,24.5497],[84.0339,24.63],[84.1083,24.4775],[84.1728,24.5451],[84.2972,24.5605],[84.342,24.3933],[84.4308,24.3566],[84.5016,24.2882],[84.583,24.4129],[84.6653,24.391],[84.6864,24.4567],[84.8257,24.5253],[84.8369,24.4589],[84.954,24.3715],[85.0282,24.4154],[85.1739,24.4206],[85.3216,24.5198],[85.4978,24.5466],[85.5806,24.6008],[85.6761,24.6165],[85.649,24.6846],[85.7072,24.7245],[85.7367,24.8208],[85.855,24.8084],[85.9196,24.7448],[86.0553,24.7797],[86.1285,24.6987],[86.1154,24.6437],[86.1669,24.5838],[86.2848,24.588],[86.3491,24.4466],[86.4453,24.3679],[86.4912,24.428],[86.5167,24.5354],[86.6034,24.6082],[86.6694,24.5662],[86.787,24.6165],[86.8408,24.5628],[86.9332,24.6312],[87.0511,24.6086],[87.1047,24.8468],[87.1567,24.881],[87.1458,25.0193],[87.1811,25.0658],[87.2965,25.1137],[87.3345,25.2162],[87.4733,25.2383],[87.5519,25.3327],[87.6984,25.304],[87.7114,25.2577],[87.7628,25.2656],[87.8185,25.242],[87.8534,25.29],[87.7649,25.3839],[87.8661,25.497],[88.0209,25.5705],[88.0497,25.7022],[87.9679,25.7261],[87.9099,25.7809],[87.8923,25.8658],[87.8307,25.8709],[87.8545,26.0111],[87.8973,26.0669],[87.9823,26.0727],[87.9806,26.139],[88.0732,26.1752],[88.146,26.2502],[88.2277,26.2849],[88.2833,26.378],[88.242,26.4567],[88.1054,26.5511]]]}},{"type":"Feature","properties":{"state":"Gujarat","state_code":"24","nfhs_name":"Gujarat","bbox":[68.1193,20.1205,74.4648,24.712],"pill_total":2.3,"pill_urban":3.1,"pill_rural":1.8,"pill_nfhs4":1.4,"modern_method_total":53.6,"modern_method_urban":54,"modern_method_rural":53.3,"modern_method_nfhs4":43.1,"any_method_total":65.3,"any_method_urban":69.5,"any_method_rural":62.2,"any_method_nfhs4":46.9,"female_sterilization_total":35.9,"female_sterilization_urban":29.1,"female_sterilization_rural":40.8,"female_sterilization_nfhs4":33.6,"condom_total":11.4,"condom_urban":16.8,"condom_rural":7.5,"condom_nfhs4":4.9,"iud_total":3.1,"iud_urban":4.2,"iud_rural":2.4,"iud_nfhs4":3,"injectables_total":0.1,"injectables_urban":0.1,"injectables_rural":0.1,"injectables_nfhs4":0},"geometry":{"type":"MultiPolygon","coordinates":[[[[72.3623,22.0291],[72.2925,21.9675],[72.3226,21.8178],[72.3908,21.855],[72.4379,21.9275],[72.4337,21.995],[72.3623,22.0291]]],[[[74.3244,23.0614],[74.2727,23.1596],[74.2029,23.1902],[74.1278,23.176],[74.1388,23.266],[74.0382,23.2934],[74.0287,23.3316],[73.8919,23.334],[73.8303,23.4262],[73.7677,23.4528],[73.6272,23.4485],[73.6557,23.6212],[73.5727,23.6537],[73.5231,23.6068],[73.4735,23.7051],[73.3539,23.8528],[73.4133,23.9391],[73.4047,24.041],[73.3609,24.0812],[73.2428,24.0022],[73.2139,24.0776],[73.1252,24.1248],[73.0675,24.1946],[73.1692,24.3002],[73.152,24.3543],[73.0765,24.3965],[73.0872,24.498],[73.0032,24.4667],[72.9107,24.3371],[72.8498,24.3719],[72.7243,24.3675],[72.6563,24.4621],[72.539,24.5195],[72.4573,24.4147],[72.3537,24.5637],[72.2948,24.5467],[72.2304,24.6405],[72.1648,24.6212],[72.0613,24.712],[71.9838,24.6858],[71.7079,24.6617],[71.4786,24.6797],[71.3774,24.6259],[71.2987,24.6239],[71.112,24.6757],[71.0084,24.6355],[70.9863,24.5953],[70.9985,24.4441],[71.103,24.4359],[71.0492,24.3563],[70.9858,24.3654],[70.8784,24.3017],[70.806,24.2206],[70.6678,24.2193],[70.5711,24.2514],[70.5731,24.422],[70.11,24.2948],[70.0252,24.171],[69.7315,24.1709],[69.5942,24.2928],[69.4914,24.2675],[69.313,24.2813],[69.1938,24.2362],[69.0949,24.274],[69.0034,24.223],[68.9455,24.3026],[68.8573,24.2143],[68.8306,24.3119],[68.7693,24.2644],[68.7529,23.9712],[68.3388,23.9662],[68.2084,23.875],[68.2024,23.7661],[68.1193,23.6159],[68.3101,23.5786],[68.3264,23.4961],[68.4161,23.4867],[68.3998,23.4201],[68.4586,23.3672],[68.5563,23.3569],[68.5322,23.2805],[68.6608,23.1484],[69.1959,22.8378],[69.3017,22.8332],[69.4774,22.7953],[69.5878,22.8153],[69.6475,22.796],[70.0723,22.9213],[70.2453,23.1635],[70.3715,23.2191],[70.5052,23.1766],[70.7179,23.1892],[70.6888,23.1173],[70.5614,23.0294],[70.5376,22.9651],[70.4266,22.9044],[70.3761,22.9084],[70.2925,22.766],[70.2189,22.718],[70.2172,22.6583],[70.1253,22.5528],[69.972,22.5399],[69.864,22.4633],[69.7814,22.4448],[69.7129,22.4745],[69.6943,22.3948],[69.6174,22.3452],[69.5405,22.377],[69.4907,22.3368],[69.3638,22.317],[69.2546,22.2673],[69.2219,22.2163],[69.1484,22.2362],[69.1636,22.4041],[69.0701,22.3851],[69.0073,22.4402],[68.9367,22.3053],[68.9529,22.2498],[69.0548,22.1293],[69.282,21.8955],[69.3718,21.8299],[69.708,21.5346],[70.0018,21.2046],[70.2573,20.9736],[70.4475,20.8483],[70.743,20.7199],[70.8736,20.7042],[70.9203,20.7428],[71.0075,20.7374],[71.0918,20.7572],[71.3207,20.8469],[71.4373,20.8691],[71.5114,20.9446],[71.6294,20.9693],[71.8047,21.0396],[72.1124,21.1987],[72.1079,21.3024],[72.2107,21.4209],[72.3094,21.639],[72.2353,21.6967],[72.1772,21.8036],[72.3078,22.1456],[72.3386,22.1767],[72.3733,22.3158],[72.5167,22.3056],[72.687,22.2718],[72.6482,22.2156],[72.5609,22.1728],[72.5079,21.9342],[72.6185,21.8254],[72.5527,21.6616],[72.6238,21.682],[72.7,21.6455],[72.6122,21.5852],[72.7058,21.5269],[72.6855,21.4403],[72.6006,21.3232],[72.6381,21.211],[72.6188,21.1141],[72.7021,21.0956],[72.7571,20.9323],[72.8288,20.8101],[72.8998,20.5823],[72.8556,20.4675],[72.8573,20.4188],[72.8212,20.3677],[72.74,20.2431],[72.7375,20.1348],[72.8059,20.1543],[72.8705,20.2281],[72.8994,20.2276],[72.9625,20.2094],[72.9616,20.2088],[72.9637,20.2095],[72.9656,20.2248],[72.954,20.2369],[72.9119,20.269],[72.9369,20.2947],[73.1316,20.2737],[73.1332,20.2057],[73.2107,20.1205],[73.2782,20.1487],[73.2995,20.2095],[73.4166,20.1982],[73.4278,20.28],[73.4043,20.3858],[73.4677,20.4964],[73.4733,20.5846],[73.4442,20.6812],[73.5996,20.6368],[73.6524,20.5645],[73.7605,20.5733],[73.8384,20.6205],[73.8743,20.7296],[73.9302,20.7293],[73.9441,20.8237],[73.9011,20.9821],[73.8276,21.013],[73.7029,21.1182],[73.6117,21.1379],[73.6174,21.1425],[73.5767,21.1565],[73.5831,21.1608],[73.5772,21.1706],[73.6065,21.1787],[73.6055,21.1718],[73.6071,21.1635],[73.6071,21.1624],[73.6071,21.161],[73.6298,21.1533],[73.6298,21.1522],[73.6299,21.1512],[73.6272,21.1432],[73.6647,21.1471],[73.6639,21.1517],[73.6761,21.1534],[73.6754,21.1525],[73.7016,21.1536],[73.8157,21.1739],[73.8266,21.2676],[73.9416,21.2987],[73.9439,21.3998],[74.161,21.4688],[74.3206,21.4984],[74.2761,21.5619],[74.1984,21.5321],[74.0818,21.5487],[74.0537,21.5585],[74.0546,21.5502],[74.0528,21.5476],[74.053,21.5466],[74.0501,21.5478],[74.0506,21.5455],[74.049,21.5453],[74.0492,21.544],[74.0471,21.545],[74.0476,21.5451],[74.0433,21.5456],[74.0433,21.5445],[74.037,21.5449],[74.0384,21.5454],[74.0379,21.5488],[74.0379,21.5507],[74.0345,21.5479],[74.0347,21.5459],[74.0103,21.5491],[74.0106,21.5494],[74.0002,21.5449],[74.0018,21.5418],[73.9955,21.5382],[73.9955,21.5385],[73.9962,21.5394],[73.9934,21.5413],[73.9934,21.5418],[73.974,21.5426],[73.9745,21.5392],[73.9743,21.5383],[73.9743,21.5372],[73.9823,21.5218],[73.9546,21.5402],[73.9554,21.5355],[73.9542,21.5336],[73.956,21.5252],[73.9543,21.5239],[73.9553,21.5203],[73.9522,21.5184],[73.9521,21.5169],[73.9513,21.5151],[73.9518,21.5126],[73.9512,21.5126],[73.9512,21.5124],[73.9402,21.5146],[73.9403,21.5142],[73.9319,21.512],[73.932,21.513],[73.9287,21.5195],[73.9288,21.523],[73.921,21.5234],[73.9214,21.5203],[73.9043,21.5241],[73.9054,21.5191],[73.905,21.519],[73.9054,21.5157],[73.8729,21.5104],[73.8729,21.5107],[73.8686,21.5108],[73.8686,21.5127],[73.8645,21.5122],[73.8727,21.5063],[73.8644,21.4997],[73.8645,21.4993],[73.8639,21.4985],[73.8639,21.4981],[73.863,21.498],[73.863,21.4987],[73.8496,21.5025],[73.8463,21.5082],[73.8139,21.6007],[73.888,21.6532],[73.883,21.7125],[73.8241,21.761],[73.8728,21.8417],[74.0501,21.9262],[74.1467,21.9528],[74.0994,22.0026],[74.1285,22.0946],[74.1217,22.1947],[74.0722,22.2191],[74.0712,22.3613],[74.1902,22.3202],[74.244,22.4338],[74.1341,22.4459],[74.1331,22.5202],[74.2102,22.5645],[74.2774,22.6459],[74.3791,22.6346],[74.4018,22.7315],[74.4648,22.8164],[74.4606,22.9079],[74.3779,22.9072],[74.3244,23.0614]]]]}},{"type":"Feature","properties":{"state":"Kerala","state_code":"32","nfhs_name":"Kerala","bbox":[74.8696,8.2925,77.3659,12.7676],"pill_total":0.4,"pill_urban":0.5,"pill_rural":0.3,"pill_nfhs4":0.2,"modern_method_total":52.8,"modern_method_urban":50.6,"modern_method_rural":54.8,"modern_method_nfhs4":50.3,"any_method_total":60.7,"any_method_urban":61.4,"any_method_rural":60.1,"any_method_nfhs4":53.1,"female_sterilization_total":46.6,"female_sterilization_urban":43.6,"female_sterilization_rural":49.4,"female_sterilization_nfhs4":45.8,"condom_total":3.4,"condom_urban":4,"condom_rural":2.9,"condom_nfhs4":2.6,"iud_total":1.5,"iud_urban":1.6,"iud_rural":1.5,"iud_nfhs4":1.6,"injectables_total":0,"injectables_urban":0,"injectables_rural":0,"injectables_nfhs4":0},"geometry":{"type":"Polygon","coordinates":[[[76.4313,11.6665],[76.414,11.7602],[76.3397,11.7391],[76.2802,11.8124],[76.1904,11.8713],[76.1128,11.8585],[76.1125,11.9788],[76.0032,11.9315],[75.8701,11.952],[75.8011,12.037],[75.8027,12.0795],[75.6489,12.1086],[75.577,12.1569],[75.5054,12.2708],[75.4358,12.2946],[75.3797,12.3921],[75.3819,12.5021],[75.2801,12.5242],[75.2118,12.5794],[75.1605,12.6716],[75.0466,12.6668],[75.0095,12.7676],[74.8696,12.7607],[75.0147,12.4186],[75.0418,12.3886],[75.2012,12.0064],[75.2503,12.0098],[75.5306,11.704],[75.5366,11.6939],[75.6186,11.4875],[75.6807,11.4509],[75.7483,11.3184],[75.8341,11.1054],[75.9153,10.7794],[76.1005,10.3818],[76.261,9.8815],[76.3079,9.5418],[76.3403,9.4096],[76.5167,9.0177],[76.5424,8.9134],[76.6327,8.8354],[76.6993,8.7386],[76.9977,8.3749],[77.0978,8.2925],[77.1685,8.3326],[77.213,8.4704],[77.2616,8.5063],[77.2663,8.5853],[77.1772,8.725],[77.264,8.8421],[77.147,9.0214],[77.2678,9.1534],[77.283,9.3014],[77.3252,9.3372],[77.3659,9.4602],[77.365,9.5528],[77.1658,9.6129],[77.2325,9.7691],[77.2125,9.8775],[77.2728,9.9643],[77.2639,10.0293],[77.204,10.0885],[77.2677,10.1222],[77.2882,10.2323],[77.176,10.3586],[77.0914,10.3151],[76.9836,10.2197],[76.8299,10.3032],[76.8386,10.5963],[76.9037,10.7618],[76.8284,10.8726],[76.6591,10.9306],[76.6997,11.0267],[76.7465,11.0568],[76.7481,11.1355],[76.6289,11.1943],[76.5338,11.1857],[76.5217,11.2707],[76.5478,11.359],[76.4604,11.3889],[76.3687,11.4563],[76.2514,11.5024],[76.2649,11.594],[76.378,11.602],[76.4313,11.6665]]]}},{"type":"Feature","properties":{"state":"Lakshadweep","state_code":"31","nfhs_name":"Lakshadweep","bbox":[73.0478,8.2733,73.066,8.2939],"pill_total":1.2,"pill_urban":1.4,"pill_rural":0.3,"pill_nfhs4":0,"modern_method_total":30.1,"modern_method_urban":31,"modern_method_rural":27.1,"modern_method_nfhs4":15.7,"any_method_total":52.6,"any_method_urban":51.8,"any_method_rural":55.4,"any_method_nfhs4":29.7,"female_sterilization_total":20.7,"female_sterilization_urban":21.4,"female_sterilization_rural":18.1,"female_sterilization_nfhs4":10.7,"condom_total":4.1,"condom_urban":4.7,"condom_rural":2.2,"condom_nfhs4":4.1,"iud_total":1,"iud_urban":1.3,"iud_rural":0,"iud_nfhs4":0.7,"injectables_total":0,"injectables_urban":0,"injectables_rural":0,"injectables_nfhs4":0.1},"geometry":{"type":"Polygon","coordinates":[[[73.0542,8.2733],[73.066,8.285],[73.0636,8.2939],[73.0478,8.2755],[73.0542,8.2733]]]}},{"type":"Feature","properties":{"state":"Madhya Pradesh","state_code":"23","nfhs_name":"Madhya Pradesh","bbox":[74.0712,21.073,82.8103,26.8691],"pill_total":1.9,"pill_urban":2.6,"pill_rural":1.7,"pill_nfhs4":1.3,"modern_method_total":65.5,"modern_method_urban":63.8,"modern_method_rural":66.1,"modern_method_nfhs4":49.6,"any_method_total":71.7,"any_method_urban":71.4,"any_method_rural":71.9,"any_method_nfhs4":51.4,"female_sterilization_total":51.9,"female_sterilization_urban":41.5,"female_sterilization_rural":55.7,"female_sterilization_nfhs4":42.2,"condom_total":8.1,"condom_urban":15.8,"condom_rural":5.3,"condom_nfhs4":4.9,"iud_total":1.1,"iud_urban":1.4,"iud_rural":0.9,"iud_nfhs4":0.5,"injectables_total":0.4,"injectables_urban":0.6,"injectables_rural":0.3,"injectables_nfhs4":0.1},"geometry":{"type":"Polygon","coordinates":[[[82.8103,23.9629],[82.6645,24.1283],[82.7281,24.1356],[82.7712,24.3284],[82.7134,24.3803],[82.743,24.547],[82.8009,24.5802],[82.7738,24.6418],[82.6982,24.647],[82.671,24.697],[82.5391,24.6478],[82.4295,24.7027],[82.4161,24.5912],[82.3038,24.6254],[82.2162,24.7942],[82.167,24.7855],[82.0169,24.846],[81.9604,24.8368],[81.9029,24.8917],[81.8909,24.9958],[81.8041,25.0019],[81.6524,25.0708],[81.5885,25.1658],[81.4996,25.1487],[81.4648,25.0901],[81.3346,25.1693],[81.2662,25.1396],[81.264,25.0531],[81.168,24.9552],[80.8607,24.9286],[80.81,24.9527],[80.8781,25.0655],[80.8267,25.1215],[80.7255,25.0914],[80.6075,25.0982],[80.5309,25.0013],[80.3705,25.0427],[80.3761,25.1164],[80.4317,25.1776],[80.3515,25.2772],[80.3108,25.2864],[80.2885,25.417],[80.1266,25.3403],[80.0335,25.3421],[80.0048,25.2672],[79.8527,25.2251],[79.845,25.094],[79.7485,25.1397],[79.6731,25.1205],[79.5604,25.17],[79.4827,25.0797],[79.4053,25.1062],[79.3903,25.1701],[79.447,25.2445],[79.2998,25.3377],[79.3439,25.2273],[79.2847,25.1911],[79.283,25.1173],[79.1732,25.1081],[79.0714,25.1705],[78.9944,25.2732],[78.903,25.1704],[78.8706,25.187],[78.9463,25.3339],[78.8457,25.3556],[78.9383,25.4222],[78.9364,25.5198],[78.8415,25.5125],[78.602,25.4089],[78.533,25.3009],[78.6526,25.0506],[78.6361,24.9593],[78.6766,24.8986],[78.77,24.859],[78.781,24.7061],[78.752,24.6002],[78.8832,24.6413],[78.9532,24.5469],[78.9142,24.4596],[78.9858,24.4417],[78.963,24.3442],[78.888,24.227],[78.7894,24.1771],[78.7031,24.2269],[78.5843,24.3463],[78.502,24.3903],[78.3884,24.2633],[78.3291,24.3271],[78.3407,24.4021],[78.2697,24.4469],[78.2767,24.663],[78.1735,24.879],[78.334,24.9949],[78.3386,25.0866],[78.4068,25.1289],[78.3725,25.2599],[78.3117,25.3033],[78.3079,25.3812],[78.347,25.4353],[78.4313,25.4736],[78.4283,25.5504],[78.4933,25.5787],[78.6583,25.5599],[78.8118,25.6208],[78.7633,25.7199],[78.8287,25.7956],[78.8833,25.9092],[78.9371,25.9528],[78.9483,26.0278],[79.0121,26.0832],[78.9943,26.1462],[79.0647,26.2771],[79.1155,26.3205],[79.126,26.4113],[78.9891,26.5956],[79.0084,26.6639],[78.7215,26.7964],[78.5762,26.7488],[78.3952,26.8171],[78.3615,26.8691],[78.223,26.8306],[78.1068,26.7908],[78.0957,26.6812],[78.0006,26.6949],[77.8325,26.5615],[77.7447,26.5382],[77.5235,26.4073],[77.4376,26.4034],[77.3209,26.3334],[77.2039,26.23],[77.1163,26.2203],[76.999,26.1301],[76.9011,26.0932],[76.791,25.9431],[76.7065,25.9001],[76.6318,25.9],[76.5301,25.8114],[76.5041,25.6709],[76.5164,25.5276],[76.6234,25.3767],[76.7777,25.3155],[76.8572,25.3327],[76.9578,25.2843],[77.0835,25.3367],[77.2092,25.3062],[77.2342,25.3789],[77.3141,25.4314],[77.4115,25.2239],[77.3931,25.1194],[77.2983,25.0864],[77.1746,25.1117],[77.1228,25.0669],[77.0003,25.0748],[76.8762,25.0415],[76.8619,24.9614],[76.9496,24.8694],[76.8026,24.8093],[76.8561,24.7425],[76.9467,24.7588],[77.0307,24.7122],[77.0651,24.6438],[77.0547,24.5264],[76.9778,24.4612],[76.8629,24.5496],[76.8324,24.3581],[76.8631,24.2731],[76.9224,24.2116],[76.9008,24.1272],[76.7907,24.1238],[76.676,24.1909],[76.6434,24.2693],[76.5276,24.157],[76.5048,24.2031],[76.3218,24.2454],[76.2125,24.2098],[76.1433,24.283],[76.1174,24.1941],[76.1271,24.088],[75.9987,24.0207],[75.9814,23.9289],[75.7656,23.8506],[75.7216,23.8119],[75.5835,23.7947],[75.5643,23.8564],[75.4622,23.9145],[75.5211,24.0246],[75.5817,23.9912],[75.6709,24.018],[75.7018,23.9665],[75.8368,24.057],[75.751,24.1434],[75.8303,24.2334],[75.8108,24.2958],[75.7399,24.3321],[75.7315,24.3987],[75.7861,24.4532],[75.8388,24.4141],[75.9092,24.455],[75.9039,24.5484],[75.8467,24.6309],[75.8363,24.7278],[75.7568,24.7615],[75.646,24.6851],[75.5339,24.7123],[75.4554,24.6806],[75.2284,24.7176],[75.2156,24.8025],[75.3343,25.0411],[75.1982,25.033],[75.1136,24.9668],[75.1168,24.8779],[75.034,24.8446],[74.9482,24.8645],[74.8592,24.9627],[74.8258,24.9007],[74.8609,24.7985],[74.9725,24.7635],[74.9923,24.6934],[74.9291,24.6356],[74.8729,24.6465],[74.8041,24.7352],[74.7718,24.6614],[74.7865,24.5858],[74.7275,24.4888],[74.8552,24.4243],[74.7809,24.3385],[74.7748,24.2386],[74.8678,24.243],[74.9393,24.0538],[74.9037,23.8527],[74.9404,23.7647],[74.9365,23.6286],[74.8473,23.5521],[74.7009,23.5042],[74.5724,23.4206],[74.515,23.3157],[74.5851,23.2769],[74.713,23.2504],[74.6493,23.1752],[74.528,23.0976],[74.4641,23.0817],[74.3861,23.1115],[74.3244,23.0614],[74.3779,22.9072],[74.4606,22.9079],[74.4648,22.8164],[74.4018,22.7315],[74.3791,22.6346],[74.2774,22.6459],[74.2102,22.5645],[74.1331,22.5202],[74.1341,22.4459],[74.244,22.4338],[74.1902,22.3202],[74.0712,22.3613],[74.0722,22.2191],[74.1217,22.1947],[74.1285,22.0946],[74.0994,22.0026],[74.1467,21.9528],[74.281,21.933],[74.3842,22.0174],[74.5093,21.9207],[74.513,21.7185],[74.5821,21.6649],[74.8195,21.6085],[74.8719,21.6318],[75.0517,21.5665],[75.1077,21.4622],[75.2171,21.4086],[75.3161,21.3878],[75.7033,21.388],[75.8332,21.3766],[75.9629,21.3896],[76.0478,21.349],[76.0956,21.3711],[76.1592,21.2553],[76.1727,21.0903],[76.3762,21.073],[76.4373,21.1001],[76.4924,21.1935],[76.6232,21.1849],[76.6627,21.2759],[76.6215,21.3322],[76.7858,21.465],[76.7952,21.5939],[76.9019,21.5969],[77.0052,21.6783],[77.1296,21.7222],[77.2104,21.6896],[77.2805,21.7587],[77.5026,21.7458],[77.5726,21.6169],[77.5751,21.5264],[77.4546,21.5537],[77.4886,21.3742],[77.6918,21.3975],[77.7099,21.3573],[77.8225,21.4072],[77.8831,21.3759],[78.0821,21.4448],[78.1763,21.4991],[78.2665,21.5917],[78.4193,21.5796],[78.436,21.5006],[78.5408,21.5235],[78.5854,21.4867],[78.6884,21.4819],[78.8993,21.5005],[78.9141,21.589],[78.9753,21.6176],[79.0933,21.6015],[79.2208,21.6927],[79.4962,21.674],[79.512,21.584],[79.5814,21.5413],[79.7376,21.6039],[79.8631,21.5308],[79.9359,21.5561],[79.9985,21.5334],[80.1928,21.6355],[80.2703,21.6159],[80.3765,21.5233],[80.4222,21.4405],[80.6214,21.3203],[80.66,21.3341],[80.7349,21.4599],[80.7154,21.5851],[80.7409,21.7446],[80.8386,21.8003],[80.8478,21.9313],[80.9079,22.1096],[81.0219,22.1328],[81.0501,22.2446],[81.1187,22.2913],[81.1112,22.4376],[81.1727,22.4879],[81.2322,22.4522],[81.3265,22.5262],[81.4278,22.4798],[81.5222,22.539],[81.6,22.5353],[81.6472,22.6133],[81.7286,22.6765],[81.7944,22.7665],[81.7757,22.8745],[81.8616,22.8893],[81.9505,22.983],[81.9215,23.0408],[81.9911,23.0866],[82.1258,23.104],[82.1994,23.3135],[82.1034,23.3983],[81.9853,23.4145],[81.9233,23.5327],[81.8207,23.5153],[81.7252,23.5569],[81.6114,23.5126],[81.6203,23.6515],[81.6959,23.7214],[81.6446,23.7702],[81.609,23.9032],[81.6578,23.9164],[81.7731,23.8164],[82.0075,23.8618],[82.0527,23.8195],[82.1808,23.8363],[82.3346,23.8026],[82.479,23.806],[82.5234,23.7837],[82.6353,23.8377],[82.6989,23.925],[82.8103,23.9629]]]}},{"type":"Feature","properties":{"state":"Odisha","state_code":"21","nfhs_name":"Odisha","bbox":[81.3961,17.82,87.4862,22.5675],"pill_total":10.8,"pill_urban":10.3,"pill_rural":11,"pill_nfhs4":12,"modern_method_total":48.8,"modern_method_urban":47.2,"modern_method_rural":49.1,"modern_method_nfhs4":45.4,"any_method_total":74.1,"any_method_urban":76.9,"any_method_rural":73.6,"any_method_nfhs4":57.3,"female_sterilization_total":28,"female_sterilization_urban":24.4,"female_sterilization_rural":28.8,"female_sterilization_nfhs4":28.2,"condom_total":5.5,"condom_urban":8.8,"condom_rural":4.9,"condom_nfhs4":3.4,"iud_total":2.6,"iud_urban":2.3,"iud_rural":2.6,"iud_nfhs4":1.1,"injectables_total":0.2,"injectables_urban":0.4,"injectables_rural":0.2,"injectables_nfhs4":0.2},"geometry":{"type":"Polygon","coordinates":[[[84.7647,19.0773],[84.8166,19.165],[85.1016,19.4108],[85.3728,19.5995],[85.6791,19.7451],[85.9458,19.8289],[86.23,19.9022],[86.3727,19.958],[86.5238,20.1735],[86.7831,20.33],[86.7304,20.4415],[86.7753,20.5214],[87.0556,20.715],[86.9765,20.7719],[86.9768,20.8609],[86.8519,21.0967],[86.8633,21.2226],[86.945,21.3528],[87.1478,21.5087],[87.2355,21.5383],[87.359,21.5419],[87.4862,21.6098],[87.4444,21.7682],[87.2637,21.8192],[87.2359,21.9571],[87.1626,21.9679],[87.0986,21.8658],[87.0017,21.9139],[87.0282,22.0379],[86.9601,22.0879],[86.7218,22.1468],[86.727,22.2168],[86.5549,22.2984],[86.5043,22.3429],[86.4105,22.32],[86.2693,22.4423],[86.1185,22.4867],[86.0454,22.5675],[85.9627,22.4851],[86.0181,22.4257],[85.9738,22.2471],[86.0313,22.19],[86.0092,22.1158],[85.9083,21.9708],[85.784,21.9844],[85.7493,22.0736],[85.5994,22.0783],[85.4233,22.158],[85.3661,22.1589],[85.2751,22.0823],[85.2519,22.0271],[85.0985,22.1059],[85.0284,22.1222],[85.0782,22.2573],[85.117,22.2944],[85.057,22.4862],[84.915,22.4256],[84.759,22.4467],[84.5084,22.4211],[84.4294,22.3525],[84.2915,22.3429],[84.1968,22.3781],[84.1408,22.4739],[84.0091,22.5261],[84.0474,22.4382],[83.9968,22.3719],[83.8642,22.3433],[83.7579,22.2403],[83.6274,22.2037],[83.5371,22.0445],[83.5379,21.9693],[83.6057,21.9141],[83.4432,21.6555],[83.3827,21.6202],[83.3467,21.4897],[83.3987,21.4052],[83.392,21.3425],[83.2842,21.3802],[83.2173,21.2551],[83.1982,21.1453],[83.1314,21.1058],[82.9022,21.1669],[82.6405,21.1548],[82.6293,21.0385],[82.5601,20.9467],[82.3395,20.8469],[82.3498,20.7063],[82.3765,20.6324],[82.3333,20.5687],[82.438,20.4342],[82.4003,20.3408],[82.4379,20.2934],[82.3909,20.1622],[82.3992,20.0566],[82.5967,19.99],[82.7154,19.9947],[82.7073,19.8351],[82.446,19.9102],[82.3453,19.8359],[82.2692,19.9753],[82.1842,19.9842],[82.0635,20.0546],[82.0215,20.0238],[81.9464,20.1052],[81.8709,20.0442],[81.8531,19.9185],[81.9681,19.8599],[81.9859,19.8011],[82.0655,19.7907],[82.0447,19.7089],[82.0472,19.5334],[82.1002,19.5166],[82.1715,19.4372],[82.1698,19.1453],[82.2184,19.0973],[82.246,18.9191],[82.1761,18.9027],[82.1573,18.7855],[81.9607,18.6887],[81.9506,18.5701],[81.7695,18.4189],[81.7503,18.3536],[81.6591,18.3466],[81.5373,18.2694],[81.507,18.1862],[81.5133,18.1],[81.4829,17.9768],[81.3961,17.82],[81.6172,17.8231],[81.6716,17.8881],[81.7484,17.8926],[81.8082,17.9564],[81.9622,18.001],[82.0057,18.057],[82.1672,18.0527],[82.1859,18.0159],[82.3391,18.0555],[82.343,18.2813],[82.3906,18.2987],[82.3803,18.4333],[82.4796,18.5413],[82.5321,18.511],[82.6053,18.3821],[82.5952,18.2655],[82.7725,18.3412],[82.8139,18.4516],[82.8942,18.3816],[82.9652,18.3597],[83.0753,18.4041],[83.0191,18.4572],[83.0431,18.5454],[82.999,18.6086],[83.1372,18.7863],[83.2161,18.7465],[83.2827,18.7988],[83.4039,18.8433],[83.3088,18.9998],[83.3657,19.017],[83.439,18.9762],[83.4814,19.0345],[83.5825,19.0589],[83.6318,19.1407],[83.7002,19.0253],[83.8092,18.9918],[83.8515,18.8594],[83.9482,18.8061],[84.0135,18.818],[84.0892,18.7585],[84.2243,18.7997],[84.319,18.788],[84.3451,18.8489],[84.436,18.9218],[84.4806,19.0175],[84.5796,19.031],[84.7007,19.1188],[84.7647,19.0773]]]}},{"type":"Feature","properties":{"state":"Tamil Nadu","state_code":"33","nfhs_name":"Tamil Nadu","bbox":[76.2514,8.0766,80.3468,13.5645],"pill_total":0.3,"pill_urban":0.4,"pill_rural":0.3,"pill_nfhs4":0.2,"modern_method_total":65.5,"modern_method_urban":64,"modern_method_rural":66.8,"modern_method_nfhs4":52.6,"any_method_total":68.6,"any_method_urban":67.6,"any_method_rural":69.5,"any_method_nfhs4":53.2,"female_sterilization_total":57.8,"female_sterilization_urban":55.6,"female_sterilization_rural":59.9,"female_sterilization_nfhs4":49.4,"condom_total":1.8,"condom_urban":2.6,"condom_rural":1.2,"condom_nfhs4":0.8,"iud_total":4.8,"iud_urban":4.8,"iud_rural":4.7,"iud_nfhs4":1.9,"injectables_total":0.2,"injectables_urban":0.1,"injectables_rural":0.3,"injectables_nfhs4":0.1},"geometry":{"type":"Polygon","coordinates":[[[79.8738,12.0426],[80.046,12.3125],[80.1377,12.4106],[80.1613,12.5122],[80.2547,12.7808],[80.2606,12.9439],[80.3468,13.3134],[80.3259,13.4454],[80.2683,13.5645],[80.2259,13.4851],[80.0078,13.4783],[79.9396,13.4251],[79.938,13.3555],[79.7306,13.283],[79.5346,13.2754],[79.4952,13.3452],[79.4185,13.243],[79.4324,13.197],[79.1853,13.0797],[79.1631,13.0203],[78.995,13.0866],[78.8131,13.0892],[78.7052,13.0153],[78.6209,12.9913],[78.6334,12.9318],[78.5925,12.7827],[78.4717,12.6321],[78.3714,12.6272],[78.301,12.6659],[78.2309,12.7607],[78.1342,12.782],[78.0765,12.8397],[78.0097,12.8058],[77.9219,12.8848],[77.7991,12.8516],[77.7985,12.7952],[77.7399,12.673],[77.5989,12.6672],[77.5872,12.5148],[77.6346,12.4877],[77.6168,12.3683],[77.5513,12.2913],[77.479,12.2713],[77.472,12.208],[77.6107,12.2062],[77.7277,12.1816],[77.7738,12.1206],[77.6756,11.9521],[77.5379,11.9325],[77.4639,11.8941],[77.4498,11.7961],[77.3351,11.7713],[77.2938,11.8091],[77.1107,11.7736],[77.0129,11.8147],[76.908,11.7954],[76.835,11.6555],[76.7569,11.6186],[76.5599,11.6226],[76.5116,11.7051],[76.4313,11.6665],[76.378,11.602],[76.2649,11.594],[76.2514,11.5024],[76.3687,11.4563],[76.4604,11.3889],[76.5478,11.359],[76.5217,11.2707],[76.5338,11.1857],[76.6289,11.1943],[76.7481,11.1355],[76.7465,11.0568],[76.6997,11.0267],[76.6591,10.9306],[76.8284,10.8726],[76.9037,10.7618],[76.8386,10.5963],[76.8299,10.3032],[76.9836,10.2197],[77.0914,10.3151],[77.176,10.3586],[77.2882,10.2323],[77.2677,10.1222],[77.204,10.0885],[77.2639,10.0293],[77.2728,9.9643],[77.2125,9.8775],[77.2325,9.7691],[77.1658,9.6129],[77.365,9.5528],[77.3659,9.4602],[77.3252,9.3372],[77.283,9.3014],[77.2678,9.1534],[77.147,9.0214],[77.264,8.8421],[77.1772,8.725],[77.2663,8.5853],[77.2616,8.5063],[77.213,8.4704],[77.1685,8.3326],[77.0978,8.2925],[77.2328,8.1803],[77.3314,8.1274],[77.555,8.0766],[77.5828,8.1373],[77.7937,8.1623],[77.8411,8.2517],[77.8909,8.2705],[78.0637,8.4124],[78.1433,8.5017],[78.1385,8.6802],[78.1717,8.8829],[78.22,8.9656],[78.4068,9.1099],[78.6574,9.1577],[78.7326,9.2116],[78.8758,9.2573],[79.0665,9.298],[78.9964,9.3475],[78.9027,9.4635],[78.9268,9.5851],[78.9803,9.6896],[79.059,9.773],[79.1551,9.9316],[79.2555,10.0451],[79.2258,10.1011],[79.2689,10.2343],[79.3891,10.3174],[79.5166,10.3134],[79.7685,10.2719],[79.8586,10.2821],[79.8687,10.3756],[79.8413,10.828],[79.8285,10.8838],[79.7248,10.929],[79.7666,10.9974],[79.8544,10.9833],[79.8565,11.1714],[79.8074,11.4441],[79.7572,11.5575],[79.7958,11.7855],[79.807,11.8336],[79.8077,11.8364],[79.7111,11.8908],[79.8184,11.9779],[79.8406,11.9558],[79.8571,12.0068],[79.8738,12.0426]]]}},{"type":"Feature","properties":{"state":"Uttar Pradesh","state_code":"09","nfhs_name":"Uttar Pradesh","bbox":[77.0964,23.8714,84.6248,30.4047],"pill_total":4.4,"pill_urban":4,"pill_rural":4.5,"pill_nfhs4":1.9,"modern_method_total":44.5,"modern_method_urban":48.6,"modern_method_rural":43.2,"modern_method_nfhs4":31.7,"any_method_total":62.4,"any_method_urban":67.6,"any_method_rural":60.8,"any_method_nfhs4":45.5,"female_sterilization_total":16.9,"female_sterilization_urban":13.5,"female_sterilization_rural":18,"female_sterilization_nfhs4":17.3,"condom_total":19.1,"condom_urban":27.1,"condom_rural":16.6,"condom_nfhs4":10.8,"iud_total":1.5,"iud_urban":2,"iud_rural":1.3,"iud_nfhs4":1.2,"injectables_total":1.2,"injectables_urban":0.9,"injectables_rural":1.2,"injectables_nfhs4":0.4},"geometry":{"type":"Polygon","coordinates":[[[80.0651,28.8367],[80.0301,28.7487],[79.9542,28.7229],[79.8293,28.8845],[79.7199,28.8457],[79.4249,28.8682],[79.4075,28.9523],[79.3073,28.9665],[79.2117,29.0276],[79.1535,29.1152],[79.0394,29.1585],[78.9188,29.1356],[78.8707,29.2273],[78.7345,29.2996],[78.9118,29.3938],[78.9187,29.4343],[78.7063,29.5027],[78.5804,29.5864],[78.5215,29.6579],[78.514,29.7231],[78.3357,29.7967],[78.2039,29.7373],[78.1305,29.6526],[78.0152,29.5873],[77.9699,29.6665],[77.9125,29.696],[77.83,29.6683],[77.7141,29.8703],[77.7437,29.9834],[77.7984,30.0836],[77.8604,30.1133],[77.937,30.2492],[77.7218,30.3303],[77.6479,30.4047],[77.576,30.3974],[77.5856,30.3796],[77.5835,30.3074],[77.4051,30.0891],[77.303,30.0554],[77.2175,29.9235],[77.1792,29.8127],[77.1225,29.7513],[77.1565,29.6926],[77.1062,29.6324],[77.0964,29.5195],[77.1611,29.3324],[77.1314,29.2175],[77.1638,29.0795],[77.2329,28.9187],[77.2098,28.8579],[77.1994,28.7981],[77.3254,28.7089],[77.2984,28.5802],[77.3454,28.5133],[77.4776,28.4191],[77.537,28.1657],[77.4743,28.0875],[77.5459,27.9582],[77.4922,27.9385],[77.2837,27.8011],[77.3526,27.6512],[77.34,27.5266],[77.4378,27.4563],[77.44,27.3903],[77.5479,27.3369],[77.6227,27.3362],[77.6164,27.2578],[77.6584,27.1701],[77.5376,27.0983],[77.6609,26.9712],[77.4603,26.8858],[77.3979,26.8304],[77.4852,26.748],[77.5576,26.8176],[77.7226,26.8743],[77.7606,26.9326],[77.9484,26.8936],[78.0944,26.9033],[78.1186,26.947],[78.2723,26.9192],[78.223,26.8306],[78.3615,26.8691],[78.3952,26.8171],[78.5762,26.7488],[78.7215,26.7964],[79.0084,26.6639],[78.9891,26.5956],[79.126,26.4113],[79.1155,26.3205],[79.0647,26.2771],[78.9943,26.1462],[79.0121,26.0832],[78.9483,26.0278],[78.9371,25.9528],[78.8833,25.9092],[78.8287,25.7956],[78.7633,25.7199],[78.8118,25.6208],[78.6583,25.5599],[78.4933,25.5787],[78.4283,25.5504],[78.4313,25.4736],[78.347,25.4353],[78.3079,25.3812],[78.3117,25.3033],[78.3725,25.2599],[78.4068,25.1289],[78.3386,25.0866],[78.334,24.9949],[78.1735,24.879],[78.2767,24.663],[78.2697,24.4469],[78.3407,24.4021],[78.3291,24.3271],[78.3884,24.2633],[78.502,24.3903],[78.5843,24.3463],[78.7031,24.2269],[78.7894,24.1771],[78.888,24.227],[78.963,24.3442],[78.9858,24.4417],[78.9142,24.4596],[78.9532,24.5469],[78.8832,24.6413],[78.752,24.6002],[78.781,24.7061],[78.77,24.859],[78.6766,24.8986],[78.6361,24.9593],[78.6526,25.0506],[78.533,25.3009],[78.602,25.4089],[78.8415,25.5125],[78.9364,25.5198],[78.9383,25.4222],[78.8457,25.3556],[78.9463,25.3339],[78.8706,25.187],[78.903,25.1704],[78.9944,25.2732],[79.0714,25.1705],[79.1732,25.1081],[79.283,25.1173],[79.2847,25.1911],[79.3439,25.2273],[79.2998,25.3377],[79.447,25.2445],[79.3903,25.1701],[79.4053,25.1062],[79.4827,25.0797],[79.5604,25.17],[79.6731,25.1205],[79.7485,25.1397],[79.845,25.094],[79.8527,25.2251],[80.0048,25.2672],[80.0335,25.3421],[80.1266,25.3403],[80.2885,25.417],[80.3108,25.2864],[80.3515,25.2772],[80.4317,25.1776],[80.3761,25.1164],[80.3705,25.0427],[80.5309,25.0013],[80.6075,25.0982],[80.7255,25.0914],[80.8267,25.1215],[80.8781,25.0655],[80.81,24.9527],[80.8607,24.9286],[81.168,24.9552],[81.264,25.0531],[81.2662,25.1396],[81.3346,25.1693],[81.4648,25.0901],[81.4996,25.1487],[81.5885,25.1658],[81.6524,25.0708],[81.8041,25.0019],[81.8909,24.9958],[81.9029,24.8917],[81.9604,24.8368],[82.0169,24.846],[82.167,24.7855],[82.2162,24.7942],[82.3038,24.6254],[82.4161,24.5912],[82.4295,24.7027],[82.5391,24.6478],[82.671,24.697],[82.6982,24.647],[82.7738,24.6418],[82.8009,24.5802],[82.743,24.547],[82.7134,24.3803],[82.7712,24.3284],[82.7281,24.1356],[82.6645,24.1283],[82.8103,23.9629],[82.9479,23.8714],[83.1415,23.8849],[83.216,23.9379],[83.3299,24.1017],[83.4091,24.2663],[83.38,24.3131],[83.4495,24.3771],[83.3855,24.4513],[83.4017,24.5035],[83.5033,24.5254],[83.5419,24.6128],[83.4894,24.7365],[83.3978,24.7782],[83.3547,24.9055],[83.3663,25.1954],[83.4099,25.2466],[83.6285,25.3285],[83.8079,25.4091],[83.9212,25.552],[84.0813,25.6365],[84.075,25.6953],[84.1741,25.7207],[84.2232,25.6625],[84.324,25.6704],[84.3646,25.7419],[84.5202,25.675],[84.6248,25.7919],[84.5109,25.8714],[84.3119,25.9438],[84.2071,25.9999],[84.0887,26.1003],[84.0259,26.2045],[84.1769,26.265],[84.1769,26.3707],[84.0683,26.3884],[84.0226,26.4311],[83.9108,26.4497],[83.9167,26.5167],[84.0564,26.5446],[84.0865,26.6392],[84.2815,26.5996],[84.4199,26.6269],[84.3303,26.684],[84.3061,26.7496],[84.2326,26.7537],[84.1818,26.8335],[84.0524,26.9064],[84.0495,27.0433],[83.9477,27.1125],[83.987,27.1976],[83.9121,27.2458],[83.9344,27.2996],[83.8635,27.3441],[83.6149,27.4693],[83.3882,27.4794],[83.4097,27.4126],[83.36,27.3437],[83.1883,27.4539],[83.0349,27.4488],[82.9292,27.5011],[82.7351,27.5027],[82.7538,27.5865],[82.6995,27.722],[82.4492,27.6797],[82.2074,27.8435],[82.1215,27.8655],[82.0699,27.9233],[81.9679,27.9288],[81.8999,27.8536],[81.6988,27.9877],[81.6437,27.9932],[81.4781,28.0826],[81.4141,28.1744],[81.3207,28.1972],[81.2327,28.2889],[81.2106,28.3607],[81.0167,28.4158],[80.9084,28.4979],[80.8444,28.4957],[80.7687,28.5659],[80.5397,28.6902],[80.4591,28.6243],[80.3776,28.6287],[80.1193,28.8276],[80.0651,28.8367]]]}},{"type":"Feature","properties":{"state":"West Bengal","state_code":"19","nfhs_name":"West Bengal","bbox":[85.8197,21.5565,89.869,27.2117],"pill_total":20.3,"pill_urban":20.1,"pill_rural":20.4,"pill_nfhs4":20,"modern_method_total":60.7,"modern_method_urban":61,"modern_method_rural":60.6,"modern_method_nfhs4":57,"any_method_total":74.4,"any_method_urban":77.5,"any_method_rural":73,"any_method_nfhs4":70.9,"female_sterilization_total":29.4,"female_sterilization_urban":26.8,"female_sterilization_rural":30.5,"female_sterilization_nfhs4":29.3,"condom_total":7,"condom_urban":10.1,"condom_rural":5.6,"condom_nfhs4":5.9,"iud_total":2.2,"iud_urban":2,"iud_rural":2.3,"iud_nfhs4":1.2,"injectables_total":0.7,"injectables_urban":0.8,"injectables_rural":0.7,"injectables_nfhs4":0.2},"geometry":{"type":"MultiPolygon","coordinates":[[[[88.1258,21.6736],[88.1034,21.7855],[88.0326,21.6876],[88.1258,21.6736]]],[[[89.0148,21.7781],[89.0377,21.611],[89.0928,21.6522],[89.0148,21.7781]]],[[[88.7773,21.8688],[88.7159,21.9045],[88.6911,21.7508],[88.7095,21.6948],[88.7892,21.6537],[88.7773,21.8688]]],[[[88.9435,21.9149],[88.8538,21.8894],[88.9007,21.7622],[88.9486,21.7691],[88.9435,21.9149]]],[[[88.7455,27.142],[88.5958,27.1893],[88.4306,27.0794],[88.3166,27.1256],[88.1536,27.1098],[88.0148,27.2117],[87.9917,27.1083],[88.121,26.9505],[88.1871,26.7714],[88.1602,26.6368],[88.1054,26.5511],[88.242,26.4567],[88.2833,26.378],[88.2277,26.2849],[88.146,26.2502],[88.0732,26.1752],[87.9806,26.139],[87.9823,26.0727],[87.8973,26.0669],[87.8545,26.0111],[87.8307,25.8709],[87.8923,25.8658],[87.9099,25.7809],[87.9679,25.7261],[88.0497,25.7022],[88.0209,25.5705],[87.8661,25.497],[87.7649,25.3839],[87.8534,25.29],[87.8185,25.242],[87.7628,25.2656],[87.7114,25.2577],[87.7787,25.2505],[87.7792,25.1436],[87.7957,25.0873],[87.9575,24.9711],[87.8427,24.7403],[87.9171,24.6658],[87.8919,24.5656],[87.8026,24.562],[87.8164,24.5006],[87.7615,24.3083],[87.6384,24.2147],[87.5319,24.1073],[87.512,24.0361],[87.4395,23.9818],[87.337,24.034],[87.2454,24.0451],[87.2953,23.9021],[87.1225,23.7962],[86.9863,23.8596],[86.8886,23.8436],[86.826,23.7769],[86.7993,23.689],[86.713,23.6986],[86.4906,23.6377],[86.3681,23.5408],[86.3498,23.4516],[86.2886,23.4295],[86.1485,23.4654],[86.1434,23.5635],[86.042,23.5862],[86.0388,23.4979],[85.8759,23.4807],[85.8686,23.3304],[85.8197,23.2685],[85.8942,23.1553],[86.0437,23.1449],[86.223,22.9948],[86.5014,22.9947],[86.4194,22.791],[86.4822,22.7294],[86.548,22.7209],[86.6414,22.6577],[86.6585,22.5757],[86.7658,22.5757],[86.8022,22.5023],[86.7647,22.4266],[86.8455,22.3999],[86.824,22.2668],[86.727,22.2168],[86.7218,22.1468],[86.9601,22.0879],[87.0282,22.0379],[87.0017,21.9139],[87.0986,21.8658],[87.1626,21.9679],[87.2359,21.9571],[87.2637,21.8192],[87.4444,21.7682],[87.4862,21.6098],[87.6738,21.6505],[87.8064,21.7089],[87.9866,21.8707],[88.0601,22.0179],[88.1674,22.0782],[88.2079,22.0265],[88.1476,21.9614],[88.2121,21.7831],[88.26,21.5565],[88.3022,21.6788],[88.2559,21.801],[88.2983,21.8563],[88.4346,21.9106],[88.5393,21.8593],[88.6333,21.9548],[88.7635,21.9552],[88.853,21.9224],[88.9326,21.9426],[89.0076,21.9028],[89.064,21.9395],[89.0746,22.028],[89.0424,22.1012],[89.0651,22.2071],[88.9951,22.2874],[88.9727,22.4112],[89.0006,22.4294],[88.9389,22.5873],[88.9626,22.6933],[88.9122,22.7586],[88.9642,22.8197],[88.8576,22.9679],[88.9421,23.2057],[88.9144,23.2281],[88.7786,23.2204],[88.7186,23.2548],[88.7818,23.4409],[88.6488,23.5809],[88.5934,23.6165],[88.5723,23.7823],[88.6538,23.8659],[88.733,23.9111],[88.7428,24.0352],[88.7137,24.1229],[88.7413,24.254],[88.6835,24.3244],[88.5592,24.3081],[88.3825,24.3956],[88.3349,24.4431],[88.243,24.4611],[88.1239,24.517],[88.1088,24.5776],[88.0244,24.6881],[88.1405,24.85],[88.14,24.914],[88.2259,24.9598],[88.2683,24.891],[88.3279,24.8713],[88.4526,25.0367],[88.4415,25.1741],[88.4747,25.2134],[88.5578,25.1922],[88.712,25.2075],[88.8062,25.1697],[88.9206,25.1654],[88.9616,25.2077],[88.9156,25.3111],[88.8236,25.401],[88.8391,25.4583],[88.7924,25.5228],[88.6629,25.474],[88.5486,25.5182],[88.4023,25.6718],[88.2674,25.7821],[88.1734,25.787],[88.1015,25.8294],[88.0931,25.9302],[88.1852,26.0642],[88.1771,26.1479],[88.3508,26.2215],[88.3485,26.2822],[88.4624,26.3577],[88.4957,26.4375],[88.4029,26.4869],[88.3334,26.4789],[88.3765,26.5953],[88.483,26.5392],[88.5581,26.4573],[88.7004,26.3831],[88.6926,26.3431],[88.8191,26.2946],[88.9264,26.2842],[88.9262,26.4324],[88.9833,26.4469],[89.0885,26.3659],[89.1409,26.236],[89.1552,26.1387],[89.2296,26.124],[89.2545,26.0645],[89.36,26.0078],[89.5191,26.0085],[89.6361,26.0994],[89.5979,26.1539],[89.6718,26.2197],[89.7196,26.1659],[89.7094,26.2115],[89.781,26.3528],[89.869,26.4537],[89.8518,26.6972],[89.7638,26.6988],[89.6249,26.7823],[89.3697,26.8573],[89.256,26.8078],[89.1267,26.8073],[89.0894,26.8893],[88.9483,26.967],[88.8768,27.0374],[88.8661,27.1092],[88.7455,27.142]]]]}},{"type":"Feature","properties":{"state":"Andhra Pradesh","state_code":"37","nfhs_name":"Andhra Pradesh","bbox":[76.765,12.6272,84.7647,19.1407],"pill_total":0.1,"pill_urban":0.1,"pill_rural":0.1,"pill_nfhs4":0.2,"modern_method_total":70.8,"modern_method_urban":70.3,"modern_method_rural":71.1,"modern_method_nfhs4":69.4,"any_method_total":71.1,"any_method_urban":70.8,"any_method_rural":71.2,"any_method_nfhs4":69.5,"female_sterilization_total":69.6,"female_sterilization_urban":68.3,"female_sterilization_rural":70.2,"female_sterilization_nfhs4":68.3,"condom_total":0.5,"condom_urban":0.9,"condom_rural":0.3,"condom_nfhs4":0.2,"iud_total":0.2,"iud_urban":0.2,"iud_rural":0.1,"iud_nfhs4":0.2,"injectables_total":0,"injectables_urban":0,"injectables_rural":0,"injectables_nfhs4":0},"geometry":{"type":"Polygon","coordinates":[[[84.7647,19.0773],[84.7007,19.1188],[84.5796,19.031],[84.4806,19.0175],[84.436,18.9218],[84.3451,18.8489],[84.319,18.788],[84.2243,18.7997],[84.0892,18.7585],[84.0135,18.818],[83.9482,18.8061],[83.8515,18.8594],[83.8092,18.9918],[83.7002,19.0253],[83.6318,19.1407],[83.5825,19.0589],[83.4814,19.0345],[83.439,18.9762],[83.3657,19.017],[83.3088,18.9998],[83.4039,18.8433],[83.2827,18.7988],[83.2161,18.7465],[83.1372,18.7863],[82.999,18.6086],[83.0431,18.5454],[83.0191,18.4572],[83.0753,18.4041],[82.9652,18.3597],[82.8942,18.3816],[82.8139,18.4516],[82.7725,18.3412],[82.5952,18.2655],[82.6053,18.3821],[82.5321,18.511],[82.4796,18.5413],[82.3803,18.4333],[82.3906,18.2987],[82.343,18.2813],[82.3391,18.0555],[82.1859,18.0159],[82.1672,18.0527],[82.0057,18.057],[81.9622,18.001],[81.8082,17.9564],[81.7484,17.8926],[81.6716,17.8881],[81.6172,17.8231],[81.3961,17.82],[81.2654,17.8111],[81.1661,17.8577],[81.0856,17.7981],[81.0406,17.7477],[80.9463,17.7602],[80.8855,17.7357],[80.8554,17.6019],[80.9694,17.5981],[81.0199,17.5201],[81.1273,17.5265],[81.1483,17.4637],[81.3124,17.4088],[81.274,17.3172],[81.1904,17.3249],[81.174,17.2304],[80.9944,17.1914],[80.9189,17.2198],[80.8794,17.1609],[80.8715,17.0699],[80.8288,17.0528],[80.6706,17.1012],[80.58,17.1531],[80.4649,17.0301],[80.4497,16.9548],[80.5347,16.9615],[80.6019,16.9186],[80.5629,16.8329],[80.5702,16.7681],[80.3217,16.8797],[80.3066,16.9738],[80.1702,17.0169],[80.0555,16.9715],[79.9988,16.8653],[80.0733,16.8172],[80.055,16.7447],[79.9631,16.6436],[79.8937,16.6502],[79.7925,16.7255],[79.5989,16.6733],[79.4187,16.5803],[79.2569,16.5659],[79.2209,16.5144],[79.2077,16.3848],[79.2343,16.3339],[79.2166,16.2274],[79.157,16.2093],[79.0095,16.2402],[78.9857,16.2107],[78.8339,16.1445],[78.8403,16.0782],[78.7355,16.0082],[78.6273,16.0877],[78.5518,16.0428],[78.4079,16.0748],[78.2995,16.0116],[78.1754,15.8581],[78.0988,15.836],[77.888,15.9061],[77.8036,15.8742],[77.6592,15.8855],[77.5135,15.9268],[77.4296,15.9491],[77.1853,15.9568],[77.0711,15.9088],[77.0491,15.7303],[77.0832,15.6592],[77.0305,15.6345],[77.0419,15.3619],[77.152,15.2757],[77.1692,15.1714],[77.113,15.0341],[76.8772,15.0302],[76.8003,15.0959],[76.7666,14.9756],[76.8696,14.9377],[76.8368,14.7908],[76.7753,14.681],[76.765,14.6022],[76.8063,14.5311],[76.9007,14.4892],[76.9478,14.4132],[76.8848,14.3476],[76.9457,14.3132],[76.9401,14.2446],[77.1167,14.2264],[77.1357,14.3369],[77.3638,14.2759],[77.4078,14.3376],[77.4818,14.2916],[77.5035,14.1572],[77.3937,14.1743],[77.3902,14.0167],[77.4354,13.9476],[77.398,13.9066],[77.3066,14.032],[77.1411,14.0039],[77.1274,14.0471],[77.0349,14.0561],[77.0055,14.184],[76.9198,14.1645],[76.9735,14.0836],[76.9311,14.0302],[77.0417,13.9335],[76.9764,13.8174],[77.0647,13.7439],[77.2567,13.8466],[77.4325,13.8433],[77.4646,13.8061],[77.4651,13.7109],[77.5344,13.707],[77.6513,13.7841],[77.7815,13.8183],[77.8957,13.9411],[77.9921,13.8689],[78.1148,13.8629],[78.1143,13.6574],[78.1902,13.5902],[78.3852,13.5922],[78.3776,13.3632],[78.4011,13.3155],[78.5564,13.2839],[78.5673,13.1933],[78.4622,13.0433],[78.3887,12.9069],[78.3124,12.8586],[78.2522,12.8606],[78.2309,12.7607],[78.301,12.6659],[78.3714,12.6272],[78.4717,12.6321],[78.5925,12.7827],[78.6334,12.9318],[78.6209,12.9913],[78.7052,13.0153],[78.8131,13.0892],[78.995,13.0866],[79.1631,13.0203],[79.1853,13.0797],[79.4324,13.197],[79.4185,13.243],[79.4952,13.3452],[79.5346,13.2754],[79.7306,13.283],[79.938,13.3555],[79.9396,13.4251],[80.0078,13.4783],[80.2259,13.4851],[80.2683,13.5645],[80.2351,13.7056],[80.254,13.7904],[80.1521,14.0259],[80.1272,14.1502],[80.1683,14.351],[80.196,14.5865],[80.1097,14.7392],[80.047,15.0806],[80.0877,15.206],[80.0845,15.2699],[80.1335,15.3831],[80.2062,15.4734],[80.2382,15.6024],[80.2887,15.6938],[80.4286,15.8051],[80.5365,15.8527],[80.6859,15.8819],[80.7744,15.8677],[80.8437,15.7069],[80.9393,15.7168],[81.0085,15.7545],[81.0149,15.851],[81.148,15.9741],[81.2137,16.2076],[81.265,16.2785],[81.3924,16.3427],[81.4872,16.3554],[81.6906,16.3278],[81.7208,16.3069],[81.8497,16.3732],[81.9563,16.3961],[82.233,16.5417],[82.2995,16.556],[82.3549,16.8513],[82.2482,16.9048],[82.3195,17.0574],[82.4562,17.1854],[82.7262,17.3552],[82.992,17.4725],[83.0204,17.507],[83.1619,17.5601],[83.3468,17.7263],[83.4179,17.8541],[83.5418,17.9613],[83.5686,18.0099],[83.7497,18.1289],[84.0717,18.2766],[84.1484,18.3738],[84.3547,18.555],[84.4937,18.7409],[84.5515,18.7906],[84.6036,18.8898],[84.7647,19.0773]]]}},{"type":"Feature","properties":{"state":"Puducherry","state_code":"34","nfhs_name":"Puducherry","bbox":[79.7111,10.828,79.8544,11.9779],"pill_total":0.5,"pill_urban":0.5,"pill_rural":0.4,"pill_nfhs4":0.4,"modern_method_total":62.1,"modern_method_urban":61.2,"modern_method_rural":64.3,"modern_method_nfhs4":61.2,"any_method_total":66,"any_method_urban":65.8,"any_method_rural":66.4,"any_method_nfhs4":61.9,"female_sterilization_total":53.8,"female_sterilization_urban":51.7,"female_sterilization_rural":58.5,"female_sterilization_nfhs4":57.4,"condom_total":5,"condom_urban":5.8,"condom_rural":3.1,"condom_nfhs4":0.8,"iud_total":1.9,"iud_urban":2.1,"iud_rural":1.3,"iud_nfhs4":2.6,"injectables_total":0.4,"injectables_urban":0.2,"injectables_rural":0.9,"injectables_nfhs4":0},"geometry":{"type":"MultiPolygon","coordinates":[[[[79.8544,10.9833],[79.7666,10.9974],[79.7248,10.929],[79.8285,10.8838],[79.8413,10.828],[79.8544,10.9833]]],[[[79.8406,11.9558],[79.8184,11.9779],[79.7111,11.8908],[79.8077,11.8364],[79.8406,11.9558]]]]}},{"type":"Feature","properties":{"state":"Maharashtra","state_code":"27","nfhs_name":"Maharashtra","bbox":[72.6546,15.6115,80.8954,22.0174],"pill_total":1.8,"pill_urban":1.9,"pill_rural":1.7,"pill_nfhs4":2.4,"modern_method_total":63.8,"modern_method_urban":62.7,"modern_method_rural":64.7,"modern_method_nfhs4":62.6,"any_method_total":66.2,"any_method_urban":65.8,"any_method_rural":66.5,"any_method_nfhs4":64.8,"female_sterilization_total":49.1,"female_sterilization_urban":44,"female_sterilization_rural":53.3,"female_sterilization_nfhs4":50.7,"condom_total":10.2,"condom_urban":14.1,"condom_rural":7.1,"condom_nfhs4":7.1,"iud_total":1.9,"iud_urban":2.2,"iud_rural":1.6,"iud_nfhs4":1.6,"injectables_total":0.2,"injectables_urban":0.2,"injectables_rural":0.2,"injectables_nfhs4":0.2},"geometry":{"type":"Polygon","coordinates":[[[80.66,21.3341],[80.6214,21.3203],[80.4222,21.4405],[80.3765,21.5233],[80.2703,21.6159],[80.1928,21.6355],[79.9985,21.5334],[79.9359,21.5561],[79.8631,21.5308],[79.7376,21.6039],[79.5814,21.5413],[79.512,21.584],[79.4962,21.674],[79.2208,21.6927],[79.0933,21.6015],[78.9753,21.6176],[78.9141,21.589],[78.8993,21.5005],[78.6884,21.4819],[78.5854,21.4867],[78.5408,21.5235],[78.436,21.5006],[78.4193,21.5796],[78.2665,21.5917],[78.1763,21.4991],[78.0821,21.4448],[77.8831,21.3759],[77.8225,21.4072],[77.7099,21.3573],[77.6918,21.3975],[77.4886,21.3742],[77.4546,21.5537],[77.5751,21.5264],[77.5726,21.6169],[77.5026,21.7458],[77.2805,21.7587],[77.2104,21.6896],[77.1296,21.7222],[77.0052,21.6783],[76.9019,21.5969],[76.7952,21.5939],[76.7858,21.465],[76.6215,21.3322],[76.6627,21.2759],[76.6232,21.1849],[76.4924,21.1935],[76.4373,21.1001],[76.3762,21.073],[76.1727,21.0903],[76.1592,21.2553],[76.0956,21.3711],[76.0478,21.349],[75.9629,21.3896],[75.8332,21.3766],[75.7033,21.388],[75.3161,21.3878],[75.2171,21.4086],[75.1077,21.4622],[75.0517,21.5665],[74.8719,21.6318],[74.8195,21.6085],[74.5821,21.6649],[74.513,21.7185],[74.5093,21.9207],[74.3842,22.0174],[74.281,21.933],[74.1467,21.9528],[74.0501,21.9262],[73.8728,21.8417],[73.8241,21.761],[73.883,21.7125],[73.888,21.6532],[73.8139,21.6007],[73.8463,21.5082],[73.8496,21.5025],[73.863,21.4987],[73.863,21.498],[73.8639,21.4981],[73.8639,21.4985],[73.8645,21.4993],[73.8644,21.4997],[73.8727,21.5063],[73.8645,21.5122],[73.8686,21.5127],[73.8686,21.5108],[73.8729,21.5107],[73.8729,21.5104],[73.9054,21.5157],[73.905,21.519],[73.9054,21.5191],[73.9043,21.5241],[73.9214,21.5203],[73.921,21.5234],[73.9288,21.523],[73.9287,21.5195],[73.932,21.513],[73.9319,21.512],[73.9403,21.5142],[73.9402,21.5146],[73.9512,21.5124],[73.9512,21.5126],[73.9518,21.5126],[73.9513,21.5151],[73.9521,21.5169],[73.9522,21.5184],[73.9553,21.5203],[73.9543,21.5239],[73.956,21.5252],[73.9542,21.5336],[73.9554,21.5355],[73.9546,21.5402],[73.9823,21.5218],[73.9743,21.5372],[73.9743,21.5383],[73.9745,21.5392],[73.974,21.5426],[73.9934,21.5418],[73.9934,21.5413],[73.9962,21.5394],[73.9955,21.5385],[73.9955,21.5382],[74.0018,21.5418],[74.0002,21.5449],[74.0106,21.5494],[74.0103,21.5491],[74.0347,21.5459],[74.0345,21.5479],[74.0379,21.5507],[74.0379,21.5488],[74.0384,21.5454],[74.037,21.5449],[74.0433,21.5445],[74.0433,21.5456],[74.0476,21.5451],[74.0471,21.545],[74.0492,21.544],[74.049,21.5453],[74.0506,21.5455],[74.0501,21.5478],[74.053,21.5466],[74.0528,21.5476],[74.0546,21.5502],[74.0537,21.5585],[74.0818,21.5487],[74.1984,21.5321],[74.2761,21.5619],[74.3206,21.4984],[74.161,21.4688],[73.9439,21.3998],[73.9416,21.2987],[73.8266,21.2676],[73.8157,21.1739],[73.7016,21.1536],[73.6754,21.1525],[73.6761,21.1534],[73.6639,21.1517],[73.6647,21.1471],[73.6272,21.1432],[73.6299,21.1512],[73.6298,21.1522],[73.6298,21.1533],[73.6071,21.161],[73.6071,21.1624],[73.6071,21.1635],[73.6055,21.1718],[73.6065,21.1787],[73.5772,21.1706],[73.5831,21.1608],[73.5767,21.1565],[73.6174,21.1425],[73.6117,21.1379],[73.7029,21.1182],[73.8276,21.013],[73.9011,20.9821],[73.9441,20.8237],[73.9302,20.7293],[73.8743,20.7296],[73.8384,20.6205],[73.7605,20.5733],[73.6524,20.5645],[73.5996,20.6368],[73.4442,20.6812],[73.4733,20.5846],[73.4677,20.4964],[73.4043,20.3858],[73.4278,20.28],[73.4166,20.1982],[73.2995,20.2095],[73.2782,20.1487],[73.2107,20.1205],[73.1789,20.0471],[72.974,20.1583],[72.9627,20.1824],[72.9609,20.206],[72.9614,20.2086],[72.9616,20.2088],[72.9625,20.2094],[72.8994,20.2276],[72.8705,20.2281],[72.8059,20.1543],[72.7375,20.1348],[72.7081,20.0711],[72.7055,19.9666],[72.6637,19.9337],[72.6546,19.8363],[72.7479,19.6473],[72.7159,19.5922],[72.7578,19.3756],[72.8,19.3299],[72.7759,19.2254],[72.8271,19.092],[72.8036,18.903],[72.8684,18.7996],[72.8557,18.6993],[72.9237,18.5457],[72.895,18.4633],[72.912,18.3683],[72.9701,18.3],[72.9455,18.223],[73.0195,18.0296],[73.0301,17.944],[73.0938,17.8413],[73.1376,17.5565],[73.1944,17.4648],[73.2448,17.2225],[73.2911,17.0783],[73.2768,16.892],[73.3185,16.8055],[73.3055,16.7302],[73.3511,16.6127],[73.3144,16.541],[73.4378,16.2026],[73.468,16.0532],[73.5104,15.9373],[73.5887,15.9098],[73.6754,15.727],[73.8752,15.7507],[73.9387,15.7427],[73.9908,15.6115],[74.1184,15.652],[74.1616,15.7513],[74.308,15.7485],[74.3676,15.7858],[74.3869,15.905],[74.4309,15.9566],[74.483,16.0901],[74.5032,16.2254],[74.3505,16.2754],[74.3288,16.3238],[74.3327,16.4548],[74.2642,16.5398],[74.3799,16.5286],[74.3967,16.5833],[74.5446,16.6355],[74.5686,16.5539],[74.6877,16.6179],[74.6895,16.6865],[74.772,16.7507],[74.9195,16.7725],[74.9104,16.8351],[74.993,16.9521],[75.0894,16.9516],[75.1819,16.8434],[75.2648,16.8628],[75.2797,16.9566],[75.4656,16.9884],[75.5294,16.9694],[75.6661,16.9798],[75.6724,17.116],[75.6283,17.1627],[75.6542,17.2738],[75.6038,17.3055],[75.6331,17.4772],[75.8062,17.368],[75.8941,17.4012],[75.9309,17.3226],[76.119,17.3705],[76.2721,17.3606],[76.3635,17.3777],[76.3313,17.5974],[76.4197,17.6037],[76.4898,17.6605],[76.4873,17.7148],[76.5613,17.7646],[76.6282,17.7506],[76.6909,17.681],[76.721,17.7881],[76.7905,17.8263],[76.7751,17.8777],[76.919,17.916],[76.9206,18.1182],[76.952,18.1881],[77.1402,18.2077],[77.2118,18.3163],[77.2418,18.4126],[77.3361,18.4501],[77.4141,18.3931],[77.409,18.3015],[77.4927,18.2672],[77.5514,18.2919],[77.5257,18.3421],[77.5964,18.5489],[77.6559,18.5309],[77.7385,18.5568],[77.73,18.6669],[77.7873,18.6826],[77.84,18.8048],[77.9489,18.8433],[77.8433,18.9087],[77.7618,19.033],[77.8004,19.0511],[77.8714,19.255],[77.8635,19.3042],[77.9451,19.3424],[78.0557,19.2371],[78.1753,19.2376],[78.1721,19.3597],[78.2116,19.4285],[78.3044,19.4561],[78.2743,19.554],[78.3056,19.6071],[78.2762,19.6924],[78.3432,19.7132],[78.3807,19.8804],[78.423,19.8176],[78.552,19.8241],[78.841,19.7619],[78.8599,19.6895],[78.9556,19.6558],[78.9405,19.5519],[79.046,19.5483],[79.1614,19.4883],[79.2039,19.4941],[79.273,19.5989],[79.3657,19.5763],[79.4984,19.5057],[79.603,19.5146],[79.6294,19.574],[79.7431,19.6086],[79.8163,19.574],[79.8646,19.5105],[79.9448,19.4698],[79.9724,19.4162],[79.9659,19.3031],[79.9255,19.2107],[79.9459,19.1695],[79.8584,19.1024],[79.9371,19.0427],[79.9616,18.8667],[79.9158,18.8299],[80.0186,18.7704],[80.1181,18.6805],[80.2729,18.723],[80.3495,18.848],[80.2709,18.9384],[80.3297,19.0699],[80.3276,19.1349],[80.3878,19.1803],[80.4825,19.338],[80.5811,19.3977],[80.6127,19.3094],[80.757,19.2896],[80.8463,19.3554],[80.8954,19.5197],[80.7147,19.6166],[80.6764,19.6994],[80.5865,19.7412],[80.5463,19.8183],[80.4691,19.8269],[80.5389,19.9518],[80.5521,20.118],[80.3885,20.1651],[80.3953,20.2449],[80.6261,20.3361],[80.6123,20.6005],[80.5209,20.5805],[80.481,20.6184],[80.5801,20.6728],[80.5492,20.7959],[80.5418,20.9238],[80.4637,20.9291],[80.4392,21.0965],[80.4643,21.1749],[80.6439,21.2514],[80.66,21.3341]]]}},{"type":"Feature","properties":{"state":"Daman & Diu","state_code":"25","nfhs_name":"Dadra & Nagar Haveli and Daman & Diu","bbox":[72.8212,20.3677,72.8573,20.4675],"pill_total":3.1,"pill_urban":3.5,"pill_rural":2.8,"pill_nfhs4":1.2,"modern_method_total":59.8,"modern_method_urban":53.6,"modern_method_rural":66,"modern_method_nfhs4":35.8,"any_method_total":68,"any_method_urban":63.5,"any_method_rural":72.4,"any_method_nfhs4":36.2,"female_sterilization_total":41.6,"female_sterilization_urban":30.9,"female_sterilization_rural":52.4,"female_sterilization_nfhs4":29.7,"condom_total":11.7,"condom_urban":15.6,"condom_rural":7.8,"condom_nfhs4":3.2,"iud_total":2.2,"iud_urban":3,"iud_rural":1.5,"iud_nfhs4":1.7,"injectables_total":0.9,"injectables_urban":0.7,"injectables_rural":1.1,"injectables_nfhs4":0},"geometry":{"type":"Polygon","coordinates":[[[72.8212,20.3677],[72.8573,20.4188],[72.8556,20.4675],[72.8212,20.3677]]]}},{"type":"Feature","properties":{"state":"Dadra & Nagar Haveli","state_code":"26","nfhs_name":"Dadra & Nagar Haveli and Daman & Diu","bbox":[72.9119,20.0471,73.2107,20.2947],"pill_total":3.1,"pill_urban":3.5,"pill_rural":2.8,"pill_nfhs4":1.2,"modern_method_total":59.8,"modern_method_urban":53.6,"modern_method_rural":66,"modern_method_nfhs4":35.8,"any_method_total":68,"any_method_urban":63.5,"any_method_rural":72.4,"any_method_nfhs4":36.2,"female_sterilization_total":41.6,"female_sterilization_urban":30.9,"female_sterilization_rural":52.4,"female_sterilization_nfhs4":29.7,"condom_total":11.7,"condom_urban":15.6,"condom_rural":7.8,"condom_nfhs4":3.2,"iud_total":2.2,"iud_urban":3,"iud_rural":1.5,"iud_nfhs4":1.7,"injectables_total":0.9,"injectables_urban":0.7,"injectables_rural":1.1,"injectables_nfhs4":0},"geometry":{"type":"Polygon","coordinates":[[[73.2107,20.1205],[73.1332,20.2057],[73.1316,20.2737],[72.9369,20.2947],[72.9119,20.269],[72.954,20.2369],[72.9656,20.2248],[72.9637,20.2095],[72.9616,20.2088],[72.9614,20.2086],[72.9609,20.206],[72.9627,20.1824],[72.974,20.1583],[73.1789,20.0471],[73.2107,20.1205]]]}},{"type":"Feature","properties":{"state":"Ladakh","state_code":"38","nfhs_name":"Ladakh","bbox":[72.5304,32.3658,80.327,37.0737],"pill_total":6.6,"pill_urban":5.3,"pill_rural":6.9,"pill_nfhs4":3.4,"modern_method_total":48,"modern_method_urban":46,"modern_method_rural":48.5,"modern_method_nfhs4":64.7,"any_method_total":51.3,"any_method_urban":50.6,"any_method_rural":51.5,"any_method_nfhs4":66.6,"female_sterilization_total":16.7,"female_sterilization_urban":16.6,"female_sterilization_rural":16.8,"female_sterilization_nfhs4":21.8,"condom_total":9,"condom_urban":8.2,"condom_rural":9.1,"condom_nfhs4":7.4,"iud_total":7.9,"iud_urban":8.1,"iud_rural":7.9,"iud_nfhs4":30.1,"injectables_total":6.2,"injectables_urban":6.2,"injectables_rural":6.1,"injectables_nfhs4":1.8},"geometry":{"type":"Polygon","coordinates":[[[78.3986,32.5257],[78.4479,32.5737],[78.6609,32.6538],[78.7612,32.6548],[78.8258,32.4385],[78.9603,32.3658],[79.1136,32.384],[79.1464,32.4809],[79.1936,32.4828],[79.3192,32.5925],[79.4466,32.5323],[79.6253,32.7373],[79.4625,32.9198],[79.3395,33.0183],[79.4451,33.2056],[79.4459,33.2645],[79.2391,33.2975],[79.0958,33.2943],[78.9885,33.3326],[78.9319,33.4325],[78.9152,33.632],[79.0639,33.6265],[79.0897,33.6867],[78.9036,33.9716],[79.0209,34.0506],[79.0826,34.0216],[79.1501,34.0678],[79.3972,34.0268],[79.4932,34.1355],[79.5057,34.2055],[79.5903,34.2824],[79.507,34.4739],[79.6073,34.4916],[79.7924,34.4847],[79.771,34.6201],[79.8591,34.6884],[79.943,34.6807],[80.0674,34.7144],[80.0715,34.8281],[80.1731,35.0019],[80.1819,35.1663],[80.2243,35.2196],[80.327,35.4721],[80.2898,35.607],[80.1065,35.6805],[79.9975,35.8373],[79.8695,35.7826],[79.7445,35.7999],[79.5168,35.883],[79.4205,35.8961],[79.3831,35.9938],[79.2403,35.9863],[79.1925,35.8864],[79.131,35.8357],[79.0201,35.8483],[78.959,35.8921],[78.8223,35.8553],[78.6635,35.8569],[78.5198,35.7633],[78.4218,35.7848],[78.3847,35.735],[78.2719,35.7215],[78.1983,35.6687],[78.1359,35.5384],[78.0406,35.5869],[77.9654,35.5711],[77.9207,35.494],[77.8171,35.5125],[77.7216,35.4751],[77.5112,35.4881],[77.4711,35.5206],[77.4366,35.6406],[77.3571,35.7172],[77.2269,35.712],[77.1144,35.7973],[76.934,35.7835],[76.8106,35.8443],[76.7216,35.9529],[76.8006,36.0473],[76.6,36.165],[76.4805,36.2109],[76.4308,36.3076],[76.3512,36.3593],[76.2536,36.3472],[76.0762,36.4737],[75.9223,36.5019],[75.7472,36.5878],[75.6154,36.761],[75.4732,36.8101],[75.4272,36.95],[75.3509,36.9804],[75.3428,37.0518],[75.2639,37.0513],[75.095,36.9422],[75.0177,36.9757],[74.9099,36.9118],[74.8391,37.0216],[74.7273,37.0253],[74.712,37.0737],[74.5809,37.0428],[74.5313,36.9862],[74.429,36.9894],[74.2605,36.8859],[74.1682,36.9019],[74.1418,36.8395],[74.0549,36.8058],[73.9369,36.8733],[73.6895,36.9115],[73.7433,36.8327],[73.8614,36.788],[73.8082,36.7161],[73.6998,36.6842],[73.4408,36.7445],[73.314,36.7058],[73.2019,36.715],[73.0937,36.6665],[73.1117,36.6094],[72.9913,36.4575],[72.7778,36.3092],[72.6812,36.2622],[72.5964,36.2636],[72.5304,36.074],[72.5953,36.0267],[72.5376,35.914],[72.6905,35.8323],[72.9009,35.8811],[73.1534,35.8411],[73.1355,35.7186],[73.406,35.5634],[73.6346,35.5713],[73.7841,35.5251],[73.7943,35.4596],[73.7108,35.3867],[73.6991,35.3227],[73.7767,35.2433],[74.0795,35.1542],[74.1335,35.1075],[74.2223,35.0862],[74.2532,35.0374],[74.3803,35.0576],[74.4726,35.1157],[74.5873,35.0096],[74.5678,34.873],[74.4574,34.8525],[74.4364,34.775],[74.5525,34.7726],[74.6515,34.6974],[74.7334,34.6712],[74.9253,34.6635],[75.0208,34.626],[75.175,34.6455],[75.3411,34.5527],[75.3197,34.4347],[75.372,34.4066],[75.4134,34.283],[75.5797,34.2144],[75.6551,34.2427],[75.687,34.159],[75.8519,33.9814],[76.0222,33.9975],[76.0477,33.9291],[76.2008,33.7753],[76.2711,33.7309],[76.3023,33.5675],[76.5024,33.5162],[76.7712,33.2496],[76.8344,33.2049],[76.933,33.0285],[77.0103,32.9891],[77.1497,32.9781],[77.1642,32.9189],[77.2434,32.8926],[77.3388,32.8168],[77.4136,32.884],[77.469,32.8584],[77.6023,32.9428],[77.7307,32.9745],[77.8109,32.9068],[77.792,32.8558],[77.9258,32.772],[77.9185,32.6907],[78.0158,32.6198],[78.0989,32.6304],[78.1427,32.6818],[78.2195,32.6647],[78.3877,32.7569],[78.4052,32.6194],[78.3128,32.5737],[78.3986,32.5257]]]}},{"type":"Feature","properties":{"state":"Jammu & Kashmir","state_code":"01","nfhs_name":"Jammu & Kashmir","bbox":[73.4085,32.3269,76.7712,35.1157],"pill_total":9,"pill_urban":7.7,"pill_rural":9.5,"pill_nfhs4":6.3,"modern_method_total":52.5,"modern_method_urban":53.5,"modern_method_rural":52.1,"modern_method_nfhs4":45.8,"any_method_total":59.8,"any_method_urban":59.2,"any_method_rural":60,"any_method_nfhs4":57.1,"female_sterilization_total":21.1,"female_sterilization_urban":21.6,"female_sterilization_rural":20.9,"female_sterilization_nfhs4":24.4,"condom_total":11.7,"condom_urban":11.6,"condom_rural":11.7,"condom_nfhs4":11.3,"iud_total":5.9,"iud_urban":7.2,"iud_rural":5.4,"iud_nfhs4":2.4,"injectables_total":3.6,"injectables_urban":4,"injectables_rural":3.4,"injectables_nfhs4":0.9},"geometry":{"type":"Polygon","coordinates":[[[76.7712,33.2496],[76.5024,33.5162],[76.3023,33.5675],[76.2711,33.7309],[76.2008,33.7753],[76.0477,33.9291],[76.0222,33.9975],[75.8519,33.9814],[75.687,34.159],[75.6551,34.2427],[75.5797,34.2144],[75.4134,34.283],[75.372,34.4066],[75.3197,34.4347],[75.3411,34.5527],[75.175,34.6455],[75.0208,34.626],[74.9253,34.6635],[74.7334,34.6712],[74.6515,34.6974],[74.5525,34.7726],[74.4364,34.775],[74.4574,34.8525],[74.5678,34.873],[74.5873,35.0096],[74.4726,35.1157],[74.3803,35.0576],[74.2532,35.0374],[74.2223,35.0862],[74.1335,35.1075],[74.0655,35.048],[74.0732,34.9395],[73.9635,34.8412],[73.773,34.7964],[73.6666,34.6842],[73.6176,34.5856],[73.4421,34.5649],[73.4085,34.3863],[73.4874,34.1879],[73.5157,34.0001],[73.5891,33.8839],[73.5576,33.7832],[73.5624,33.6755],[73.6202,33.5738],[73.6173,33.4516],[73.5641,33.3939],[73.6048,33.2513],[73.6569,33.2077],[73.6248,33.1115],[73.8288,33.0071],[73.9575,32.9866],[74.0591,32.909],[74.1774,32.8827],[74.3842,32.758],[74.4596,32.7886],[74.536,32.7453],[74.6549,32.7282],[74.6518,32.5634],[74.6806,32.4919],[74.8199,32.4988],[74.9475,32.4473],[75.0269,32.4965],[75.3317,32.3269],[75.4802,32.3343],[75.687,32.3905],[75.8344,32.5118],[75.9159,32.613],[75.9246,32.7483],[75.8113,32.8778],[75.8423,32.9293],[75.9539,32.8734],[76.0993,32.9661],[76.1123,33.0063],[76.2474,33.0216],[76.2918,33.1032],[76.4101,33.1865],[76.5674,33.2103],[76.6185,33.1744],[76.7469,33.1792],[76.7712,33.2496]]]}}]}