{"type":"FeatureCollection","features":[{"type":"Feature","properties":{"s":"Arunachal Pradesh","v":4.7},"geometry":{"type":"Point","coordinates":[95.2438,28.2989]}},{"type":"Feature","properties":{"s":"Arunachal Pradesh","v":4.7},"geometry":{"type":"Point","coordinates":[95.9841,27.7659]}},{"type":"Feature","properties":{"s":"Arunachal Pradesh","v":4.7},"geometry":{"type":"Point","coordinates":[94.9881,28.3752]}},{"type":"Feature","properties":{"s":"Arunachal Pradesh","v":4.7},"geometry":{"type":"Point","coordinates":[95.1814,28.9698]}},{"type":"Feature","properties":{"s":"Arunachal Pradesh","v":4.7},"geometry":{"type":"Point","coordinates":[94.0117,28.4366]}},{"type":"Feature","properties":{"s":"Arunachal Pradesh","v":4.7},"geometry":{"type":"Point","coordinates":[96.735,28.2321]}},{"type":"Feature","properties":{"s":"Arunachal Pradesh","v":4.7},"geometry":{"type":"Point","coordinates":[95.5544,28.5809]}},{"type":"Feature","properties":{"s":"Arunachal Pradesh","v":4.7},"geometry":{"type":"Point","coordinates":[96.3922,27.3494]}},{"type":"Feature","properties":{"s":"Arunachal Pradesh","v":4.7},"geometry":{"type":"Point","coordinates":[94.0501,27.6566]}},{"type":"Feature","properties":{"s":"Arunachal Pradesh","v":4.7},"geometry":{"type":"Point","coordinates":[96.0486,28.1079]}},{"type":"Feature","properties":{"s":"Arunachal Pradesh","v":4.7},"geometry":{"type":"Point","coordinates":[93.0359,27.8811]}},{"type":"Feature","properties":{"s":"Arunachal Pradesh","v":4.7},"geometry":{"type":"Point","coordinates":[96.9478,27.7272]}},{"type":"Feature","properties":{"s":"Arunachal Pradesh","v":4.7},"geometry":{"type":"Point","coordinates":[95.7742,28.2695]}},{"type":"Feature","properties":{"s":"Arunachal Pradesh","v":4.7},"geometry":{"type":"Point","coordinates":[96.3168,28.8776]}},{"type":"Feature","properties":{"s":"Arunachal Pradesh","v":4.7},"geometry":{"type":"Point","coordinates":[95.9953,29.395]}},{"type":"Feature","properties":{"s":"Arunachal Pradesh","v":4.7},"geometry":{"type":"Point","coordinates":[94.3699,28.8882]}},{"type":"Feature","properties":{"s":"Arunachal Pradesh","v":4.7},"geometry":{"type":"Point","coordinates":[93.2057,27.7144]}},{"type":"Feature","properties":{"s":"Arunachal Pradesh","v":4.7},"geometry":{"type":"Point","coordinates":[94.8156,28.3274]}},{"type":"Feature","properties":{"s":"Arunachal Pradesh","v":4.7},"geometry":{"type":"Point","coordinates":[95.4716,28.96]}},{"type":"Feature","properties":{"s":"Arunachal Pradesh","v":4.7},"geometry":{"type":"Point","coordinates":[93.653,27.6329]}},{"type":"Feature","properties":{"s":"Arunachal Pradesh","v":4.7},"geometry":{"type":"Point","coordinates":[96.6275,27.6067]}},{"type":"Feature","properties":{"s":"Arunachal Pradesh","v":4.7},"geometry":{"type":"Point","coordinates":[94.6289,27.6521]}},{"type":"Feature","properties":{"s":"Arunachal Pradesh","v":4.7},"geometry":{"type":"Point","coordinates":[95.74,28.148]}},{"type":"Feature","properties":{"s":"Arunachal Pradesh","v":4.7},"geometry":{"type":"Point","coordinates":[93.3456,27.9284]}},{"type":"Feature","properties":{"s":"Arunachal Pradesh","v":4.7},"geometry":{"type":"Point","coordinates":[93.9435,28.2713]}},{"type":"Feature","properties":{"s":"Arunachal Pradesh","v":4.7},"geometry":{"type":"Point","coordinates":[95.4956,28.0467]}},{"type":"Feature","properties":{"s":"Arunachal Pradesh","v":4.7},"geometry":{"type":"Point","coordinates":[93.3948,27.6663]}},{"type":"Feature","properties":{"s":"Arunachal Pradesh","v":4.7},"geometry":{"type":"Point","coordinates":[94.8416,28.3603]}},{"type":"Feature","properties":{"s":"Arunachal Pradesh","v":4.7},"geometry":{"type":"Point","coordinates":[94.5818,27.9592]}},{"type":"Feature","properties":{"s":"Arunachal Pradesh","v":4.7},"geometry":{"type":"Point","coordinates":[97.2089,28.1312]}},{"type":"Feature","properties":{"s":"Arunachal Pradesh","v":4.7},"geometry":{"type":"Point","coordinates":[93.2317,28.4331]}},{"type":"Feature","properties":{"s":"Arunachal Pradesh","v":4.7},"geometry":{"type":"Point","coordinates":[92.5257,27.107]}},{"type":"Feature","properties":{"s":"Arunachal Pradesh","v":4.7},"geometry":{"type":"Point","coordinates":[92.2479,27.6118]}},{"type":"Feature","properties":{"s":"Arunachal Pradesh","v":4.7},"geometry":{"type":"Point","coordinates":[96.1038,27.9999]}},{"type":"Feature","properties":{"s":"Arunachal Pradesh","v":4.7},"geometry":{"type":"Point","coordinates":[92.3912,27.6292]}},{"type":"Feature","properties":{"s":"Arunachal Pradesh","v":4.7},"geometry":{"type":"Point","coordinates":[93.1411,28.0022]}},{"type":"Feature","properties":{"s":"Arunachal Pradesh","v":4.7},"geometry":{"type":"Point","coordinates":[95.6699,28.0259]}},{"type":"Feature","properties":{"s":"Arunachal Pradesh","v":4.7},"geometry":{"type":"Point","coordinates":[95.2575,26.9298]}},{"type":"Feature","properties":{"s":"Arunachal Pradesh","v":4.7},"geometry":{"type":"Point","coordinates":[92.3039,27.4711]}},{"type":"Feature","properties":{"s":"Arunachal Pradesh","v":4.7},"geometry":{"type":"Point","coordinates":[96.4145,28.2567]}},{"type":"Feature","properties":{"s":"Arunachal Pradesh","v":4.7},"geometry":{"type":"Point","coordinates":[93.8375,27.7049]}},{"type":"Feature","properties":{"s":"Arunachal Pradesh","v":4.7},"geometry":{"type":"Point","coordinates":[95.7706,28.9869]}},{"type":"Feature","properties":{"s":"Arunachal Pradesh","v":4.7},"geometry":{"type":"Point","coordinates":[92.8568,28.0103]}},{"type":"Feature","properties":{"s":"Arunachal Pradesh","v":4.7},"geometry":{"type":"Point","coordinates":[93.2859,27.8526]}},{"type":"Feature","properties":{"s":"Arunachal Pradesh","v":4.7},"geometry":{"type":"Point","coordinates":[96.9164,27.291]}},{"type":"Feature","properties":{"s":"Arunachal Pradesh","v":4.7},"geometry":{"type":"Point","coordinates":[91.6615,27.4958]}},{"type":"Feature","properties":{"s":"Arunachal Pradesh","v":4.7},"geometry":{"type":"Point","coordinates":[93.5982,28.0185]}},{"type":"Feature","properties":{"s":"Arunachal Pradesh","v":4.7},"geometry":{"type":"Point","coordinates":[95.7659,28.5391]}},{"type":"Feature","properties":{"s":"Arunachal Pradesh","v":4.7},"geometry":{"type":"Point","coordinates":[93.6339,27.3777]}},{"type":"Feature","properties":{"s":"Arunachal Pradesh","v":4.7},"geometry":{"type":"Point","coordinates":[95.4229,28.5622]}},{"type":"Feature","properties":{"s":"Arunachal Pradesh","v":4.7},"geometry":{"type":"Point","coordinates":[92.2924,27.2423]}},{"type":"Feature","properties":{"s":"Arunachal Pradesh","v":4.7},"geometry":{"type":"Point","coordinates":[95.6539,28.8605]}},{"type":"Feature","properties":{"s":"Arunachal Pradesh","v":4.7},"geometry":{"type":"Point","coordinates":[96.9753,28.143]}},{"type":"Feature","properties":{"s":"Arunachal Pradesh","v":4.7},"geometry":{"type":"Point","coordinates":[93.0218,27.9822]}},{"type":"Feature","properties":{"s":"Arunachal Pradesh","v":4.7},"geometry":{"type":"Point","coordinates":[92.882,28.1622]}},{"type":"Feature","properties":{"s":"Arunachal Pradesh","v":4.7},"geometry":{"type":"Point","coordinates":[94.1497,27.969]}},{"type":"Feature","properties":{"s":"Arunachal Pradesh","v":4.7},"geometry":{"type":"Point","coordinates":[93.5827,27.0761]}},{"type":"Feature","properties":{"s":"Arunachal Pradesh","v":4.7},"geometry":{"type":"Point","coordinates":[93.2744,27.6384]}},{"type":"Feature","properties":{"s":"Arunachal Pradesh","v":4.7},"geometry":{"type":"Point","coordinates":[93.6126,27.3056]}},{"type":"Feature","properties":{"s":"Arunachal Pradesh","v":4.7},"geometry":{"type":"Point","coordinates":[94.5937,28.8371]}},{"type":"Feature","properties":{"s":"Arunachal Pradesh","v":4.7},"geometry":{"type":"Point","coordinates":[92.8612,27.0343]}},{"type":"Feature","properties":{"s":"Arunachal Pradesh","v":4.7},"geometry":{"type":"Point","coordinates":[96.2987,27.7603]}},{"type":"Feature","properties":{"s":"Arunachal Pradesh","v":4.7},"geometry":{"type":"Point","coordinates":[96.5271,28.1374]}},{"type":"Feature","properties":{"s":"Arunachal Pradesh","v":4.7},"geometry":{"type":"Point","coordinates":[96.5391,28.7885]}},{"type":"Feature","properties":{"s":"Arunachal Pradesh","v":4.7},"geometry":{"type":"Point","coordinates":[96.1643,28.2002]}},{"type":"Feature","properties":{"s":"Arunachal Pradesh","v":4.7},"geometry":{"type":"Point","coordinates":[93.9575,27.466]}},{"type":"Feature","properties":{"s":"Arunachal Pradesh","v":4.7},"geometry":{"type":"Point","coordinates":[96.9713,28.2763]}},{"type":"Feature","properties":{"s":"Arunachal Pradesh","v":4.7},"geometry":{"type":"Point","coordinates":[93.9386,28.0313]}},{"type":"Feature","properties":{"s":"Arunachal Pradesh","v":4.7},"geometry":{"type":"Point","coordinates":[96.2312,27.7494]}},{"type":"Feature","properties":{"s":"Arunachal Pradesh","v":4.7},"geometry":{"type":"Point","coordinates":[93.3802,27.3088]}},{"type":"Feature","properties":{"s":"Arunachal Pradesh","v":4.7},"geometry":{"type":"Point","coordinates":[96.9532,27.2676]}},{"type":"Feature","properties":{"s":"Arunachal Pradesh","v":4.7},"geometry":{"type":"Point","coordinates":[96.433,28.0532]}},{"type":"Feature","properties":{"s":"Arunachal Pradesh","v":4.7},"geometry":{"type":"Point","coordinates":[93.8371,28.6194]}},{"type":"Feature","properties":{"s":"Arunachal Pradesh","v":4.7},"geometry":{"type":"Point","coordinates":[96.1983,28.5987]}},{"type":"Feature","properties":{"s":"Arunachal Pradesh","v":4.7},"geometry":{"type":"Point","coordinates":[96.5063,28.8612]}},{"type":"Feature","properties":{"s":"Arunachal Pradesh","v":4.7},"geometry":{"type":"Point","coordinates":[92.0896,27.1004]}},{"type":"Feature","properties":{"s":"Arunachal Pradesh","v":4.7},"geometry":{"type":"Point","coordinates":[93.3142,27.0611]}},{"type":"Feature","properties":{"s":"Arunachal Pradesh","v":4.7},"geometry":{"type":"Point","coordinates":[95.2404,28.4864]}},{"type":"Feature","properties":{"s":"Arunachal Pradesh","v":4.7},"geometry":{"type":"Point","coordinates":[95.3056,29.0065]}},{"type":"Feature","properties":{"s":"Arunachal Pradesh","v":4.7},"geometry":{"type":"Point","coordinates":[94.4376,27.8342]}},{"type":"Feature","properties":{"s":"Arunachal Pradesh","v":4.7},"geometry":{"type":"Point","coordinates":[96.9536,27.6909]}},{"type":"Feature","properties":{"s":"Arunachal Pradesh","v":4.7},"geometry":{"type":"Point","coordinates":[92.9815,27.5164]}},{"type":"Feature","properties":{"s":"Arunachal Pradesh","v":4.7},"geometry":{"type":"Point","coordinates":[96.1092,27.8649]}},{"type":"Feature","properties":{"s":"Arunachal Pradesh","v":4.7},"geometry":{"type":"Point","coordinates":[95.1624,27.9834]}},{"type":"Feature","properties":{"s":"Arunachal Pradesh","v":4.7},"geometry":{"type":"Point","coordinates":[93.5409,27.0739]}},{"type":"Feature","properties":{"s":"Assam","v":4.9},"geometry":{"type":"Point","coordinates":[91.2717,25.9696]}},{"type":"Feature","properties":{"s":"Assam","v":4.9},"geometry":{"type":"Point","coordinates":[91.5749,26.7929]}},{"type":"Feature","properties":{"s":"Assam","v":4.9},"geometry":{"type":"Point","coordinates":[95.0067,27.625]}},{"type":"Feature","properties":{"s":"Assam","v":4.9},"geometry":{"type":"Point","coordinates":[92.0918,26.2746]}},{"type":"Feature","properties":{"s":"Assam","v":4.9},"geometry":{"type":"Point","coordinates":[93.9515,26.1276]}},{"type":"Feature","properties":{"s":"Assam","v":4.9},"geometry":{"type":"Point","coordinates":[91.9946,26.2203]}},{"type":"Feature","properties":{"s":"Assam","v":4.9},"geometry":{"type":"Point","coordinates":[93.6733,26.6925]}},{"type":"Feature","properties":{"s":"Assam","v":4.9},"geometry":{"type":"Point","coordinates":[90.7531,26.6652]}},{"type":"Feature","properties":{"s":"Assam","v":4.9},"geometry":{"type":"Point","coordinates":[90.4305,26.5715]}},{"type":"Feature","properties":{"s":"Assam","v":4.9},"geometry":{"type":"Point","coordinates":[92.9676,26.5067]}},{"type":"Feature","properties":{"s":"Assam","v":4.9},"geometry":{"type":"Point","coordinates":[89.7444,26.1574]}},{"type":"Feature","properties":{"s":"Assam","v":4.9},"geometry":{"type":"Point","coordinates":[93.0623,25.7397]}},{"type":"Feature","properties":{"s":"Assam","v":4.9},"geometry":{"type":"Point","coordinates":[93.4033,25.3225]}},{"type":"Feature","properties":{"s":"Assam","v":4.9},"geometry":{"type":"Point","coordinates":[89.8716,26.2824]}},{"type":"Feature","properties":{"s":"Assam","v":4.9},"geometry":{"type":"Point","coordinates":[92.5031,24.2015]}},{"type":"Feature","properties":{"s":"Assam","v":4.9},"geometry":{"type":"Point","coordinates":[89.8357,26.2364]}},{"type":"Feature","properties":{"s":"Assam","v":4.9},"geometry":{"type":"Point","coordinates":[92.3281,25.9581]}},{"type":"Feature","properties":{"s":"Assam","v":4.9},"geometry":{"type":"Point","coordinates":[90.3317,26.8631]}},{"type":"Feature","properties":{"s":"Assam","v":4.9},"geometry":{"type":"Point","coordinates":[92.8271,26.9437]}},{"type":"Feature","properties":{"s":"Assam","v":4.9},"geometry":{"type":"Point","coordinates":[92.5076,26.5253]}},{"type":"Feature","properties":{"s":"Assam","v":4.9},"geometry":{"type":"Point","coordinates":[90.9248,25.9987]}},{"type":"Feature","properties":{"s":"Assam","v":4.9},"geometry":{"type":"Point","coordinates":[95.9339,27.9298]}},{"type":"Feature","properties":{"s":"Assam","v":4.9},"geometry":{"type":"Point","coordinates":[95.608,27.5085]}},{"type":"Feature","properties":{"s":"Assam","v":4.9},"geometry":{"type":"Point","coordinates":[93.1659,26.1481]}},{"type":"Feature","properties":{"s":"Assam","v":4.9},"geometry":{"type":"Point","coordinates":[93.7871,26.2982]}},{"type":"Feature","properties":{"s":"Assam","v":4.9},"geometry":{"type":"Point","coordinates":[94.952,27.0767]}},{"type":"Feature","properties":{"s":"Assam","v":4.9},"geometry":{"type":"Point","coordinates":[92.8415,25.3131]}},{"type":"Feature","properties":{"s":"Assam","v":4.9},"geometry":{"type":"Point","coordinates":[92.4982,26.2802]}},{"type":"Feature","properties":{"s":"Assam","v":4.9},"geometry":{"type":"Point","coordinates":[95.2618,27.7923]}},{"type":"Feature","properties":{"s":"Assam","v":4.9},"geometry":{"type":"Point","coordinates":[93.2066,26.8841]}},{"type":"Feature","properties":{"s":"Assam","v":4.9},"geometry":{"type":"Point","coordinates":[93.1939,26.5485]}},{"type":"Feature","properties":{"s":"Assam","v":4.9},"geometry":{"type":"Point","coordinates":[93.7589,26.2435]}},{"type":"Feature","properties":{"s":"Assam","v":4.9},"geometry":{"type":"Point","coordinates":[94.6716,27.3656]}},{"type":"Feature","properties":{"s":"Assam","v":4.9},"geometry":{"type":"Point","coordinates":[91.6394,26.8183]}},{"type":"Feature","properties":{"s":"Assam","v":4.9},"geometry":{"type":"Point","coordinates":[92.1618,26.7741]}},{"type":"Feature","properties":{"s":"Assam","v":4.9},"geometry":{"type":"Point","coordinates":[93.6169,26.3428]}},{"type":"Feature","properties":{"s":"Assam","v":4.9},"geometry":{"type":"Point","coordinates":[93.0988,25.1299]}},{"type":"Feature","properties":{"s":"Assam","v":4.9},"geometry":{"type":"Point","coordinates":[94.0501,26.4003]}},{"type":"Feature","properties":{"s":"Assam","v":4.9},"geometry":{"type":"Point","coordinates":[93.5204,25.8185]}},{"type":"Feature","properties":{"s":"Assam","v":4.9},"geometry":{"type":"Point","coordinates":[92.4358,25.9357]}},{"type":"Feature","properties":{"s":"Assam","v":4.9},"geometry":{"type":"Point","coordinates":[93.8272,27.1275]}},{"type":"Feature","properties":{"s":"Assam","v":4.9},"geometry":{"type":"Point","coordinates":[94.0805,26.6364]}},{"type":"Feature","properties":{"s":"Assam","v":4.9},"geometry":{"type":"Point","coordinates":[94.7081,26.9037]}},{"type":"Feature","properties":{"s":"Assam","v":4.9},"geometry":{"type":"Point","coordinates":[95.0447,27.7837]}},{"type":"Feature","properties":{"s":"Assam","v":4.9},"geometry":{"type":"Point","coordinates":[89.7435,26.2309]}},{"type":"Feature","properties":{"s":"Assam","v":4.9},"geometry":{"type":"Point","coordinates":[93.6003,26.265]}},{"type":"Feature","properties":{"s":"Assam","v":4.9},"geometry":{"type":"Point","coordinates":[95.3233,27.1135]}},{"type":"Feature","properties":{"s":"Assam","v":4.9},"geometry":{"type":"Point","coordinates":[95.5365,27.8223]}},{"type":"Feature","properties":{"s":"Assam","v":4.9},"geometry":{"type":"Point","coordinates":[91.802,26.3399]}},{"type":"Feature","properties":{"s":"Assam","v":4.9},"geometry":{"type":"Point","coordinates":[90.4614,26.7928]}},{"type":"Feature","properties":{"s":"Assam","v":4.9},"geometry":{"type":"Point","coordinates":[94.4977,27.1647]}},{"type":"Feature","properties":{"s":"Assam","v":4.9},"geometry":{"type":"Point","coordinates":[93.6591,26.5624]}},{"type":"Feature","properties":{"s":"Assam","v":4.9},"geometry":{"type":"Point","coordinates":[92.9692,25.2102]}},{"type":"Feature","properties":{"s":"Assam","v":4.9},"geometry":{"type":"Point","coordinates":[93.1052,25.7618]}},{"type":"Feature","properties":{"s":"Assam","v":4.9},"geometry":{"type":"Point","coordinates":[92.7084,26.8788]}},{"type":"Feature","properties":{"s":"Assam","v":4.9},"geometry":{"type":"Point","coordinates":[92.3507,24.3966]}},{"type":"Feature","properties":{"s":"Assam","v":4.9},"geometry":{"type":"Point","coordinates":[94.6041,26.8883]}},{"type":"Feature","properties":{"s":"Assam","v":4.9},"geometry":{"type":"Point","coordinates":[94.0972,26.4275]}},{"type":"Feature","properties":{"s":"Assam","v":4.9},"geometry":{"type":"Point","coordinates":[95.6292,27.4859]}},{"type":"Feature","properties":{"s":"Assam","v":4.9},"geometry":{"type":"Point","coordinates":[95.038,27.4243]}},{"type":"Feature","properties":{"s":"Assam","v":4.9},"geometry":{"type":"Point","coordinates":[90.1108,26.4352]}},{"type":"Feature","properties":{"s":"Assam","v":4.9},"geometry":{"type":"Point","coordinates":[91.2141,26.3407]}},{"type":"Feature","properties":{"s":"Assam","v":4.9},"geometry":{"type":"Point","coordinates":[93.3118,26.3417]}},{"type":"Feature","properties":{"s":"Assam","v":4.9},"geometry":{"type":"Point","coordinates":[91.2148,26.6107]}},{"type":"Feature","properties":{"s":"Assam","v":4.9},"geometry":{"type":"Point","coordinates":[91.9825,26.1605]}},{"type":"Feature","properties":{"s":"Assam","v":4.9},"geometry":{"type":"Point","coordinates":[94.7638,27.1585]}},{"type":"Feature","properties":{"s":"Assam","v":4.9},"geometry":{"type":"Point","coordinates":[92.7223,25.4664]}},{"type":"Feature","properties":{"s":"Assam","v":4.9},"geometry":{"type":"Point","coordinates":[92.6264,24.6162]}},{"type":"Feature","properties":{"s":"Assam","v":4.9},"geometry":{"type":"Point","coordinates":[94.9921,27.2592]}},{"type":"Feature","properties":{"s":"Assam","v":4.9},"geometry":{"type":"Point","coordinates":[93.3789,26.2618]}},{"type":"Feature","properties":{"s":"Assam","v":4.9},"geometry":{"type":"Point","coordinates":[94.3004,26.8366]}},{"type":"Feature","properties":{"s":"Assam","v":4.9},"geometry":{"type":"Point","coordinates":[92.1934,26.5448]}},{"type":"Feature","properties":{"s":"Assam","v":4.9},"geometry":{"type":"Point","coordinates":[92.8615,26.7453]}},{"type":"Feature","properties":{"s":"Assam","v":4.9},"geometry":{"type":"Point","coordinates":[95.9586,27.3249]}},{"type":"Feature","properties":{"s":"Assam","v":4.9},"geometry":{"type":"Point","coordinates":[91.318,26.0455]}},{"type":"Feature","properties":{"s":"Assam","v":4.9},"geometry":{"type":"Point","coordinates":[93.5293,26.5923]}},{"type":"Feature","properties":{"s":"Assam","v":4.9},"geometry":{"type":"Point","coordinates":[94.3883,27.2083]}},{"type":"Feature","properties":{"s":"Assam","v":4.9},"geometry":{"type":"Point","coordinates":[95.8095,27.4083]}},{"type":"Feature","properties":{"s":"Assam","v":4.9},"geometry":{"type":"Point","coordinates":[93.7403,26.2615]}},{"type":"Feature","properties":{"s":"Assam","v":4.9},"geometry":{"type":"Point","coordinates":[90.4942,26.5288]}},{"type":"Feature","properties":{"s":"Assam","v":4.9},"geometry":{"type":"Point","coordinates":[90.1646,26.09]}},{"type":"Feature","properties":{"s":"Assam","v":4.9},"geometry":{"type":"Point","coordinates":[92.6386,26.2409]}},{"type":"Feature","properties":{"s":"Assam","v":4.9},"geometry":{"type":"Point","coordinates":[92.5545,24.6502]}},{"type":"Feature","properties":{"s":"Assam","v":4.9},"geometry":{"type":"Point","coordinates":[93.4661,26.9153]}},{"type":"Feature","properties":{"s":"Assam","v":4.9},"geometry":{"type":"Point","coordinates":[91.2265,25.7879]}},{"type":"Feature","properties":{"s":"Assam","v":4.9},"geometry":{"type":"Point","coordinates":[93.0532,25.752]}},{"type":"Feature","properties":{"s":"Assam","v":4.9},"geometry":{"type":"Point","coordinates":[95.1168,27.4804]}},{"type":"Feature","properties":{"s":"Assam","v":4.9},"geometry":{"type":"Point","coordinates":[93.9622,26.041]}},{"type":"Feature","properties":{"s":"Chandigarh","v":31.1},"geometry":{"type":"Point","coordinates":[76.7854,30.7532]}},{"type":"Feature","properties":{"s":"Chandigarh","v":31.1},"geometry":{"type":"Point","coordinates":[76.7453,30.7768]}},{"type":"Feature","properties":{"s":"Chandigarh","v":31.1},"geometry":{"type":"Point","coordinates":[76.8018,30.6849]}},{"type":"Feature","properties":{"s":"Chandigarh","v":31.1},"geometry":{"type":"Point","coordinates":[76.7479,30.72]}},{"type":"Feature","properties":{"s":"Chandigarh","v":31.1},"geometry":{"type":"Point","coordinates":[76.8322,30.7246]}},{"type":"Feature","properties":{"s":"Chandigarh","v":31.1},"geometry":{"type":"Point","coordinates":[76.7535,30.7549]}},{"type":"Feature","properties":{"s":"Chandigarh","v":31.1},"geometry":{"type":"Point","coordinates":[76.7831,30.6851]}},{"type":"Feature","properties":{"s":"Chandigarh","v":31.1},"geometry":{"type":"Point","coordinates":[76.7574,30.7004]}},{"type":"Feature","properties":{"s":"Chandigarh","v":31.1},"geometry":{"type":"Point","coordinates":[76.7743,30.7075]}},{"type":"Feature","properties":{"s":"Chandigarh","v":31.1},"geometry":{"type":"Point","coordinates":[76.8249,30.7526]}},{"type":"Feature","properties":{"s":"Chandigarh","v":31.1},"geometry":{"type":"Point","coordinates":[76.7962,30.7201]}},{"type":"Feature","properties":{"s":"Chandigarh","v":31.1},"geometry":{"type":"Point","coordinates":[76.8016,30.6771]}},{"type":"Feature","properties":{"s":"Chandigarh","v":31.1},"geometry":{"type":"Point","coordinates":[76.7639,30.7558]}},{"type":"Feature","properties":{"s":"Chandigarh","v":31.1},"geometry":{"type":"Point","coordinates":[76.8203,30.7442]}},{"type":"Feature","properties":{"s":"Chandigarh","v":31.1},"geometry":{"type":"Point","coordinates":[76.7784,30.6958]}},{"type":"Feature","properties":{"s":"Chandigarh","v":31.1},"geometry":{"type":"Point","coordinates":[76.7761,30.7645]}},{"type":"Feature","properties":{"s":"Chandigarh","v":31.1},"geometry":{"type":"Point","coordinates":[76.7414,30.767]}},{"type":"Feature","properties":{"s":"Chandigarh","v":31.1},"geometry":{"type":"Point","coordinates":[76.7506,30.7133]}},{"type":"Feature","properties":{"s":"Chandigarh","v":31.1},"geometry":{"type":"Point","coordinates":[76.8114,30.6786]}},{"type":"Feature","properties":{"s":"Chandigarh","v":31.1},"geometry":{"type":"Point","coordinates":[76.7823,30.7757]}},{"type":"Feature","properties":{"s":"Chandigarh","v":31.1},"geometry":{"type":"Point","coordinates":[76.8264,30.7211]}},{"type":"Feature","properties":{"s":"Chandigarh","v":31.1},"geometry":{"type":"Point","coordinates":[76.7724,30.7017]}},{"type":"Feature","properties":{"s":"Chandigarh","v":31.1},"geometry":{"type":"Point","coordinates":[76.7657,30.7401]}},{"type":"Feature","properties":{"s":"Chandigarh","v":31.1},"geometry":{"type":"Point","coordinates":[76.8024,30.7418]}},{"type":"Feature","properties":{"s":"Chandigarh","v":31.1},"geometry":{"type":"Point","coordinates":[76.7162,30.7441]}},{"type":"Feature","properties":{"s":"Chandigarh","v":31.1},"geometry":{"type":"Point","coordinates":[76.8199,30.6968]}},{"type":"Feature","properties":{"s":"Chandigarh","v":31.1},"geometry":{"type":"Point","coordinates":[76.8164,30.6941]}},{"type":"Feature","properties":{"s":"Chandigarh","v":31.1},"geometry":{"type":"Point","coordinates":[76.8161,30.7333]}},{"type":"Feature","properties":{"s":"Chandigarh","v":31.1},"geometry":{"type":"Point","coordinates":[76.772,30.7451]}},{"type":"Feature","properties":{"s":"Chandigarh","v":31.1},"geometry":{"type":"Point","coordinates":[76.7632,30.6944]}},{"type":"Feature","properties":{"s":"Chandigarh","v":31.1},"geometry":{"type":"Point","coordinates":[76.7781,30.6776]}},{"type":"Feature","properties":{"s":"Chandigarh","v":31.1},"geometry":{"type":"Point","coordinates":[76.717,30.7426]}},{"type":"Feature","properties":{"s":"Chandigarh","v":31.1},"geometry":{"type":"Point","coordinates":[76.7461,30.7637]}},{"type":"Feature","properties":{"s":"Chandigarh","v":31.1},"geometry":{"type":"Point","coordinates":[76.7293,30.7332]}},{"type":"Feature","properties":{"s":"Chandigarh","v":31.1},"geometry":{"type":"Point","coordinates":[76.7665,30.7047]}},{"type":"Feature","properties":{"s":"Chandigarh","v":31.1},"geometry":{"type":"Point","coordinates":[76.7804,30.7085]}},{"type":"Feature","properties":{"s":"Chandigarh","v":31.1},"geometry":{"type":"Point","coordinates":[76.7904,30.7657]}},{"type":"Feature","properties":{"s":"Chandigarh","v":31.1},"geometry":{"type":"Point","coordinates":[76.801,30.7259]}},{"type":"Feature","properties":{"s":"Chandigarh","v":31.1},"geometry":{"type":"Point","coordinates":[76.7827,30.6899]}},{"type":"Feature","properties":{"s":"Chandigarh","v":31.1},"geometry":{"type":"Point","coordinates":[76.8143,30.7547]}},{"type":"Feature","properties":{"s":"Chandigarh","v":31.1},"geometry":{"type":"Point","coordinates":[76.8286,30.7149]}},{"type":"Feature","properties":{"s":"Chandigarh","v":31.1},"geometry":{"type":"Point","coordinates":[76.7426,30.7182]}},{"type":"Feature","properties":{"s":"Chandigarh","v":31.1},"geometry":{"type":"Point","coordinates":[76.7238,30.7456]}},{"type":"Feature","properties":{"s":"Chandigarh","v":31.1},"geometry":{"type":"Point","coordinates":[76.7363,30.732]}},{"type":"Feature","properties":{"s":"Chandigarh","v":31.1},"geometry":{"type":"Point","coordinates":[76.7681,30.7245]}},{"type":"Feature","properties":{"s":"Chandigarh","v":31.1},"geometry":{"type":"Point","coordinates":[76.7369,30.7431]}},{"type":"Feature","properties":{"s":"Chandigarh","v":31.1},"geometry":{"type":"Point","coordinates":[76.8062,30.6786]}},{"type":"Feature","properties":{"s":"Chandigarh","v":31.1},"geometry":{"type":"Point","coordinates":[76.7713,30.7072]}},{"type":"Feature","properties":{"s":"Chandigarh","v":31.1},"geometry":{"type":"Point","coordinates":[76.8247,30.7428]}},{"type":"Feature","properties":{"s":"Chandigarh","v":31.1},"geometry":{"type":"Point","coordinates":[76.7746,30.7196]}},{"type":"Feature","properties":{"s":"Chandigarh","v":31.1},"geometry":{"type":"Point","coordinates":[76.7885,30.7578]}},{"type":"Feature","properties":{"s":"Chandigarh","v":31.1},"geometry":{"type":"Point","coordinates":[76.7908,30.6838]}},{"type":"Feature","properties":{"s":"Chandigarh","v":31.1},"geometry":{"type":"Point","coordinates":[76.7848,30.7642]}},{"type":"Feature","properties":{"s":"Chandigarh","v":31.1},"geometry":{"type":"Point","coordinates":[76.7665,30.7447]}},{"type":"Feature","properties":{"s":"Chandigarh","v":31.1},"geometry":{"type":"Point","coordinates":[76.8193,30.7039]}},{"type":"Feature","properties":{"s":"Chandigarh","v":31.1},"geometry":{"type":"Point","coordinates":[76.7741,30.7358]}},{"type":"Feature","properties":{"s":"Chandigarh","v":31.1},"geometry":{"type":"Point","coordinates":[76.765,30.7824]}},{"type":"Feature","properties":{"s":"Chandigarh","v":31.1},"geometry":{"type":"Point","coordinates":[76.8236,30.6809]}},{"type":"Feature","properties":{"s":"Chandigarh","v":31.1},"geometry":{"type":"Point","coordinates":[76.7637,30.7074]}},{"type":"Feature","properties":{"s":"Chandigarh","v":31.1},"geometry":{"type":"Point","coordinates":[76.8126,30.7201]}},{"type":"Feature","properties":{"s":"Chandigarh","v":31.1},"geometry":{"type":"Point","coordinates":[76.8076,30.7165]}},{"type":"Feature","properties":{"s":"Chandigarh","v":31.1},"geometry":{"type":"Point","coordinates":[76.7499,30.7131]}},{"type":"Feature","properties":{"s":"Chandigarh","v":31.1},"geometry":{"type":"Point","coordinates":[76.8266,30.7023]}},{"type":"Feature","properties":{"s":"Chandigarh","v":31.1},"geometry":{"type":"Point","coordinates":[76.7787,30.7227]}},{"type":"Feature","properties":{"s":"Chandigarh","v":31.1},"geometry":{"type":"Point","coordinates":[76.7341,30.7339]}},{"type":"Feature","properties":{"s":"Chandigarh","v":31.1},"geometry":{"type":"Point","coordinates":[76.8278,30.7244]}},{"type":"Feature","properties":{"s":"Chandigarh","v":31.1},"geometry":{"type":"Point","coordinates":[76.721,30.7492]}},{"type":"Feature","properties":{"s":"Chandigarh","v":31.1},"geometry":{"type":"Point","coordinates":[76.7483,30.7496]}},{"type":"Feature","properties":{"s":"Chandigarh","v":31.1},"geometry":{"type":"Point","coordinates":[76.815,30.7542]}},{"type":"Feature","properties":{"s":"Chandigarh","v":31.1},"geometry":{"type":"Point","coordinates":[76.7769,30.7087]}},{"type":"Feature","properties":{"s":"Chandigarh","v":31.1},"geometry":{"type":"Point","coordinates":[76.7699,30.7524]}},{"type":"Feature","properties":{"s":"Chandigarh","v":31.1},"geometry":{"type":"Point","coordinates":[76.8015,30.7031]}},{"type":"Feature","properties":{"s":"Chandigarh","v":31.1},"geometry":{"type":"Point","coordinates":[76.7634,30.762]}},{"type":"Feature","properties":{"s":"Chandigarh","v":31.1},"geometry":{"type":"Point","coordinates":[76.7117,30.7589]}},{"type":"Feature","properties":{"s":"Chandigarh","v":31.1},"geometry":{"type":"Point","coordinates":[76.7486,30.7765]}},{"type":"Feature","properties":{"s":"Chandigarh","v":31.1},"geometry":{"type":"Point","coordinates":[76.7364,30.7723]}},{"type":"Feature","properties":{"s":"Chandigarh","v":31.1},"geometry":{"type":"Point","coordinates":[76.7372,30.76]}},{"type":"Feature","properties":{"s":"Chandigarh","v":31.1},"geometry":{"type":"Point","coordinates":[76.7547,30.7312]}},{"type":"Feature","properties":{"s":"Chandigarh","v":31.1},"geometry":{"type":"Point","coordinates":[76.8162,30.7549]}},{"type":"Feature","properties":{"s":"Chandigarh","v":31.1},"geometry":{"type":"Point","coordinates":[76.7661,30.7376]}},{"type":"Feature","properties":{"s":"Chandigarh","v":31.1},"geometry":{"type":"Point","coordinates":[76.8239,30.7188]}},{"type":"Feature","properties":{"s":"Chandigarh","v":31.1},"geometry":{"type":"Point","coordinates":[76.7751,30.7122]}},{"type":"Feature","properties":{"s":"Chandigarh","v":31.1},"geometry":{"type":"Point","coordinates":[76.7724,30.7562]}},{"type":"Feature","properties":{"s":"Chandigarh","v":31.1},"geometry":{"type":"Point","coordinates":[76.8341,30.7225]}},{"type":"Feature","properties":{"s":"Chandigarh","v":31.1},"geometry":{"type":"Point","coordinates":[76.7438,30.7301]}},{"type":"Feature","properties":{"s":"Chandigarh","v":31.1},"geometry":{"type":"Point","coordinates":[76.7261,30.7526]}},{"type":"Feature","properties":{"s":"Chandigarh","v":31.1},"geometry":{"type":"Point","coordinates":[76.8193,30.7363]}},{"type":"Feature","properties":{"s":"Chandigarh","v":31.1},"geometry":{"type":"Point","coordinates":[76.7727,30.6997]}},{"type":"Feature","properties":{"s":"Chandigarh","v":31.1},"geometry":{"type":"Point","coordinates":[76.8009,30.6832]}},{"type":"Feature","properties":{"s":"Chandigarh","v":31.1},"geometry":{"type":"Point","coordinates":[76.7794,30.7143]}},{"type":"Feature","properties":{"s":"Chandigarh","v":31.1},"geometry":{"type":"Point","coordinates":[76.7752,30.6956]}},{"type":"Feature","properties":{"s":"Chandigarh","v":31.1},"geometry":{"type":"Point","coordinates":[76.7907,30.7556]}},{"type":"Feature","properties":{"s":"Chandigarh","v":31.1},"geometry":{"type":"Point","coordinates":[76.7483,30.7438]}},{"type":"Feature","properties":{"s":"Chandigarh","v":31.1},"geometry":{"type":"Point","coordinates":[76.7815,30.6999]}},{"type":"Feature","properties":{"s":"Chandigarh","v":31.1},"geometry":{"type":"Point","coordinates":[76.7963,30.7609]}},{"type":"Feature","properties":{"s":"Chandigarh","v":31.1},"geometry":{"type":"Point","coordinates":[76.7693,30.7134]}},{"type":"Feature","properties":{"s":"Chandigarh","v":31.1},"geometry":{"type":"Point","coordinates":[76.7396,30.7424]}},{"type":"Feature","properties":{"s":"Chandigarh","v":31.1},"geometry":{"type":"Point","coordinates":[76.81,30.7172]}},{"type":"Feature","properties":{"s":"Chandigarh","v":31.1},"geometry":{"type":"Point","coordinates":[76.7804,30.71]}},{"type":"Feature","properties":{"s":"Chandigarh","v":31.1},"geometry":{"type":"Point","coordinates":[76.725,30.7328]}},{"type":"Feature","properties":{"s":"Chandigarh","v":31.1},"geometry":{"type":"Point","coordinates":[76.783,30.7151]}},{"type":"Feature","properties":{"s":"Chandigarh","v":31.1},"geometry":{"type":"Point","coordinates":[76.8358,30.744]}},{"type":"Feature","properties":{"s":"Chandigarh","v":31.1},"geometry":{"type":"Point","coordinates":[76.7777,30.7394]}},{"type":"Feature","properties":{"s":"Chandigarh","v":31.1},"geometry":{"type":"Point","coordinates":[76.7967,30.7552]}},{"type":"Feature","properties":{"s":"Chandigarh","v":31.1},"geometry":{"type":"Point","coordinates":[76.7829,30.7574]}},{"type":"Feature","properties":{"s":"Chandigarh","v":31.1},"geometry":{"type":"Point","coordinates":[76.7985,30.684]}},{"type":"Feature","properties":{"s":"Chandigarh","v":31.1},"geometry":{"type":"Point","coordinates":[76.8141,30.7433]}},{"type":"Feature","properties":{"s":"Chandigarh","v":31.1},"geometry":{"type":"Point","coordinates":[76.7726,30.7268]}},{"type":"Feature","properties":{"s":"Chandigarh","v":31.1},"geometry":{"type":"Point","coordinates":[76.7436,30.7177]}},{"type":"Feature","properties":{"s":"Chandigarh","v":31.1},"geometry":{"type":"Point","coordinates":[76.7955,30.7297]}},{"type":"Feature","properties":{"s":"Chandigarh","v":31.1},"geometry":{"type":"Point","coordinates":[76.7583,30.75]}},{"type":"Feature","properties":{"s":"Chandigarh","v":31.1},"geometry":{"type":"Point","coordinates":[76.7934,30.7663]}},{"type":"Feature","properties":{"s":"Chandigarh","v":31.1},"geometry":{"type":"Point","coordinates":[76.7903,30.7199]}},{"type":"Feature","properties":{"s":"Chandigarh","v":31.1},"geometry":{"type":"Point","coordinates":[76.7596,30.7038]}},{"type":"Feature","properties":{"s":"Chandigarh","v":31.1},"geometry":{"type":"Point","coordinates":[76.7545,30.7236]}},{"type":"Feature","properties":{"s":"Chandigarh","v":31.1},"geometry":{"type":"Point","coordinates":[76.7897,30.7165]}},{"type":"Feature","properties":{"s":"Chandigarh","v":31.1},"geometry":{"type":"Point","coordinates":[76.7576,30.7033]}},{"type":"Feature","properties":{"s":"Chandigarh","v":31.1},"geometry":{"type":"Point","coordinates":[76.7677,30.7631]}},{"type":"Feature","properties":{"s":"Chandigarh","v":31.1},"geometry":{"type":"Point","coordinates":[76.7214,30.7484]}},{"type":"Feature","properties":{"s":"Chandigarh","v":31.1},"geometry":{"type":"Point","coordinates":[76.8206,30.6957]}},{"type":"Feature","properties":{"s":"Chandigarh","v":31.1},"geometry":{"type":"Point","coordinates":[76.7712,30.7846]}},{"type":"Feature","properties":{"s":"Chandigarh","v":31.1},"geometry":{"type":"Point","coordinates":[76.8013,30.6977]}},{"type":"Feature","properties":{"s":"Chandigarh","v":31.1},"geometry":{"type":"Point","coordinates":[76.7878,30.6816]}},{"type":"Feature","properties":{"s":"Chandigarh","v":31.1},"geometry":{"type":"Point","coordinates":[76.7532,30.7178]}},{"type":"Feature","properties":{"s":"Chandigarh","v":31.1},"geometry":{"type":"Point","coordinates":[76.796,30.6839]}},{"type":"Feature","properties":{"s":"Chandigarh","v":31.1},"geometry":{"type":"Point","coordinates":[76.7709,30.7368]}},{"type":"Feature","properties":{"s":"Chandigarh","v":31.1},"geometry":{"type":"Point","coordinates":[76.796,30.7499]}},{"type":"Feature","properties":{"s":"Chandigarh","v":31.1},"geometry":{"type":"Point","coordinates":[76.7924,30.7452]}},{"type":"Feature","properties":{"s":"Chandigarh","v":31.1},"geometry":{"type":"Point","coordinates":[76.7751,30.7086]}},{"type":"Feature","properties":{"s":"Chandigarh","v":31.1},"geometry":{"type":"Point","coordinates":[76.742,30.7251]}},{"type":"Feature","properties":{"s":"Chandigarh","v":31.1},"geometry":{"type":"Point","coordinates":[76.8024,30.7513]}},{"type":"Feature","properties":{"s":"Chandigarh","v":31.1},"geometry":{"type":"Point","coordinates":[76.7371,30.7327]}},{"type":"Feature","properties":{"s":"Chandigarh","v":31.1},"geometry":{"type":"Point","coordinates":[76.7978,30.6943]}},{"type":"Feature","properties":{"s":"Chandigarh","v":31.1},"geometry":{"type":"Point","coordinates":[76.7185,30.7632]}},{"type":"Feature","properties":{"s":"Chandigarh","v":31.1},"geometry":{"type":"Point","coordinates":[76.7755,30.7084]}},{"type":"Feature","properties":{"s":"Chandigarh","v":31.1},"geometry":{"type":"Point","coordinates":[76.8118,30.697]}},{"type":"Feature","properties":{"s":"Chandigarh","v":31.1},"geometry":{"type":"Point","coordinates":[76.8235,30.6993]}},{"type":"Feature","properties":{"s":"Chandigarh","v":31.1},"geometry":{"type":"Point","coordinates":[76.7508,30.7623]}},{"type":"Feature","properties":{"s":"Chandigarh","v":31.1},"geometry":{"type":"Point","coordinates":[76.7963,30.7411]}},{"type":"Feature","properties":{"s":"Chandigarh","v":31.1},"geometry":{"type":"Point","coordinates":[76.7717,30.7776]}},{"type":"Feature","properties":{"s":"Chandigarh","v":31.1},"geometry":{"type":"Point","coordinates":[76.7545,30.7624]}},{"type":"Feature","properties":{"s":"Chandigarh","v":31.1},"geometry":{"type":"Point","coordinates":[76.8031,30.7125]}},{"type":"Feature","properties":{"s":"Chandigarh","v":31.1},"geometry":{"type":"Point","coordinates":[76.7818,30.686]}},{"type":"Feature","properties":{"s":"Chandigarh","v":31.1},"geometry":{"type":"Point","coordinates":[76.78,30.6957]}},{"type":"Feature","properties":{"s":"Chandigarh","v":31.1},"geometry":{"type":"Point","coordinates":[76.8158,30.7012]}},{"type":"Feature","properties":{"s":"Chandigarh","v":31.1},"geometry":{"type":"Point","coordinates":[76.753,30.731]}},{"type":"Feature","properties":{"s":"Chandigarh","v":31.1},"geometry":{"type":"Point","coordinates":[76.7466,30.7762]}},{"type":"Feature","properties":{"s":"Chandigarh","v":31.1},"geometry":{"type":"Point","coordinates":[76.7973,30.7242]}},{"type":"Feature","properties":{"s":"Chandigarh","v":31.1},"geometry":{"type":"Point","coordinates":[76.7827,30.697]}},{"type":"Feature","properties":{"s":"Chandigarh","v":31.1},"geometry":{"type":"Point","coordinates":[76.8296,30.7286]}},{"type":"Feature","properties":{"s":"Chandigarh","v":31.1},"geometry":{"type":"Point","coordinates":[76.8154,30.7392]}},{"type":"Feature","properties":{"s":"Chandigarh","v":31.1},"geometry":{"type":"Point","coordinates":[76.7877,30.6858]}},{"type":"Feature","properties":{"s":"Chandigarh","v":31.1},"geometry":{"type":"Point","coordinates":[76.8231,30.7131]}},{"type":"Feature","properties":{"s":"Chandigarh","v":31.1},"geometry":{"type":"Point","coordinates":[76.7648,30.7119]}},{"type":"Feature","properties":{"s":"Chandigarh","v":31.1},"geometry":{"type":"Point","coordinates":[76.7676,30.7136]}},{"type":"Feature","properties":{"s":"Chandigarh","v":31.1},"geometry":{"type":"Point","coordinates":[76.7534,30.7593]}},{"type":"Feature","properties":{"s":"Chandigarh","v":31.1},"geometry":{"type":"Point","coordinates":[76.7689,30.7804]}},{"type":"Feature","properties":{"s":"Chandigarh","v":31.1},"geometry":{"type":"Point","coordinates":[76.7678,30.7867]}},{"type":"Feature","properties":{"s":"Chandigarh","v":31.1},"geometry":{"type":"Point","coordinates":[76.7916,30.7191]}},{"type":"Feature","properties":{"s":"Chandigarh","v":31.1},"geometry":{"type":"Point","coordinates":[76.7454,30.7356]}},{"type":"Feature","properties":{"s":"Chandigarh","v":31.1},"geometry":{"type":"Point","coordinates":[76.8254,30.6911]}},{"type":"Feature","properties":{"s":"Chandigarh","v":31.1},"geometry":{"type":"Point","coordinates":[76.7717,30.7713]}},{"type":"Feature","properties":{"s":"Chandigarh","v":31.1},"geometry":{"type":"Point","coordinates":[76.798,30.7069]}},{"type":"Feature","properties":{"s":"Chandigarh","v":31.1},"geometry":{"type":"Point","coordinates":[76.7754,30.7191]}},{"type":"Feature","properties":{"s":"Chandigarh","v":31.1},"geometry":{"type":"Point","coordinates":[76.7712,30.7645]}},{"type":"Feature","properties":{"s":"Chandigarh","v":31.1},"geometry":{"type":"Point","coordinates":[76.7365,30.7741]}},{"type":"Feature","properties":{"s":"Chandigarh","v":31.1},"geometry":{"type":"Point","coordinates":[76.8041,30.6804]}},{"type":"Feature","properties":{"s":"Chandigarh","v":31.1},"geometry":{"type":"Point","coordinates":[76.8251,30.7026]}},{"type":"Feature","properties":{"s":"Chandigarh","v":31.1},"geometry":{"type":"Point","coordinates":[76.8351,30.7512]}},{"type":"Feature","properties":{"s":"Chandigarh","v":31.1},"geometry":{"type":"Point","coordinates":[76.8055,30.7602]}},{"type":"Feature","properties":{"s":"Chandigarh","v":31.1},"geometry":{"type":"Point","coordinates":[76.7122,30.7587]}},{"type":"Feature","properties":{"s":"Chandigarh","v":31.1},"geometry":{"type":"Point","coordinates":[76.7884,30.7336]}},{"type":"Feature","properties":{"s":"Chandigarh","v":31.1},"geometry":{"type":"Point","coordinates":[76.8338,30.7507]}},{"type":"Feature","properties":{"s":"Chandigarh","v":31.1},"geometry":{"type":"Point","coordinates":[76.8059,30.7398]}},{"type":"Feature","properties":{"s":"Chandigarh","v":31.1},"geometry":{"type":"Point","coordinates":[76.7371,30.7706]}},{"type":"Feature","properties":{"s":"Chandigarh","v":31.1},"geometry":{"type":"Point","coordinates":[76.7296,30.733]}},{"type":"Feature","properties":{"s":"Chandigarh","v":31.1},"geometry":{"type":"Point","coordinates":[76.7658,30.7478]}},{"type":"Feature","properties":{"s":"Chandigarh","v":31.1},"geometry":{"type":"Point","coordinates":[76.7601,30.7108]}},{"type":"Feature","properties":{"s":"Chandigarh","v":31.1},"geometry":{"type":"Point","coordinates":[76.759,30.7668]}},{"type":"Feature","properties":{"s":"Chandigarh","v":31.1},"geometry":{"type":"Point","coordinates":[76.7493,30.7778]}},{"type":"Feature","properties":{"s":"Chandigarh","v":31.1},"geometry":{"type":"Point","coordinates":[76.8123,30.7539]}},{"type":"Feature","properties":{"s":"Chandigarh","v":31.1},"geometry":{"type":"Point","coordinates":[76.7802,30.7472]}},{"type":"Feature","properties":{"s":"Chandigarh","v":31.1},"geometry":{"type":"Point","coordinates":[76.8236,30.7631]}},{"type":"Feature","properties":{"s":"Chandigarh","v":31.1},"geometry":{"type":"Point","coordinates":[76.712,30.7584]}},{"type":"Feature","properties":{"s":"Chandigarh","v":31.1},"geometry":{"type":"Point","coordinates":[76.7382,30.753]}},{"type":"Feature","properties":{"s":"Chandigarh","v":31.1},"geometry":{"type":"Point","coordinates":[76.7679,30.7037]}},{"type":"Feature","properties":{"s":"Chandigarh","v":31.1},"geometry":{"type":"Point","coordinates":[76.7714,30.6967]}},{"type":"Feature","properties":{"s":"Chandigarh","v":31.1},"geometry":{"type":"Point","coordinates":[76.7539,30.784]}},{"type":"Feature","properties":{"s":"Chandigarh","v":31.1},"geometry":{"type":"Point","coordinates":[76.7774,30.7144]}},{"type":"Feature","properties":{"s":"Chandigarh","v":31.1},"geometry":{"type":"Point","coordinates":[76.8125,30.7507]}},{"type":"Feature","properties":{"s":"Chandigarh","v":31.1},"geometry":{"type":"Point","coordinates":[76.7793,30.7059]}},{"type":"Feature","properties":{"s":"Chandigarh","v":31.1},"geometry":{"type":"Point","coordinates":[76.7643,30.7022]}},{"type":"Feature","properties":{"s":"Chandigarh","v":31.1},"geometry":{"type":"Point","coordinates":[76.7917,30.7807]}},{"type":"Feature","properties":{"s":"Chandigarh","v":31.1},"geometry":{"type":"Point","coordinates":[76.7555,30.7466]}},{"type":"Feature","properties":{"s":"Chandigarh","v":31.1},"geometry":{"type":"Point","coordinates":[76.7632,30.732]}},{"type":"Feature","properties":{"s":"Chandigarh","v":31.1},"geometry":{"type":"Point","coordinates":[76.7815,30.789]}},{"type":"Feature","properties":{"s":"Chandigarh","v":31.1},"geometry":{"type":"Point","coordinates":[76.7809,30.7519]}},{"type":"Feature","properties":{"s":"Chandigarh","v":31.1},"geometry":{"type":"Point","coordinates":[76.7686,30.7722]}},{"type":"Feature","properties":{"s":"Chandigarh","v":31.1},"geometry":{"type":"Point","coordinates":[76.7832,30.7599]}},{"type":"Feature","properties":{"s":"Chandigarh","v":31.1},"geometry":{"type":"Point","coordinates":[76.7585,30.7053]}},{"type":"Feature","properties":{"s":"Chandigarh","v":31.1},"geometry":{"type":"Point","coordinates":[76.7464,30.7159]}},{"type":"Feature","properties":{"s":"Chandigarh","v":31.1},"geometry":{"type":"Point","coordinates":[76.7901,30.7193]}},{"type":"Feature","properties":{"s":"Chandigarh","v":31.1},"geometry":{"type":"Point","coordinates":[76.7721,30.7545]}},{"type":"Feature","properties":{"s":"Chandigarh","v":31.1},"geometry":{"type":"Point","coordinates":[76.8088,30.7141]}},{"type":"Feature","properties":{"s":"Chandigarh","v":31.1},"geometry":{"type":"Point","coordinates":[76.7137,30.7538]}},{"type":"Feature","properties":{"s":"Chandigarh","v":31.1},"geometry":{"type":"Point","coordinates":[76.7965,30.7701]}},{"type":"Feature","properties":{"s":"Chandigarh","v":31.1},"geometry":{"type":"Point","coordinates":[76.7688,30.7689]}},{"type":"Feature","properties":{"s":"Chandigarh","v":31.1},"geometry":{"type":"Point","coordinates":[76.7808,30.7593]}},{"type":"Feature","properties":{"s":"Chandigarh","v":31.1},"geometry":{"type":"Point","coordinates":[76.7638,30.7596]}},{"type":"Feature","properties":{"s":"Chandigarh","v":31.1},"geometry":{"type":"Point","coordinates":[76.7677,30.7446]}},{"type":"Feature","properties":{"s":"Chandigarh","v":31.1},"geometry":{"type":"Point","coordinates":[76.8266,30.7599]}},{"type":"Feature","properties":{"s":"Chandigarh","v":31.1},"geometry":{"type":"Point","coordinates":[76.7204,30.7438]}},{"type":"Feature","properties":{"s":"Chandigarh","v":31.1},"geometry":{"type":"Point","coordinates":[76.7524,30.7202]}},{"type":"Feature","properties":{"s":"Chandigarh","v":31.1},"geometry":{"type":"Point","coordinates":[76.7855,30.7518]}},{"type":"Feature","properties":{"s":"Chandigarh","v":31.1},"geometry":{"type":"Point","coordinates":[76.7899,30.7744]}},{"type":"Feature","properties":{"s":"Chandigarh","v":31.1},"geometry":{"type":"Point","coordinates":[76.8134,30.7259]}},{"type":"Feature","properties":{"s":"Chandigarh","v":31.1},"geometry":{"type":"Point","coordinates":[76.7846,30.75]}},{"type":"Feature","properties":{"s":"Chandigarh","v":31.1},"geometry":{"type":"Point","coordinates":[76.8099,30.7601]}},{"type":"Feature","properties":{"s":"Chandigarh","v":31.1},"geometry":{"type":"Point","coordinates":[76.7529,30.7485]}},{"type":"Feature","properties":{"s":"Chandigarh","v":31.1},"geometry":{"type":"Point","coordinates":[76.8107,30.7151]}},{"type":"Feature","properties":{"s":"Chandigarh","v":31.1},"geometry":{"type":"Point","coordinates":[76.7861,30.7686]}},{"type":"Feature","properties":{"s":"Chandigarh","v":31.1},"geometry":{"type":"Point","coordinates":[76.7649,30.7006]}},{"type":"Feature","properties":{"s":"Chandigarh","v":31.1},"geometry":{"type":"Point","coordinates":[76.824,30.7053]}},{"type":"Feature","properties":{"s":"Chandigarh","v":31.1},"geometry":{"type":"Point","coordinates":[76.7251,30.754]}},{"type":"Feature","properties":{"s":"Chandigarh","v":31.1},"geometry":{"type":"Point","coordinates":[76.7957,30.6887]}},{"type":"Feature","properties":{"s":"Chandigarh","v":31.1},"geometry":{"type":"Point","coordinates":[76.7372,30.7251]}},{"type":"Feature","properties":{"s":"Chandigarh","v":31.1},"geometry":{"type":"Point","coordinates":[76.8317,30.7322]}},{"type":"Feature","properties":{"s":"Chandigarh","v":31.1},"geometry":{"type":"Point","coordinates":[76.7427,30.7539]}},{"type":"Feature","properties":{"s":"Chandigarh","v":31.1},"geometry":{"type":"Point","coordinates":[76.7898,30.7413]}},{"type":"Feature","properties":{"s":"Chandigarh","v":31.1},"geometry":{"type":"Point","coordinates":[76.7954,30.7458]}},{"type":"Feature","properties":{"s":"Chandigarh","v":31.1},"geometry":{"type":"Point","coordinates":[76.8093,30.7008]}},{"type":"Feature","properties":{"s":"Chandigarh","v":31.1},"geometry":{"type":"Point","coordinates":[76.8106,30.7057]}},{"type":"Feature","properties":{"s":"Chandigarh","v":31.1},"geometry":{"type":"Point","coordinates":[76.8158,30.6958]}},{"type":"Feature","properties":{"s":"Chandigarh","v":31.1},"geometry":{"type":"Point","coordinates":[76.804,30.7509]}},{"type":"Feature","properties":{"s":"Chandigarh","v":31.1},"geometry":{"type":"Point","coordinates":[76.8169,30.7488]}},{"type":"Feature","properties":{"s":"Chandigarh","v":31.1},"geometry":{"type":"Point","coordinates":[76.8095,30.7231]}},{"type":"Feature","properties":{"s":"Chandigarh","v":31.1},"geometry":{"type":"Point","coordinates":[76.7514,30.7119]}},{"type":"Feature","properties":{"s":"Chandigarh","v":31.1},"geometry":{"type":"Point","coordinates":[76.7465,30.779]}},{"type":"Feature","properties":{"s":"Chandigarh","v":31.1},"geometry":{"type":"Point","coordinates":[76.7823,30.7464]}},{"type":"Feature","properties":{"s":"Chandigarh","v":31.1},"geometry":{"type":"Point","coordinates":[76.7363,30.7384]}},{"type":"Feature","properties":{"s":"Chandigarh","v":31.1},"geometry":{"type":"Point","coordinates":[76.7846,30.6828]}},{"type":"Feature","properties":{"s":"Chandigarh","v":31.1},"geometry":{"type":"Point","coordinates":[76.7291,30.7491]}},{"type":"Feature","properties":{"s":"Chandigarh","v":31.1},"geometry":{"type":"Point","coordinates":[76.7443,30.7371]}},{"type":"Feature","properties":{"s":"Chandigarh","v":31.1},"geometry":{"type":"Point","coordinates":[76.7659,30.724]}},{"type":"Feature","properties":{"s":"Chandigarh","v":31.1},"geometry":{"type":"Point","coordinates":[76.8326,30.7523]}},{"type":"Feature","properties":{"s":"Chandigarh","v":31.1},"geometry":{"type":"Point","coordinates":[76.7952,30.7405]}},{"type":"Feature","properties":{"s":"Chandigarh","v":31.1},"geometry":{"type":"Point","coordinates":[76.7487,30.7311]}},{"type":"Feature","properties":{"s":"Chandigarh","v":31.1},"geometry":{"type":"Point","coordinates":[76.8102,30.6907]}},{"type":"Feature","properties":{"s":"Chandigarh","v":31.1},"geometry":{"type":"Point","coordinates":[76.7753,30.7692]}},{"type":"Feature","properties":{"s":"Chandigarh","v":31.1},"geometry":{"type":"Point","coordinates":[76.7637,30.7308]}},{"type":"Feature","properties":{"s":"Chandigarh","v":31.1},"geometry":{"type":"Point","coordinates":[76.7527,30.7837]}},{"type":"Feature","properties":{"s":"Chandigarh","v":31.1},"geometry":{"type":"Point","coordinates":[76.7753,30.7045]}},{"type":"Feature","properties":{"s":"Chandigarh","v":31.1},"geometry":{"type":"Point","coordinates":[76.7937,30.6909]}},{"type":"Feature","properties":{"s":"Chandigarh","v":31.1},"geometry":{"type":"Point","coordinates":[76.7344,30.7732]}},{"type":"Feature","properties":{"s":"Chandigarh","v":31.1},"geometry":{"type":"Point","coordinates":[76.8078,30.728]}},{"type":"Feature","properties":{"s":"Chandigarh","v":31.1},"geometry":{"type":"Point","coordinates":[76.7277,30.7403]}},{"type":"Feature","properties":{"s":"Chandigarh","v":31.1},"geometry":{"type":"Point","coordinates":[76.7191,30.7403]}},{"type":"Feature","properties":{"s":"Chandigarh","v":31.1},"geometry":{"type":"Point","coordinates":[76.7636,30.7732]}},{"type":"Feature","properties":{"s":"Chandigarh","v":31.1},"geometry":{"type":"Point","coordinates":[76.7877,30.7184]}},{"type":"Feature","properties":{"s":"Chandigarh","v":31.1},"geometry":{"type":"Point","coordinates":[76.795,30.7029]}},{"type":"Feature","properties":{"s":"Chandigarh","v":31.1},"geometry":{"type":"Point","coordinates":[76.7559,30.6989]}},{"type":"Feature","properties":{"s":"Chandigarh","v":31.1},"geometry":{"type":"Point","coordinates":[76.7937,30.7638]}},{"type":"Feature","properties":{"s":"Chandigarh","v":31.1},"geometry":{"type":"Point","coordinates":[76.8005,30.6962]}},{"type":"Feature","properties":{"s":"Chandigarh","v":31.1},"geometry":{"type":"Point","coordinates":[76.8118,30.7151]}},{"type":"Feature","properties":{"s":"Chandigarh","v":31.1},"geometry":{"type":"Point","coordinates":[76.8279,30.7082]}},{"type":"Feature","properties":{"s":"Chandigarh","v":31.1},"geometry":{"type":"Point","coordinates":[76.8233,30.7205]}},{"type":"Feature","properties":{"s":"Chandigarh","v":31.1},"geometry":{"type":"Point","coordinates":[76.8061,30.7525]}},{"type":"Feature","properties":{"s":"Chandigarh","v":31.1},"geometry":{"type":"Point","coordinates":[76.7685,30.6881]}},{"type":"Feature","properties":{"s":"Chandigarh","v":31.1},"geometry":{"type":"Point","coordinates":[76.746,30.7176]}},{"type":"Feature","properties":{"s":"Chandigarh","v":31.1},"geometry":{"type":"Point","coordinates":[76.7351,30.7707]}},{"type":"Feature","properties":{"s":"Chandigarh","v":31.1},"geometry":{"type":"Point","coordinates":[76.765,30.7745]}},{"type":"Feature","properties":{"s":"Chandigarh","v":31.1},"geometry":{"type":"Point","coordinates":[76.827,30.7507]}},{"type":"Feature","properties":{"s":"Chandigarh","v":31.1},"geometry":{"type":"Point","coordinates":[76.7562,30.7086]}},{"type":"Feature","properties":{"s":"Chandigarh","v":31.1},"geometry":{"type":"Point","coordinates":[76.7437,30.7484]}},{"type":"Feature","properties":{"s":"Chandigarh","v":31.1},"geometry":{"type":"Point","coordinates":[76.8275,30.6986]}},{"type":"Feature","properties":{"s":"Chandigarh","v":31.1},"geometry":{"type":"Point","coordinates":[76.8254,30.6834]}},{"type":"Feature","properties":{"s":"Chandigarh","v":31.1},"geometry":{"type":"Point","coordinates":[76.7776,30.6836]}},{"type":"Feature","properties":{"s":"Chandigarh","v":31.1},"geometry":{"type":"Point","coordinates":[76.8087,30.6775]}},{"type":"Feature","properties":{"s":"Chandigarh","v":31.1},"geometry":{"type":"Point","coordinates":[76.7772,30.7609]}},{"type":"Feature","properties":{"s":"Chandigarh","v":31.1},"geometry":{"type":"Point","coordinates":[76.7695,30.7521]}},{"type":"Feature","properties":{"s":"Chandigarh","v":31.1},"geometry":{"type":"Point","coordinates":[76.7818,30.7768]}},{"type":"Feature","properties":{"s":"Chandigarh","v":31.1},"geometry":{"type":"Point","coordinates":[76.7545,30.7374]}},{"type":"Feature","properties":{"s":"Chandigarh","v":31.1},"geometry":{"type":"Point","coordinates":[76.761,30.7465]}},{"type":"Feature","properties":{"s":"Chandigarh","v":31.1},"geometry":{"type":"Point","coordinates":[76.8285,30.6891]}},{"type":"Feature","properties":{"s":"Chandigarh","v":31.1},"geometry":{"type":"Point","coordinates":[76.752,30.7434]}},{"type":"Feature","properties":{"s":"Chandigarh","v":31.1},"geometry":{"type":"Point","coordinates":[76.8097,30.7344]}},{"type":"Feature","properties":{"s":"Chandigarh","v":31.1},"geometry":{"type":"Point","coordinates":[76.8137,30.6794]}},{"type":"Feature","properties":{"s":"Chandigarh","v":31.1},"geometry":{"type":"Point","coordinates":[76.7807,30.7867]}},{"type":"Feature","properties":{"s":"Chandigarh","v":31.1},"geometry":{"type":"Point","coordinates":[76.8021,30.72]}},{"type":"Feature","properties":{"s":"Chandigarh","v":31.1},"geometry":{"type":"Point","coordinates":[76.7616,30.7008]}},{"type":"Feature","properties":{"s":"Chandigarh","v":31.1},"geometry":{"type":"Point","coordinates":[76.8321,30.7077]}},{"type":"Feature","properties":{"s":"Chandigarh","v":31.1},"geometry":{"type":"Point","coordinates":[76.788,30.7538]}},{"type":"Feature","properties":{"s":"Chandigarh","v":31.1},"geometry":{"type":"Point","coordinates":[76.7262,30.7554]}},{"type":"Feature","properties":{"s":"Chandigarh","v":31.1},"geometry":{"type":"Point","coordinates":[76.8271,30.7051]}},{"type":"Feature","properties":{"s":"Chandigarh","v":31.1},"geometry":{"type":"Point","coordinates":[76.7785,30.6989]}},{"type":"Feature","properties":{"s":"Chandigarh","v":31.1},"geometry":{"type":"Point","coordinates":[76.8256,30.7171]}},{"type":"Feature","properties":{"s":"Chandigarh","v":31.1},"geometry":{"type":"Point","coordinates":[76.7614,30.7534]}},{"type":"Feature","properties":{"s":"Chandigarh","v":31.1},"geometry":{"type":"Point","coordinates":[76.7978,30.7159]}},{"type":"Feature","properties":{"s":"Chandigarh","v":31.1},"geometry":{"type":"Point","coordinates":[76.7524,30.7007]}},{"type":"Feature","properties":{"s":"Chandigarh","v":31.1},"geometry":{"type":"Point","coordinates":[76.7517,30.7368]}},{"type":"Feature","properties":{"s":"Chandigarh","v":31.1},"geometry":{"type":"Point","coordinates":[76.7745,30.6809]}},{"type":"Feature","properties":{"s":"Chandigarh","v":31.1},"geometry":{"type":"Point","coordinates":[76.7916,30.7625]}},{"type":"Feature","properties":{"s":"Chandigarh","v":31.1},"geometry":{"type":"Point","coordinates":[76.8253,30.7051]}},{"type":"Feature","properties":{"s":"Chandigarh","v":31.1},"geometry":{"type":"Point","coordinates":[76.8276,30.7404]}},{"type":"Feature","properties":{"s":"Chandigarh","v":31.1},"geometry":{"type":"Point","coordinates":[76.7404,30.748]}},{"type":"Feature","properties":{"s":"Chandigarh","v":31.1},"geometry":{"type":"Point","coordinates":[76.7198,30.746]}},{"type":"Feature","properties":{"s":"Chandigarh","v":31.1},"geometry":{"type":"Point","coordinates":[76.7838,30.6735]}},{"type":"Feature","properties":{"s":"Chandigarh","v":31.1},"geometry":{"type":"Point","coordinates":[76.7961,30.7678]}},{"type":"Feature","properties":{"s":"Chandigarh","v":31.1},"geometry":{"type":"Point","coordinates":[76.8141,30.7247]}},{"type":"Feature","properties":{"s":"Chandigarh","v":31.1},"geometry":{"type":"Point","coordinates":[76.785,30.7378]}},{"type":"Feature","properties":{"s":"Chandigarh","v":31.1},"geometry":{"type":"Point","coordinates":[76.7949,30.7081]}},{"type":"Feature","properties":{"s":"Chandigarh","v":31.1},"geometry":{"type":"Point","coordinates":[76.8118,30.7625]}},{"type":"Feature","properties":{"s":"Chandigarh","v":31.1},"geometry":{"type":"Point","coordinates":[76.7975,30.7655]}},{"type":"Feature","properties":{"s":"Chandigarh","v":31.1},"geometry":{"type":"Point","coordinates":[76.739,30.7696]}},{"type":"Feature","properties":{"s":"Chandigarh","v":31.1},"geometry":{"type":"Point","coordinates":[76.7907,30.7557]}},{"type":"Feature","properties":{"s":"Chandigarh","v":31.1},"geometry":{"type":"Point","coordinates":[76.7515,30.7525]}},{"type":"Feature","properties":{"s":"Chandigarh","v":31.1},"geometry":{"type":"Point","coordinates":[76.7755,30.6909]}},{"type":"Feature","properties":{"s":"Chandigarh","v":31.1},"geometry":{"type":"Point","coordinates":[76.755,30.7473]}},{"type":"Feature","properties":{"s":"Chandigarh","v":31.1},"geometry":{"type":"Point","coordinates":[76.7664,30.6993]}},{"type":"Feature","properties":{"s":"Chandigarh","v":31.1},"geometry":{"type":"Point","coordinates":[76.8044,30.72]}},{"type":"Feature","properties":{"s":"Chandigarh","v":31.1},"geometry":{"type":"Point","coordinates":[76.7139,30.7513]}},{"type":"Feature","properties":{"s":"Chandigarh","v":31.1},"geometry":{"type":"Point","coordinates":[76.7886,30.6831]}},{"type":"Feature","properties":{"s":"Chandigarh","v":31.1},"geometry":{"type":"Point","coordinates":[76.7484,30.7423]}},{"type":"Feature","properties":{"s":"Chandigarh","v":31.1},"geometry":{"type":"Point","coordinates":[76.7268,30.7329]}},{"type":"Feature","properties":{"s":"Chandigarh","v":31.1},"geometry":{"type":"Point","coordinates":[76.8067,30.7469]}},{"type":"Feature","properties":{"s":"Chandigarh","v":31.1},"geometry":{"type":"Point","coordinates":[76.7809,30.7083]}},{"type":"Feature","properties":{"s":"Chandigarh","v":31.1},"geometry":{"type":"Point","coordinates":[76.8111,30.6968]}},{"type":"Feature","properties":{"s":"Chandigarh","v":31.1},"geometry":{"type":"Point","coordinates":[76.8257,30.7446]}},{"type":"Feature","properties":{"s":"Chandigarh","v":31.1},"geometry":{"type":"Point","coordinates":[76.8026,30.7387]}},{"type":"Feature","properties":{"s":"Chandigarh","v":31.1},"geometry":{"type":"Point","coordinates":[76.7312,30.7426]}},{"type":"Feature","properties":{"s":"Chandigarh","v":31.1},"geometry":{"type":"Point","coordinates":[76.7868,30.7116]}},{"type":"Feature","properties":{"s":"Chandigarh","v":31.1},"geometry":{"type":"Point","coordinates":[76.7617,30.7422]}},{"type":"Feature","properties":{"s":"Chandigarh","v":31.1},"geometry":{"type":"Point","coordinates":[76.8127,30.6988]}},{"type":"Feature","properties":{"s":"Chandigarh","v":31.1},"geometry":{"type":"Point","coordinates":[76.8093,30.7283]}},{"type":"Feature","properties":{"s":"Chandigarh","v":31.1},"geometry":{"type":"Point","coordinates":[76.8008,30.7111]}},{"type":"Feature","properties":{"s":"Chandigarh","v":31.1},"geometry":{"type":"Point","coordinates":[76.7923,30.7293]}},{"type":"Feature","properties":{"s":"Chandigarh","v":31.1},"geometry":{"type":"Point","coordinates":[76.7079,30.7558]}},{"type":"Feature","properties":{"s":"Chandigarh","v":31.1},"geometry":{"type":"Point","coordinates":[76.7654,30.6937]}},{"type":"Feature","properties":{"s":"Chandigarh","v":31.1},"geometry":{"type":"Point","coordinates":[76.8149,30.7234]}},{"type":"Feature","properties":{"s":"Chandigarh","v":31.1},"geometry":{"type":"Point","coordinates":[76.7921,30.7052]}},{"type":"Feature","properties":{"s":"Chandigarh","v":31.1},"geometry":{"type":"Point","coordinates":[76.8315,30.7586]}},{"type":"Feature","properties":{"s":"Chandigarh","v":31.1},"geometry":{"type":"Point","coordinates":[76.8022,30.6947]}},{"type":"Feature","properties":{"s":"Chandigarh","v":31.1},"geometry":{"type":"Point","coordinates":[76.7835,30.7332]}},{"type":"Feature","properties":{"s":"Chandigarh","v":31.1},"geometry":{"type":"Point","coordinates":[76.8314,30.709]}},{"type":"Feature","properties":{"s":"Chandigarh","v":31.1},"geometry":{"type":"Point","coordinates":[76.7541,30.7282]}},{"type":"Feature","properties":{"s":"Chandigarh","v":31.1},"geometry":{"type":"Point","coordinates":[76.7607,30.7557]}},{"type":"Feature","properties":{"s":"Chandigarh","v":31.1},"geometry":{"type":"Point","coordinates":[76.7854,30.7599]}},{"type":"Feature","properties":{"s":"Chandigarh","v":31.1},"geometry":{"type":"Point","coordinates":[76.8267,30.7469]}},{"type":"Feature","properties":{"s":"Chandigarh","v":31.1},"geometry":{"type":"Point","coordinates":[76.7621,30.7021]}},{"type":"Feature","properties":{"s":"Chandigarh","v":31.1},"geometry":{"type":"Point","coordinates":[76.7866,30.7727]}},{"type":"Feature","properties":{"s":"Chandigarh","v":31.1},"geometry":{"type":"Point","coordinates":[76.8025,30.6916]}},{"type":"Feature","properties":{"s":"Chandigarh","v":31.1},"geometry":{"type":"Point","coordinates":[76.7964,30.7341]}},{"type":"Feature","properties":{"s":"Chandigarh","v":31.1},"geometry":{"type":"Point","coordinates":[76.8043,30.6875]}},{"type":"Feature","properties":{"s":"Chandigarh","v":31.1},"geometry":{"type":"Point","coordinates":[76.8097,30.7006]}},{"type":"Feature","properties":{"s":"Chandigarh","v":31.1},"geometry":{"type":"Point","coordinates":[76.7653,30.7772]}},{"type":"Feature","properties":{"s":"Chandigarh","v":31.1},"geometry":{"type":"Point","coordinates":[76.735,30.7583]}},{"type":"Feature","properties":{"s":"Chandigarh","v":31.1},"geometry":{"type":"Point","coordinates":[76.8009,30.756]}},{"type":"Feature","properties":{"s":"Chandigarh","v":31.1},"geometry":{"type":"Point","coordinates":[76.8077,30.7087]}},{"type":"Feature","properties":{"s":"Chandigarh","v":31.1},"geometry":{"type":"Point","coordinates":[76.7537,30.7541]}},{"type":"Feature","properties":{"s":"Chandigarh","v":31.1},"geometry":{"type":"Point","coordinates":[76.768,30.7188]}},{"type":"Feature","properties":{"s":"Chandigarh","v":31.1},"geometry":{"type":"Point","coordinates":[76.8273,30.7553]}},{"type":"Feature","properties":{"s":"Chandigarh","v":31.1},"geometry":{"type":"Point","coordinates":[76.8237,30.7285]}},{"type":"Feature","properties":{"s":"Chandigarh","v":31.1},"geometry":{"type":"Point","coordinates":[76.828,30.7138]}},{"type":"Feature","properties":{"s":"Chandigarh","v":31.1},"geometry":{"type":"Point","coordinates":[76.7541,30.7466]}},{"type":"Feature","properties":{"s":"Chandigarh","v":31.1},"geometry":{"type":"Point","coordinates":[76.8076,30.7507]}},{"type":"Feature","properties":{"s":"Chandigarh","v":31.1},"geometry":{"type":"Point","coordinates":[76.724,30.758]}},{"type":"Feature","properties":{"s":"Chandigarh","v":31.1},"geometry":{"type":"Point","coordinates":[76.7826,30.6852]}},{"type":"Feature","properties":{"s":"Chandigarh","v":31.1},"geometry":{"type":"Point","coordinates":[76.8019,30.7708]}},{"type":"Feature","properties":{"s":"Chandigarh","v":31.1},"geometry":{"type":"Point","coordinates":[76.8042,30.7056]}},{"type":"Feature","properties":{"s":"Chandigarh","v":31.1},"geometry":{"type":"Point","coordinates":[76.7823,30.7048]}},{"type":"Feature","properties":{"s":"Chandigarh","v":31.1},"geometry":{"type":"Point","coordinates":[76.7655,30.7362]}},{"type":"Feature","properties":{"s":"Chandigarh","v":31.1},"geometry":{"type":"Point","coordinates":[76.7614,30.7169]}},{"type":"Feature","properties":{"s":"Chandigarh","v":31.1},"geometry":{"type":"Point","coordinates":[76.7392,30.7612]}},{"type":"Feature","properties":{"s":"Chandigarh","v":31.1},"geometry":{"type":"Point","coordinates":[76.7964,30.7246]}},{"type":"Feature","properties":{"s":"Chandigarh","v":31.1},"geometry":{"type":"Point","coordinates":[76.8317,30.7079]}},{"type":"Feature","properties":{"s":"Chandigarh","v":31.1},"geometry":{"type":"Point","coordinates":[76.8104,30.6873]}},{"type":"Feature","properties":{"s":"Chandigarh","v":31.1},"geometry":{"type":"Point","coordinates":[76.7875,30.7646]}},{"type":"Feature","properties":{"s":"Chandigarh","v":31.1},"geometry":{"type":"Point","coordinates":[76.7555,30.7786]}},{"type":"Feature","properties":{"s":"Chandigarh","v":31.1},"geometry":{"type":"Point","coordinates":[76.7466,30.763]}},{"type":"Feature","properties":{"s":"Chandigarh","v":31.1},"geometry":{"type":"Point","coordinates":[76.7872,30.7541]}},{"type":"Feature","properties":{"s":"Chandigarh","v":31.1},"geometry":{"type":"Point","coordinates":[76.8318,30.7386]}},{"type":"Feature","properties":{"s":"Chandigarh","v":31.1},"geometry":{"type":"Point","coordinates":[76.8112,30.7656]}},{"type":"Feature","properties":{"s":"Chandigarh","v":31.1},"geometry":{"type":"Point","coordinates":[76.8184,30.7094]}},{"type":"Feature","properties":{"s":"Chandigarh","v":31.1},"geometry":{"type":"Point","coordinates":[76.7658,30.6838]}},{"type":"Feature","properties":{"s":"Chandigarh","v":31.1},"geometry":{"type":"Point","coordinates":[76.7797,30.7122]}},{"type":"Feature","properties":{"s":"Chandigarh","v":31.1},"geometry":{"type":"Point","coordinates":[76.7891,30.7346]}},{"type":"Feature","properties":{"s":"Chandigarh","v":31.1},"geometry":{"type":"Point","coordinates":[76.8001,30.7659]}},{"type":"Feature","properties":{"s":"Chandigarh","v":31.1},"geometry":{"type":"Point","coordinates":[76.7847,30.7468]}},{"type":"Feature","properties":{"s":"Chandigarh","v":31.1},"geometry":{"type":"Point","coordinates":[76.8142,30.7212]}},{"type":"Feature","properties":{"s":"Chandigarh","v":31.1},"geometry":{"type":"Point","coordinates":[76.7937,30.7447]}},{"type":"Feature","properties":{"s":"Chandigarh","v":31.1},"geometry":{"type":"Point","coordinates":[76.8028,30.715]}},{"type":"Feature","properties":{"s":"Chandigarh","v":31.1},"geometry":{"type":"Point","coordinates":[76.7825,30.7737]}},{"type":"Feature","properties":{"s":"Chandigarh","v":31.1},"geometry":{"type":"Point","coordinates":[76.7614,30.7827]}},{"type":"Feature","properties":{"s":"Chandigarh","v":31.1},"geometry":{"type":"Point","coordinates":[76.7665,30.7404]}},{"type":"Feature","properties":{"s":"Chandigarh","v":31.1},"geometry":{"type":"Point","coordinates":[76.7836,30.7291]}},{"type":"Feature","properties":{"s":"Chandigarh","v":31.1},"geometry":{"type":"Point","coordinates":[76.8031,30.6844]}},{"type":"Feature","properties":{"s":"Chandigarh","v":31.1},"geometry":{"type":"Point","coordinates":[76.7116,30.7546]}},{"type":"Feature","properties":{"s":"Chandigarh","v":31.1},"geometry":{"type":"Point","coordinates":[76.7195,30.7523]}},{"type":"Feature","properties":{"s":"Chandigarh","v":31.1},"geometry":{"type":"Point","coordinates":[76.7711,30.7155]}},{"type":"Feature","properties":{"s":"Chandigarh","v":31.1},"geometry":{"type":"Point","coordinates":[76.7428,30.7566]}},{"type":"Feature","properties":{"s":"Chandigarh","v":31.1},"geometry":{"type":"Point","coordinates":[76.7509,30.7493]}},{"type":"Feature","properties":{"s":"Chandigarh","v":31.1},"geometry":{"type":"Point","coordinates":[76.8087,30.7107]}},{"type":"Feature","properties":{"s":"Chandigarh","v":31.1},"geometry":{"type":"Point","coordinates":[76.775,30.729]}},{"type":"Feature","properties":{"s":"Chandigarh","v":31.1},"geometry":{"type":"Point","coordinates":[76.7253,30.7425]}},{"type":"Feature","properties":{"s":"Chandigarh","v":31.1},"geometry":{"type":"Point","coordinates":[76.7446,30.7094]}},{"type":"Feature","properties":{"s":"Chandigarh","v":31.1},"geometry":{"type":"Point","coordinates":[76.7978,30.7056]}},{"type":"Feature","properties":{"s":"Chandigarh","v":31.1},"geometry":{"type":"Point","coordinates":[76.7743,30.6964]}},{"type":"Feature","properties":{"s":"Chandigarh","v":31.1},"geometry":{"type":"Point","coordinates":[76.7744,30.7695]}},{"type":"Feature","properties":{"s":"Chandigarh","v":31.1},"geometry":{"type":"Point","coordinates":[76.8085,30.6813]}},{"type":"Feature","properties":{"s":"Chandigarh","v":31.1},"geometry":{"type":"Point","coordinates":[76.7402,30.7211]}},{"type":"Feature","properties":{"s":"Chandigarh","v":31.1},"geometry":{"type":"Point","coordinates":[76.7942,30.7112]}},{"type":"Feature","properties":{"s":"Chandigarh","v":31.1},"geometry":{"type":"Point","coordinates":[76.7591,30.727]}},{"type":"Feature","properties":{"s":"Chandigarh","v":31.1},"geometry":{"type":"Point","coordinates":[76.7912,30.7454]}},{"type":"Feature","properties":{"s":"Chandigarh","v":31.1},"geometry":{"type":"Point","coordinates":[76.7857,30.6868]}},{"type":"Feature","properties":{"s":"Chandigarh","v":31.1},"geometry":{"type":"Point","coordinates":[76.7682,30.7451]}},{"type":"Feature","properties":{"s":"Chandigarh","v":31.1},"geometry":{"type":"Point","coordinates":[76.765,30.7383]}},{"type":"Feature","properties":{"s":"Chandigarh","v":31.1},"geometry":{"type":"Point","coordinates":[76.7613,30.7437]}},{"type":"Feature","properties":{"s":"Chandigarh","v":31.1},"geometry":{"type":"Point","coordinates":[76.7559,30.7582]}},{"type":"Feature","properties":{"s":"Chandigarh","v":31.1},"geometry":{"type":"Point","coordinates":[76.7771,30.7245]}},{"type":"Feature","properties":{"s":"Chandigarh","v":31.1},"geometry":{"type":"Point","coordinates":[76.8257,30.7273]}},{"type":"Feature","properties":{"s":"Chandigarh","v":31.1},"geometry":{"type":"Point","coordinates":[76.7811,30.7557]}},{"type":"Feature","properties":{"s":"Chandigarh","v":31.1},"geometry":{"type":"Point","coordinates":[76.8309,30.7218]}},{"type":"Feature","properties":{"s":"Chandigarh","v":31.1},"geometry":{"type":"Point","coordinates":[76.7709,30.7231]}},{"type":"Feature","properties":{"s":"Chandigarh","v":31.1},"geometry":{"type":"Point","coordinates":[76.7846,30.6903]}},{"type":"Feature","properties":{"s":"Chandigarh","v":31.1},"geometry":{"type":"Point","coordinates":[76.7874,30.6864]}},{"type":"Feature","properties":{"s":"Chandigarh","v":31.1},"geometry":{"type":"Point","coordinates":[76.814,30.7433]}},{"type":"Feature","properties":{"s":"Chandigarh","v":31.1},"geometry":{"type":"Point","coordinates":[76.7643,30.7125]}},{"type":"Feature","properties":{"s":"Chandigarh","v":31.1},"geometry":{"type":"Point","coordinates":[76.7137,30.7477]}},{"type":"Feature","properties":{"s":"Chandigarh","v":31.1},"geometry":{"type":"Point","coordinates":[76.7961,30.7561]}},{"type":"Feature","properties":{"s":"Chandigarh","v":31.1},"geometry":{"type":"Point","coordinates":[76.815,30.7662]}},{"type":"Feature","properties":{"s":"Chandigarh","v":31.1},"geometry":{"type":"Point","coordinates":[76.7707,30.7366]}},{"type":"Feature","properties":{"s":"Chandigarh","v":31.1},"geometry":{"type":"Point","coordinates":[76.7639,30.76]}},{"type":"Feature","properties":{"s":"Chandigarh","v":31.1},"geometry":{"type":"Point","coordinates":[76.7932,30.7117]}},{"type":"Feature","properties":{"s":"Chandigarh","v":31.1},"geometry":{"type":"Point","coordinates":[76.7827,30.7659]}},{"type":"Feature","properties":{"s":"Chandigarh","v":31.1},"geometry":{"type":"Point","coordinates":[76.7348,30.7392]}},{"type":"Feature","properties":{"s":"Chandigarh","v":31.1},"geometry":{"type":"Point","coordinates":[76.7651,30.7324]}},{"type":"Feature","properties":{"s":"Chandigarh","v":31.1},"geometry":{"type":"Point","coordinates":[76.8011,30.755]}},{"type":"Feature","properties":{"s":"Chandigarh","v":31.1},"geometry":{"type":"Point","coordinates":[76.808,30.714]}},{"type":"Feature","properties":{"s":"Chandigarh","v":31.1},"geometry":{"type":"Point","coordinates":[76.8238,30.7003]}},{"type":"Feature","properties":{"s":"Chandigarh","v":31.1},"geometry":{"type":"Point","coordinates":[76.8099,30.7114]}},{"type":"Feature","properties":{"s":"Chandigarh","v":31.1},"geometry":{"type":"Point","coordinates":[76.7423,30.7733]}},{"type":"Feature","properties":{"s":"Chandigarh","v":31.1},"geometry":{"type":"Point","coordinates":[76.7804,30.7475]}},{"type":"Feature","properties":{"s":"Chandigarh","v":31.1},"geometry":{"type":"Point","coordinates":[76.8215,30.6866]}},{"type":"Feature","properties":{"s":"Chandigarh","v":31.1},"geometry":{"type":"Point","coordinates":[76.818,30.7356]}},{"type":"Feature","properties":{"s":"Chandigarh","v":31.1},"geometry":{"type":"Point","coordinates":[76.7209,30.7638]}},{"type":"Feature","properties":{"s":"Chandigarh","v":31.1},"geometry":{"type":"Point","coordinates":[76.8353,30.7453]}},{"type":"Feature","properties":{"s":"Chandigarh","v":31.1},"geometry":{"type":"Point","coordinates":[76.812,30.7529]}},{"type":"Feature","properties":{"s":"Chandigarh","v":31.1},"geometry":{"type":"Point","coordinates":[76.7983,30.7323]}},{"type":"Feature","properties":{"s":"Chandigarh","v":31.1},"geometry":{"type":"Point","coordinates":[76.8053,30.6808]}},{"type":"Feature","properties":{"s":"Chandigarh","v":31.1},"geometry":{"type":"Point","coordinates":[76.7214,30.7422]}},{"type":"Feature","properties":{"s":"Chandigarh","v":31.1},"geometry":{"type":"Point","coordinates":[76.725,30.7611]}},{"type":"Feature","properties":{"s":"Chandigarh","v":31.1},"geometry":{"type":"Point","coordinates":[76.7547,30.7177]}},{"type":"Feature","properties":{"s":"Chandigarh","v":31.1},"geometry":{"type":"Point","coordinates":[76.7278,30.7483]}},{"type":"Feature","properties":{"s":"Chandigarh","v":31.1},"geometry":{"type":"Point","coordinates":[76.7975,30.7709]}},{"type":"Feature","properties":{"s":"Chandigarh","v":31.1},"geometry":{"type":"Point","coordinates":[76.7825,30.7037]}},{"type":"Feature","properties":{"s":"Chandigarh","v":31.1},"geometry":{"type":"Point","coordinates":[76.7891,30.7033]}},{"type":"Feature","properties":{"s":"Chandigarh","v":31.1},"geometry":{"type":"Point","coordinates":[76.8145,30.7555]}},{"type":"Feature","properties":{"s":"Chandigarh","v":31.1},"geometry":{"type":"Point","coordinates":[76.7697,30.7389]}},{"type":"Feature","properties":{"s":"Chandigarh","v":31.1},"geometry":{"type":"Point","coordinates":[76.7797,30.7701]}},{"type":"Feature","properties":{"s":"Chandigarh","v":31.1},"geometry":{"type":"Point","coordinates":[76.71,30.7549]}},{"type":"Feature","properties":{"s":"Chandigarh","v":31.1},"geometry":{"type":"Point","coordinates":[76.8337,30.7287]}},{"type":"Feature","properties":{"s":"Chandigarh","v":31.1},"geometry":{"type":"Point","coordinates":[76.8048,30.7184]}},{"type":"Feature","properties":{"s":"Chandigarh","v":31.1},"geometry":{"type":"Point","coordinates":[76.7345,30.7333]}},{"type":"Feature","properties":{"s":"Chandigarh","v":31.1},"geometry":{"type":"Point","coordinates":[76.7606,30.7386]}},{"type":"Feature","properties":{"s":"Chandigarh","v":31.1},"geometry":{"type":"Point","coordinates":[76.787,30.7274]}},{"type":"Feature","properties":{"s":"Chandigarh","v":31.1},"geometry":{"type":"Point","coordinates":[76.7448,30.7248]}},{"type":"Feature","properties":{"s":"Chandigarh","v":31.1},"geometry":{"type":"Point","coordinates":[76.7894,30.7228]}},{"type":"Feature","properties":{"s":"Chandigarh","v":31.1},"geometry":{"type":"Point","coordinates":[76.7767,30.6734]}},{"type":"Feature","properties":{"s":"Chandigarh","v":31.1},"geometry":{"type":"Point","coordinates":[76.757,30.6959]}},{"type":"Feature","properties":{"s":"Chandigarh","v":31.1},"geometry":{"type":"Point","coordinates":[76.7491,30.7091]}},{"type":"Feature","properties":{"s":"Chandigarh","v":31.1},"geometry":{"type":"Point","coordinates":[76.7545,30.7811]}},{"type":"Feature","properties":{"s":"Chandigarh","v":31.1},"geometry":{"type":"Point","coordinates":[76.77,30.7785]}},{"type":"Feature","properties":{"s":"Chandigarh","v":31.1},"geometry":{"type":"Point","coordinates":[76.8178,30.7115]}},{"type":"Feature","properties":{"s":"Chandigarh","v":31.1},"geometry":{"type":"Point","coordinates":[76.7754,30.7351]}},{"type":"Feature","properties":{"s":"Chandigarh","v":31.1},"geometry":{"type":"Point","coordinates":[76.7786,30.7796]}},{"type":"Feature","properties":{"s":"Chandigarh","v":31.1},"geometry":{"type":"Point","coordinates":[76.7651,30.7743]}},{"type":"Feature","properties":{"s":"Chandigarh","v":31.1},"geometry":{"type":"Point","coordinates":[76.7785,30.766]}},{"type":"Feature","properties":{"s":"Chandigarh","v":31.1},"geometry":{"type":"Point","coordinates":[76.8027,30.6897]}},{"type":"Feature","properties":{"s":"Chandigarh","v":31.1},"geometry":{"type":"Point","coordinates":[76.8196,30.7026]}},{"type":"Feature","properties":{"s":"Chandigarh","v":31.1},"geometry":{"type":"Point","coordinates":[76.7805,30.72]}},{"type":"Feature","properties":{"s":"Chandigarh","v":31.1},"geometry":{"type":"Point","coordinates":[76.7668,30.7181]}},{"type":"Feature","properties":{"s":"Chandigarh","v":31.1},"geometry":{"type":"Point","coordinates":[76.786,30.7393]}},{"type":"Feature","properties":{"s":"Chandigarh","v":31.1},"geometry":{"type":"Point","coordinates":[76.7458,30.7282]}},{"type":"Feature","properties":{"s":"Chandigarh","v":31.1},"geometry":{"type":"Point","coordinates":[76.8276,30.747]}},{"type":"Feature","properties":{"s":"Chandigarh","v":31.1},"geometry":{"type":"Point","coordinates":[76.7961,30.6944]}},{"type":"Feature","properties":{"s":"Chandigarh","v":31.1},"geometry":{"type":"Point","coordinates":[76.7817,30.7463]}},{"type":"Feature","properties":{"s":"Chandigarh","v":31.1},"geometry":{"type":"Point","coordinates":[76.7986,30.6836]}},{"type":"Feature","properties":{"s":"Chandigarh","v":31.1},"geometry":{"type":"Point","coordinates":[76.7704,30.7466]}},{"type":"Feature","properties":{"s":"Chandigarh","v":31.1},"geometry":{"type":"Point","coordinates":[76.7642,30.7126]}},{"type":"Feature","properties":{"s":"Chandigarh","v":31.1},"geometry":{"type":"Point","coordinates":[76.7996,30.7087]}},{"type":"Feature","properties":{"s":"Chandigarh","v":31.1},"geometry":{"type":"Point","coordinates":[76.768,30.7728]}},{"type":"Feature","properties":{"s":"Chandigarh","v":31.1},"geometry":{"type":"Point","coordinates":[76.7879,30.7054]}},{"type":"Feature","properties":{"s":"Chandigarh","v":31.1},"geometry":{"type":"Point","coordinates":[76.823,30.7096]}},{"type":"Feature","properties":{"s":"Chandigarh","v":31.1},"geometry":{"type":"Point","coordinates":[76.8109,30.75]}},{"type":"Feature","properties":{"s":"Chandigarh","v":31.1},"geometry":{"type":"Point","coordinates":[76.8284,30.7123]}},{"type":"Feature","properties":{"s":"Chandigarh","v":31.1},"geometry":{"type":"Point","coordinates":[76.7103,30.7509]}},{"type":"Feature","properties":{"s":"Chandigarh","v":31.1},"geometry":{"type":"Point","coordinates":[76.7613,30.7494]}},{"type":"Feature","properties":{"s":"Chandigarh","v":31.1},"geometry":{"type":"Point","coordinates":[76.7683,30.728]}},{"type":"Feature","properties":{"s":"Chandigarh","v":31.1},"geometry":{"type":"Point","coordinates":[76.7777,30.6971]}},{"type":"Feature","properties":{"s":"Chandigarh","v":31.1},"geometry":{"type":"Point","coordinates":[76.7477,30.751]}},{"type":"Feature","properties":{"s":"Chandigarh","v":31.1},"geometry":{"type":"Point","coordinates":[76.7664,30.7578]}},{"type":"Feature","properties":{"s":"Chandigarh","v":31.1},"geometry":{"type":"Point","coordinates":[76.7368,30.7316]}},{"type":"Feature","properties":{"s":"Chandigarh","v":31.1},"geometry":{"type":"Point","coordinates":[76.7596,30.6918]}},{"type":"Feature","properties":{"s":"Chandigarh","v":31.1},"geometry":{"type":"Point","coordinates":[76.7544,30.7659]}},{"type":"Feature","properties":{"s":"Chandigarh","v":31.1},"geometry":{"type":"Point","coordinates":[76.7794,30.7529]}},{"type":"Feature","properties":{"s":"Chandigarh","v":31.1},"geometry":{"type":"Point","coordinates":[76.8147,30.7067]}},{"type":"Feature","properties":{"s":"Chandigarh","v":31.1},"geometry":{"type":"Point","coordinates":[76.7788,30.7585]}},{"type":"Feature","properties":{"s":"Chandigarh","v":31.1},"geometry":{"type":"Point","coordinates":[76.7312,30.7677]}},{"type":"Feature","properties":{"s":"Chandigarh","v":31.1},"geometry":{"type":"Point","coordinates":[76.7647,30.7132]}},{"type":"Feature","properties":{"s":"Chandigarh","v":31.1},"geometry":{"type":"Point","coordinates":[76.7602,30.7316]}},{"type":"Feature","properties":{"s":"Chandigarh","v":31.1},"geometry":{"type":"Point","coordinates":[76.7629,30.7744]}},{"type":"Feature","properties":{"s":"Chandigarh","v":31.1},"geometry":{"type":"Point","coordinates":[76.7271,30.7638]}},{"type":"Feature","properties":{"s":"Chandigarh","v":31.1},"geometry":{"type":"Point","coordinates":[76.7903,30.6954]}},{"type":"Feature","properties":{"s":"Chandigarh","v":31.1},"geometry":{"type":"Point","coordinates":[76.7327,30.7655]}},{"type":"Feature","properties":{"s":"Chandigarh","v":31.1},"geometry":{"type":"Point","coordinates":[76.8311,30.6978]}},{"type":"Feature","properties":{"s":"Chandigarh","v":31.1},"geometry":{"type":"Point","coordinates":[76.7745,30.7066]}},{"type":"Feature","properties":{"s":"Chandigarh","v":31.1},"geometry":{"type":"Point","coordinates":[76.8169,30.7337]}},{"type":"Feature","properties":{"s":"Chandigarh","v":31.1},"geometry":{"type":"Point","coordinates":[76.8234,30.747]}},{"type":"Feature","properties":{"s":"Chandigarh","v":31.1},"geometry":{"type":"Point","coordinates":[76.829,30.6826]}},{"type":"Feature","properties":{"s":"Chandigarh","v":31.1},"geometry":{"type":"Point","coordinates":[76.7791,30.788]}},{"type":"Feature","properties":{"s":"Chandigarh","v":31.1},"geometry":{"type":"Point","coordinates":[76.7751,30.7837]}},{"type":"Feature","properties":{"s":"Chandigarh","v":31.1},"geometry":{"type":"Point","coordinates":[76.8151,30.7069]}},{"type":"Feature","properties":{"s":"Chandigarh","v":31.1},"geometry":{"type":"Point","coordinates":[76.7743,30.769]}},{"type":"Feature","properties":{"s":"Chandigarh","v":31.1},"geometry":{"type":"Point","coordinates":[76.7536,30.764]}},{"type":"Feature","properties":{"s":"Chandigarh","v":31.1},"geometry":{"type":"Point","coordinates":[76.7697,30.7377]}},{"type":"Feature","properties":{"s":"Chandigarh","v":31.1},"geometry":{"type":"Point","coordinates":[76.7959,30.6955]}},{"type":"Feature","properties":{"s":"Chandigarh","v":31.1},"geometry":{"type":"Point","coordinates":[76.7519,30.7586]}},{"type":"Feature","properties":{"s":"Chandigarh","v":31.1},"geometry":{"type":"Point","coordinates":[76.7718,30.6991]}},{"type":"Feature","properties":{"s":"Chandigarh","v":31.1},"geometry":{"type":"Point","coordinates":[76.8173,30.7462]}},{"type":"Feature","properties":{"s":"Chandigarh","v":31.1},"geometry":{"type":"Point","coordinates":[76.7298,30.7322]}},{"type":"Feature","properties":{"s":"Chandigarh","v":31.1},"geometry":{"type":"Point","coordinates":[76.7734,30.7416]}},{"type":"Feature","properties":{"s":"Chandigarh","v":31.1},"geometry":{"type":"Point","coordinates":[76.7982,30.7243]}},{"type":"Feature","properties":{"s":"Chandigarh","v":31.1},"geometry":{"type":"Point","coordinates":[76.7946,30.7786]}},{"type":"Feature","properties":{"s":"Chandigarh","v":31.1},"geometry":{"type":"Point","coordinates":[76.7331,30.7346]}},{"type":"Feature","properties":{"s":"Chandigarh","v":31.1},"geometry":{"type":"Point","coordinates":[76.7441,30.7719]}},{"type":"Feature","properties":{"s":"Chandigarh","v":31.1},"geometry":{"type":"Point","coordinates":[76.79,30.7173]}},{"type":"Feature","properties":{"s":"Chandigarh","v":31.1},"geometry":{"type":"Point","coordinates":[76.7589,30.7001]}},{"type":"Feature","properties":{"s":"Chandigarh","v":31.1},"geometry":{"type":"Point","coordinates":[76.7665,30.7202]}},{"type":"Feature","properties":{"s":"Chandigarh","v":31.1},"geometry":{"type":"Point","coordinates":[76.7919,30.6867]}},{"type":"Feature","properties":{"s":"Chandigarh","v":31.1},"geometry":{"type":"Point","coordinates":[76.8167,30.7495]}},{"type":"Feature","properties":{"s":"Chandigarh","v":31.1},"geometry":{"type":"Point","coordinates":[76.7655,30.7135]}},{"type":"Feature","properties":{"s":"Chandigarh","v":31.1},"geometry":{"type":"Point","coordinates":[76.8298,30.7092]}},{"type":"Feature","properties":{"s":"Chandigarh","v":31.1},"geometry":{"type":"Point","coordinates":[76.7507,30.7022]}},{"type":"Feature","properties":{"s":"Chandigarh","v":31.1},"geometry":{"type":"Point","coordinates":[76.7677,30.7452]}},{"type":"Feature","properties":{"s":"Chandigarh","v":31.1},"geometry":{"type":"Point","coordinates":[76.8042,30.7627]}},{"type":"Feature","properties":{"s":"Chandigarh","v":31.1},"geometry":{"type":"Point","coordinates":[76.8317,30.755]}},{"type":"Feature","properties":{"s":"Chandigarh","v":31.1},"geometry":{"type":"Point","coordinates":[76.7272,30.7607]}},{"type":"Feature","properties":{"s":"Chandigarh","v":31.1},"geometry":{"type":"Point","coordinates":[76.8109,30.715]}},{"type":"Feature","properties":{"s":"Chandigarh","v":31.1},"geometry":{"type":"Point","coordinates":[76.7733,30.6984]}},{"type":"Feature","properties":{"s":"Chandigarh","v":31.1},"geometry":{"type":"Point","coordinates":[76.7743,30.7386]}},{"type":"Feature","properties":{"s":"Chandigarh","v":31.1},"geometry":{"type":"Point","coordinates":[76.7769,30.7872]}},{"type":"Feature","properties":{"s":"Chandigarh","v":31.1},"geometry":{"type":"Point","coordinates":[76.7846,30.699]}},{"type":"Feature","properties":{"s":"Chandigarh","v":31.1},"geometry":{"type":"Point","coordinates":[76.7889,30.6751]}},{"type":"Feature","properties":{"s":"Chandigarh","v":31.1},"geometry":{"type":"Point","coordinates":[76.7625,30.7564]}},{"type":"Feature","properties":{"s":"Chandigarh","v":31.1},"geometry":{"type":"Point","coordinates":[76.781,30.7565]}},{"type":"Feature","properties":{"s":"Chandigarh","v":31.1},"geometry":{"type":"Point","coordinates":[76.7926,30.7303]}},{"type":"Feature","properties":{"s":"Chandigarh","v":31.1},"geometry":{"type":"Point","coordinates":[76.8257,30.6911]}},{"type":"Feature","properties":{"s":"Chandigarh","v":31.1},"geometry":{"type":"Point","coordinates":[76.8147,30.7655]}},{"type":"Feature","properties":{"s":"Chandigarh","v":31.1},"geometry":{"type":"Point","coordinates":[76.7985,30.7161]}},{"type":"Feature","properties":{"s":"Chandigarh","v":31.1},"geometry":{"type":"Point","coordinates":[76.7843,30.7078]}},{"type":"Feature","properties":{"s":"Chhattisgarh","v":4.1},"geometry":{"type":"Point","coordinates":[83.4684,23.6332]}},{"type":"Feature","properties":{"s":"Chhattisgarh","v":4.1},"geometry":{"type":"Point","coordinates":[81.311,20.2099]}},{"type":"Feature","properties":{"s":"Chhattisgarh","v":4.1},"geometry":{"type":"Point","coordinates":[81.4557,22.3187]}},{"type":"Feature","properties":{"s":"Chhattisgarh","v":4.1},"geometry":{"type":"Point","coordinates":[81.9947,20.1478]}},{"type":"Feature","properties":{"s":"Chhattisgarh","v":4.1},"geometry":{"type":"Point","coordinates":[81.2071,19.5818]}},{"type":"Feature","properties":{"s":"Chhattisgarh","v":4.1},"geometry":{"type":"Point","coordinates":[81.012,18.3495]}},{"type":"Feature","properties":{"s":"Chhattisgarh","v":4.1},"geometry":{"type":"Point","coordinates":[81.3443,22.2482]}},{"type":"Feature","properties":{"s":"Chhattisgarh","v":4.1},"geometry":{"type":"Point","coordinates":[80.7642,19.6024]}},{"type":"Feature","properties":{"s":"Chhattisgarh","v":4.1},"geometry":{"type":"Point","coordinates":[81.1824,19.6542]}},{"type":"Feature","properties":{"s":"Chhattisgarh","v":4.1},"geometry":{"type":"Point","coordinates":[82.7878,23.1801]}},{"type":"Feature","properties":{"s":"Chhattisgarh","v":4.1},"geometry":{"type":"Point","coordinates":[82.5745,21.7722]}},{"type":"Feature","properties":{"s":"Chhattisgarh","v":4.1},"geometry":{"type":"Point","coordinates":[81.479,18.4189]}},{"type":"Feature","properties":{"s":"Chhattisgarh","v":4.1},"geometry":{"type":"Point","coordinates":[81.3975,19.3031]}},{"type":"Feature","properties":{"s":"Chhattisgarh","v":4.1},"geometry":{"type":"Point","coordinates":[81.3066,21.2719]}},{"type":"Feature","properties":{"s":"Chhattisgarh","v":4.1},"geometry":{"type":"Point","coordinates":[80.4959,20.1398]}},{"type":"Feature","properties":{"s":"Chhattisgarh","v":4.1},"geometry":{"type":"Point","coordinates":[81.3351,22.3755]}},{"type":"Feature","properties":{"s":"Chhattisgarh","v":4.1},"geometry":{"type":"Point","coordinates":[83.3629,21.8732]}},{"type":"Feature","properties":{"s":"Chhattisgarh","v":4.1},"geometry":{"type":"Point","coordinates":[81.4091,19.2641]}},{"type":"Feature","properties":{"s":"Chhattisgarh","v":4.1},"geometry":{"type":"Point","coordinates":[82.5898,23.7004]}},{"type":"Feature","properties":{"s":"Chhattisgarh","v":4.1},"geometry":{"type":"Point","coordinates":[82.8186,22.6999]}},{"type":"Feature","properties":{"s":"Chhattisgarh","v":4.1},"geometry":{"type":"Point","coordinates":[82.8633,21.2776]}},{"type":"Feature","properties":{"s":"Chhattisgarh","v":4.1},"geometry":{"type":"Point","coordinates":[82.2189,23.1405]}},{"type":"Feature","properties":{"s":"Chhattisgarh","v":4.1},"geometry":{"type":"Point","coordinates":[82.9803,21.4103]}},{"type":"Feature","properties":{"s":"Chhattisgarh","v":4.1},"geometry":{"type":"Point","coordinates":[82.5317,21.4019]}},{"type":"Feature","properties":{"s":"Chhattisgarh","v":4.1},"geometry":{"type":"Point","coordinates":[81.3156,20.1166]}},{"type":"Feature","properties":{"s":"Chhattisgarh","v":4.1},"geometry":{"type":"Point","coordinates":[81.2052,21.0509]}},{"type":"Feature","properties":{"s":"Chhattisgarh","v":4.1},"geometry":{"type":"Point","coordinates":[81.8747,20.6755]}},{"type":"Feature","properties":{"s":"Chhattisgarh","v":4.1},"geometry":{"type":"Point","coordinates":[83.7518,22.7975]}},{"type":"Feature","properties":{"s":"Chhattisgarh","v":4.1},"geometry":{"type":"Point","coordinates":[82.0148,18.7766]}},{"type":"Feature","properties":{"s":"Chhattisgarh","v":4.1},"geometry":{"type":"Point","coordinates":[82.0863,22.4423]}},{"type":"Feature","properties":{"s":"Chhattisgarh","v":4.1},"geometry":{"type":"Point","coordinates":[83.1183,22.7397]}},{"type":"Feature","properties":{"s":"Chhattisgarh","v":4.1},"geometry":{"type":"Point","coordinates":[81.5447,20.7869]}},{"type":"Feature","properties":{"s":"Chhattisgarh","v":4.1},"geometry":{"type":"Point","coordinates":[80.6249,20.0782]}},{"type":"Feature","properties":{"s":"Chhattisgarh","v":4.1},"geometry":{"type":"Point","coordinates":[81.975,21.8955]}},{"type":"Feature","properties":{"s":"Chhattisgarh","v":4.1},"geometry":{"type":"Point","coordinates":[83.3276,22.7339]}},{"type":"Feature","properties":{"s":"Chhattisgarh","v":4.1},"geometry":{"type":"Point","coordinates":[82.0518,19.3009]}},{"type":"Feature","properties":{"s":"Chhattisgarh","v":4.1},"geometry":{"type":"Point","coordinates":[82.202,23.3653]}},{"type":"Feature","properties":{"s":"Chhattisgarh","v":4.1},"geometry":{"type":"Point","coordinates":[81.8837,18.6026]}},{"type":"Feature","properties":{"s":"Chhattisgarh","v":4.1},"geometry":{"type":"Point","coordinates":[83.6175,23.2365]}},{"type":"Feature","properties":{"s":"Chhattisgarh","v":4.1},"geometry":{"type":"Point","coordinates":[80.6685,20.552]}},{"type":"Feature","properties":{"s":"Chhattisgarh","v":4.1},"geometry":{"type":"Point","coordinates":[80.7148,19.1712]}},{"type":"Feature","properties":{"s":"Chhattisgarh","v":4.1},"geometry":{"type":"Point","coordinates":[81.395,21.0626]}},{"type":"Feature","properties":{"s":"Chhattisgarh","v":4.1},"geometry":{"type":"Point","coordinates":[82.1182,21.5552]}},{"type":"Feature","properties":{"s":"Chhattisgarh","v":4.1},"geometry":{"type":"Point","coordinates":[81.5862,20.1887]}},{"type":"Feature","properties":{"s":"Chhattisgarh","v":4.1},"geometry":{"type":"Point","coordinates":[81.1096,18.4011]}},{"type":"Feature","properties":{"s":"Chhattisgarh","v":4.1},"geometry":{"type":"Point","coordinates":[83.3334,21.6101]}},{"type":"Feature","properties":{"s":"Chhattisgarh","v":4.1},"geometry":{"type":"Point","coordinates":[82.1378,20.3602]}},{"type":"Feature","properties":{"s":"Chhattisgarh","v":4.1},"geometry":{"type":"Point","coordinates":[82.752,21.4978]}},{"type":"Feature","properties":{"s":"Chhattisgarh","v":4.1},"geometry":{"type":"Point","coordinates":[81.1582,17.9268]}},{"type":"Feature","properties":{"s":"Chhattisgarh","v":4.1},"geometry":{"type":"Point","coordinates":[81.3318,21.1636]}},{"type":"Feature","properties":{"s":"Chhattisgarh","v":4.1},"geometry":{"type":"Point","coordinates":[83.3184,23.0168]}},{"type":"Feature","properties":{"s":"Chhattisgarh","v":4.1},"geometry":{"type":"Point","coordinates":[81.5618,20.7495]}},{"type":"Feature","properties":{"s":"Chhattisgarh","v":4.1},"geometry":{"type":"Point","coordinates":[81.6284,20.848]}},{"type":"Feature","properties":{"s":"Chhattisgarh","v":4.1},"geometry":{"type":"Point","coordinates":[80.5886,18.935]}},{"type":"Feature","properties":{"s":"Chhattisgarh","v":4.1},"geometry":{"type":"Point","coordinates":[80.9425,21.4395]}},{"type":"Feature","properties":{"s":"Chhattisgarh","v":4.1},"geometry":{"type":"Point","coordinates":[81.1967,18.9265]}},{"type":"Feature","properties":{"s":"Chhattisgarh","v":4.1},"geometry":{"type":"Point","coordinates":[81.5577,20.1896]}},{"type":"Feature","properties":{"s":"Chhattisgarh","v":4.1},"geometry":{"type":"Point","coordinates":[82.4996,22.8753]}},{"type":"Feature","properties":{"s":"Chhattisgarh","v":4.1},"geometry":{"type":"Point","coordinates":[82.4551,22.7834]}},{"type":"Feature","properties":{"s":"Chhattisgarh","v":4.1},"geometry":{"type":"Point","coordinates":[82.902,23.3077]}},{"type":"Feature","properties":{"s":"Chhattisgarh","v":4.1},"geometry":{"type":"Point","coordinates":[82.1309,21.8733]}},{"type":"Feature","properties":{"s":"Chhattisgarh","v":4.1},"geometry":{"type":"Point","coordinates":[83.4599,23.9765]}},{"type":"Feature","properties":{"s":"Chhattisgarh","v":4.1},"geometry":{"type":"Point","coordinates":[82.7672,22.482]}},{"type":"Feature","properties":{"s":"Chhattisgarh","v":4.1},"geometry":{"type":"Point","coordinates":[82.4814,21.2831]}},{"type":"Feature","properties":{"s":"Chhattisgarh","v":4.1},"geometry":{"type":"Point","coordinates":[83.8524,23.5033]}},{"type":"Feature","properties":{"s":"Chhattisgarh","v":4.1},"geometry":{"type":"Point","coordinates":[82.9754,23.6521]}},{"type":"Feature","properties":{"s":"Chhattisgarh","v":4.1},"geometry":{"type":"Point","coordinates":[82.9424,22.3473]}},{"type":"Feature","properties":{"s":"Chhattisgarh","v":4.1},"geometry":{"type":"Point","coordinates":[81.1255,19.7202]}},{"type":"Feature","properties":{"s":"Chhattisgarh","v":4.1},"geometry":{"type":"Point","coordinates":[80.7289,21.1203]}},{"type":"Feature","properties":{"s":"Chhattisgarh","v":4.1},"geometry":{"type":"Point","coordinates":[81.6335,19.5402]}},{"type":"Feature","properties":{"s":"Chhattisgarh","v":4.1},"geometry":{"type":"Point","coordinates":[81.0024,17.9459]}},{"type":"Feature","properties":{"s":"Chhattisgarh","v":4.1},"geometry":{"type":"Point","coordinates":[83.2939,21.3867]}},{"type":"Feature","properties":{"s":"Chhattisgarh","v":4.1},"geometry":{"type":"Point","coordinates":[81.9128,22.8405]}},{"type":"Feature","properties":{"s":"Chhattisgarh","v":4.1},"geometry":{"type":"Point","coordinates":[80.8619,18.3463]}},{"type":"Feature","properties":{"s":"Delhi","v":28.3},"geometry":{"type":"Point","coordinates":[77.1958,28.6906]}},{"type":"Feature","properties":{"s":"Delhi","v":28.3},"geometry":{"type":"Point","coordinates":[77.0648,28.7409]}},{"type":"Feature","properties":{"s":"Delhi","v":28.3},"geometry":{"type":"Point","coordinates":[77.258,28.5983]}},{"type":"Feature","properties":{"s":"Delhi","v":28.3},"geometry":{"type":"Point","coordinates":[76.9917,28.7163]}},{"type":"Feature","properties":{"s":"Delhi","v":28.3},"geometry":{"type":"Point","coordinates":[77.0569,28.8462]}},{"type":"Feature","properties":{"s":"Delhi","v":28.3},"geometry":{"type":"Point","coordinates":[77.1837,28.7381]}},{"type":"Feature","properties":{"s":"Delhi","v":28.3},"geometry":{"type":"Point","coordinates":[77.089,28.8439]}},{"type":"Feature","properties":{"s":"Delhi","v":28.3},"geometry":{"type":"Point","coordinates":[77.1021,28.5255]}},{"type":"Feature","properties":{"s":"Delhi","v":28.3},"geometry":{"type":"Point","coordinates":[76.9059,28.6149]}},{"type":"Feature","properties":{"s":"Delhi","v":28.3},"geometry":{"type":"Point","coordinates":[77.2051,28.7264]}},{"type":"Feature","properties":{"s":"Delhi","v":28.3},"geometry":{"type":"Point","coordinates":[77.0974,28.7493]}},{"type":"Feature","properties":{"s":"Delhi","v":28.3},"geometry":{"type":"Point","coordinates":[76.8569,28.5467]}},{"type":"Feature","properties":{"s":"Delhi","v":28.3},"geometry":{"type":"Point","coordinates":[76.9405,28.6551]}},{"type":"Feature","properties":{"s":"Delhi","v":28.3},"geometry":{"type":"Point","coordinates":[77.0916,28.679]}},{"type":"Feature","properties":{"s":"Delhi","v":28.3},"geometry":{"type":"Point","coordinates":[77.1645,28.8017]}},{"type":"Feature","properties":{"s":"Delhi","v":28.3},"geometry":{"type":"Point","coordinates":[77.297,28.6078]}},{"type":"Feature","properties":{"s":"Delhi","v":28.3},"geometry":{"type":"Point","coordinates":[77.0694,28.7141]}},{"type":"Feature","properties":{"s":"Delhi","v":28.3},"geometry":{"type":"Point","coordinates":[77.1902,28.5366]}},{"type":"Feature","properties":{"s":"Delhi","v":28.3},"geometry":{"type":"Point","coordinates":[77.1828,28.6602]}},{"type":"Feature","properties":{"s":"Delhi","v":28.3},"geometry":{"type":"Point","coordinates":[77.2113,28.7158]}},{"type":"Feature","properties":{"s":"Delhi","v":28.3},"geometry":{"type":"Point","coordinates":[77.0998,28.723]}},{"type":"Feature","properties":{"s":"Delhi","v":28.3},"geometry":{"type":"Point","coordinates":[77.2947,28.6067]}},{"type":"Feature","properties":{"s":"Delhi","v":28.3},"geometry":{"type":"Point","coordinates":[77.3296,28.524]}},{"type":"Feature","properties":{"s":"Delhi","v":28.3},"geometry":{"type":"Point","coordinates":[77.1851,28.8087]}},{"type":"Feature","properties":{"s":"Delhi","v":28.3},"geometry":{"type":"Point","coordinates":[77.1598,28.5747]}},{"type":"Feature","properties":{"s":"Delhi","v":28.3},"geometry":{"type":"Point","coordinates":[77.1508,28.739]}},{"type":"Feature","properties":{"s":"Delhi","v":28.3},"geometry":{"type":"Point","coordinates":[77.1732,28.6198]}},{"type":"Feature","properties":{"s":"Delhi","v":28.3},"geometry":{"type":"Point","coordinates":[77.0892,28.7647]}},{"type":"Feature","properties":{"s":"Delhi","v":28.3},"geometry":{"type":"Point","coordinates":[76.9718,28.6965]}},{"type":"Feature","properties":{"s":"Delhi","v":28.3},"geometry":{"type":"Point","coordinates":[77.0612,28.8234]}},{"type":"Feature","properties":{"s":"Delhi","v":28.3},"geometry":{"type":"Point","coordinates":[77.0083,28.7033]}},{"type":"Feature","properties":{"s":"Delhi","v":28.3},"geometry":{"type":"Point","coordinates":[77.194,28.5711]}},{"type":"Feature","properties":{"s":"Delhi","v":28.3},"geometry":{"type":"Point","coordinates":[77.1778,28.5589]}},{"type":"Feature","properties":{"s":"Delhi","v":28.3},"geometry":{"type":"Point","coordinates":[77.1952,28.5568]}},{"type":"Feature","properties":{"s":"Delhi","v":28.3},"geometry":{"type":"Point","coordinates":[77.1612,28.4437]}},{"type":"Feature","properties":{"s":"Delhi","v":28.3},"geometry":{"type":"Point","coordinates":[77.2037,28.6189]}},{"type":"Feature","properties":{"s":"Delhi","v":28.3},"geometry":{"type":"Point","coordinates":[77.197,28.7303]}},{"type":"Feature","properties":{"s":"Delhi","v":28.3},"geometry":{"type":"Point","coordinates":[76.9528,28.6159]}},{"type":"Feature","properties":{"s":"Delhi","v":28.3},"geometry":{"type":"Point","coordinates":[77.087,28.7365]}},{"type":"Feature","properties":{"s":"Delhi","v":28.3},"geometry":{"type":"Point","coordinates":[77.1269,28.8125]}},{"type":"Feature","properties":{"s":"Delhi","v":28.3},"geometry":{"type":"Point","coordinates":[77.0902,28.7446]}},{"type":"Feature","properties":{"s":"Delhi","v":28.3},"geometry":{"type":"Point","coordinates":[77.2737,28.5771]}},{"type":"Feature","properties":{"s":"Delhi","v":28.3},"geometry":{"type":"Point","coordinates":[77.2443,28.5932]}},{"type":"Feature","properties":{"s":"Delhi","v":28.3},"geometry":{"type":"Point","coordinates":[76.9514,28.5989]}},{"type":"Feature","properties":{"s":"Delhi","v":28.3},"geometry":{"type":"Point","coordinates":[76.8908,28.5295]}},{"type":"Feature","properties":{"s":"Delhi","v":28.3},"geometry":{"type":"Point","coordinates":[76.9008,28.5585]}},{"type":"Feature","properties":{"s":"Delhi","v":28.3},"geometry":{"type":"Point","coordinates":[77.0885,28.5786]}},{"type":"Feature","properties":{"s":"Delhi","v":28.3},"geometry":{"type":"Point","coordinates":[77.1271,28.662]}},{"type":"Feature","properties":{"s":"Delhi","v":28.3},"geometry":{"type":"Point","coordinates":[77.1449,28.6517]}},{"type":"Feature","properties":{"s":"Delhi","v":28.3},"geometry":{"type":"Point","coordinates":[77.0626,28.7848]}},{"type":"Feature","properties":{"s":"Delhi","v":28.3},"geometry":{"type":"Point","coordinates":[77.28,28.614]}},{"type":"Feature","properties":{"s":"Delhi","v":28.3},"geometry":{"type":"Point","coordinates":[76.9616,28.6642]}},{"type":"Feature","properties":{"s":"Delhi","v":28.3},"geometry":{"type":"Point","coordinates":[77.083,28.7152]}},{"type":"Feature","properties":{"s":"Delhi","v":28.3},"geometry":{"type":"Point","coordinates":[76.8812,28.5304]}},{"type":"Feature","properties":{"s":"Delhi","v":28.3},"geometry":{"type":"Point","coordinates":[77.0039,28.6989]}},{"type":"Feature","properties":{"s":"Delhi","v":28.3},"geometry":{"type":"Point","coordinates":[77.0223,28.6533]}},{"type":"Feature","properties":{"s":"Delhi","v":28.3},"geometry":{"type":"Point","coordinates":[76.9974,28.7283]}},{"type":"Feature","properties":{"s":"Delhi","v":28.3},"geometry":{"type":"Point","coordinates":[77.2371,28.5865]}},{"type":"Feature","properties":{"s":"Delhi","v":28.3},"geometry":{"type":"Point","coordinates":[77.0984,28.8359]}},{"type":"Feature","properties":{"s":"Delhi","v":28.3},"geometry":{"type":"Point","coordinates":[77.285,28.5201]}},{"type":"Feature","properties":{"s":"Delhi","v":28.3},"geometry":{"type":"Point","coordinates":[77.2098,28.5409]}},{"type":"Feature","properties":{"s":"Delhi","v":28.3},"geometry":{"type":"Point","coordinates":[77.2983,28.53]}},{"type":"Feature","properties":{"s":"Delhi","v":28.3},"geometry":{"type":"Point","coordinates":[77.0825,28.5957]}},{"type":"Feature","properties":{"s":"Delhi","v":28.3},"geometry":{"type":"Point","coordinates":[77.3012,28.6938]}},{"type":"Feature","properties":{"s":"Delhi","v":28.3},"geometry":{"type":"Point","coordinates":[77.1748,28.7686]}},{"type":"Feature","properties":{"s":"Delhi","v":28.3},"geometry":{"type":"Point","coordinates":[77.2482,28.5527]}},{"type":"Feature","properties":{"s":"Delhi","v":28.3},"geometry":{"type":"Point","coordinates":[77.1715,28.5552]}},{"type":"Feature","properties":{"s":"Delhi","v":28.3},"geometry":{"type":"Point","coordinates":[77.1927,28.5851]}},{"type":"Feature","properties":{"s":"Delhi","v":28.3},"geometry":{"type":"Point","coordinates":[77.0612,28.7924]}},{"type":"Feature","properties":{"s":"Delhi","v":28.3},"geometry":{"type":"Point","coordinates":[76.8779,28.5927]}},{"type":"Feature","properties":{"s":"Delhi","v":28.3},"geometry":{"type":"Point","coordinates":[77.0117,28.7558]}},{"type":"Feature","properties":{"s":"Delhi","v":28.3},"geometry":{"type":"Point","coordinates":[77.2435,28.6865]}},{"type":"Feature","properties":{"s":"Delhi","v":28.3},"geometry":{"type":"Point","coordinates":[77.174,28.5995]}},{"type":"Feature","properties":{"s":"Delhi","v":28.3},"geometry":{"type":"Point","coordinates":[77.2607,28.7521]}},{"type":"Feature","properties":{"s":"Delhi","v":28.3},"geometry":{"type":"Point","coordinates":[77.1789,28.4712]}},{"type":"Feature","properties":{"s":"Delhi","v":28.3},"geometry":{"type":"Point","coordinates":[77.3056,28.5005]}},{"type":"Feature","properties":{"s":"Delhi","v":28.3},"geometry":{"type":"Point","coordinates":[77.1978,28.7225]}},{"type":"Feature","properties":{"s":"Delhi","v":28.3},"geometry":{"type":"Point","coordinates":[77.1209,28.6972]}},{"type":"Feature","properties":{"s":"Delhi","v":28.3},"geometry":{"type":"Point","coordinates":[77.1166,28.6681]}},{"type":"Feature","properties":{"s":"Delhi","v":28.3},"geometry":{"type":"Point","coordinates":[77.2833,28.575]}},{"type":"Feature","properties":{"s":"Delhi","v":28.3},"geometry":{"type":"Point","coordinates":[77.007,28.6187]}},{"type":"Feature","properties":{"s":"Delhi","v":28.3},"geometry":{"type":"Point","coordinates":[77.0013,28.6698]}},{"type":"Feature","properties":{"s":"Delhi","v":28.3},"geometry":{"type":"Point","coordinates":[77.0644,28.7969]}},{"type":"Feature","properties":{"s":"Delhi","v":28.3},"geometry":{"type":"Point","coordinates":[77.2628,28.5529]}},{"type":"Feature","properties":{"s":"Delhi","v":28.3},"geometry":{"type":"Point","coordinates":[77.1293,28.8457]}},{"type":"Feature","properties":{"s":"Delhi","v":28.3},"geometry":{"type":"Point","coordinates":[77.1029,28.5092]}},{"type":"Feature","properties":{"s":"Delhi","v":28.3},"geometry":{"type":"Point","coordinates":[77.1193,28.54]}},{"type":"Feature","properties":{"s":"Delhi","v":28.3},"geometry":{"type":"Point","coordinates":[77.1053,28.8186]}},{"type":"Feature","properties":{"s":"Delhi","v":28.3},"geometry":{"type":"Point","coordinates":[77.1533,28.5736]}},{"type":"Feature","properties":{"s":"Delhi","v":28.3},"geometry":{"type":"Point","coordinates":[77.0073,28.789]}},{"type":"Feature","properties":{"s":"Delhi","v":28.3},"geometry":{"type":"Point","coordinates":[76.9267,28.5476]}},{"type":"Feature","properties":{"s":"Delhi","v":28.3},"geometry":{"type":"Point","coordinates":[77.0167,28.6282]}},{"type":"Feature","properties":{"s":"Delhi","v":28.3},"geometry":{"type":"Point","coordinates":[77.1455,28.475]}},{"type":"Feature","properties":{"s":"Delhi","v":28.3},"geometry":{"type":"Point","coordinates":[77.1751,28.5043]}},{"type":"Feature","properties":{"s":"Delhi","v":28.3},"geometry":{"type":"Point","coordinates":[76.9769,28.6154]}},{"type":"Feature","properties":{"s":"Delhi","v":28.3},"geometry":{"type":"Point","coordinates":[77.1647,28.571]}},{"type":"Feature","properties":{"s":"Delhi","v":28.3},"geometry":{"type":"Point","coordinates":[77.1714,28.5596]}},{"type":"Feature","properties":{"s":"Delhi","v":28.3},"geometry":{"type":"Point","coordinates":[77.1194,28.6407]}},{"type":"Feature","properties":{"s":"Delhi","v":28.3},"geometry":{"type":"Point","coordinates":[77.1893,28.6913]}},{"type":"Feature","properties":{"s":"Delhi","v":28.3},"geometry":{"type":"Point","coordinates":[76.9032,28.5978]}},{"type":"Feature","properties":{"s":"Delhi","v":28.3},"geometry":{"type":"Point","coordinates":[76.916,28.5516]}},{"type":"Feature","properties":{"s":"Delhi","v":28.3},"geometry":{"type":"Point","coordinates":[77.1052,28.5307]}},{"type":"Feature","properties":{"s":"Delhi","v":28.3},"geometry":{"type":"Point","coordinates":[77.2252,28.4837]}},{"type":"Feature","properties":{"s":"Delhi","v":28.3},"geometry":{"type":"Point","coordinates":[77.1682,28.7539]}},{"type":"Feature","properties":{"s":"Delhi","v":28.3},"geometry":{"type":"Point","coordinates":[77.2938,28.5203]}},{"type":"Feature","properties":{"s":"Delhi","v":28.3},"geometry":{"type":"Point","coordinates":[77.183,28.7956]}},{"type":"Feature","properties":{"s":"Delhi","v":28.3},"geometry":{"type":"Point","coordinates":[77.1295,28.6993]}},{"type":"Feature","properties":{"s":"Delhi","v":28.3},"geometry":{"type":"Point","coordinates":[77.1556,28.8084]}},{"type":"Feature","properties":{"s":"Delhi","v":28.3},"geometry":{"type":"Point","coordinates":[77.1912,28.7022]}},{"type":"Feature","properties":{"s":"Delhi","v":28.3},"geometry":{"type":"Point","coordinates":[76.9781,28.6339]}},{"type":"Feature","properties":{"s":"Delhi","v":28.3},"geometry":{"type":"Point","coordinates":[77.3184,28.6947]}},{"type":"Feature","properties":{"s":"Delhi","v":28.3},"geometry":{"type":"Point","coordinates":[77.0352,28.7824]}},{"type":"Feature","properties":{"s":"Delhi","v":28.3},"geometry":{"type":"Point","coordinates":[77.0527,28.8078]}},{"type":"Feature","properties":{"s":"Delhi","v":28.3},"geometry":{"type":"Point","coordinates":[77.29,28.6354]}},{"type":"Feature","properties":{"s":"Delhi","v":28.3},"geometry":{"type":"Point","coordinates":[77.0581,28.8228]}},{"type":"Feature","properties":{"s":"Delhi","v":28.3},"geometry":{"type":"Point","coordinates":[77.043,28.5592]}},{"type":"Feature","properties":{"s":"Delhi","v":28.3},"geometry":{"type":"Point","coordinates":[76.9384,28.6409]}},{"type":"Feature","properties":{"s":"Delhi","v":28.3},"geometry":{"type":"Point","coordinates":[77.1627,28.811]}},{"type":"Feature","properties":{"s":"Delhi","v":28.3},"geometry":{"type":"Point","coordinates":[77.3002,28.6856]}},{"type":"Feature","properties":{"s":"Delhi","v":28.3},"geometry":{"type":"Point","coordinates":[77.077,28.8225]}},{"type":"Feature","properties":{"s":"Delhi","v":28.3},"geometry":{"type":"Point","coordinates":[77.2391,28.5743]}},{"type":"Feature","properties":{"s":"Delhi","v":28.3},"geometry":{"type":"Point","coordinates":[77.1461,28.5312]}},{"type":"Feature","properties":{"s":"Delhi","v":28.3},"geometry":{"type":"Point","coordinates":[77.2383,28.7258]}},{"type":"Feature","properties":{"s":"Delhi","v":28.3},"geometry":{"type":"Point","coordinates":[77.2184,28.76]}},{"type":"Feature","properties":{"s":"Delhi","v":28.3},"geometry":{"type":"Point","coordinates":[77.0522,28.5977]}},{"type":"Feature","properties":{"s":"Delhi","v":28.3},"geometry":{"type":"Point","coordinates":[77.0434,28.8428]}},{"type":"Feature","properties":{"s":"Delhi","v":28.3},"geometry":{"type":"Point","coordinates":[77.1692,28.701]}},{"type":"Feature","properties":{"s":"Delhi","v":28.3},"geometry":{"type":"Point","coordinates":[77.0997,28.8363]}},{"type":"Feature","properties":{"s":"Delhi","v":28.3},"geometry":{"type":"Point","coordinates":[77.2912,28.5221]}},{"type":"Feature","properties":{"s":"Delhi","v":28.3},"geometry":{"type":"Point","coordinates":[77.1283,28.6428]}},{"type":"Feature","properties":{"s":"Delhi","v":28.3},"geometry":{"type":"Point","coordinates":[77.0167,28.6297]}},{"type":"Feature","properties":{"s":"Delhi","v":28.3},"geometry":{"type":"Point","coordinates":[77.1231,28.4941]}},{"type":"Feature","properties":{"s":"Delhi","v":28.3},"geometry":{"type":"Point","coordinates":[77.1184,28.5164]}},{"type":"Feature","properties":{"s":"Delhi","v":28.3},"geometry":{"type":"Point","coordinates":[76.9871,28.6918]}},{"type":"Feature","properties":{"s":"Delhi","v":28.3},"geometry":{"type":"Point","coordinates":[77.06,28.7601]}},{"type":"Feature","properties":{"s":"Delhi","v":28.3},"geometry":{"type":"Point","coordinates":[76.9744,28.5875]}},{"type":"Feature","properties":{"s":"Delhi","v":28.3},"geometry":{"type":"Point","coordinates":[76.9325,28.6358]}},{"type":"Feature","properties":{"s":"Delhi","v":28.3},"geometry":{"type":"Point","coordinates":[77.0379,28.5364]}},{"type":"Feature","properties":{"s":"Delhi","v":28.3},"geometry":{"type":"Point","coordinates":[77.003,28.6066]}},{"type":"Feature","properties":{"s":"Delhi","v":28.3},"geometry":{"type":"Point","coordinates":[77.2083,28.4844]}},{"type":"Feature","properties":{"s":"Delhi","v":28.3},"geometry":{"type":"Point","coordinates":[77.3028,28.6029]}},{"type":"Feature","properties":{"s":"Delhi","v":28.3},"geometry":{"type":"Point","coordinates":[77.195,28.793]}},{"type":"Feature","properties":{"s":"Delhi","v":28.3},"geometry":{"type":"Point","coordinates":[77.2785,28.6766]}},{"type":"Feature","properties":{"s":"Delhi","v":28.3},"geometry":{"type":"Point","coordinates":[77.2109,28.7727]}},{"type":"Feature","properties":{"s":"Delhi","v":28.3},"geometry":{"type":"Point","coordinates":[77.1285,28.8]}},{"type":"Feature","properties":{"s":"Delhi","v":28.3},"geometry":{"type":"Point","coordinates":[77.1401,28.7362]}},{"type":"Feature","properties":{"s":"Delhi","v":28.3},"geometry":{"type":"Point","coordinates":[77.1299,28.5579]}},{"type":"Feature","properties":{"s":"Delhi","v":28.3},"geometry":{"type":"Point","coordinates":[77.2366,28.5763]}},{"type":"Feature","properties":{"s":"Delhi","v":28.3},"geometry":{"type":"Point","coordinates":[77.0296,28.6525]}},{"type":"Feature","properties":{"s":"Delhi","v":28.3},"geometry":{"type":"Point","coordinates":[77.1558,28.8085]}},{"type":"Feature","properties":{"s":"Delhi","v":28.3},"geometry":{"type":"Point","coordinates":[76.9422,28.6428]}},{"type":"Feature","properties":{"s":"Delhi","v":28.3},"geometry":{"type":"Point","coordinates":[77.0769,28.5508]}},{"type":"Feature","properties":{"s":"Delhi","v":28.3},"geometry":{"type":"Point","coordinates":[77.0736,28.7274]}},{"type":"Feature","properties":{"s":"Delhi","v":28.3},"geometry":{"type":"Point","coordinates":[77.0392,28.8083]}},{"type":"Feature","properties":{"s":"Delhi","v":28.3},"geometry":{"type":"Point","coordinates":[76.9262,28.6193]}},{"type":"Feature","properties":{"s":"Delhi","v":28.3},"geometry":{"type":"Point","coordinates":[76.9187,28.5551]}},{"type":"Feature","properties":{"s":"Delhi","v":28.3},"geometry":{"type":"Point","coordinates":[77.2512,28.5911]}},{"type":"Feature","properties":{"s":"Delhi","v":28.3},"geometry":{"type":"Point","coordinates":[77.2312,28.4925]}},{"type":"Feature","properties":{"s":"Delhi","v":28.3},"geometry":{"type":"Point","coordinates":[76.8792,28.5567]}},{"type":"Feature","properties":{"s":"Delhi","v":28.3},"geometry":{"type":"Point","coordinates":[77.2715,28.6943]}},{"type":"Feature","properties":{"s":"Delhi","v":28.3},"geometry":{"type":"Point","coordinates":[77.0446,28.6165]}},{"type":"Feature","properties":{"s":"Delhi","v":28.3},"geometry":{"type":"Point","coordinates":[77.0197,28.5446]}},{"type":"Feature","properties":{"s":"Delhi","v":28.3},"geometry":{"type":"Point","coordinates":[77.1111,28.6913]}},{"type":"Feature","properties":{"s":"Delhi","v":28.3},"geometry":{"type":"Point","coordinates":[77.0082,28.8109]}},{"type":"Feature","properties":{"s":"Delhi","v":28.3},"geometry":{"type":"Point","coordinates":[77.2886,28.635]}},{"type":"Feature","properties":{"s":"Delhi","v":28.3},"geometry":{"type":"Point","coordinates":[77.1371,28.6097]}},{"type":"Feature","properties":{"s":"Delhi","v":28.3},"geometry":{"type":"Point","coordinates":[77.215,28.4851]}},{"type":"Feature","properties":{"s":"Delhi","v":28.3},"geometry":{"type":"Point","coordinates":[77.1487,28.5227]}},{"type":"Feature","properties":{"s":"Delhi","v":28.3},"geometry":{"type":"Point","coordinates":[77.0595,28.8471]}},{"type":"Feature","properties":{"s":"Delhi","v":28.3},"geometry":{"type":"Point","coordinates":[77.0969,28.843]}},{"type":"Feature","properties":{"s":"Delhi","v":28.3},"geometry":{"type":"Point","coordinates":[77.1098,28.6773]}},{"type":"Feature","properties":{"s":"Delhi","v":28.3},"geometry":{"type":"Point","coordinates":[77.1022,28.6292]}},{"type":"Feature","properties":{"s":"Delhi","v":28.3},"geometry":{"type":"Point","coordinates":[77.1763,28.4868]}},{"type":"Feature","properties":{"s":"Delhi","v":28.3},"geometry":{"type":"Point","coordinates":[76.9607,28.5438]}},{"type":"Feature","properties":{"s":"Delhi","v":28.3},"geometry":{"type":"Point","coordinates":[77.0184,28.8256]}},{"type":"Feature","properties":{"s":"Delhi","v":28.3},"geometry":{"type":"Point","coordinates":[77.1098,28.7807]}},{"type":"Feature","properties":{"s":"Delhi","v":28.3},"geometry":{"type":"Point","coordinates":[77.0925,28.5685]}},{"type":"Feature","properties":{"s":"Delhi","v":28.3},"geometry":{"type":"Point","coordinates":[77.0092,28.7631]}},{"type":"Feature","properties":{"s":"Delhi","v":28.3},"geometry":{"type":"Point","coordinates":[77.1718,28.5336]}},{"type":"Feature","properties":{"s":"Delhi","v":28.3},"geometry":{"type":"Point","coordinates":[77.0784,28.8096]}},{"type":"Feature","properties":{"s":"Delhi","v":28.3},"geometry":{"type":"Point","coordinates":[77.1509,28.7766]}},{"type":"Feature","properties":{"s":"Delhi","v":28.3},"geometry":{"type":"Point","coordinates":[76.8965,28.6179]}},{"type":"Feature","properties":{"s":"Delhi","v":28.3},"geometry":{"type":"Point","coordinates":[77.1,28.7428]}},{"type":"Feature","properties":{"s":"Delhi","v":28.3},"geometry":{"type":"Point","coordinates":[77.1819,28.5823]}},{"type":"Feature","properties":{"s":"Delhi","v":28.3},"geometry":{"type":"Point","coordinates":[76.9165,28.6116]}},{"type":"Feature","properties":{"s":"Delhi","v":28.3},"geometry":{"type":"Point","coordinates":[77.0058,28.8242]}},{"type":"Feature","properties":{"s":"Delhi","v":28.3},"geometry":{"type":"Point","coordinates":[77.0058,28.6822]}},{"type":"Feature","properties":{"s":"Delhi","v":28.3},"geometry":{"type":"Point","coordinates":[76.8952,28.5943]}},{"type":"Feature","properties":{"s":"Delhi","v":28.3},"geometry":{"type":"Point","coordinates":[77.1497,28.6251]}},{"type":"Feature","properties":{"s":"Delhi","v":28.3},"geometry":{"type":"Point","coordinates":[77.1624,28.6889]}},{"type":"Feature","properties":{"s":"Delhi","v":28.3},"geometry":{"type":"Point","coordinates":[77.2167,28.6126]}},{"type":"Feature","properties":{"s":"Delhi","v":28.3},"geometry":{"type":"Point","coordinates":[77.1486,28.8187]}},{"type":"Feature","properties":{"s":"Delhi","v":28.3},"geometry":{"type":"Point","coordinates":[77.0689,28.7935]}},{"type":"Feature","properties":{"s":"Delhi","v":28.3},"geometry":{"type":"Point","coordinates":[77.0376,28.6426]}},{"type":"Feature","properties":{"s":"Delhi","v":28.3},"geometry":{"type":"Point","coordinates":[77.3194,28.5053]}},{"type":"Feature","properties":{"s":"Delhi","v":28.3},"geometry":{"type":"Point","coordinates":[77.0914,28.6156]}},{"type":"Feature","properties":{"s":"Delhi","v":28.3},"geometry":{"type":"Point","coordinates":[77.0767,28.6499]}},{"type":"Feature","properties":{"s":"Delhi","v":28.3},"geometry":{"type":"Point","coordinates":[77.2602,28.5024]}},{"type":"Feature","properties":{"s":"Delhi","v":28.3},"geometry":{"type":"Point","coordinates":[77.2779,28.6715]}},{"type":"Feature","properties":{"s":"Delhi","v":28.3},"geometry":{"type":"Point","coordinates":[77.2017,28.85]}},{"type":"Feature","properties":{"s":"Delhi","v":28.3},"geometry":{"type":"Point","coordinates":[77.0825,28.6698]}},{"type":"Feature","properties":{"s":"Delhi","v":28.3},"geometry":{"type":"Point","coordinates":[77.0567,28.6698]}},{"type":"Feature","properties":{"s":"Delhi","v":28.3},"geometry":{"type":"Point","coordinates":[77.1561,28.7688]}},{"type":"Feature","properties":{"s":"Delhi","v":28.3},"geometry":{"type":"Point","coordinates":[77.0467,28.6662]}},{"type":"Feature","properties":{"s":"Delhi","v":28.3},"geometry":{"type":"Point","coordinates":[77.2128,28.6511]}},{"type":"Feature","properties":{"s":"Delhi","v":28.3},"geometry":{"type":"Point","coordinates":[77.1716,28.8506]}},{"type":"Feature","properties":{"s":"Delhi","v":28.3},"geometry":{"type":"Point","coordinates":[77.0356,28.6582]}},{"type":"Feature","properties":{"s":"Delhi","v":28.3},"geometry":{"type":"Point","coordinates":[76.8878,28.5765]}},{"type":"Feature","properties":{"s":"Delhi","v":28.3},"geometry":{"type":"Point","coordinates":[76.9674,28.7827]}},{"type":"Feature","properties":{"s":"Delhi","v":28.3},"geometry":{"type":"Point","coordinates":[76.9931,28.606]}},{"type":"Feature","properties":{"s":"Delhi","v":28.3},"geometry":{"type":"Point","coordinates":[76.9015,28.622]}},{"type":"Feature","properties":{"s":"Delhi","v":28.3},"geometry":{"type":"Point","coordinates":[76.9891,28.708]}},{"type":"Feature","properties":{"s":"Delhi","v":28.3},"geometry":{"type":"Point","coordinates":[77.1295,28.6649]}},{"type":"Feature","properties":{"s":"Delhi","v":28.3},"geometry":{"type":"Point","coordinates":[77.1937,28.6403]}},{"type":"Feature","properties":{"s":"Delhi","v":28.3},"geometry":{"type":"Point","coordinates":[76.9511,28.5913]}},{"type":"Feature","properties":{"s":"Delhi","v":28.3},"geometry":{"type":"Point","coordinates":[77.2928,28.6091]}},{"type":"Feature","properties":{"s":"Delhi","v":28.3},"geometry":{"type":"Point","coordinates":[77.0314,28.6809]}},{"type":"Feature","properties":{"s":"Delhi","v":28.3},"geometry":{"type":"Point","coordinates":[76.9533,28.6314]}},{"type":"Feature","properties":{"s":"Delhi","v":28.3},"geometry":{"type":"Point","coordinates":[77.0249,28.7903]}},{"type":"Feature","properties":{"s":"Delhi","v":28.3},"geometry":{"type":"Point","coordinates":[76.9259,28.5693]}},{"type":"Feature","properties":{"s":"Delhi","v":28.3},"geometry":{"type":"Point","coordinates":[77.138,28.5166]}},{"type":"Feature","properties":{"s":"Delhi","v":28.3},"geometry":{"type":"Point","coordinates":[77.2991,28.6406]}},{"type":"Feature","properties":{"s":"Delhi","v":28.3},"geometry":{"type":"Point","coordinates":[77.2534,28.5613]}},{"type":"Feature","properties":{"s":"Delhi","v":28.3},"geometry":{"type":"Point","coordinates":[76.9393,28.5654]}},{"type":"Feature","properties":{"s":"Delhi","v":28.3},"geometry":{"type":"Point","coordinates":[77.1403,28.5238]}},{"type":"Feature","properties":{"s":"Delhi","v":28.3},"geometry":{"type":"Point","coordinates":[77.2803,28.6946]}},{"type":"Feature","properties":{"s":"Delhi","v":28.3},"geometry":{"type":"Point","coordinates":[76.982,28.5843]}},{"type":"Feature","properties":{"s":"Delhi","v":28.3},"geometry":{"type":"Point","coordinates":[77.1664,28.6878]}},{"type":"Feature","properties":{"s":"Delhi","v":28.3},"geometry":{"type":"Point","coordinates":[77.1646,28.6336]}},{"type":"Feature","properties":{"s":"Delhi","v":28.3},"geometry":{"type":"Point","coordinates":[77.2121,28.7551]}},{"type":"Feature","properties":{"s":"Delhi","v":28.3},"geometry":{"type":"Point","coordinates":[77.1658,28.8338]}},{"type":"Feature","properties":{"s":"Delhi","v":28.3},"geometry":{"type":"Point","coordinates":[77.2285,28.5927]}},{"type":"Feature","properties":{"s":"Delhi","v":28.3},"geometry":{"type":"Point","coordinates":[77.1423,28.6914]}},{"type":"Feature","properties":{"s":"Delhi","v":28.3},"geometry":{"type":"Point","coordinates":[77.0092,28.7547]}},{"type":"Feature","properties":{"s":"Delhi","v":28.3},"geometry":{"type":"Point","coordinates":[77.2363,28.5752]}},{"type":"Feature","properties":{"s":"Delhi","v":28.3},"geometry":{"type":"Point","coordinates":[77.1595,28.587]}},{"type":"Feature","properties":{"s":"Delhi","v":28.3},"geometry":{"type":"Point","coordinates":[76.9783,28.5408]}},{"type":"Feature","properties":{"s":"Delhi","v":28.3},"geometry":{"type":"Point","coordinates":[77.3105,28.7181]}},{"type":"Feature","properties":{"s":"Delhi","v":28.3},"geometry":{"type":"Point","coordinates":[76.9913,28.8011]}},{"type":"Feature","properties":{"s":"Delhi","v":28.3},"geometry":{"type":"Point","coordinates":[77.2063,28.763]}},{"type":"Feature","properties":{"s":"Delhi","v":28.3},"geometry":{"type":"Point","coordinates":[77.2518,28.5951]}},{"type":"Feature","properties":{"s":"Delhi","v":28.3},"geometry":{"type":"Point","coordinates":[77.2123,28.4993]}},{"type":"Feature","properties":{"s":"Delhi","v":28.3},"geometry":{"type":"Point","coordinates":[76.8906,28.6075]}},{"type":"Feature","properties":{"s":"Delhi","v":28.3},"geometry":{"type":"Point","coordinates":[77.0425,28.8094]}},{"type":"Feature","properties":{"s":"Delhi","v":28.3},"geometry":{"type":"Point","coordinates":[77.1229,28.7086]}},{"type":"Feature","properties":{"s":"Delhi","v":28.3},"geometry":{"type":"Point","coordinates":[77.2908,28.6724]}},{"type":"Feature","properties":{"s":"Delhi","v":28.3},"geometry":{"type":"Point","coordinates":[76.8748,28.5204]}},{"type":"Feature","properties":{"s":"Delhi","v":28.3},"geometry":{"type":"Point","coordinates":[77.2824,28.5571]}},{"type":"Feature","properties":{"s":"Delhi","v":28.3},"geometry":{"type":"Point","coordinates":[77.1093,28.8563]}},{"type":"Feature","properties":{"s":"Delhi","v":28.3},"geometry":{"type":"Point","coordinates":[77.2408,28.6428]}},{"type":"Feature","properties":{"s":"Delhi","v":28.3},"geometry":{"type":"Point","coordinates":[77.2216,28.6831]}},{"type":"Feature","properties":{"s":"Delhi","v":28.3},"geometry":{"type":"Point","coordinates":[77.1842,28.4557]}},{"type":"Feature","properties":{"s":"Delhi","v":28.3},"geometry":{"type":"Point","coordinates":[76.9538,28.5611]}},{"type":"Feature","properties":{"s":"Delhi","v":28.3},"geometry":{"type":"Point","coordinates":[77.2314,28.4746]}},{"type":"Feature","properties":{"s":"Delhi","v":28.3},"geometry":{"type":"Point","coordinates":[77.1977,28.6234]}},{"type":"Feature","properties":{"s":"Delhi","v":28.3},"geometry":{"type":"Point","coordinates":[77.265,28.6984]}},{"type":"Feature","properties":{"s":"Delhi","v":28.3},"geometry":{"type":"Point","coordinates":[77.0835,28.6504]}},{"type":"Feature","properties":{"s":"Delhi","v":28.3},"geometry":{"type":"Point","coordinates":[77.0296,28.7869]}},{"type":"Feature","properties":{"s":"Delhi","v":28.3},"geometry":{"type":"Point","coordinates":[76.9694,28.7464]}},{"type":"Feature","properties":{"s":"Delhi","v":28.3},"geometry":{"type":"Point","coordinates":[77.2083,28.7459]}},{"type":"Feature","properties":{"s":"Delhi","v":28.3},"geometry":{"type":"Point","coordinates":[77.2178,28.6437]}},{"type":"Feature","properties":{"s":"Delhi","v":28.3},"geometry":{"type":"Point","coordinates":[77.0874,28.7023]}},{"type":"Feature","properties":{"s":"Delhi","v":28.3},"geometry":{"type":"Point","coordinates":[77.3061,28.7025]}},{"type":"Feature","properties":{"s":"Delhi","v":28.3},"geometry":{"type":"Point","coordinates":[77.2111,28.5848]}},{"type":"Feature","properties":{"s":"Delhi","v":28.3},"geometry":{"type":"Point","coordinates":[77.1269,28.7621]}},{"type":"Feature","properties":{"s":"Delhi","v":28.3},"geometry":{"type":"Point","coordinates":[77.0645,28.6549]}},{"type":"Feature","properties":{"s":"Delhi","v":28.3},"geometry":{"type":"Point","coordinates":[77.3379,28.5174]}},{"type":"Feature","properties":{"s":"Delhi","v":28.3},"geometry":{"type":"Point","coordinates":[77.1014,28.7172]}},{"type":"Feature","properties":{"s":"Delhi","v":28.3},"geometry":{"type":"Point","coordinates":[77.0806,28.6651]}},{"type":"Feature","properties":{"s":"Delhi","v":28.3},"geometry":{"type":"Point","coordinates":[77.1558,28.5085]}},{"type":"Feature","properties":{"s":"Delhi","v":28.3},"geometry":{"type":"Point","coordinates":[77.0795,28.8425]}},{"type":"Feature","properties":{"s":"Delhi","v":28.3},"geometry":{"type":"Point","coordinates":[77.3193,28.6913]}},{"type":"Feature","properties":{"s":"Delhi","v":28.3},"geometry":{"type":"Point","coordinates":[77.1662,28.5175]}},{"type":"Feature","properties":{"s":"Delhi","v":28.3},"geometry":{"type":"Point","coordinates":[77.0456,28.5964]}},{"type":"Feature","properties":{"s":"Delhi","v":28.3},"geometry":{"type":"Point","coordinates":[77.1451,28.5188]}},{"type":"Feature","properties":{"s":"Delhi","v":28.3},"geometry":{"type":"Point","coordinates":[77.0763,28.8488]}},{"type":"Feature","properties":{"s":"Delhi","v":28.3},"geometry":{"type":"Point","coordinates":[77.1136,28.7757]}},{"type":"Feature","properties":{"s":"Delhi","v":28.3},"geometry":{"type":"Point","coordinates":[77.1136,28.8443]}},{"type":"Feature","properties":{"s":"Delhi","v":28.3},"geometry":{"type":"Point","coordinates":[77.005,28.7546]}},{"type":"Feature","properties":{"s":"Delhi","v":28.3},"geometry":{"type":"Point","coordinates":[77.1826,28.541]}},{"type":"Feature","properties":{"s":"Delhi","v":28.3},"geometry":{"type":"Point","coordinates":[76.9045,28.5803]}},{"type":"Feature","properties":{"s":"Delhi","v":28.3},"geometry":{"type":"Point","coordinates":[77.2727,28.5327]}},{"type":"Feature","properties":{"s":"Delhi","v":28.3},"geometry":{"type":"Point","coordinates":[77.1907,28.7154]}},{"type":"Feature","properties":{"s":"Delhi","v":28.3},"geometry":{"type":"Point","coordinates":[77.1242,28.5381]}},{"type":"Feature","properties":{"s":"Delhi","v":28.3},"geometry":{"type":"Point","coordinates":[76.9673,28.7821]}},{"type":"Feature","properties":{"s":"Delhi","v":28.3},"geometry":{"type":"Point","coordinates":[77.1132,28.7384]}},{"type":"Feature","properties":{"s":"Delhi","v":28.3},"geometry":{"type":"Point","coordinates":[77.2145,28.5289]}},{"type":"Feature","properties":{"s":"Delhi","v":28.3},"geometry":{"type":"Point","coordinates":[77.0533,28.6492]}},{"type":"Feature","properties":{"s":"Delhi","v":28.3},"geometry":{"type":"Point","coordinates":[76.9669,28.777]}},{"type":"Feature","properties":{"s":"Delhi","v":28.3},"geometry":{"type":"Point","coordinates":[77.0116,28.5541]}},{"type":"Feature","properties":{"s":"Delhi","v":28.3},"geometry":{"type":"Point","coordinates":[76.8904,28.607]}},{"type":"Feature","properties":{"s":"Delhi","v":28.3},"geometry":{"type":"Point","coordinates":[77.1429,28.763]}},{"type":"Feature","properties":{"s":"Delhi","v":28.3},"geometry":{"type":"Point","coordinates":[76.9967,28.6214]}},{"type":"Feature","properties":{"s":"Delhi","v":28.3},"geometry":{"type":"Point","coordinates":[77.1898,28.428]}},{"type":"Feature","properties":{"s":"Delhi","v":28.3},"geometry":{"type":"Point","coordinates":[77.2368,28.4874]}},{"type":"Feature","properties":{"s":"Delhi","v":28.3},"geometry":{"type":"Point","coordinates":[77.2993,28.513]}},{"type":"Feature","properties":{"s":"Delhi","v":28.3},"geometry":{"type":"Point","coordinates":[77.2484,28.659]}},{"type":"Feature","properties":{"s":"Delhi","v":28.3},"geometry":{"type":"Point","coordinates":[77.1534,28.5954]}},{"type":"Feature","properties":{"s":"Delhi","v":28.3},"geometry":{"type":"Point","coordinates":[76.8744,28.5747]}},{"type":"Feature","properties":{"s":"Delhi","v":28.3},"geometry":{"type":"Point","coordinates":[77.1797,28.8576]}},{"type":"Feature","properties":{"s":"Delhi","v":28.3},"geometry":{"type":"Point","coordinates":[77.0027,28.8213]}},{"type":"Feature","properties":{"s":"Delhi","v":28.3},"geometry":{"type":"Point","coordinates":[77.0242,28.7647]}},{"type":"Feature","properties":{"s":"Delhi","v":28.3},"geometry":{"type":"Point","coordinates":[77.0106,28.5783]}},{"type":"Feature","properties":{"s":"Delhi","v":28.3},"geometry":{"type":"Point","coordinates":[77.2187,28.5921]}},{"type":"Feature","properties":{"s":"Delhi","v":28.3},"geometry":{"type":"Point","coordinates":[76.9049,28.5223]}},{"type":"Feature","properties":{"s":"Delhi","v":28.3},"geometry":{"type":"Point","coordinates":[77.255,28.654]}},{"type":"Feature","properties":{"s":"Delhi","v":28.3},"geometry":{"type":"Point","coordinates":[77.179,28.4309]}},{"type":"Feature","properties":{"s":"Delhi","v":28.3},"geometry":{"type":"Point","coordinates":[77.1308,28.6676]}},{"type":"Feature","properties":{"s":"Delhi","v":28.3},"geometry":{"type":"Point","coordinates":[76.9897,28.6543]}},{"type":"Feature","properties":{"s":"Delhi","v":28.3},"geometry":{"type":"Point","coordinates":[77.1589,28.7184]}},{"type":"Feature","properties":{"s":"Delhi","v":28.3},"geometry":{"type":"Point","coordinates":[77.2756,28.5447]}},{"type":"Feature","properties":{"s":"Delhi","v":28.3},"geometry":{"type":"Point","coordinates":[77.1377,28.8208]}},{"type":"Feature","properties":{"s":"Delhi","v":28.3},"geometry":{"type":"Point","coordinates":[76.8915,28.5613]}},{"type":"Feature","properties":{"s":"Delhi","v":28.3},"geometry":{"type":"Point","coordinates":[77.177,28.4405]}},{"type":"Feature","properties":{"s":"Delhi","v":28.3},"geometry":{"type":"Point","coordinates":[77.1901,28.4863]}},{"type":"Feature","properties":{"s":"Delhi","v":28.3},"geometry":{"type":"Point","coordinates":[77.0387,28.692]}},{"type":"Feature","properties":{"s":"Delhi","v":28.3},"geometry":{"type":"Point","coordinates":[77.0937,28.7528]}},{"type":"Feature","properties":{"s":"Delhi","v":28.3},"geometry":{"type":"Point","coordinates":[76.9377,28.6142]}},{"type":"Feature","properties":{"s":"Delhi","v":28.3},"geometry":{"type":"Point","coordinates":[77.2417,28.6539]}},{"type":"Feature","properties":{"s":"Delhi","v":28.3},"geometry":{"type":"Point","coordinates":[77.1455,28.7505]}},{"type":"Feature","properties":{"s":"Delhi","v":28.3},"geometry":{"type":"Point","coordinates":[77.1278,28.7094]}},{"type":"Feature","properties":{"s":"Delhi","v":28.3},"geometry":{"type":"Point","coordinates":[77.1939,28.7041]}},{"type":"Feature","properties":{"s":"Delhi","v":28.3},"geometry":{"type":"Point","coordinates":[77.0775,28.6117]}},{"type":"Feature","properties":{"s":"Delhi","v":28.3},"geometry":{"type":"Point","coordinates":[77.2597,28.5365]}},{"type":"Feature","properties":{"s":"Delhi","v":28.3},"geometry":{"type":"Point","coordinates":[77.0796,28.5762]}},{"type":"Feature","properties":{"s":"Delhi","v":28.3},"geometry":{"type":"Point","coordinates":[77.0114,28.5931]}},{"type":"Feature","properties":{"s":"Delhi","v":28.3},"geometry":{"type":"Point","coordinates":[76.9792,28.7718]}},{"type":"Feature","properties":{"s":"Delhi","v":28.3},"geometry":{"type":"Point","coordinates":[77.061,28.5778]}},{"type":"Feature","properties":{"s":"Delhi","v":28.3},"geometry":{"type":"Point","coordinates":[77.0481,28.851]}},{"type":"Feature","properties":{"s":"Delhi","v":28.3},"geometry":{"type":"Point","coordinates":[77.1612,28.674]}},{"type":"Feature","properties":{"s":"Delhi","v":28.3},"geometry":{"type":"Point","coordinates":[77.0099,28.7108]}},{"type":"Feature","properties":{"s":"Delhi","v":28.3},"geometry":{"type":"Point","coordinates":[77.2291,28.5588]}},{"type":"Feature","properties":{"s":"Delhi","v":28.3},"geometry":{"type":"Point","coordinates":[76.9518,28.8179]}},{"type":"Feature","properties":{"s":"Delhi","v":28.3},"geometry":{"type":"Point","coordinates":[77.0181,28.5427]}},{"type":"Feature","properties":{"s":"Delhi","v":28.3},"geometry":{"type":"Point","coordinates":[77.2048,28.6233]}},{"type":"Feature","properties":{"s":"Delhi","v":28.3},"geometry":{"type":"Point","coordinates":[77.2742,28.5998]}},{"type":"Feature","properties":{"s":"Delhi","v":28.3},"geometry":{"type":"Point","coordinates":[77.1959,28.4702]}},{"type":"Feature","properties":{"s":"Delhi","v":28.3},"geometry":{"type":"Point","coordinates":[77.2019,28.5955]}},{"type":"Feature","properties":{"s":"Delhi","v":28.3},"geometry":{"type":"Point","coordinates":[77.1218,28.6492]}},{"type":"Feature","properties":{"s":"Delhi","v":28.3},"geometry":{"type":"Point","coordinates":[76.9213,28.5779]}},{"type":"Feature","properties":{"s":"Delhi","v":28.3},"geometry":{"type":"Point","coordinates":[77.1638,28.8288]}},{"type":"Feature","properties":{"s":"Delhi","v":28.3},"geometry":{"type":"Point","coordinates":[76.9951,28.7967]}},{"type":"Feature","properties":{"s":"Delhi","v":28.3},"geometry":{"type":"Point","coordinates":[76.9631,28.5919]}},{"type":"Feature","properties":{"s":"Delhi","v":28.3},"geometry":{"type":"Point","coordinates":[77.2978,28.7129]}},{"type":"Feature","properties":{"s":"Delhi","v":28.3},"geometry":{"type":"Point","coordinates":[76.9824,28.6081]}},{"type":"Feature","properties":{"s":"Delhi","v":28.3},"geometry":{"type":"Point","coordinates":[77.1785,28.6448]}},{"type":"Feature","properties":{"s":"Delhi","v":28.3},"geometry":{"type":"Point","coordinates":[77.2997,28.6618]}},{"type":"Feature","properties":{"s":"Delhi","v":28.3},"geometry":{"type":"Point","coordinates":[77.1617,28.843]}},{"type":"Feature","properties":{"s":"Delhi","v":28.3},"geometry":{"type":"Point","coordinates":[76.9703,28.5775]}},{"type":"Feature","properties":{"s":"Delhi","v":28.3},"geometry":{"type":"Point","coordinates":[77.2956,28.7259]}},{"type":"Feature","properties":{"s":"Delhi","v":28.3},"geometry":{"type":"Point","coordinates":[77.0056,28.712]}},{"type":"Feature","properties":{"s":"Delhi","v":28.3},"geometry":{"type":"Point","coordinates":[77.009,28.8319]}},{"type":"Feature","properties":{"s":"Delhi","v":28.3},"geometry":{"type":"Point","coordinates":[77.2672,28.5642]}},{"type":"Feature","properties":{"s":"Delhi","v":28.3},"geometry":{"type":"Point","coordinates":[76.9738,28.7906]}},{"type":"Feature","properties":{"s":"Delhi","v":28.3},"geometry":{"type":"Point","coordinates":[76.9632,28.5961]}},{"type":"Feature","properties":{"s":"Delhi","v":28.3},"geometry":{"type":"Point","coordinates":[77.0964,28.5547]}},{"type":"Feature","properties":{"s":"Delhi","v":28.3},"geometry":{"type":"Point","coordinates":[77.2678,28.6134]}},{"type":"Feature","properties":{"s":"Delhi","v":28.3},"geometry":{"type":"Point","coordinates":[77.0225,28.6529]}},{"type":"Feature","properties":{"s":"Delhi","v":28.3},"geometry":{"type":"Point","coordinates":[77.2155,28.549]}},{"type":"Feature","properties":{"s":"Delhi","v":28.3},"geometry":{"type":"Point","coordinates":[77.1836,28.8263]}},{"type":"Feature","properties":{"s":"Delhi","v":28.3},"geometry":{"type":"Point","coordinates":[77.0114,28.5513]}},{"type":"Feature","properties":{"s":"Delhi","v":28.3},"geometry":{"type":"Point","coordinates":[77.2285,28.6453]}},{"type":"Feature","properties":{"s":"Delhi","v":28.3},"geometry":{"type":"Point","coordinates":[77.2693,28.6125]}},{"type":"Feature","properties":{"s":"Delhi","v":28.3},"geometry":{"type":"Point","coordinates":[77.1882,28.6222]}},{"type":"Feature","properties":{"s":"Delhi","v":28.3},"geometry":{"type":"Point","coordinates":[76.8664,28.5785]}},{"type":"Feature","properties":{"s":"Delhi","v":28.3},"geometry":{"type":"Point","coordinates":[77.0004,28.6664]}},{"type":"Feature","properties":{"s":"Delhi","v":28.3},"geometry":{"type":"Point","coordinates":[77.0633,28.8122]}},{"type":"Feature","properties":{"s":"Delhi","v":28.3},"geometry":{"type":"Point","coordinates":[77.2627,28.5494]}},{"type":"Feature","properties":{"s":"Delhi","v":28.3},"geometry":{"type":"Point","coordinates":[77.2594,28.7525]}},{"type":"Feature","properties":{"s":"Delhi","v":28.3},"geometry":{"type":"Point","coordinates":[77.1451,28.6261]}},{"type":"Feature","properties":{"s":"Delhi","v":28.3},"geometry":{"type":"Point","coordinates":[77.1564,28.605]}},{"type":"Feature","properties":{"s":"Delhi","v":28.3},"geometry":{"type":"Point","coordinates":[77.0742,28.6992]}},{"type":"Feature","properties":{"s":"Delhi","v":28.3},"geometry":{"type":"Point","coordinates":[77.2027,28.4662]}},{"type":"Feature","properties":{"s":"Delhi","v":28.3},"geometry":{"type":"Point","coordinates":[77.1487,28.4905]}},{"type":"Feature","properties":{"s":"Delhi","v":28.3},"geometry":{"type":"Point","coordinates":[77.2542,28.7021]}},{"type":"Feature","properties":{"s":"Delhi","v":28.3},"geometry":{"type":"Point","coordinates":[77.2459,28.5876]}},{"type":"Feature","properties":{"s":"Delhi","v":28.3},"geometry":{"type":"Point","coordinates":[77.17,28.5712]}},{"type":"Feature","properties":{"s":"Delhi","v":28.3},"geometry":{"type":"Point","coordinates":[76.9717,28.6323]}},{"type":"Feature","properties":{"s":"Delhi","v":28.3},"geometry":{"type":"Point","coordinates":[76.8921,28.5287]}},{"type":"Feature","properties":{"s":"Delhi","v":28.3},"geometry":{"type":"Point","coordinates":[77.2879,28.6773]}},{"type":"Feature","properties":{"s":"Delhi","v":28.3},"geometry":{"type":"Point","coordinates":[77.2966,28.547]}},{"type":"Feature","properties":{"s":"Delhi","v":28.3},"geometry":{"type":"Point","coordinates":[77.0433,28.6082]}},{"type":"Feature","properties":{"s":"Delhi","v":28.3},"geometry":{"type":"Point","coordinates":[77.2359,28.7708]}},{"type":"Feature","properties":{"s":"Delhi","v":28.3},"geometry":{"type":"Point","coordinates":[77.2427,28.5677]}},{"type":"Feature","properties":{"s":"Delhi","v":28.3},"geometry":{"type":"Point","coordinates":[77.1321,28.6092]}},{"type":"Feature","properties":{"s":"Delhi","v":28.3},"geometry":{"type":"Point","coordinates":[77.1273,28.809]}},{"type":"Feature","properties":{"s":"Delhi","v":28.3},"geometry":{"type":"Point","coordinates":[77.1314,28.8352]}},{"type":"Feature","properties":{"s":"Delhi","v":28.3},"geometry":{"type":"Point","coordinates":[77.0889,28.6329]}},{"type":"Feature","properties":{"s":"Delhi","v":28.3},"geometry":{"type":"Point","coordinates":[77.1095,28.7489]}},{"type":"Feature","properties":{"s":"Delhi","v":28.3},"geometry":{"type":"Point","coordinates":[76.8967,28.5492]}},{"type":"Feature","properties":{"s":"Delhi","v":28.3},"geometry":{"type":"Point","coordinates":[76.9758,28.7055]}},{"type":"Feature","properties":{"s":"Delhi","v":28.3},"geometry":{"type":"Point","coordinates":[77.0937,28.649]}},{"type":"Feature","properties":{"s":"Delhi","v":28.3},"geometry":{"type":"Point","coordinates":[77.2619,28.4935]}},{"type":"Feature","properties":{"s":"Delhi","v":28.3},"geometry":{"type":"Point","coordinates":[77.2549,28.6865]}},{"type":"Feature","properties":{"s":"Delhi","v":28.3},"geometry":{"type":"Point","coordinates":[77.2805,28.6924]}},{"type":"Feature","properties":{"s":"Delhi","v":28.3},"geometry":{"type":"Point","coordinates":[77.2464,28.6921]}},{"type":"Feature","properties":{"s":"Delhi","v":28.3},"geometry":{"type":"Point","coordinates":[77.2001,28.737]}},{"type":"Feature","properties":{"s":"Delhi","v":28.3},"geometry":{"type":"Point","coordinates":[77.2959,28.7281]}},{"type":"Feature","properties":{"s":"Delhi","v":28.3},"geometry":{"type":"Point","coordinates":[76.9404,28.5463]}},{"type":"Feature","properties":{"s":"Delhi","v":28.3},"geometry":{"type":"Point","coordinates":[77.1767,28.8179]}},{"type":"Feature","properties":{"s":"Delhi","v":28.3},"geometry":{"type":"Point","coordinates":[77.1017,28.8398]}},{"type":"Feature","properties":{"s":"Delhi","v":28.3},"geometry":{"type":"Point","coordinates":[76.9924,28.821]}},{"type":"Feature","properties":{"s":"Delhi","v":28.3},"geometry":{"type":"Point","coordinates":[77.0567,28.8238]}},{"type":"Feature","properties":{"s":"Delhi","v":28.3},"geometry":{"type":"Point","coordinates":[77.111,28.6298]}},{"type":"Feature","properties":{"s":"Delhi","v":28.3},"geometry":{"type":"Point","coordinates":[77.0934,28.693]}},{"type":"Feature","properties":{"s":"Delhi","v":28.3},"geometry":{"type":"Point","coordinates":[77.1425,28.8538]}},{"type":"Feature","properties":{"s":"Delhi","v":28.3},"geometry":{"type":"Point","coordinates":[76.9303,28.6102]}},{"type":"Feature","properties":{"s":"Delhi","v":28.3},"geometry":{"type":"Point","coordinates":[77.2654,28.6178]}},{"type":"Feature","properties":{"s":"Delhi","v":28.3},"geometry":{"type":"Point","coordinates":[77.1269,28.8486]}},{"type":"Feature","properties":{"s":"Delhi","v":28.3},"geometry":{"type":"Point","coordinates":[77.1177,28.7587]}},{"type":"Feature","properties":{"s":"Delhi","v":28.3},"geometry":{"type":"Point","coordinates":[77.0244,28.6029]}},{"type":"Feature","properties":{"s":"Delhi","v":28.3},"geometry":{"type":"Point","coordinates":[77.292,28.6956]}},{"type":"Feature","properties":{"s":"Delhi","v":28.3},"geometry":{"type":"Point","coordinates":[77.2173,28.7494]}},{"type":"Feature","properties":{"s":"Delhi","v":28.3},"geometry":{"type":"Point","coordinates":[77.3142,28.7093]}},{"type":"Feature","properties":{"s":"Delhi","v":28.3},"geometry":{"type":"Point","coordinates":[76.9933,28.795]}},{"type":"Feature","properties":{"s":"Delhi","v":28.3},"geometry":{"type":"Point","coordinates":[77.2305,28.5013]}},{"type":"Feature","properties":{"s":"Delhi","v":28.3},"geometry":{"type":"Point","coordinates":[77.2701,28.7022]}},{"type":"Feature","properties":{"s":"Delhi","v":28.3},"geometry":{"type":"Point","coordinates":[77.0403,28.6507]}},{"type":"Feature","properties":{"s":"Delhi","v":28.3},"geometry":{"type":"Point","coordinates":[76.8461,28.5549]}},{"type":"Feature","properties":{"s":"Delhi","v":28.3},"geometry":{"type":"Point","coordinates":[76.9276,28.5186]}},{"type":"Feature","properties":{"s":"Delhi","v":28.3},"geometry":{"type":"Point","coordinates":[77.0878,28.6142]}},{"type":"Feature","properties":{"s":"Delhi","v":28.3},"geometry":{"type":"Point","coordinates":[77.2378,28.5159]}},{"type":"Feature","properties":{"s":"Delhi","v":28.3},"geometry":{"type":"Point","coordinates":[77.2007,28.4499]}},{"type":"Feature","properties":{"s":"Delhi","v":28.3},"geometry":{"type":"Point","coordinates":[77.1398,28.7286]}},{"type":"Feature","properties":{"s":"Delhi","v":28.3},"geometry":{"type":"Point","coordinates":[76.9177,28.594]}},{"type":"Feature","properties":{"s":"Delhi","v":28.3},"geometry":{"type":"Point","coordinates":[76.9791,28.7371]}},{"type":"Feature","properties":{"s":"Delhi","v":28.3},"geometry":{"type":"Point","coordinates":[77.0988,28.8]}},{"type":"Feature","properties":{"s":"Delhi","v":28.3},"geometry":{"type":"Point","coordinates":[77.039,28.6659]}},{"type":"Feature","properties":{"s":"Delhi","v":28.3},"geometry":{"type":"Point","coordinates":[77.1267,28.7107]}},{"type":"Feature","properties":{"s":"Delhi","v":28.3},"geometry":{"type":"Point","coordinates":[77.1587,28.5166]}},{"type":"Feature","properties":{"s":"Delhi","v":28.3},"geometry":{"type":"Point","coordinates":[76.9629,28.6016]}},{"type":"Feature","properties":{"s":"Delhi","v":28.3},"geometry":{"type":"Point","coordinates":[77.2453,28.7351]}},{"type":"Feature","properties":{"s":"Delhi","v":28.3},"geometry":{"type":"Point","coordinates":[77.1319,28.8366]}},{"type":"Feature","properties":{"s":"Delhi","v":28.3},"geometry":{"type":"Point","coordinates":[77.0933,28.6687]}},{"type":"Feature","properties":{"s":"Delhi","v":28.3},"geometry":{"type":"Point","coordinates":[76.8796,28.573]}},{"type":"Feature","properties":{"s":"Delhi","v":28.3},"geometry":{"type":"Point","coordinates":[77.2852,28.7096]}},{"type":"Feature","properties":{"s":"Delhi","v":28.3},"geometry":{"type":"Point","coordinates":[76.9236,28.5236]}},{"type":"Feature","properties":{"s":"Delhi","v":28.3},"geometry":{"type":"Point","coordinates":[77.2254,28.5378]}},{"type":"Feature","properties":{"s":"Delhi","v":28.3},"geometry":{"type":"Point","coordinates":[76.9565,28.6236]}},{"type":"Feature","properties":{"s":"Delhi","v":28.3},"geometry":{"type":"Point","coordinates":[77.2285,28.4935]}},{"type":"Feature","properties":{"s":"Delhi","v":28.3},"geometry":{"type":"Point","coordinates":[77.0966,28.6398]}},{"type":"Feature","properties":{"s":"Delhi","v":28.3},"geometry":{"type":"Point","coordinates":[77.1325,28.5218]}},{"type":"Feature","properties":{"s":"Delhi","v":28.3},"geometry":{"type":"Point","coordinates":[77.2101,28.5193]}},{"type":"Feature","properties":{"s":"Delhi","v":28.3},"geometry":{"type":"Point","coordinates":[77.055,28.614]}},{"type":"Feature","properties":{"s":"Delhi","v":28.3},"geometry":{"type":"Point","coordinates":[77.2504,28.7263]}},{"type":"Feature","properties":{"s":"Delhi","v":28.3},"geometry":{"type":"Point","coordinates":[77.0698,28.5739]}},{"type":"Feature","properties":{"s":"Delhi","v":28.3},"geometry":{"type":"Point","coordinates":[76.9398,28.5821]}},{"type":"Feature","properties":{"s":"Delhi","v":28.3},"geometry":{"type":"Point","coordinates":[77.2059,28.4412]}},{"type":"Feature","properties":{"s":"Delhi","v":28.3},"geometry":{"type":"Point","coordinates":[77.1027,28.7625]}},{"type":"Feature","properties":{"s":"Delhi","v":28.3},"geometry":{"type":"Point","coordinates":[77.1078,28.5384]}},{"type":"Feature","properties":{"s":"Delhi","v":28.3},"geometry":{"type":"Point","coordinates":[77.1681,28.4938]}},{"type":"Feature","properties":{"s":"Delhi","v":28.3},"geometry":{"type":"Point","coordinates":[76.974,28.7017]}},{"type":"Feature","properties":{"s":"Delhi","v":28.3},"geometry":{"type":"Point","coordinates":[77.2313,28.6807]}},{"type":"Feature","properties":{"s":"Delhi","v":28.3},"geometry":{"type":"Point","coordinates":[77.0327,28.718]}},{"type":"Feature","properties":{"s":"Delhi","v":28.3},"geometry":{"type":"Point","coordinates":[77.0782,28.5475]}},{"type":"Feature","properties":{"s":"Delhi","v":28.3},"geometry":{"type":"Point","coordinates":[77.1502,28.846]}},{"type":"Feature","properties":{"s":"Delhi","v":28.3},"geometry":{"type":"Point","coordinates":[77.1835,28.6979]}},{"type":"Feature","properties":{"s":"Delhi","v":28.3},"geometry":{"type":"Point","coordinates":[76.9842,28.5537]}},{"type":"Feature","properties":{"s":"Delhi","v":28.3},"geometry":{"type":"Point","coordinates":[76.9255,28.623]}},{"type":"Feature","properties":{"s":"Delhi","v":28.3},"geometry":{"type":"Point","coordinates":[77.1492,28.821]}},{"type":"Feature","properties":{"s":"Delhi","v":28.3},"geometry":{"type":"Point","coordinates":[77.2019,28.8289]}},{"type":"Feature","properties":{"s":"Delhi","v":28.3},"geometry":{"type":"Point","coordinates":[76.915,28.5364]}},{"type":"Feature","properties":{"s":"Delhi","v":28.3},"geometry":{"type":"Point","coordinates":[77.1665,28.5001]}},{"type":"Feature","properties":{"s":"Delhi","v":28.3},"geometry":{"type":"Point","coordinates":[77.3145,28.6933]}},{"type":"Feature","properties":{"s":"Delhi","v":28.3},"geometry":{"type":"Point","coordinates":[77.1635,28.5761]}},{"type":"Feature","properties":{"s":"Delhi","v":28.3},"geometry":{"type":"Point","coordinates":[77.1044,28.505]}},{"type":"Feature","properties":{"s":"Delhi","v":28.3},"geometry":{"type":"Point","coordinates":[77.2029,28.5494]}},{"type":"Feature","properties":{"s":"Delhi","v":28.3},"geometry":{"type":"Point","coordinates":[77.062,28.8645]}},{"type":"Feature","properties":{"s":"Delhi","v":28.3},"geometry":{"type":"Point","coordinates":[77.0073,28.5501]}},{"type":"Feature","properties":{"s":"Delhi","v":28.3},"geometry":{"type":"Point","coordinates":[77.0779,28.7516]}},{"type":"Feature","properties":{"s":"Delhi","v":28.3},"geometry":{"type":"Point","coordinates":[77.0637,28.6758]}},{"type":"Feature","properties":{"s":"Delhi","v":28.3},"geometry":{"type":"Point","coordinates":[77.1836,28.6056]}},{"type":"Feature","properties":{"s":"Delhi","v":28.3},"geometry":{"type":"Point","coordinates":[76.9694,28.5393]}},{"type":"Feature","properties":{"s":"Delhi","v":28.3},"geometry":{"type":"Point","coordinates":[77.2775,28.7126]}},{"type":"Feature","properties":{"s":"Delhi","v":28.3},"geometry":{"type":"Point","coordinates":[77.0983,28.5271]}},{"type":"Feature","properties":{"s":"Delhi","v":28.3},"geometry":{"type":"Point","coordinates":[77.275,28.6772]}},{"type":"Feature","properties":{"s":"Delhi","v":28.3},"geometry":{"type":"Point","coordinates":[77.2175,28.4627]}},{"type":"Feature","properties":{"s":"Delhi","v":28.3},"geometry":{"type":"Point","coordinates":[77.0134,28.5823]}},{"type":"Feature","properties":{"s":"Delhi","v":28.3},"geometry":{"type":"Point","coordinates":[77.1187,28.6526]}},{"type":"Feature","properties":{"s":"Delhi","v":28.3},"geometry":{"type":"Point","coordinates":[77.1238,28.5267]}},{"type":"Feature","properties":{"s":"Delhi","v":28.3},"geometry":{"type":"Point","coordinates":[77.2524,28.6149]}},{"type":"Feature","properties":{"s":"Delhi","v":28.3},"geometry":{"type":"Point","coordinates":[77.0132,28.794]}},{"type":"Feature","properties":{"s":"Delhi","v":28.3},"geometry":{"type":"Point","coordinates":[77.1952,28.7292]}},{"type":"Feature","properties":{"s":"Delhi","v":28.3},"geometry":{"type":"Point","coordinates":[76.9424,28.6073]}},{"type":"Feature","properties":{"s":"Delhi","v":28.3},"geometry":{"type":"Point","coordinates":[77.0978,28.8093]}},{"type":"Feature","properties":{"s":"Delhi","v":28.3},"geometry":{"type":"Point","coordinates":[76.9753,28.7033]}},{"type":"Feature","properties":{"s":"Delhi","v":28.3},"geometry":{"type":"Point","coordinates":[77.1656,28.7937]}},{"type":"Feature","properties":{"s":"Delhi","v":28.3},"geometry":{"type":"Point","coordinates":[77.1686,28.614]}},{"type":"Feature","properties":{"s":"Delhi","v":28.3},"geometry":{"type":"Point","coordinates":[77.2053,28.6454]}},{"type":"Feature","properties":{"s":"Delhi","v":28.3},"geometry":{"type":"Point","coordinates":[77.2189,28.7702]}},{"type":"Feature","properties":{"s":"Delhi","v":28.3},"geometry":{"type":"Point","coordinates":[76.9571,28.5525]}},{"type":"Feature","properties":{"s":"Delhi","v":28.3},"geometry":{"type":"Point","coordinates":[77.2967,28.6736]}},{"type":"Feature","properties":{"s":"Delhi","v":28.3},"geometry":{"type":"Point","coordinates":[77.1646,28.5504]}},{"type":"Feature","properties":{"s":"Delhi","v":28.3},"geometry":{"type":"Point","coordinates":[77.0726,28.6839]}},{"type":"Feature","properties":{"s":"Delhi","v":28.3},"geometry":{"type":"Point","coordinates":[77.0174,28.5373]}},{"type":"Feature","properties":{"s":"Delhi","v":28.3},"geometry":{"type":"Point","coordinates":[77.0483,28.6766]}},{"type":"Feature","properties":{"s":"Delhi","v":28.3},"geometry":{"type":"Point","coordinates":[76.9579,28.5414]}},{"type":"Feature","properties":{"s":"Delhi","v":28.3},"geometry":{"type":"Point","coordinates":[77.1004,28.5916]}},{"type":"Feature","properties":{"s":"Delhi","v":28.3},"geometry":{"type":"Point","coordinates":[76.9814,28.7205]}},{"type":"Feature","properties":{"s":"Delhi","v":28.3},"geometry":{"type":"Point","coordinates":[77.1184,28.5182]}},{"type":"Feature","properties":{"s":"Delhi","v":28.3},"geometry":{"type":"Point","coordinates":[77.0425,28.5542]}},{"type":"Feature","properties":{"s":"Delhi","v":28.3},"geometry":{"type":"Point","coordinates":[77.1083,28.6174]}},{"type":"Feature","properties":{"s":"Delhi","v":28.3},"geometry":{"type":"Point","coordinates":[76.9508,28.6064]}},{"type":"Feature","properties":{"s":"Delhi","v":28.3},"geometry":{"type":"Point","coordinates":[77.1305,28.5574]}},{"type":"Feature","properties":{"s":"Delhi","v":28.3},"geometry":{"type":"Point","coordinates":[77.0577,28.7563]}},{"type":"Feature","properties":{"s":"Delhi","v":28.3},"geometry":{"type":"Point","coordinates":[77.2943,28.5883]}},{"type":"Feature","properties":{"s":"Delhi","v":28.3},"geometry":{"type":"Point","coordinates":[77.1713,28.6955]}},{"type":"Feature","properties":{"s":"Delhi","v":28.3},"geometry":{"type":"Point","coordinates":[77.0685,28.5221]}},{"type":"Feature","properties":{"s":"Delhi","v":28.3},"geometry":{"type":"Point","coordinates":[77.0387,28.663]}},{"type":"Feature","properties":{"s":"Goa","v":23.2},"geometry":{"type":"Point","coordinates":[74.2111,15.0541]}},{"type":"Feature","properties":{"s":"Goa","v":23.2},"geometry":{"type":"Point","coordinates":[73.7671,15.5889]}},{"type":"Feature","properties":{"s":"Goa","v":23.2},"geometry":{"type":"Point","coordinates":[73.9622,15.5272]}},{"type":"Feature","properties":{"s":"Goa","v":23.2},"geometry":{"type":"Point","coordinates":[73.7997,15.6074]}},{"type":"Feature","properties":{"s":"Goa","v":23.2},"geometry":{"type":"Point","coordinates":[73.7714,15.6909]}},{"type":"Feature","properties":{"s":"Goa","v":23.2},"geometry":{"type":"Point","coordinates":[74.2426,15.1753]}},{"type":"Feature","properties":{"s":"Goa","v":23.2},"geometry":{"type":"Point","coordinates":[74.0114,15.4564]}},{"type":"Feature","properties":{"s":"Goa","v":23.2},"geometry":{"type":"Point","coordinates":[74.0343,15.2144]}},{"type":"Feature","properties":{"s":"Goa","v":23.2},"geometry":{"type":"Point","coordinates":[73.7537,15.736]}},{"type":"Feature","properties":{"s":"Goa","v":23.2},"geometry":{"type":"Point","coordinates":[73.8272,15.6382]}},{"type":"Feature","properties":{"s":"Goa","v":23.2},"geometry":{"type":"Point","coordinates":[74.0741,15.6288]}},{"type":"Feature","properties":{"s":"Goa","v":23.2},"geometry":{"type":"Point","coordinates":[73.9388,15.2672]}},{"type":"Feature","properties":{"s":"Goa","v":23.2},"geometry":{"type":"Point","coordinates":[74.1541,15.2866]}},{"type":"Feature","properties":{"s":"Goa","v":23.2},"geometry":{"type":"Point","coordinates":[74.0087,15.4219]}},{"type":"Feature","properties":{"s":"Goa","v":23.2},"geometry":{"type":"Point","coordinates":[74.1896,15.1874]}},{"type":"Feature","properties":{"s":"Goa","v":23.2},"geometry":{"type":"Point","coordinates":[74.1439,15.3425]}},{"type":"Feature","properties":{"s":"Goa","v":23.2},"geometry":{"type":"Point","coordinates":[74.1934,15.5903]}},{"type":"Feature","properties":{"s":"Goa","v":23.2},"geometry":{"type":"Point","coordinates":[73.8505,15.7358]}},{"type":"Feature","properties":{"s":"Goa","v":23.2},"geometry":{"type":"Point","coordinates":[74.2419,15.291]}},{"type":"Feature","properties":{"s":"Goa","v":23.2},"geometry":{"type":"Point","coordinates":[74.1454,15.392]}},{"type":"Feature","properties":{"s":"Goa","v":23.2},"geometry":{"type":"Point","coordinates":[74.1939,15.2526]}},{"type":"Feature","properties":{"s":"Goa","v":23.2},"geometry":{"type":"Point","coordinates":[74.2227,15.0577]}},{"type":"Feature","properties":{"s":"Goa","v":23.2},"geometry":{"type":"Point","coordinates":[74.2019,15.5318]}},{"type":"Feature","properties":{"s":"Goa","v":23.2},"geometry":{"type":"Point","coordinates":[73.9129,15.4327]}},{"type":"Feature","properties":{"s":"Goa","v":23.2},"geometry":{"type":"Point","coordinates":[74.0373,15.3923]}},{"type":"Feature","properties":{"s":"Goa","v":23.2},"geometry":{"type":"Point","coordinates":[73.7078,15.684]}},{"type":"Feature","properties":{"s":"Goa","v":23.2},"geometry":{"type":"Point","coordinates":[74.0471,15.5263]}},{"type":"Feature","properties":{"s":"Goa","v":23.2},"geometry":{"type":"Point","coordinates":[73.9022,15.4001]}},{"type":"Feature","properties":{"s":"Goa","v":23.2},"geometry":{"type":"Point","coordinates":[74.1907,15.3763]}},{"type":"Feature","properties":{"s":"Goa","v":23.2},"geometry":{"type":"Point","coordinates":[74.0907,15.4991]}},{"type":"Feature","properties":{"s":"Goa","v":23.2},"geometry":{"type":"Point","coordinates":[73.9861,15.104]}},{"type":"Feature","properties":{"s":"Goa","v":23.2},"geometry":{"type":"Point","coordinates":[73.9223,15.7218]}},{"type":"Feature","properties":{"s":"Goa","v":23.2},"geometry":{"type":"Point","coordinates":[74.2614,15.1393]}},{"type":"Feature","properties":{"s":"Goa","v":23.2},"geometry":{"type":"Point","coordinates":[74.2843,15.1424]}},{"type":"Feature","properties":{"s":"Goa","v":23.2},"geometry":{"type":"Point","coordinates":[74.0652,15.0369]}},{"type":"Feature","properties":{"s":"Goa","v":23.2},"geometry":{"type":"Point","coordinates":[73.77,15.6531]}},{"type":"Feature","properties":{"s":"Goa","v":23.2},"geometry":{"type":"Point","coordinates":[73.8952,15.5031]}},{"type":"Feature","properties":{"s":"Goa","v":23.2},"geometry":{"type":"Point","coordinates":[74.1487,15.3211]}},{"type":"Feature","properties":{"s":"Goa","v":23.2},"geometry":{"type":"Point","coordinates":[74.276,15.3064]}},{"type":"Feature","properties":{"s":"Goa","v":23.2},"geometry":{"type":"Point","coordinates":[73.9153,15.3018]}},{"type":"Feature","properties":{"s":"Goa","v":23.2},"geometry":{"type":"Point","coordinates":[74.2205,15.3918]}},{"type":"Feature","properties":{"s":"Goa","v":23.2},"geometry":{"type":"Point","coordinates":[73.9275,15.4326]}},{"type":"Feature","properties":{"s":"Goa","v":23.2},"geometry":{"type":"Point","coordinates":[74.0409,15.3203]}},{"type":"Feature","properties":{"s":"Goa","v":23.2},"geometry":{"type":"Point","coordinates":[74.2466,15.5617]}},{"type":"Feature","properties":{"s":"Goa","v":23.2},"geometry":{"type":"Point","coordinates":[74.2663,15.103]}},{"type":"Feature","properties":{"s":"Goa","v":23.2},"geometry":{"type":"Point","coordinates":[73.9022,15.7164]}},{"type":"Feature","properties":{"s":"Goa","v":23.2},"geometry":{"type":"Point","coordinates":[73.8911,15.7295]}},{"type":"Feature","properties":{"s":"Goa","v":23.2},"geometry":{"type":"Point","coordinates":[73.9562,15.6168]}},{"type":"Feature","properties":{"s":"Goa","v":23.2},"geometry":{"type":"Point","coordinates":[74.1522,15.3519]}},{"type":"Feature","properties":{"s":"Goa","v":23.2},"geometry":{"type":"Point","coordinates":[73.912,15.6846]}},{"type":"Feature","properties":{"s":"Goa","v":23.2},"geometry":{"type":"Point","coordinates":[74.2612,15.409]}},{"type":"Feature","properties":{"s":"Goa","v":23.2},"geometry":{"type":"Point","coordinates":[73.9108,15.6959]}},{"type":"Feature","properties":{"s":"Goa","v":23.2},"geometry":{"type":"Point","coordinates":[73.9778,15.067]}},{"type":"Feature","properties":{"s":"Goa","v":23.2},"geometry":{"type":"Point","coordinates":[74.1969,15.6492]}},{"type":"Feature","properties":{"s":"Goa","v":23.2},"geometry":{"type":"Point","coordinates":[73.8622,15.4568]}},{"type":"Feature","properties":{"s":"Goa","v":23.2},"geometry":{"type":"Point","coordinates":[74.0239,15.5333]}},{"type":"Feature","properties":{"s":"Goa","v":23.2},"geometry":{"type":"Point","coordinates":[73.9558,15.572]}},{"type":"Feature","properties":{"s":"Goa","v":23.2},"geometry":{"type":"Point","coordinates":[74.0515,15.0619]}},{"type":"Feature","properties":{"s":"Goa","v":23.2},"geometry":{"type":"Point","coordinates":[74.305,15.2847]}},{"type":"Feature","properties":{"s":"Goa","v":23.2},"geometry":{"type":"Point","coordinates":[74.0883,15.0439]}},{"type":"Feature","properties":{"s":"Goa","v":23.2},"geometry":{"type":"Point","coordinates":[73.9558,15.299]}},{"type":"Feature","properties":{"s":"Goa","v":23.2},"geometry":{"type":"Point","coordinates":[74.0614,15.5203]}},{"type":"Feature","properties":{"s":"Goa","v":23.2},"geometry":{"type":"Point","coordinates":[74.2394,14.9992]}},{"type":"Feature","properties":{"s":"Goa","v":23.2},"geometry":{"type":"Point","coordinates":[74.078,14.9635]}},{"type":"Feature","properties":{"s":"Goa","v":23.2},"geometry":{"type":"Point","coordinates":[74.0833,15.6258]}},{"type":"Feature","properties":{"s":"Goa","v":23.2},"geometry":{"type":"Point","coordinates":[73.8164,15.6971]}},{"type":"Feature","properties":{"s":"Goa","v":23.2},"geometry":{"type":"Point","coordinates":[74.2494,15.101]}},{"type":"Feature","properties":{"s":"Goa","v":23.2},"geometry":{"type":"Point","coordinates":[74.0271,15.5488]}},{"type":"Feature","properties":{"s":"Goa","v":23.2},"geometry":{"type":"Point","coordinates":[74.003,15.0916]}},{"type":"Feature","properties":{"s":"Goa","v":23.2},"geometry":{"type":"Point","coordinates":[74.0846,15.5552]}},{"type":"Feature","properties":{"s":"Goa","v":23.2},"geometry":{"type":"Point","coordinates":[74.017,15.5261]}},{"type":"Feature","properties":{"s":"Goa","v":23.2},"geometry":{"type":"Point","coordinates":[74.0747,15.2183]}},{"type":"Feature","properties":{"s":"Goa","v":23.2},"geometry":{"type":"Point","coordinates":[73.9559,15.3895]}},{"type":"Feature","properties":{"s":"Goa","v":23.2},"geometry":{"type":"Point","coordinates":[74.1895,15.6024]}},{"type":"Feature","properties":{"s":"Goa","v":23.2},"geometry":{"type":"Point","coordinates":[73.9607,15.6727]}},{"type":"Feature","properties":{"s":"Goa","v":23.2},"geometry":{"type":"Point","coordinates":[73.9357,15.7415]}},{"type":"Feature","properties":{"s":"Goa","v":23.2},"geometry":{"type":"Point","coordinates":[73.962,15.1268]}},{"type":"Feature","properties":{"s":"Goa","v":23.2},"geometry":{"type":"Point","coordinates":[74.175,15.6233]}},{"type":"Feature","properties":{"s":"Goa","v":23.2},"geometry":{"type":"Point","coordinates":[74.2952,15.2881]}},{"type":"Feature","properties":{"s":"Goa","v":23.2},"geometry":{"type":"Point","coordinates":[73.9453,15.4122]}},{"type":"Feature","properties":{"s":"Goa","v":23.2},"geometry":{"type":"Point","coordinates":[74.2479,15.2751]}},{"type":"Feature","properties":{"s":"Goa","v":23.2},"geometry":{"type":"Point","coordinates":[74.1166,15.5814]}},{"type":"Feature","properties":{"s":"Goa","v":23.2},"geometry":{"type":"Point","coordinates":[73.8614,15.7436]}},{"type":"Feature","properties":{"s":"Goa","v":23.2},"geometry":{"type":"Point","coordinates":[74.2778,15.136]}},{"type":"Feature","properties":{"s":"Goa","v":23.2},"geometry":{"type":"Point","coordinates":[74.2101,15.2687]}},{"type":"Feature","properties":{"s":"Goa","v":23.2},"geometry":{"type":"Point","coordinates":[74.1855,15.1741]}},{"type":"Feature","properties":{"s":"Goa","v":23.2},"geometry":{"type":"Point","coordinates":[73.8117,15.6376]}},{"type":"Feature","properties":{"s":"Goa","v":23.2},"geometry":{"type":"Point","coordinates":[74.0766,15.0419]}},{"type":"Feature","properties":{"s":"Goa","v":23.2},"geometry":{"type":"Point","coordinates":[74.2484,15.1873]}},{"type":"Feature","properties":{"s":"Goa","v":23.2},"geometry":{"type":"Point","coordinates":[74.031,15.0501]}},{"type":"Feature","properties":{"s":"Goa","v":23.2},"geometry":{"type":"Point","coordinates":[73.7275,15.6425]}},{"type":"Feature","properties":{"s":"Goa","v":23.2},"geometry":{"type":"Point","coordinates":[74.2569,15.3628]}},{"type":"Feature","properties":{"s":"Goa","v":23.2},"geometry":{"type":"Point","coordinates":[73.8854,15.6692]}},{"type":"Feature","properties":{"s":"Goa","v":23.2},"geometry":{"type":"Point","coordinates":[74.1906,15.5208]}},{"type":"Feature","properties":{"s":"Goa","v":23.2},"geometry":{"type":"Point","coordinates":[73.8974,15.5107]}},{"type":"Feature","properties":{"s":"Goa","v":23.2},"geometry":{"type":"Point","coordinates":[73.9899,15.5939]}},{"type":"Feature","properties":{"s":"Goa","v":23.2},"geometry":{"type":"Point","coordinates":[74.0653,15.5768]}},{"type":"Feature","properties":{"s":"Goa","v":23.2},"geometry":{"type":"Point","coordinates":[74.1263,15.0552]}},{"type":"Feature","properties":{"s":"Goa","v":23.2},"geometry":{"type":"Point","coordinates":[74.2014,15.5308]}},{"type":"Feature","properties":{"s":"Goa","v":23.2},"geometry":{"type":"Point","coordinates":[73.7322,15.6585]}},{"type":"Feature","properties":{"s":"Goa","v":23.2},"geometry":{"type":"Point","coordinates":[73.9054,15.5271]}},{"type":"Feature","properties":{"s":"Goa","v":23.2},"geometry":{"type":"Point","coordinates":[74.129,15.0965]}},{"type":"Feature","properties":{"s":"Goa","v":23.2},"geometry":{"type":"Point","coordinates":[74.04,15.3124]}},{"type":"Feature","properties":{"s":"Goa","v":23.2},"geometry":{"type":"Point","coordinates":[73.9241,15.2327]}},{"type":"Feature","properties":{"s":"Goa","v":23.2},"geometry":{"type":"Point","coordinates":[74.0518,15.418]}},{"type":"Feature","properties":{"s":"Goa","v":23.2},"geometry":{"type":"Point","coordinates":[73.9791,15.1557]}},{"type":"Feature","properties":{"s":"Goa","v":23.2},"geometry":{"type":"Point","coordinates":[74.2386,15.5339]}},{"type":"Feature","properties":{"s":"Goa","v":23.2},"geometry":{"type":"Point","coordinates":[73.7938,15.4997]}},{"type":"Feature","properties":{"s":"Goa","v":23.2},"geometry":{"type":"Point","coordinates":[74.0709,15.5224]}},{"type":"Feature","properties":{"s":"Goa","v":23.2},"geometry":{"type":"Point","coordinates":[74.1764,15.639]}},{"type":"Feature","properties":{"s":"Goa","v":23.2},"geometry":{"type":"Point","coordinates":[74.0795,15.0551]}},{"type":"Feature","properties":{"s":"Goa","v":23.2},"geometry":{"type":"Point","coordinates":[73.9264,15.234]}},{"type":"Feature","properties":{"s":"Goa","v":23.2},"geometry":{"type":"Point","coordinates":[74.1129,15.2196]}},{"type":"Feature","properties":{"s":"Goa","v":23.2},"geometry":{"type":"Point","coordinates":[73.9896,15.0717]}},{"type":"Feature","properties":{"s":"Goa","v":23.2},"geometry":{"type":"Point","coordinates":[74.1363,15.6332]}},{"type":"Feature","properties":{"s":"Goa","v":23.2},"geometry":{"type":"Point","coordinates":[74.0518,15.2993]}},{"type":"Feature","properties":{"s":"Goa","v":23.2},"geometry":{"type":"Point","coordinates":[73.9181,15.5118]}},{"type":"Feature","properties":{"s":"Goa","v":23.2},"geometry":{"type":"Point","coordinates":[74.0871,15.0982]}},{"type":"Feature","properties":{"s":"Goa","v":23.2},"geometry":{"type":"Point","coordinates":[73.7837,15.4909]}},{"type":"Feature","properties":{"s":"Goa","v":23.2},"geometry":{"type":"Point","coordinates":[74.1213,15.3952]}},{"type":"Feature","properties":{"s":"Goa","v":23.2},"geometry":{"type":"Point","coordinates":[74.084,14.9572]}},{"type":"Feature","properties":{"s":"Goa","v":23.2},"geometry":{"type":"Point","coordinates":[74.1229,15.1421]}},{"type":"Feature","properties":{"s":"Goa","v":23.2},"geometry":{"type":"Point","coordinates":[74.029,15.562]}},{"type":"Feature","properties":{"s":"Goa","v":23.2},"geometry":{"type":"Point","coordinates":[74.2884,15.3344]}},{"type":"Feature","properties":{"s":"Goa","v":23.2},"geometry":{"type":"Point","coordinates":[73.9732,15.4668]}},{"type":"Feature","properties":{"s":"Goa","v":23.2},"geometry":{"type":"Point","coordinates":[73.9047,15.6539]}},{"type":"Feature","properties":{"s":"Goa","v":23.2},"geometry":{"type":"Point","coordinates":[74.1291,14.9361]}},{"type":"Feature","properties":{"s":"Goa","v":23.2},"geometry":{"type":"Point","coordinates":[74.1894,15.5219]}},{"type":"Feature","properties":{"s":"Goa","v":23.2},"geometry":{"type":"Point","coordinates":[73.8713,15.5533]}},{"type":"Feature","properties":{"s":"Goa","v":23.2},"geometry":{"type":"Point","coordinates":[74.0016,15.0509]}},{"type":"Feature","properties":{"s":"Goa","v":23.2},"geometry":{"type":"Point","coordinates":[74.1883,15.1128]}},{"type":"Feature","properties":{"s":"Goa","v":23.2},"geometry":{"type":"Point","coordinates":[74.2785,15.0289]}},{"type":"Feature","properties":{"s":"Goa","v":23.2},"geometry":{"type":"Point","coordinates":[73.802,15.6132]}},{"type":"Feature","properties":{"s":"Goa","v":23.2},"geometry":{"type":"Point","coordinates":[74.1648,15.3932]}},{"type":"Feature","properties":{"s":"Goa","v":23.2},"geometry":{"type":"Point","coordinates":[73.8447,15.6968]}},{"type":"Feature","properties":{"s":"Goa","v":23.2},"geometry":{"type":"Point","coordinates":[74.1559,15.2335]}},{"type":"Feature","properties":{"s":"Goa","v":23.2},"geometry":{"type":"Point","coordinates":[73.8552,15.6114]}},{"type":"Feature","properties":{"s":"Goa","v":23.2},"geometry":{"type":"Point","coordinates":[73.7514,15.6926]}},{"type":"Feature","properties":{"s":"Goa","v":23.2},"geometry":{"type":"Point","coordinates":[74.0019,15.4758]}},{"type":"Feature","properties":{"s":"Goa","v":23.2},"geometry":{"type":"Point","coordinates":[74.236,14.9729]}},{"type":"Feature","properties":{"s":"Goa","v":23.2},"geometry":{"type":"Point","coordinates":[73.7348,15.5977]}},{"type":"Feature","properties":{"s":"Goa","v":23.2},"geometry":{"type":"Point","coordinates":[73.8708,15.4577]}},{"type":"Feature","properties":{"s":"Goa","v":23.2},"geometry":{"type":"Point","coordinates":[73.9825,15.3497]}},{"type":"Feature","properties":{"s":"Goa","v":23.2},"geometry":{"type":"Point","coordinates":[73.9356,15.6129]}},{"type":"Feature","properties":{"s":"Goa","v":23.2},"geometry":{"type":"Point","coordinates":[74.0552,15.3421]}},{"type":"Feature","properties":{"s":"Goa","v":23.2},"geometry":{"type":"Point","coordinates":[74.1606,15.0765]}},{"type":"Feature","properties":{"s":"Goa","v":23.2},"geometry":{"type":"Point","coordinates":[74.2403,15.5768]}},{"type":"Feature","properties":{"s":"Goa","v":23.2},"geometry":{"type":"Point","coordinates":[74.1704,15.1817]}},{"type":"Feature","properties":{"s":"Goa","v":23.2},"geometry":{"type":"Point","coordinates":[73.9672,15.2708]}},{"type":"Feature","properties":{"s":"Goa","v":23.2},"geometry":{"type":"Point","coordinates":[73.9633,15.6662]}},{"type":"Feature","properties":{"s":"Goa","v":23.2},"geometry":{"type":"Point","coordinates":[74.1905,15.1382]}},{"type":"Feature","properties":{"s":"Goa","v":23.2},"geometry":{"type":"Point","coordinates":[73.9521,15.3113]}},{"type":"Feature","properties":{"s":"Goa","v":23.2},"geometry":{"type":"Point","coordinates":[73.7729,15.7236]}},{"type":"Feature","properties":{"s":"Goa","v":23.2},"geometry":{"type":"Point","coordinates":[74.1536,15.5171]}},{"type":"Feature","properties":{"s":"Goa","v":23.2},"geometry":{"type":"Point","coordinates":[74.2717,15.1629]}},{"type":"Feature","properties":{"s":"Goa","v":23.2},"geometry":{"type":"Point","coordinates":[74.2047,15.2187]}},{"type":"Feature","properties":{"s":"Goa","v":23.2},"geometry":{"type":"Point","coordinates":[73.927,15.7094]}},{"type":"Feature","properties":{"s":"Goa","v":23.2},"geometry":{"type":"Point","coordinates":[73.9275,15.5875]}},{"type":"Feature","properties":{"s":"Goa","v":23.2},"geometry":{"type":"Point","coordinates":[74.2457,15.2025]}},{"type":"Feature","properties":{"s":"Goa","v":23.2},"geometry":{"type":"Point","coordinates":[73.7155,15.687]}},{"type":"Feature","properties":{"s":"Goa","v":23.2},"geometry":{"type":"Point","coordinates":[74.1892,15.1436]}},{"type":"Feature","properties":{"s":"Goa","v":23.2},"geometry":{"type":"Point","coordinates":[73.7705,15.5656]}},{"type":"Feature","properties":{"s":"Goa","v":23.2},"geometry":{"type":"Point","coordinates":[74.0127,15.1598]}},{"type":"Feature","properties":{"s":"Goa","v":23.2},"geometry":{"type":"Point","coordinates":[74.1343,15.5727]}},{"type":"Feature","properties":{"s":"Goa","v":23.2},"geometry":{"type":"Point","coordinates":[74.2407,15.1494]}},{"type":"Feature","properties":{"s":"Goa","v":23.2},"geometry":{"type":"Point","coordinates":[74.0501,15.0274]}},{"type":"Feature","properties":{"s":"Goa","v":23.2},"geometry":{"type":"Point","coordinates":[73.9726,15.1912]}},{"type":"Feature","properties":{"s":"Goa","v":23.2},"geometry":{"type":"Point","coordinates":[73.7953,15.6426]}},{"type":"Feature","properties":{"s":"Goa","v":23.2},"geometry":{"type":"Point","coordinates":[74.2028,15.5173]}},{"type":"Feature","properties":{"s":"Goa","v":23.2},"geometry":{"type":"Point","coordinates":[74.0853,15.2331]}},{"type":"Feature","properties":{"s":"Goa","v":23.2},"geometry":{"type":"Point","coordinates":[74.0661,15.1853]}},{"type":"Feature","properties":{"s":"Goa","v":23.2},"geometry":{"type":"Point","coordinates":[73.9326,15.2314]}},{"type":"Feature","properties":{"s":"Goa","v":23.2},"geometry":{"type":"Point","coordinates":[73.9168,15.4802]}},{"type":"Feature","properties":{"s":"Goa","v":23.2},"geometry":{"type":"Point","coordinates":[74.1118,15.5682]}},{"type":"Feature","properties":{"s":"Goa","v":23.2},"geometry":{"type":"Point","coordinates":[74.1579,15.4778]}},{"type":"Feature","properties":{"s":"Goa","v":23.2},"geometry":{"type":"Point","coordinates":[73.9651,15.1251]}},{"type":"Feature","properties":{"s":"Goa","v":23.2},"geometry":{"type":"Point","coordinates":[73.7199,15.7183]}},{"type":"Feature","properties":{"s":"Goa","v":23.2},"geometry":{"type":"Point","coordinates":[73.9131,15.4485]}},{"type":"Feature","properties":{"s":"Goa","v":23.2},"geometry":{"type":"Point","coordinates":[74.1509,15.4329]}},{"type":"Feature","properties":{"s":"Goa","v":23.2},"geometry":{"type":"Point","coordinates":[74.1201,15.3915]}},{"type":"Feature","properties":{"s":"Goa","v":23.2},"geometry":{"type":"Point","coordinates":[74.1169,15.0148]}},{"type":"Feature","properties":{"s":"Goa","v":23.2},"geometry":{"type":"Point","coordinates":[74.2475,15.0115]}},{"type":"Feature","properties":{"s":"Goa","v":23.2},"geometry":{"type":"Point","coordinates":[74.0093,15.5397]}},{"type":"Feature","properties":{"s":"Goa","v":23.2},"geometry":{"type":"Point","coordinates":[74.0272,15.2678]}},{"type":"Feature","properties":{"s":"Goa","v":23.2},"geometry":{"type":"Point","coordinates":[73.8923,15.3978]}},{"type":"Feature","properties":{"s":"Goa","v":23.2},"geometry":{"type":"Point","coordinates":[74.2815,15.0137]}},{"type":"Feature","properties":{"s":"Goa","v":23.2},"geometry":{"type":"Point","coordinates":[74.0036,15.078]}},{"type":"Feature","properties":{"s":"Goa","v":23.2},"geometry":{"type":"Point","coordinates":[74.1545,15.118]}},{"type":"Feature","properties":{"s":"Goa","v":23.2},"geometry":{"type":"Point","coordinates":[73.9999,15.1995]}},{"type":"Feature","properties":{"s":"Goa","v":23.2},"geometry":{"type":"Point","coordinates":[74.1169,15.0941]}},{"type":"Feature","properties":{"s":"Goa","v":23.2},"geometry":{"type":"Point","coordinates":[74.0625,15.3792]}},{"type":"Feature","properties":{"s":"Goa","v":23.2},"geometry":{"type":"Point","coordinates":[73.8171,15.5014]}},{"type":"Feature","properties":{"s":"Goa","v":23.2},"geometry":{"type":"Point","coordinates":[73.9745,15.3134]}},{"type":"Feature","properties":{"s":"Goa","v":23.2},"geometry":{"type":"Point","coordinates":[74.211,15.4605]}},{"type":"Feature","properties":{"s":"Goa","v":23.2},"geometry":{"type":"Point","coordinates":[74.0835,15.5175]}},{"type":"Feature","properties":{"s":"Goa","v":23.2},"geometry":{"type":"Point","coordinates":[73.8394,15.5927]}},{"type":"Feature","properties":{"s":"Goa","v":23.2},"geometry":{"type":"Point","coordinates":[74.0978,15.4759]}},{"type":"Feature","properties":{"s":"Goa","v":23.2},"geometry":{"type":"Point","coordinates":[74.1648,15.6508]}},{"type":"Feature","properties":{"s":"Goa","v":23.2},"geometry":{"type":"Point","coordinates":[73.7831,15.5768]}},{"type":"Feature","properties":{"s":"Goa","v":23.2},"geometry":{"type":"Point","coordinates":[74.2291,15.334]}},{"type":"Feature","properties":{"s":"Goa","v":23.2},"geometry":{"type":"Point","coordinates":[74.0813,15.563]}},{"type":"Feature","properties":{"s":"Goa","v":23.2},"geometry":{"type":"Point","coordinates":[74.0048,15.5272]}},{"type":"Feature","properties":{"s":"Goa","v":23.2},"geometry":{"type":"Point","coordinates":[73.8407,15.6465]}},{"type":"Feature","properties":{"s":"Goa","v":23.2},"geometry":{"type":"Point","coordinates":[74.1766,15.1389]}},{"type":"Feature","properties":{"s":"Goa","v":23.2},"geometry":{"type":"Point","coordinates":[74.2678,15.3394]}},{"type":"Feature","properties":{"s":"Goa","v":23.2},"geometry":{"type":"Point","coordinates":[73.9545,15.1431]}},{"type":"Feature","properties":{"s":"Goa","v":23.2},"geometry":{"type":"Point","coordinates":[73.9268,15.3391]}},{"type":"Feature","properties":{"s":"Goa","v":23.2},"geometry":{"type":"Point","coordinates":[74.2274,15.1246]}},{"type":"Feature","properties":{"s":"Goa","v":23.2},"geometry":{"type":"Point","coordinates":[74.0405,15.5881]}},{"type":"Feature","properties":{"s":"Goa","v":23.2},"geometry":{"type":"Point","coordinates":[74.1733,15.3174]}},{"type":"Feature","properties":{"s":"Goa","v":23.2},"geometry":{"type":"Point","coordinates":[74.016,15.1782]}},{"type":"Feature","properties":{"s":"Goa","v":23.2},"geometry":{"type":"Point","coordinates":[74.2476,15.2868]}},{"type":"Feature","properties":{"s":"Goa","v":23.2},"geometry":{"type":"Point","coordinates":[74.0898,15.1034]}},{"type":"Feature","properties":{"s":"Goa","v":23.2},"geometry":{"type":"Point","coordinates":[74.1428,15.017]}},{"type":"Feature","properties":{"s":"Goa","v":23.2},"geometry":{"type":"Point","coordinates":[73.9054,15.4329]}},{"type":"Feature","properties":{"s":"Goa","v":23.2},"geometry":{"type":"Point","coordinates":[74.0119,15.5919]}},{"type":"Feature","properties":{"s":"Goa","v":23.2},"geometry":{"type":"Point","coordinates":[73.7668,15.5118]}},{"type":"Feature","properties":{"s":"Goa","v":23.2},"geometry":{"type":"Point","coordinates":[73.756,15.5465]}},{"type":"Feature","properties":{"s":"Goa","v":23.2},"geometry":{"type":"Point","coordinates":[74.1741,15.2052]}},{"type":"Feature","properties":{"s":"Goa","v":23.2},"geometry":{"type":"Point","coordinates":[74.0604,15.2122]}},{"type":"Feature","properties":{"s":"Goa","v":23.2},"geometry":{"type":"Point","coordinates":[74.3115,15.1799]}},{"type":"Feature","properties":{"s":"Goa","v":23.2},"geometry":{"type":"Point","coordinates":[73.9765,15.5395]}},{"type":"Feature","properties":{"s":"Goa","v":23.2},"geometry":{"type":"Point","coordinates":[74.1473,15.3136]}},{"type":"Feature","properties":{"s":"Goa","v":23.2},"geometry":{"type":"Point","coordinates":[74.0298,15.4681]}},{"type":"Feature","properties":{"s":"Goa","v":23.2},"geometry":{"type":"Point","coordinates":[73.8032,15.5528]}},{"type":"Feature","properties":{"s":"Goa","v":23.2},"geometry":{"type":"Point","coordinates":[73.9305,15.6522]}},{"type":"Feature","properties":{"s":"Goa","v":23.2},"geometry":{"type":"Point","coordinates":[74.2723,15.3659]}},{"type":"Feature","properties":{"s":"Goa","v":23.2},"geometry":{"type":"Point","coordinates":[73.9292,15.2855]}},{"type":"Feature","properties":{"s":"Goa","v":23.2},"geometry":{"type":"Point","coordinates":[73.9963,15.4108]}},{"type":"Feature","properties":{"s":"Goa","v":23.2},"geometry":{"type":"Point","coordinates":[74.0751,15.454]}},{"type":"Feature","properties":{"s":"Goa","v":23.2},"geometry":{"type":"Point","coordinates":[74.1125,15.2015]}},{"type":"Feature","properties":{"s":"Goa","v":23.2},"geometry":{"type":"Point","coordinates":[73.9864,15.3874]}},{"type":"Feature","properties":{"s":"Goa","v":23.2},"geometry":{"type":"Point","coordinates":[74.1482,15.6195]}},{"type":"Feature","properties":{"s":"Goa","v":23.2},"geometry":{"type":"Point","coordinates":[74.081,15.104]}},{"type":"Feature","properties":{"s":"Goa","v":23.2},"geometry":{"type":"Point","coordinates":[73.7627,15.679]}},{"type":"Feature","properties":{"s":"Goa","v":23.2},"geometry":{"type":"Point","coordinates":[74.1359,15.0006]}},{"type":"Feature","properties":{"s":"Goa","v":23.2},"geometry":{"type":"Point","coordinates":[73.9563,15.1922]}},{"type":"Feature","properties":{"s":"Goa","v":23.2},"geometry":{"type":"Point","coordinates":[73.8824,15.6982]}},{"type":"Feature","properties":{"s":"Goa","v":23.2},"geometry":{"type":"Point","coordinates":[73.8746,15.6135]}},{"type":"Feature","properties":{"s":"Goa","v":23.2},"geometry":{"type":"Point","coordinates":[74.1679,15.1977]}},{"type":"Feature","properties":{"s":"Goa","v":23.2},"geometry":{"type":"Point","coordinates":[73.8861,15.6792]}},{"type":"Feature","properties":{"s":"Goa","v":23.2},"geometry":{"type":"Point","coordinates":[73.9035,15.5675]}},{"type":"Feature","properties":{"s":"Goa","v":23.2},"geometry":{"type":"Point","coordinates":[74.2718,15.0384]}},{"type":"Feature","properties":{"s":"Goa","v":23.2},"geometry":{"type":"Point","coordinates":[74.1338,15.4396]}},{"type":"Feature","properties":{"s":"Goa","v":23.2},"geometry":{"type":"Point","coordinates":[74.1697,15.295]}},{"type":"Feature","properties":{"s":"Goa","v":23.2},"geometry":{"type":"Point","coordinates":[73.7814,15.5665]}},{"type":"Feature","properties":{"s":"Goa","v":23.2},"geometry":{"type":"Point","coordinates":[74.1524,15.184]}},{"type":"Feature","properties":{"s":"Goa","v":23.2},"geometry":{"type":"Point","coordinates":[73.8312,15.47]}},{"type":"Feature","properties":{"s":"Goa","v":23.2},"geometry":{"type":"Point","coordinates":[74.0417,15.1016]}},{"type":"Feature","properties":{"s":"Goa","v":23.2},"geometry":{"type":"Point","coordinates":[73.9274,15.5158]}},{"type":"Feature","properties":{"s":"Goa","v":23.2},"geometry":{"type":"Point","coordinates":[73.7505,15.5505]}},{"type":"Feature","properties":{"s":"Goa","v":23.2},"geometry":{"type":"Point","coordinates":[74.2098,14.9641]}},{"type":"Feature","properties":{"s":"Goa","v":23.2},"geometry":{"type":"Point","coordinates":[73.8689,15.7322]}},{"type":"Feature","properties":{"s":"Goa","v":23.2},"geometry":{"type":"Point","coordinates":[73.9054,15.6167]}},{"type":"Feature","properties":{"s":"Goa","v":23.2},"geometry":{"type":"Point","coordinates":[73.964,15.374]}},{"type":"Feature","properties":{"s":"Goa","v":23.2},"geometry":{"type":"Point","coordinates":[74.2694,15.0998]}},{"type":"Feature","properties":{"s":"Goa","v":23.2},"geometry":{"type":"Point","coordinates":[74.0365,15.1006]}},{"type":"Feature","properties":{"s":"Goa","v":23.2},"geometry":{"type":"Point","coordinates":[73.9307,15.7034]}},{"type":"Feature","properties":{"s":"Goa","v":23.2},"geometry":{"type":"Point","coordinates":[73.8996,15.5326]}},{"type":"Feature","properties":{"s":"Goa","v":23.2},"geometry":{"type":"Point","coordinates":[74.0522,15.5233]}},{"type":"Feature","properties":{"s":"Goa","v":23.2},"geometry":{"type":"Point","coordinates":[73.7434,15.682]}},{"type":"Feature","properties":{"s":"Goa","v":23.2},"geometry":{"type":"Point","coordinates":[74.2604,15.1227]}},{"type":"Feature","properties":{"s":"Goa","v":23.2},"geometry":{"type":"Point","coordinates":[74.1895,14.9414]}},{"type":"Feature","properties":{"s":"Goa","v":23.2},"geometry":{"type":"Point","coordinates":[73.9618,15.1332]}},{"type":"Feature","properties":{"s":"Goa","v":23.2},"geometry":{"type":"Point","coordinates":[74.1931,15.5963]}},{"type":"Feature","properties":{"s":"Goa","v":23.2},"geometry":{"type":"Point","coordinates":[74.0458,15.0167]}},{"type":"Feature","properties":{"s":"Goa","v":23.2},"geometry":{"type":"Point","coordinates":[73.7874,15.6482]}},{"type":"Feature","properties":{"s":"Goa","v":23.2},"geometry":{"type":"Point","coordinates":[73.9352,15.6145]}},{"type":"Feature","properties":{"s":"Goa","v":23.2},"geometry":{"type":"Point","coordinates":[74.2315,15.1439]}},{"type":"Feature","properties":{"s":"Goa","v":23.2},"geometry":{"type":"Point","coordinates":[73.9097,15.7214]}},{"type":"Feature","properties":{"s":"Goa","v":23.2},"geometry":{"type":"Point","coordinates":[73.8607,15.5839]}},{"type":"Feature","properties":{"s":"Goa","v":23.2},"geometry":{"type":"Point","coordinates":[73.8635,15.4631]}},{"type":"Feature","properties":{"s":"Goa","v":23.2},"geometry":{"type":"Point","coordinates":[73.8296,15.5035]}},{"type":"Feature","properties":{"s":"Goa","v":23.2},"geometry":{"type":"Point","coordinates":[74.0663,15.3972]}},{"type":"Feature","properties":{"s":"Goa","v":23.2},"geometry":{"type":"Point","coordinates":[74.1997,15.2445]}},{"type":"Feature","properties":{"s":"Goa","v":23.2},"geometry":{"type":"Point","coordinates":[73.9494,15.4173]}},{"type":"Feature","properties":{"s":"Goa","v":23.2},"geometry":{"type":"Point","coordinates":[74.1939,15.0533]}},{"type":"Feature","properties":{"s":"Goa","v":23.2},"geometry":{"type":"Point","coordinates":[74.0333,15.2199]}},{"type":"Feature","properties":{"s":"Goa","v":23.2},"geometry":{"type":"Point","coordinates":[74.2205,15.56]}},{"type":"Feature","properties":{"s":"Goa","v":23.2},"geometry":{"type":"Point","coordinates":[73.9737,15.2724]}},{"type":"Feature","properties":{"s":"Goa","v":23.2},"geometry":{"type":"Point","coordinates":[73.8113,15.5967]}},{"type":"Feature","properties":{"s":"Goa","v":23.2},"geometry":{"type":"Point","coordinates":[74.1575,15.3834]}},{"type":"Feature","properties":{"s":"Goa","v":23.2},"geometry":{"type":"Point","coordinates":[74.0904,14.9391]}},{"type":"Feature","properties":{"s":"Goa","v":23.2},"geometry":{"type":"Point","coordinates":[74.0575,15.1468]}},{"type":"Feature","properties":{"s":"Goa","v":23.2},"geometry":{"type":"Point","coordinates":[74.1695,15.4198]}},{"type":"Feature","properties":{"s":"Goa","v":23.2},"geometry":{"type":"Point","coordinates":[74.0553,15.4767]}},{"type":"Feature","properties":{"s":"Goa","v":23.2},"geometry":{"type":"Point","coordinates":[74.2246,15.58]}},{"type":"Feature","properties":{"s":"Goa","v":23.2},"geometry":{"type":"Point","coordinates":[74.0729,15.0324]}},{"type":"Feature","properties":{"s":"Goa","v":23.2},"geometry":{"type":"Point","coordinates":[74.2411,15.4198]}},{"type":"Feature","properties":{"s":"Goa","v":23.2},"geometry":{"type":"Point","coordinates":[73.9721,15.1477]}},{"type":"Feature","properties":{"s":"Goa","v":23.2},"geometry":{"type":"Point","coordinates":[73.7979,15.7286]}},{"type":"Feature","properties":{"s":"Goa","v":23.2},"geometry":{"type":"Point","coordinates":[74.1355,15.1289]}},{"type":"Feature","properties":{"s":"Goa","v":23.2},"geometry":{"type":"Point","coordinates":[74.0814,15.5975]}},{"type":"Feature","properties":{"s":"Goa","v":23.2},"geometry":{"type":"Point","coordinates":[73.953,15.3829]}},{"type":"Feature","properties":{"s":"Goa","v":23.2},"geometry":{"type":"Point","coordinates":[74.0462,15.4581]}},{"type":"Feature","properties":{"s":"Goa","v":23.2},"geometry":{"type":"Point","coordinates":[74.1361,15.0361]}},{"type":"Feature","properties":{"s":"Goa","v":23.2},"geometry":{"type":"Point","coordinates":[74.0471,15.2967]}},{"type":"Feature","properties":{"s":"Goa","v":23.2},"geometry":{"type":"Point","coordinates":[74.2337,15.5541]}},{"type":"Feature","properties":{"s":"Goa","v":23.2},"geometry":{"type":"Point","coordinates":[74.2184,15.2584]}},{"type":"Feature","properties":{"s":"Goa","v":23.2},"geometry":{"type":"Point","coordinates":[74.2381,15.2]}},{"type":"Feature","properties":{"s":"Goa","v":23.2},"geometry":{"type":"Point","coordinates":[73.9859,15.2928]}},{"type":"Feature","properties":{"s":"Goa","v":23.2},"geometry":{"type":"Point","coordinates":[74.0626,15.4344]}},{"type":"Feature","properties":{"s":"Goa","v":23.2},"geometry":{"type":"Point","coordinates":[74.0337,15.1506]}},{"type":"Feature","properties":{"s":"Goa","v":23.2},"geometry":{"type":"Point","coordinates":[74.0619,15.085]}},{"type":"Feature","properties":{"s":"Goa","v":23.2},"geometry":{"type":"Point","coordinates":[74.1841,15.6199]}},{"type":"Feature","properties":{"s":"Goa","v":23.2},"geometry":{"type":"Point","coordinates":[74.1715,15.2662]}},{"type":"Feature","properties":{"s":"Goa","v":23.2},"geometry":{"type":"Point","coordinates":[74.0874,15.4415]}},{"type":"Feature","properties":{"s":"Goa","v":23.2},"geometry":{"type":"Point","coordinates":[74.1912,15.6526]}},{"type":"Feature","properties":{"s":"Goa","v":23.2},"geometry":{"type":"Point","coordinates":[74.031,15.0304]}},{"type":"Feature","properties":{"s":"Goa","v":23.2},"geometry":{"type":"Point","coordinates":[74.2818,15.3396]}},{"type":"Feature","properties":{"s":"Goa","v":23.2},"geometry":{"type":"Point","coordinates":[74.1637,14.996]}},{"type":"Feature","properties":{"s":"Goa","v":23.2},"geometry":{"type":"Point","coordinates":[74.0112,15.5187]}},{"type":"Feature","properties":{"s":"Goa","v":23.2},"geometry":{"type":"Point","coordinates":[74.24,15.3423]}},{"type":"Feature","properties":{"s":"Goa","v":23.2},"geometry":{"type":"Point","coordinates":[74.174,15.3111]}},{"type":"Feature","properties":{"s":"Goa","v":23.2},"geometry":{"type":"Point","coordinates":[73.8968,15.3308]}},{"type":"Feature","properties":{"s":"Goa","v":23.2},"geometry":{"type":"Point","coordinates":[74.1734,15.6183]}},{"type":"Feature","properties":{"s":"Goa","v":23.2},"geometry":{"type":"Point","coordinates":[74.2539,15.4716]}},{"type":"Feature","properties":{"s":"Goa","v":23.2},"geometry":{"type":"Point","coordinates":[74.2302,15.3525]}},{"type":"Feature","properties":{"s":"Goa","v":23.2},"geometry":{"type":"Point","coordinates":[74.2536,15.5404]}},{"type":"Feature","properties":{"s":"Goa","v":23.2},"geometry":{"type":"Point","coordinates":[73.8198,15.614]}},{"type":"Feature","properties":{"s":"Goa","v":23.2},"geometry":{"type":"Point","coordinates":[74.0651,15.4118]}},{"type":"Feature","properties":{"s":"Goa","v":23.2},"geometry":{"type":"Point","coordinates":[73.9551,15.0723]}},{"type":"Feature","properties":{"s":"Goa","v":23.2},"geometry":{"type":"Point","coordinates":[74.0942,15.4132]}},{"type":"Feature","properties":{"s":"Goa","v":23.2},"geometry":{"type":"Point","coordinates":[74.0253,15.3797]}},{"type":"Feature","properties":{"s":"Goa","v":23.2},"geometry":{"type":"Point","coordinates":[73.9537,15.3436]}},{"type":"Feature","properties":{"s":"Goa","v":23.2},"geometry":{"type":"Point","coordinates":[74.0682,15.4059]}},{"type":"Feature","properties":{"s":"Goa","v":23.2},"geometry":{"type":"Point","coordinates":[74.1798,14.9557]}},{"type":"Feature","properties":{"s":"Goa","v":23.2},"geometry":{"type":"Point","coordinates":[73.9889,15.6084]}},{"type":"Feature","properties":{"s":"Goa","v":23.2},"geometry":{"type":"Point","coordinates":[74.1953,15.2469]}},{"type":"Feature","properties":{"s":"Goa","v":23.2},"geometry":{"type":"Point","coordinates":[74.2191,15.647]}},{"type":"Feature","properties":{"s":"Goa","v":23.2},"geometry":{"type":"Point","coordinates":[74.1242,15.4475]}},{"type":"Feature","properties":{"s":"Goa","v":23.2},"geometry":{"type":"Point","coordinates":[74.0863,14.9652]}},{"type":"Feature","properties":{"s":"Goa","v":23.2},"geometry":{"type":"Point","coordinates":[73.93,15.3411]}},{"type":"Feature","properties":{"s":"Goa","v":23.2},"geometry":{"type":"Point","coordinates":[73.9185,15.4585]}},{"type":"Feature","properties":{"s":"Goa","v":23.2},"geometry":{"type":"Point","coordinates":[74.1441,14.945]}},{"type":"Feature","properties":{"s":"Goa","v":23.2},"geometry":{"type":"Point","coordinates":[74.2634,15.1278]}},{"type":"Feature","properties":{"s":"Goa","v":23.2},"geometry":{"type":"Point","coordinates":[74.0846,15.4266]}},{"type":"Feature","properties":{"s":"Goa","v":23.2},"geometry":{"type":"Point","coordinates":[73.8706,15.524]}},{"type":"Feature","properties":{"s":"Goa","v":23.2},"geometry":{"type":"Point","coordinates":[74.0313,15.1558]}},{"type":"Feature","properties":{"s":"Goa","v":23.2},"geometry":{"type":"Point","coordinates":[74.2812,15.5297]}},{"type":"Feature","properties":{"s":"Goa","v":23.2},"geometry":{"type":"Point","coordinates":[74.0906,15.3306]}},{"type":"Feature","properties":{"s":"Goa","v":23.2},"geometry":{"type":"Point","coordinates":[74.2064,15.6019]}},{"type":"Feature","properties":{"s":"Goa","v":23.2},"geometry":{"type":"Point","coordinates":[73.9446,15.5785]}},{"type":"Feature","properties":{"s":"Goa","v":23.2},"geometry":{"type":"Point","coordinates":[74.1522,15.192]}},{"type":"Feature","properties":{"s":"Goa","v":23.2},"geometry":{"type":"Point","coordinates":[74.1364,15.4482]}},{"type":"Feature","properties":{"s":"Goa","v":23.2},"geometry":{"type":"Point","coordinates":[73.932,15.7117]}},{"type":"Feature","properties":{"s":"Goa","v":23.2},"geometry":{"type":"Point","coordinates":[73.8944,15.3363]}},{"type":"Feature","properties":{"s":"Goa","v":23.2},"geometry":{"type":"Point","coordinates":[73.8359,15.6619]}},{"type":"Feature","properties":{"s":"Goa","v":23.2},"geometry":{"type":"Point","coordinates":[73.9836,15.2244]}},{"type":"Feature","properties":{"s":"Goa","v":23.2},"geometry":{"type":"Point","coordinates":[74.0819,15.4172]}},{"type":"Feature","properties":{"s":"Goa","v":23.2},"geometry":{"type":"Point","coordinates":[74.0839,14.9996]}},{"type":"Feature","properties":{"s":"Goa","v":23.2},"geometry":{"type":"Point","coordinates":[73.9196,15.4327]}},{"type":"Feature","properties":{"s":"Goa","v":23.2},"geometry":{"type":"Point","coordinates":[74.1206,15.6275]}},{"type":"Feature","properties":{"s":"Goa","v":23.2},"geometry":{"type":"Point","coordinates":[74.0356,15.3083]}},{"type":"Feature","properties":{"s":"Goa","v":23.2},"geometry":{"type":"Point","coordinates":[74.0222,15.6081]}},{"type":"Feature","properties":{"s":"Goa","v":23.2},"geometry":{"type":"Point","coordinates":[74.2165,15.4486]}},{"type":"Feature","properties":{"s":"Goa","v":23.2},"geometry":{"type":"Point","coordinates":[74.0293,15.5562]}},{"type":"Feature","properties":{"s":"Goa","v":23.2},"geometry":{"type":"Point","coordinates":[73.8756,15.6572]}},{"type":"Feature","properties":{"s":"Goa","v":23.2},"geometry":{"type":"Point","coordinates":[73.9737,15.1857]}},{"type":"Feature","properties":{"s":"Goa","v":23.2},"geometry":{"type":"Point","coordinates":[74.2528,15.5493]}},{"type":"Feature","properties":{"s":"Goa","v":23.2},"geometry":{"type":"Point","coordinates":[73.954,15.4205]}},{"type":"Feature","properties":{"s":"Goa","v":23.2},"geometry":{"type":"Point","coordinates":[73.8157,15.5832]}},{"type":"Feature","properties":{"s":"Goa","v":23.2},"geometry":{"type":"Point","coordinates":[73.9242,15.581]}},{"type":"Feature","properties":{"s":"Goa","v":23.2},"geometry":{"type":"Point","coordinates":[74.0872,15.3756]}},{"type":"Feature","properties":{"s":"Goa","v":23.2},"geometry":{"type":"Point","coordinates":[74.0808,15.3084]}},{"type":"Feature","properties":{"s":"Goa","v":23.2},"geometry":{"type":"Point","coordinates":[74.1659,15.5013]}},{"type":"Feature","properties":{"s":"Goa","v":23.2},"geometry":{"type":"Point","coordinates":[73.7827,15.5221]}},{"type":"Feature","properties":{"s":"Goa","v":23.2},"geometry":{"type":"Point","coordinates":[74.0058,15.1424]}},{"type":"Feature","properties":{"s":"Goa","v":23.2},"geometry":{"type":"Point","coordinates":[73.8302,15.505]}},{"type":"Feature","properties":{"s":"Goa","v":23.2},"geometry":{"type":"Point","coordinates":[73.9631,15.238]}},{"type":"Feature","properties":{"s":"Goa","v":23.2},"geometry":{"type":"Point","coordinates":[73.7995,15.7001]}},{"type":"Feature","properties":{"s":"Goa","v":23.2},"geometry":{"type":"Point","coordinates":[74.0744,15.4595]}},{"type":"Feature","properties":{"s":"Goa","v":23.2},"geometry":{"type":"Point","coordinates":[74.2739,15.2649]}},{"type":"Feature","properties":{"s":"Goa","v":23.2},"geometry":{"type":"Point","coordinates":[74.0952,15.1141]}},{"type":"Feature","properties":{"s":"Goa","v":23.2},"geometry":{"type":"Point","coordinates":[74.1441,15.3824]}},{"type":"Feature","properties":{"s":"Goa","v":23.2},"geometry":{"type":"Point","coordinates":[74.2191,15.6493]}},{"type":"Feature","properties":{"s":"Goa","v":23.2},"geometry":{"type":"Point","coordinates":[73.9318,15.6269]}},{"type":"Feature","properties":{"s":"Goa","v":23.2},"geometry":{"type":"Point","coordinates":[74.0144,15.2134]}},{"type":"Feature","properties":{"s":"Goa","v":23.2},"geometry":{"type":"Point","coordinates":[74.2673,15.1144]}},{"type":"Feature","properties":{"s":"Goa","v":23.2},"geometry":{"type":"Point","coordinates":[74.236,15.1839]}},{"type":"Feature","properties":{"s":"Goa","v":23.2},"geometry":{"type":"Point","coordinates":[74.0707,15.511]}},{"type":"Feature","properties":{"s":"Goa","v":23.2},"geometry":{"type":"Point","coordinates":[74.0931,15.4533]}},{"type":"Feature","properties":{"s":"Goa","v":23.2},"geometry":{"type":"Point","coordinates":[73.9518,15.6984]}},{"type":"Feature","properties":{"s":"Goa","v":23.2},"geometry":{"type":"Point","coordinates":[74.2705,15.0523]}},{"type":"Feature","properties":{"s":"Goa","v":23.2},"geometry":{"type":"Point","coordinates":[73.7731,15.6108]}},{"type":"Feature","properties":{"s":"Goa","v":23.2},"geometry":{"type":"Point","coordinates":[73.8122,15.5106]}},{"type":"Feature","properties":{"s":"Goa","v":23.2},"geometry":{"type":"Point","coordinates":[74.3184,15.2229]}},{"type":"Feature","properties":{"s":"Goa","v":23.2},"geometry":{"type":"Point","coordinates":[74.2223,15.3982]}},{"type":"Feature","properties":{"s":"Goa","v":23.2},"geometry":{"type":"Point","coordinates":[74.0337,15.3516]}},{"type":"Feature","properties":{"s":"Goa","v":23.2},"geometry":{"type":"Point","coordinates":[74.0178,15.1382]}},{"type":"Feature","properties":{"s":"Goa","v":23.2},"geometry":{"type":"Point","coordinates":[73.8674,15.4742]}},{"type":"Feature","properties":{"s":"Goa","v":23.2},"geometry":{"type":"Point","coordinates":[74.1972,15.6031]}},{"type":"Feature","properties":{"s":"Goa","v":23.2},"geometry":{"type":"Point","coordinates":[74.0092,15.1024]}},{"type":"Feature","properties":{"s":"Goa","v":23.2},"geometry":{"type":"Point","coordinates":[74.0779,15.3847]}},{"type":"Feature","properties":{"s":"Goa","v":23.2},"geometry":{"type":"Point","coordinates":[74.0374,15.4687]}},{"type":"Feature","properties":{"s":"Goa","v":23.2},"geometry":{"type":"Point","coordinates":[73.9755,15.1519]}},{"type":"Feature","properties":{"s":"Goa","v":23.2},"geometry":{"type":"Point","coordinates":[74.2086,15.6071]}},{"type":"Feature","properties":{"s":"Goa","v":23.2},"geometry":{"type":"Point","coordinates":[73.8079,15.5307]}},{"type":"Feature","properties":{"s":"Goa","v":23.2},"geometry":{"type":"Point","coordinates":[74.254,15.3672]}},{"type":"Feature","properties":{"s":"Goa","v":23.2},"geometry":{"type":"Point","coordinates":[74.1767,15.2597]}},{"type":"Feature","properties":{"s":"Goa","v":23.2},"geometry":{"type":"Point","coordinates":[74.2848,15.0648]}},{"type":"Feature","properties":{"s":"Goa","v":23.2},"geometry":{"type":"Point","coordinates":[74.1589,15.6236]}},{"type":"Feature","properties":{"s":"Goa","v":23.2},"geometry":{"type":"Point","coordinates":[73.9551,15.1783]}},{"type":"Feature","properties":{"s":"Goa","v":23.2},"geometry":{"type":"Point","coordinates":[74.2289,15.3184]}},{"type":"Feature","properties":{"s":"Goa","v":23.2},"geometry":{"type":"Point","coordinates":[74.1092,15.5297]}},{"type":"Feature","properties":{"s":"Goa","v":23.2},"geometry":{"type":"Point","coordinates":[74.1973,15.3371]}},{"type":"Feature","properties":{"s":"Goa","v":23.2},"geometry":{"type":"Point","coordinates":[74.0024,15.0499]}},{"type":"Feature","properties":{"s":"Goa","v":23.2},"geometry":{"type":"Point","coordinates":[73.891,15.4939]}},{"type":"Feature","properties":{"s":"Goa","v":23.2},"geometry":{"type":"Point","coordinates":[73.9828,15.6234]}},{"type":"Feature","properties":{"s":"Goa","v":23.2},"geometry":{"type":"Point","coordinates":[74.1333,15.1801]}},{"type":"Feature","properties":{"s":"Goa","v":23.2},"geometry":{"type":"Point","coordinates":[74.3134,15.3163]}},{"type":"Feature","properties":{"s":"Goa","v":23.2},"geometry":{"type":"Point","coordinates":[73.7679,15.6635]}},{"type":"Feature","properties":{"s":"Goa","v":23.2},"geometry":{"type":"Point","coordinates":[74.2613,15.311]}},{"type":"Feature","properties":{"s":"Goa","v":23.2},"geometry":{"type":"Point","coordinates":[74.1578,15.1601]}},{"type":"Feature","properties":{"s":"Goa","v":23.2},"geometry":{"type":"Point","coordinates":[74.1656,15.6305]}},{"type":"Feature","properties":{"s":"Goa","v":23.2},"geometry":{"type":"Point","coordinates":[74.0285,15.2159]}},{"type":"Feature","properties":{"s":"Goa","v":23.2},"geometry":{"type":"Point","coordinates":[73.7498,15.6983]}},{"type":"Feature","properties":{"s":"Goa","v":23.2},"geometry":{"type":"Point","coordinates":[74.2625,14.9953]}},{"type":"Feature","properties":{"s":"Haryana","v":18.1},"geometry":{"type":"Point","coordinates":[75.3242,29.4303]}},{"type":"Feature","properties":{"s":"Haryana","v":18.1},"geometry":{"type":"Point","coordinates":[76.8992,28.7918]}},{"type":"Feature","properties":{"s":"Haryana","v":18.1},"geometry":{"type":"Point","coordinates":[76.0215,27.9783]}},{"type":"Feature","properties":{"s":"Haryana","v":18.1},"geometry":{"type":"Point","coordinates":[75.6676,29.6251]}},{"type":"Feature","properties":{"s":"Haryana","v":18.1},"geometry":{"type":"Point","coordinates":[76.0974,29.3778]}},{"type":"Feature","properties":{"s":"Haryana","v":18.1},"geometry":{"type":"Point","coordinates":[75.7379,28.8994]}},{"type":"Feature","properties":{"s":"Haryana","v":18.1},"geometry":{"type":"Point","coordinates":[77.2694,27.9506]}},{"type":"Feature","properties":{"s":"Haryana","v":18.1},"geometry":{"type":"Point","coordinates":[75.6258,28.602]}},{"type":"Feature","properties":{"s":"Haryana","v":18.1},"geometry":{"type":"Point","coordinates":[75.8899,28.5397]}},{"type":"Feature","properties":{"s":"Haryana","v":18.1},"geometry":{"type":"Point","coordinates":[76.0034,27.969]}},{"type":"Feature","properties":{"s":"Haryana","v":18.1},"geometry":{"type":"Point","coordinates":[76.7419,28.5792]}},{"type":"Feature","properties":{"s":"Haryana","v":18.1},"geometry":{"type":"Point","coordinates":[75.7504,29.7701]}},{"type":"Feature","properties":{"s":"Haryana","v":18.1},"geometry":{"type":"Point","coordinates":[75.9403,28.9041]}},{"type":"Feature","properties":{"s":"Haryana","v":18.1},"geometry":{"type":"Point","coordinates":[75.4066,29.7358]}},{"type":"Feature","properties":{"s":"Haryana","v":18.1},"geometry":{"type":"Point","coordinates":[76.2765,29.6269]}},{"type":"Feature","properties":{"s":"Haryana","v":18.1},"geometry":{"type":"Point","coordinates":[75.8797,29.3792]}},{"type":"Feature","properties":{"s":"Haryana","v":18.1},"geometry":{"type":"Point","coordinates":[76.6505,29.0754]}},{"type":"Feature","properties":{"s":"Haryana","v":18.1},"geometry":{"type":"Point","coordinates":[75.5985,28.8606]}},{"type":"Feature","properties":{"s":"Haryana","v":18.1},"geometry":{"type":"Point","coordinates":[75.6414,28.6587]}},{"type":"Feature","properties":{"s":"Haryana","v":18.1},"geometry":{"type":"Point","coordinates":[74.6593,29.8839]}},{"type":"Feature","properties":{"s":"Haryana","v":18.1},"geometry":{"type":"Point","coordinates":[77.3944,30.2189]}},{"type":"Feature","properties":{"s":"Haryana","v":18.1},"geometry":{"type":"Point","coordinates":[76.1412,28.7409]}},{"type":"Feature","properties":{"s":"Haryana","v":18.1},"geometry":{"type":"Point","coordinates":[76.4474,29.4249]}},{"type":"Feature","properties":{"s":"Haryana","v":18.1},"geometry":{"type":"Point","coordinates":[75.8943,28.5845]}},{"type":"Feature","properties":{"s":"Haryana","v":18.1},"geometry":{"type":"Point","coordinates":[76.4047,29.454]}},{"type":"Feature","properties":{"s":"Haryana","v":18.1},"geometry":{"type":"Point","coordinates":[75.385,29.6054]}},{"type":"Feature","properties":{"s":"Haryana","v":18.1},"geometry":{"type":"Point","coordinates":[76.3669,29.6377]}},{"type":"Feature","properties":{"s":"Haryana","v":18.1},"geometry":{"type":"Point","coordinates":[76.2224,28.5111]}},{"type":"Feature","properties":{"s":"Haryana","v":18.1},"geometry":{"type":"Point","coordinates":[76.4609,28.6284]}},{"type":"Feature","properties":{"s":"Haryana","v":18.1},"geometry":{"type":"Point","coordinates":[76.0902,29.1769]}},{"type":"Feature","properties":{"s":"Haryana","v":18.1},"geometry":{"type":"Point","coordinates":[77.4747,30.3259]}},{"type":"Feature","properties":{"s":"Haryana","v":18.1},"geometry":{"type":"Point","coordinates":[76.0328,29.1719]}},{"type":"Feature","properties":{"s":"Haryana","v":18.1},"geometry":{"type":"Point","coordinates":[75.9213,28.3631]}},{"type":"Feature","properties":{"s":"Haryana","v":18.1},"geometry":{"type":"Point","coordinates":[76.7686,29.5822]}},{"type":"Feature","properties":{"s":"Haryana","v":18.1},"geometry":{"type":"Point","coordinates":[77.0362,29.0781]}},{"type":"Feature","properties":{"s":"Haryana","v":18.1},"geometry":{"type":"Point","coordinates":[75.9429,29.5303]}},{"type":"Feature","properties":{"s":"Haryana","v":18.1},"geometry":{"type":"Point","coordinates":[75.8594,29.3161]}},{"type":"Feature","properties":{"s":"Haryana","v":18.1},"geometry":{"type":"Point","coordinates":[75.0997,29.6829]}},{"type":"Feature","properties":{"s":"Haryana","v":18.1},"geometry":{"type":"Point","coordinates":[75.6484,28.8888]}},{"type":"Feature","properties":{"s":"Haryana","v":18.1},"geometry":{"type":"Point","coordinates":[74.8192,29.5155]}},{"type":"Feature","properties":{"s":"Haryana","v":18.1},"geometry":{"type":"Point","coordinates":[77.431,28.0756]}},{"type":"Feature","properties":{"s":"Haryana","v":18.1},"geometry":{"type":"Point","coordinates":[76.8195,28.6101]}},{"type":"Feature","properties":{"s":"Haryana","v":18.1},"geometry":{"type":"Point","coordinates":[76.0596,28.1047]}},{"type":"Feature","properties":{"s":"Haryana","v":18.1},"geometry":{"type":"Point","coordinates":[77.1236,27.9321]}},{"type":"Feature","properties":{"s":"Haryana","v":18.1},"geometry":{"type":"Point","coordinates":[75.1,29.6756]}},{"type":"Feature","properties":{"s":"Haryana","v":18.1},"geometry":{"type":"Point","coordinates":[76.9502,29.787]}},{"type":"Feature","properties":{"s":"Haryana","v":18.1},"geometry":{"type":"Point","coordinates":[75.9282,29.3205]}},{"type":"Feature","properties":{"s":"Haryana","v":18.1},"geometry":{"type":"Point","coordinates":[76.4664,29.6567]}},{"type":"Feature","properties":{"s":"Haryana","v":18.1},"geometry":{"type":"Point","coordinates":[76.6745,29.9081]}},{"type":"Feature","properties":{"s":"Haryana","v":18.1},"geometry":{"type":"Point","coordinates":[76.0227,29.602]}},{"type":"Feature","properties":{"s":"Haryana","v":18.1},"geometry":{"type":"Point","coordinates":[74.9176,29.8923]}},{"type":"Feature","properties":{"s":"Haryana","v":18.1},"geometry":{"type":"Point","coordinates":[75.6126,29.0669]}},{"type":"Feature","properties":{"s":"Haryana","v":18.1},"geometry":{"type":"Point","coordinates":[76.6293,29.62]}},{"type":"Feature","properties":{"s":"Haryana","v":18.1},"geometry":{"type":"Point","coordinates":[76.2059,29.2283]}},{"type":"Feature","properties":{"s":"Haryana","v":18.1},"geometry":{"type":"Point","coordinates":[75.7722,29.2383]}},{"type":"Feature","properties":{"s":"Haryana","v":18.1},"geometry":{"type":"Point","coordinates":[74.647,29.79]}},{"type":"Feature","properties":{"s":"Haryana","v":18.1},"geometry":{"type":"Point","coordinates":[75.5917,28.9355]}},{"type":"Feature","properties":{"s":"Haryana","v":18.1},"geometry":{"type":"Point","coordinates":[76.9778,29.6361]}},{"type":"Feature","properties":{"s":"Haryana","v":18.1},"geometry":{"type":"Point","coordinates":[77.1636,30.2419]}},{"type":"Feature","properties":{"s":"Haryana","v":18.1},"geometry":{"type":"Point","coordinates":[76.5724,29.9335]}},{"type":"Feature","properties":{"s":"Haryana","v":18.1},"geometry":{"type":"Point","coordinates":[76.9795,27.8616]}},{"type":"Feature","properties":{"s":"Haryana","v":18.1},"geometry":{"type":"Point","coordinates":[77.1051,29.3034]}},{"type":"Feature","properties":{"s":"Haryana","v":18.1},"geometry":{"type":"Point","coordinates":[75.8994,29.3091]}},{"type":"Feature","properties":{"s":"Haryana","v":18.1},"geometry":{"type":"Point","coordinates":[76.9005,30.0167]}},{"type":"Feature","properties":{"s":"Haryana","v":18.1},"geometry":{"type":"Point","coordinates":[75.8193,28.7044]}},{"type":"Feature","properties":{"s":"Haryana","v":18.1},"geometry":{"type":"Point","coordinates":[76.8424,28.9243]}},{"type":"Feature","properties":{"s":"Haryana","v":18.1},"geometry":{"type":"Point","coordinates":[76.8607,28.8578]}},{"type":"Feature","properties":{"s":"Haryana","v":18.1},"geometry":{"type":"Point","coordinates":[74.7643,29.9356]}},{"type":"Feature","properties":{"s":"Haryana","v":18.1},"geometry":{"type":"Point","coordinates":[75.6342,29.3164]}},{"type":"Feature","properties":{"s":"Haryana","v":18.1},"geometry":{"type":"Point","coordinates":[76.9401,28.7229]}},{"type":"Feature","properties":{"s":"Haryana","v":18.1},"geometry":{"type":"Point","coordinates":[76.7985,29.1623]}},{"type":"Feature","properties":{"s":"Haryana","v":18.1},"geometry":{"type":"Point","coordinates":[76.0574,28.4875]}},{"type":"Feature","properties":{"s":"Haryana","v":18.1},"geometry":{"type":"Point","coordinates":[76.0641,28.3725]}},{"type":"Feature","properties":{"s":"Haryana","v":18.1},"geometry":{"type":"Point","coordinates":[76.0425,28.2975]}},{"type":"Feature","properties":{"s":"Haryana","v":18.1},"geometry":{"type":"Point","coordinates":[77.3205,27.8907]}},{"type":"Feature","properties":{"s":"Haryana","v":18.1},"geometry":{"type":"Point","coordinates":[76.083,27.9518]}},{"type":"Feature","properties":{"s":"Haryana","v":18.1},"geometry":{"type":"Point","coordinates":[76.2577,30.0292]}},{"type":"Feature","properties":{"s":"Haryana","v":18.1},"geometry":{"type":"Point","coordinates":[76.5347,29.1859]}},{"type":"Feature","properties":{"s":"Haryana","v":18.1},"geometry":{"type":"Point","coordinates":[76.1749,28.7051]}},{"type":"Feature","properties":{"s":"Haryana","v":18.1},"geometry":{"type":"Point","coordinates":[76.784,28.6497]}},{"type":"Feature","properties":{"s":"Haryana","v":18.1},"geometry":{"type":"Point","coordinates":[77.224,28.3059]}},{"type":"Feature","properties":{"s":"Haryana","v":18.1},"geometry":{"type":"Point","coordinates":[75.9964,28.9727]}},{"type":"Feature","properties":{"s":"Haryana","v":18.1},"geometry":{"type":"Point","coordinates":[76.7235,29.7626]}},{"type":"Feature","properties":{"s":"Haryana","v":18.1},"geometry":{"type":"Point","coordinates":[76.2599,29.2094]}},{"type":"Feature","properties":{"s":"Haryana","v":18.1},"geometry":{"type":"Point","coordinates":[76.4697,29.4611]}},{"type":"Feature","properties":{"s":"Haryana","v":18.1},"geometry":{"type":"Point","coordinates":[75.5356,29.4613]}},{"type":"Feature","properties":{"s":"Haryana","v":18.1},"geometry":{"type":"Point","coordinates":[75.8291,29.4946]}},{"type":"Feature","properties":{"s":"Haryana","v":18.1},"geometry":{"type":"Point","coordinates":[75.459,29.5828]}},{"type":"Feature","properties":{"s":"Haryana","v":18.1},"geometry":{"type":"Point","coordinates":[76.8287,29.1639]}},{"type":"Feature","properties":{"s":"Haryana","v":18.1},"geometry":{"type":"Point","coordinates":[76.4453,28.5045]}},{"type":"Feature","properties":{"s":"Haryana","v":18.1},"geometry":{"type":"Point","coordinates":[75.9856,28.7351]}},{"type":"Feature","properties":{"s":"Haryana","v":18.1},"geometry":{"type":"Point","coordinates":[76.0733,28.5713]}},{"type":"Feature","properties":{"s":"Haryana","v":18.1},"geometry":{"type":"Point","coordinates":[76.4739,29.0048]}},{"type":"Feature","properties":{"s":"Haryana","v":18.1},"geometry":{"type":"Point","coordinates":[76.115,28.7974]}},{"type":"Feature","properties":{"s":"Haryana","v":18.1},"geometry":{"type":"Point","coordinates":[77.06,28.9548]}},{"type":"Feature","properties":{"s":"Haryana","v":18.1},"geometry":{"type":"Point","coordinates":[76.4533,29.9899]}},{"type":"Feature","properties":{"s":"Haryana","v":18.1},"geometry":{"type":"Point","coordinates":[75.9791,27.8965]}},{"type":"Feature","properties":{"s":"Haryana","v":18.1},"geometry":{"type":"Point","coordinates":[75.8527,28.7054]}},{"type":"Feature","properties":{"s":"Haryana","v":18.1},"geometry":{"type":"Point","coordinates":[77.042,28.3941]}},{"type":"Feature","properties":{"s":"Haryana","v":18.1},"geometry":{"type":"Point","coordinates":[76.5803,29.3352]}},{"type":"Feature","properties":{"s":"Haryana","v":18.1},"geometry":{"type":"Point","coordinates":[77.3694,28.3364]}},{"type":"Feature","properties":{"s":"Haryana","v":18.1},"geometry":{"type":"Point","coordinates":[76.6888,28.5259]}},{"type":"Feature","properties":{"s":"Haryana","v":18.1},"geometry":{"type":"Point","coordinates":[76.1444,29.1709]}},{"type":"Feature","properties":{"s":"Haryana","v":18.1},"geometry":{"type":"Point","coordinates":[76.0399,29.1425]}},{"type":"Feature","properties":{"s":"Haryana","v":18.1},"geometry":{"type":"Point","coordinates":[74.6817,29.405]}},{"type":"Feature","properties":{"s":"Haryana","v":18.1},"geometry":{"type":"Point","coordinates":[76.717,29.4367]}},{"type":"Feature","properties":{"s":"Haryana","v":18.1},"geometry":{"type":"Point","coordinates":[77.2842,30.1267]}},{"type":"Feature","properties":{"s":"Haryana","v":18.1},"geometry":{"type":"Point","coordinates":[76.9054,30.238]}},{"type":"Feature","properties":{"s":"Haryana","v":18.1},"geometry":{"type":"Point","coordinates":[76.6218,29.162]}},{"type":"Feature","properties":{"s":"Haryana","v":18.1},"geometry":{"type":"Point","coordinates":[77.2062,30.374]}},{"type":"Feature","properties":{"s":"Haryana","v":18.1},"geometry":{"type":"Point","coordinates":[75.1884,29.344]}},{"type":"Feature","properties":{"s":"Haryana","v":18.1},"geometry":{"type":"Point","coordinates":[75.7693,29.523]}},{"type":"Feature","properties":{"s":"Haryana","v":18.1},"geometry":{"type":"Point","coordinates":[76.3795,28.7647]}},{"type":"Feature","properties":{"s":"Haryana","v":18.1},"geometry":{"type":"Point","coordinates":[75.5596,29.5094]}},{"type":"Feature","properties":{"s":"Haryana","v":18.1},"geometry":{"type":"Point","coordinates":[75.721,29.6825]}},{"type":"Feature","properties":{"s":"Haryana","v":18.1},"geometry":{"type":"Point","coordinates":[75.8532,28.9747]}},{"type":"Feature","properties":{"s":"Haryana","v":18.1},"geometry":{"type":"Point","coordinates":[76.4926,29.9828]}},{"type":"Feature","properties":{"s":"Haryana","v":18.1},"geometry":{"type":"Point","coordinates":[76.1519,29.3034]}},{"type":"Feature","properties":{"s":"Haryana","v":18.1},"geometry":{"type":"Point","coordinates":[77.0853,27.7913]}},{"type":"Feature","properties":{"s":"Haryana","v":18.1},"geometry":{"type":"Point","coordinates":[77.0993,30.3567]}},{"type":"Feature","properties":{"s":"Haryana","v":18.1},"geometry":{"type":"Point","coordinates":[77.0412,30.1056]}},{"type":"Feature","properties":{"s":"Haryana","v":18.1},"geometry":{"type":"Point","coordinates":[76.9104,29.382]}},{"type":"Feature","properties":{"s":"Haryana","v":18.1},"geometry":{"type":"Point","coordinates":[76.0763,29.7385]}},{"type":"Feature","properties":{"s":"Haryana","v":18.1},"geometry":{"type":"Point","coordinates":[76.2082,28.6692]}},{"type":"Feature","properties":{"s":"Haryana","v":18.1},"geometry":{"type":"Point","coordinates":[75.9494,28.6462]}},{"type":"Feature","properties":{"s":"Haryana","v":18.1},"geometry":{"type":"Point","coordinates":[74.7431,29.7501]}},{"type":"Feature","properties":{"s":"Haryana","v":18.1},"geometry":{"type":"Point","coordinates":[76.3836,30.1024]}},{"type":"Feature","properties":{"s":"Haryana","v":18.1},"geometry":{"type":"Point","coordinates":[75.3801,29.4473]}},{"type":"Feature","properties":{"s":"Haryana","v":18.1},"geometry":{"type":"Point","coordinates":[76.0068,28.7663]}},{"type":"Feature","properties":{"s":"Haryana","v":18.1},"geometry":{"type":"Point","coordinates":[76.7457,28.5011]}},{"type":"Feature","properties":{"s":"Haryana","v":18.1},"geometry":{"type":"Point","coordinates":[76.3489,28.8182]}},{"type":"Feature","properties":{"s":"Haryana","v":18.1},"geometry":{"type":"Point","coordinates":[76.7726,28.9538]}},{"type":"Feature","properties":{"s":"Haryana","v":18.1},"geometry":{"type":"Point","coordinates":[77.2627,28.0308]}},{"type":"Feature","properties":{"s":"Haryana","v":18.1},"geometry":{"type":"Point","coordinates":[75.8814,29.1707]}},{"type":"Feature","properties":{"s":"Haryana","v":18.1},"geometry":{"type":"Point","coordinates":[75.8898,29.3617]}},{"type":"Feature","properties":{"s":"Haryana","v":18.1},"geometry":{"type":"Point","coordinates":[77.1859,30.0203]}},{"type":"Feature","properties":{"s":"Haryana","v":18.1},"geometry":{"type":"Point","coordinates":[76.7949,29.1675]}},{"type":"Feature","properties":{"s":"Haryana","v":18.1},"geometry":{"type":"Point","coordinates":[76.6455,28.6801]}},{"type":"Feature","properties":{"s":"Haryana","v":18.1},"geometry":{"type":"Point","coordinates":[75.8089,28.9271]}},{"type":"Feature","properties":{"s":"Haryana","v":18.1},"geometry":{"type":"Point","coordinates":[77.0161,30.4534]}},{"type":"Feature","properties":{"s":"Haryana","v":18.1},"geometry":{"type":"Point","coordinates":[76.934,28.2771]}},{"type":"Feature","properties":{"s":"Haryana","v":18.1},"geometry":{"type":"Point","coordinates":[76.6278,28.8068]}},{"type":"Feature","properties":{"s":"Haryana","v":18.1},"geometry":{"type":"Point","coordinates":[77.1303,30.6963]}},{"type":"Feature","properties":{"s":"Haryana","v":18.1},"geometry":{"type":"Point","coordinates":[76.5997,28.8349]}},{"type":"Feature","properties":{"s":"Haryana","v":18.1},"geometry":{"type":"Point","coordinates":[76.1055,29.5297]}},{"type":"Feature","properties":{"s":"Haryana","v":18.1},"geometry":{"type":"Point","coordinates":[77.0054,27.8406]}},{"type":"Feature","properties":{"s":"Haryana","v":18.1},"geometry":{"type":"Point","coordinates":[76.2047,28.1408]}},{"type":"Feature","properties":{"s":"Haryana","v":18.1},"geometry":{"type":"Point","coordinates":[76.4896,28.525]}},{"type":"Feature","properties":{"s":"Haryana","v":18.1},"geometry":{"type":"Point","coordinates":[76.8252,28.8783]}},{"type":"Feature","properties":{"s":"Haryana","v":18.1},"geometry":{"type":"Point","coordinates":[76.2716,28.8869]}},{"type":"Feature","properties":{"s":"Haryana","v":18.1},"geometry":{"type":"Point","coordinates":[77.0792,29.3755]}},{"type":"Feature","properties":{"s":"Haryana","v":18.1},"geometry":{"type":"Point","coordinates":[76.3413,28.2716]}},{"type":"Feature","properties":{"s":"Haryana","v":18.1},"geometry":{"type":"Point","coordinates":[76.5363,29.0602]}},{"type":"Feature","properties":{"s":"Haryana","v":18.1},"geometry":{"type":"Point","coordinates":[77.0477,30.6915]}},{"type":"Feature","properties":{"s":"Haryana","v":18.1},"geometry":{"type":"Point","coordinates":[76.1072,29.6533]}},{"type":"Feature","properties":{"s":"Haryana","v":18.1},"geometry":{"type":"Point","coordinates":[75.8011,29.3545]}},{"type":"Feature","properties":{"s":"Haryana","v":18.1},"geometry":{"type":"Point","coordinates":[75.925,28.4655]}},{"type":"Feature","properties":{"s":"Haryana","v":18.1},"geometry":{"type":"Point","coordinates":[76.9435,28.2338]}},{"type":"Feature","properties":{"s":"Haryana","v":18.1},"geometry":{"type":"Point","coordinates":[76.2151,29.6251]}},{"type":"Feature","properties":{"s":"Haryana","v":18.1},"geometry":{"type":"Point","coordinates":[77.332,28.1216]}},{"type":"Feature","properties":{"s":"Haryana","v":18.1},"geometry":{"type":"Point","coordinates":[76.9714,28.0463]}},{"type":"Feature","properties":{"s":"Haryana","v":18.1},"geometry":{"type":"Point","coordinates":[74.8797,29.4131]}},{"type":"Feature","properties":{"s":"Haryana","v":18.1},"geometry":{"type":"Point","coordinates":[76.5756,29.0992]}},{"type":"Feature","properties":{"s":"Haryana","v":18.1},"geometry":{"type":"Point","coordinates":[77.4259,27.9409]}},{"type":"Feature","properties":{"s":"Haryana","v":18.1},"geometry":{"type":"Point","coordinates":[76.4069,28.9321]}},{"type":"Feature","properties":{"s":"Haryana","v":18.1},"geometry":{"type":"Point","coordinates":[76.1097,28.1231]}},{"type":"Feature","properties":{"s":"Haryana","v":18.1},"geometry":{"type":"Point","coordinates":[75.6878,29.6006]}},{"type":"Feature","properties":{"s":"Haryana","v":18.1},"geometry":{"type":"Point","coordinates":[76.693,29.3998]}},{"type":"Feature","properties":{"s":"Haryana","v":18.1},"geometry":{"type":"Point","coordinates":[74.7806,29.6497]}},{"type":"Feature","properties":{"s":"Haryana","v":18.1},"geometry":{"type":"Point","coordinates":[74.8048,29.4562]}},{"type":"Feature","properties":{"s":"Haryana","v":18.1},"geometry":{"type":"Point","coordinates":[75.1445,29.6935]}},{"type":"Feature","properties":{"s":"Haryana","v":18.1},"geometry":{"type":"Point","coordinates":[76.139,28.5051]}},{"type":"Feature","properties":{"s":"Haryana","v":18.1},"geometry":{"type":"Point","coordinates":[76.51,29.8267]}},{"type":"Feature","properties":{"s":"Haryana","v":18.1},"geometry":{"type":"Point","coordinates":[76.508,29.1705]}},{"type":"Feature","properties":{"s":"Haryana","v":18.1},"geometry":{"type":"Point","coordinates":[76.6716,30.2866]}},{"type":"Feature","properties":{"s":"Haryana","v":18.1},"geometry":{"type":"Point","coordinates":[75.5575,29.4235]}},{"type":"Feature","properties":{"s":"Haryana","v":18.1},"geometry":{"type":"Point","coordinates":[76.6175,28.5767]}},{"type":"Feature","properties":{"s":"Haryana","v":18.1},"geometry":{"type":"Point","coordinates":[76.8629,29.3184]}},{"type":"Feature","properties":{"s":"Haryana","v":18.1},"geometry":{"type":"Point","coordinates":[76.8403,29.5281]}},{"type":"Feature","properties":{"s":"Haryana","v":18.1},"geometry":{"type":"Point","coordinates":[77.039,28.3827]}},{"type":"Feature","properties":{"s":"Haryana","v":18.1},"geometry":{"type":"Point","coordinates":[76.4719,29.5715]}},{"type":"Feature","properties":{"s":"Haryana","v":18.1},"geometry":{"type":"Point","coordinates":[76.7672,28.4852]}},{"type":"Feature","properties":{"s":"Haryana","v":18.1},"geometry":{"type":"Point","coordinates":[76.9617,30.2741]}},{"type":"Feature","properties":{"s":"Haryana","v":18.1},"geometry":{"type":"Point","coordinates":[76.1882,29.1289]}},{"type":"Feature","properties":{"s":"Haryana","v":18.1},"geometry":{"type":"Point","coordinates":[75.9077,29.2113]}},{"type":"Feature","properties":{"s":"Haryana","v":18.1},"geometry":{"type":"Point","coordinates":[76.7962,28.3096]}},{"type":"Feature","properties":{"s":"Haryana","v":18.1},"geometry":{"type":"Point","coordinates":[76.2389,29.5595]}},{"type":"Feature","properties":{"s":"Haryana","v":18.1},"geometry":{"type":"Point","coordinates":[76.8492,29.2105]}},{"type":"Feature","properties":{"s":"Haryana","v":18.1},"geometry":{"type":"Point","coordinates":[76.5291,29.4057]}},{"type":"Feature","properties":{"s":"Haryana","v":18.1},"geometry":{"type":"Point","coordinates":[76.2242,28.1025]}},{"type":"Feature","properties":{"s":"Haryana","v":18.1},"geometry":{"type":"Point","coordinates":[76.3823,29.7884]}},{"type":"Feature","properties":{"s":"Haryana","v":18.1},"geometry":{"type":"Point","coordinates":[76.1141,29.6993]}},{"type":"Feature","properties":{"s":"Haryana","v":18.1},"geometry":{"type":"Point","coordinates":[76.1941,29.8723]}},{"type":"Feature","properties":{"s":"Haryana","v":18.1},"geometry":{"type":"Point","coordinates":[75.7302,28.9467]}},{"type":"Feature","properties":{"s":"Haryana","v":18.1},"geometry":{"type":"Point","coordinates":[77.0747,29.433]}},{"type":"Feature","properties":{"s":"Haryana","v":18.1},"geometry":{"type":"Point","coordinates":[76.2477,29.4892]}},{"type":"Feature","properties":{"s":"Haryana","v":18.1},"geometry":{"type":"Point","coordinates":[76.6668,28.7745]}},{"type":"Feature","properties":{"s":"Haryana","v":18.1},"geometry":{"type":"Point","coordinates":[76.4984,28.9281]}},{"type":"Feature","properties":{"s":"Haryana","v":18.1},"geometry":{"type":"Point","coordinates":[77.4131,28.3175]}},{"type":"Feature","properties":{"s":"Haryana","v":18.1},"geometry":{"type":"Point","coordinates":[75.576,29.2226]}},{"type":"Feature","properties":{"s":"Haryana","v":18.1},"geometry":{"type":"Point","coordinates":[77.1493,29.8366]}},{"type":"Feature","properties":{"s":"Haryana","v":18.1},"geometry":{"type":"Point","coordinates":[77.4841,28.1145]}},{"type":"Feature","properties":{"s":"Haryana","v":18.1},"geometry":{"type":"Point","coordinates":[75.4212,29.3092]}},{"type":"Feature","properties":{"s":"Haryana","v":18.1},"geometry":{"type":"Point","coordinates":[76.7823,28.8483]}},{"type":"Feature","properties":{"s":"Haryana","v":18.1},"geometry":{"type":"Point","coordinates":[76.8708,28.4169]}},{"type":"Feature","properties":{"s":"Haryana","v":18.1},"geometry":{"type":"Point","coordinates":[76.1787,28.1478]}},{"type":"Feature","properties":{"s":"Haryana","v":18.1},"geometry":{"type":"Point","coordinates":[77.1485,28.9755]}},{"type":"Feature","properties":{"s":"Haryana","v":18.1},"geometry":{"type":"Point","coordinates":[76.3455,28.4608]}},{"type":"Feature","properties":{"s":"Haryana","v":18.1},"geometry":{"type":"Point","coordinates":[76.828,28.5561]}},{"type":"Feature","properties":{"s":"Haryana","v":18.1},"geometry":{"type":"Point","coordinates":[76.2139,29.7372]}},{"type":"Feature","properties":{"s":"Haryana","v":18.1},"geometry":{"type":"Point","coordinates":[76.8201,29.5342]}},{"type":"Feature","properties":{"s":"Haryana","v":18.1},"geometry":{"type":"Point","coordinates":[77.0152,29.6605]}},{"type":"Feature","properties":{"s":"Haryana","v":18.1},"geometry":{"type":"Point","coordinates":[75.9664,28.4006]}},{"type":"Feature","properties":{"s":"Haryana","v":18.1},"geometry":{"type":"Point","coordinates":[76.9205,28.2661]}},{"type":"Feature","properties":{"s":"Haryana","v":18.1},"geometry":{"type":"Point","coordinates":[75.4744,29.5196]}},{"type":"Feature","properties":{"s":"Haryana","v":18.1},"geometry":{"type":"Point","coordinates":[77.4422,28.0814]}},{"type":"Feature","properties":{"s":"Haryana","v":18.1},"geometry":{"type":"Point","coordinates":[76.6243,29.8187]}},{"type":"Feature","properties":{"s":"Haryana","v":18.1},"geometry":{"type":"Point","coordinates":[77.3868,28.0674]}},{"type":"Feature","properties":{"s":"Haryana","v":18.1},"geometry":{"type":"Point","coordinates":[77.3737,28.4024]}},{"type":"Feature","properties":{"s":"Haryana","v":18.1},"geometry":{"type":"Point","coordinates":[75.9876,27.9727]}},{"type":"Feature","properties":{"s":"Haryana","v":18.1},"geometry":{"type":"Point","coordinates":[74.94,29.861]}},{"type":"Feature","properties":{"s":"Haryana","v":18.1},"geometry":{"type":"Point","coordinates":[76.3622,29.0102]}},{"type":"Feature","properties":{"s":"Haryana","v":18.1},"geometry":{"type":"Point","coordinates":[74.8792,29.8955]}},{"type":"Feature","properties":{"s":"Haryana","v":18.1},"geometry":{"type":"Point","coordinates":[76.7982,28.7141]}},{"type":"Feature","properties":{"s":"Haryana","v":18.1},"geometry":{"type":"Point","coordinates":[75.4657,29.1821]}},{"type":"Feature","properties":{"s":"Haryana","v":18.1},"geometry":{"type":"Point","coordinates":[74.7341,29.8822]}},{"type":"Feature","properties":{"s":"Haryana","v":18.1},"geometry":{"type":"Point","coordinates":[76.6641,29.9595]}},{"type":"Feature","properties":{"s":"Haryana","v":18.1},"geometry":{"type":"Point","coordinates":[75.5422,29.694]}},{"type":"Feature","properties":{"s":"Haryana","v":18.1},"geometry":{"type":"Point","coordinates":[76.7852,28.6712]}},{"type":"Feature","properties":{"s":"Haryana","v":18.1},"geometry":{"type":"Point","coordinates":[77.0106,28.0185]}},{"type":"Feature","properties":{"s":"Haryana","v":18.1},"geometry":{"type":"Point","coordinates":[76.932,29.3212]}},{"type":"Feature","properties":{"s":"Haryana","v":18.1},"geometry":{"type":"Point","coordinates":[76.5343,28.0429]}},{"type":"Feature","properties":{"s":"Haryana","v":18.1},"geometry":{"type":"Point","coordinates":[76.4477,30.0717]}},{"type":"Feature","properties":{"s":"Haryana","v":18.1},"geometry":{"type":"Point","coordinates":[76.4021,29.1724]}},{"type":"Feature","properties":{"s":"Haryana","v":18.1},"geometry":{"type":"Point","coordinates":[75.616,28.8699]}},{"type":"Feature","properties":{"s":"Haryana","v":18.1},"geometry":{"type":"Point","coordinates":[74.8102,29.8041]}},{"type":"Feature","properties":{"s":"Haryana","v":18.1},"geometry":{"type":"Point","coordinates":[76.1172,27.8828]}},{"type":"Feature","properties":{"s":"Haryana","v":18.1},"geometry":{"type":"Point","coordinates":[75.7736,29.2033]}},{"type":"Feature","properties":{"s":"Haryana","v":18.1},"geometry":{"type":"Point","coordinates":[76.3231,28.6405]}},{"type":"Feature","properties":{"s":"Haryana","v":18.1},"geometry":{"type":"Point","coordinates":[76.4536,28.3361]}},{"type":"Feature","properties":{"s":"Haryana","v":18.1},"geometry":{"type":"Point","coordinates":[76.2486,28.5613]}},{"type":"Feature","properties":{"s":"Haryana","v":18.1},"geometry":{"type":"Point","coordinates":[76.3312,29.2985]}},{"type":"Feature","properties":{"s":"Haryana","v":18.1},"geometry":{"type":"Point","coordinates":[75.0064,29.8018]}},{"type":"Feature","properties":{"s":"Haryana","v":18.1},"geometry":{"type":"Point","coordinates":[76.1035,29.0047]}},{"type":"Feature","properties":{"s":"Haryana","v":18.1},"geometry":{"type":"Point","coordinates":[76.3352,29.166]}},{"type":"Feature","properties":{"s":"Haryana","v":18.1},"geometry":{"type":"Point","coordinates":[76.7555,29.3172]}},{"type":"Feature","properties":{"s":"Haryana","v":18.1},"geometry":{"type":"Point","coordinates":[77.0157,27.9332]}},{"type":"Feature","properties":{"s":"Haryana","v":18.1},"geometry":{"type":"Point","coordinates":[74.6896,29.7857]}},{"type":"Feature","properties":{"s":"Haryana","v":18.1},"geometry":{"type":"Point","coordinates":[76.7084,28.8349]}},{"type":"Feature","properties":{"s":"Haryana","v":18.1},"geometry":{"type":"Point","coordinates":[77.0157,28.0236]}},{"type":"Feature","properties":{"s":"Haryana","v":18.1},"geometry":{"type":"Point","coordinates":[75.8043,29.3115]}},{"type":"Feature","properties":{"s":"Haryana","v":18.1},"geometry":{"type":"Point","coordinates":[76.8403,28.3702]}},{"type":"Feature","properties":{"s":"Haryana","v":18.1},"geometry":{"type":"Point","coordinates":[76.7005,28.6003]}},{"type":"Feature","properties":{"s":"Haryana","v":18.1},"geometry":{"type":"Point","coordinates":[76.6565,29.0253]}},{"type":"Feature","properties":{"s":"Haryana","v":18.1},"geometry":{"type":"Point","coordinates":[75.8073,29.5179]}},{"type":"Feature","properties":{"s":"Haryana","v":18.1},"geometry":{"type":"Point","coordinates":[75.8182,29.7185]}},{"type":"Feature","properties":{"s":"Haryana","v":18.1},"geometry":{"type":"Point","coordinates":[76.2828,29.1205]}},{"type":"Feature","properties":{"s":"Haryana","v":18.1},"geometry":{"type":"Point","coordinates":[76.7084,28.4737]}},{"type":"Feature","properties":{"s":"Haryana","v":18.1},"geometry":{"type":"Point","coordinates":[75.8591,29.0479]}},{"type":"Feature","properties":{"s":"Haryana","v":18.1},"geometry":{"type":"Point","coordinates":[77.0363,30.5669]}},{"type":"Feature","properties":{"s":"Haryana","v":18.1},"geometry":{"type":"Point","coordinates":[76.8989,30.7742]}},{"type":"Feature","properties":{"s":"Haryana","v":18.1},"geometry":{"type":"Point","coordinates":[77.0014,30.7881]}},{"type":"Feature","properties":{"s":"Haryana","v":18.1},"geometry":{"type":"Point","coordinates":[76.128,28.1662]}},{"type":"Feature","properties":{"s":"Haryana","v":18.1},"geometry":{"type":"Point","coordinates":[76.1204,29.0811]}},{"type":"Feature","properties":{"s":"Haryana","v":18.1},"geometry":{"type":"Point","coordinates":[75.69,29.3642]}},{"type":"Feature","properties":{"s":"Haryana","v":18.1},"geometry":{"type":"Point","coordinates":[76.3483,28.7569]}},{"type":"Feature","properties":{"s":"Haryana","v":18.1},"geometry":{"type":"Point","coordinates":[75.4748,29.1324]}},{"type":"Feature","properties":{"s":"Haryana","v":18.1},"geometry":{"type":"Point","coordinates":[76.5065,28.1806]}},{"type":"Feature","properties":{"s":"Haryana","v":18.1},"geometry":{"type":"Point","coordinates":[75.8491,29.1796]}},{"type":"Feature","properties":{"s":"Haryana","v":18.1},"geometry":{"type":"Point","coordinates":[75.9381,29.6421]}},{"type":"Feature","properties":{"s":"Haryana","v":18.1},"geometry":{"type":"Point","coordinates":[76.1317,28.2023]}},{"type":"Feature","properties":{"s":"Haryana","v":18.1},"geometry":{"type":"Point","coordinates":[76.9924,29.328]}},{"type":"Feature","properties":{"s":"Haryana","v":18.1},"geometry":{"type":"Point","coordinates":[75.7607,29.1215]}},{"type":"Feature","properties":{"s":"Haryana","v":18.1},"geometry":{"type":"Point","coordinates":[77.281,27.8942]}},{"type":"Feature","properties":{"s":"Haryana","v":18.1},"geometry":{"type":"Point","coordinates":[75.5896,28.9879]}},{"type":"Feature","properties":{"s":"Haryana","v":18.1},"geometry":{"type":"Point","coordinates":[76.579,28.8356]}},{"type":"Feature","properties":{"s":"Haryana","v":18.1},"geometry":{"type":"Point","coordinates":[76.4258,29.052]}},{"type":"Feature","properties":{"s":"Haryana","v":18.1},"geometry":{"type":"Point","coordinates":[76.7128,28.3574]}},{"type":"Feature","properties":{"s":"Haryana","v":18.1},"geometry":{"type":"Point","coordinates":[76.1769,28.5615]}},{"type":"Feature","properties":{"s":"Haryana","v":18.1},"geometry":{"type":"Point","coordinates":[76.9113,29.3264]}},{"type":"Feature","properties":{"s":"Haryana","v":18.1},"geometry":{"type":"Point","coordinates":[75.7269,28.6668]}},{"type":"Feature","properties":{"s":"Haryana","v":18.1},"geometry":{"type":"Point","coordinates":[75.6585,28.856]}},{"type":"Feature","properties":{"s":"Haryana","v":18.1},"geometry":{"type":"Point","coordinates":[75.5588,29.1298]}},{"type":"Feature","properties":{"s":"Haryana","v":18.1},"geometry":{"type":"Point","coordinates":[75.7682,28.5976]}},{"type":"Feature","properties":{"s":"Haryana","v":18.1},"geometry":{"type":"Point","coordinates":[76.3968,29.2278]}},{"type":"Feature","properties":{"s":"Haryana","v":18.1},"geometry":{"type":"Point","coordinates":[75.4569,29.5425]}},{"type":"Feature","properties":{"s":"Haryana","v":18.1},"geometry":{"type":"Point","coordinates":[76.1381,28.0829]}},{"type":"Feature","properties":{"s":"Haryana","v":18.1},"geometry":{"type":"Point","coordinates":[75.1482,29.3639]}},{"type":"Feature","properties":{"s":"Haryana","v":18.1},"geometry":{"type":"Point","coordinates":[76.333,30.0345]}},{"type":"Feature","properties":{"s":"Haryana","v":18.1},"geometry":{"type":"Point","coordinates":[76.7861,29.7135]}},{"type":"Feature","properties":{"s":"Haryana","v":18.1},"geometry":{"type":"Point","coordinates":[77.3921,30.2555]}},{"type":"Feature","properties":{"s":"Haryana","v":18.1},"geometry":{"type":"Point","coordinates":[77.5003,28.0057]}},{"type":"Feature","properties":{"s":"Haryana","v":18.1},"geometry":{"type":"Point","coordinates":[77.2114,30.369]}},{"type":"Feature","properties":{"s":"Haryana","v":18.1},"geometry":{"type":"Point","coordinates":[75.688,29.0717]}},{"type":"Feature","properties":{"s":"Haryana","v":18.1},"geometry":{"type":"Point","coordinates":[76.3207,28.4784]}},{"type":"Feature","properties":{"s":"Haryana","v":18.1},"geometry":{"type":"Point","coordinates":[76.5638,28.295]}},{"type":"Feature","properties":{"s":"Haryana","v":18.1},"geometry":{"type":"Point","coordinates":[76.3211,28.9291]}},{"type":"Feature","properties":{"s":"Haryana","v":18.1},"geometry":{"type":"Point","coordinates":[76.7819,29.3045]}},{"type":"Feature","properties":{"s":"Haryana","v":18.1},"geometry":{"type":"Point","coordinates":[76.2176,29.7317]}},{"type":"Feature","properties":{"s":"Haryana","v":18.1},"geometry":{"type":"Point","coordinates":[76.2037,29.2929]}},{"type":"Feature","properties":{"s":"Haryana","v":18.1},"geometry":{"type":"Point","coordinates":[77.1478,30.4739]}},{"type":"Feature","properties":{"s":"Haryana","v":18.1},"geometry":{"type":"Point","coordinates":[76.7648,29.6051]}},{"type":"Feature","properties":{"s":"Haryana","v":18.1},"geometry":{"type":"Point","coordinates":[76.0547,28.1162]}},{"type":"Feature","properties":{"s":"Haryana","v":18.1},"geometry":{"type":"Point","coordinates":[77.4587,30.2821]}},{"type":"Feature","properties":{"s":"Haryana","v":18.1},"geometry":{"type":"Point","coordinates":[77.1424,29.1601]}},{"type":"Feature","properties":{"s":"Haryana","v":18.1},"geometry":{"type":"Point","coordinates":[76.5502,28.0364]}},{"type":"Feature","properties":{"s":"Haryana","v":18.1},"geometry":{"type":"Point","coordinates":[75.2234,29.4439]}},{"type":"Feature","properties":{"s":"Haryana","v":18.1},"geometry":{"type":"Point","coordinates":[75.0715,29.841]}},{"type":"Feature","properties":{"s":"Haryana","v":18.1},"geometry":{"type":"Point","coordinates":[76.8627,29.8697]}},{"type":"Feature","properties":{"s":"Haryana","v":18.1},"geometry":{"type":"Point","coordinates":[75.6526,28.9136]}},{"type":"Feature","properties":{"s":"Haryana","v":18.1},"geometry":{"type":"Point","coordinates":[75.5642,28.7181]}},{"type":"Feature","properties":{"s":"Haryana","v":18.1},"geometry":{"type":"Point","coordinates":[74.9828,29.5809]}},{"type":"Feature","properties":{"s":"Haryana","v":18.1},"geometry":{"type":"Point","coordinates":[75.5357,29.1069]}},{"type":"Feature","properties":{"s":"Haryana","v":18.1},"geometry":{"type":"Point","coordinates":[77.1381,28.0109]}},{"type":"Feature","properties":{"s":"Haryana","v":18.1},"geometry":{"type":"Point","coordinates":[76.3748,29.1861]}},{"type":"Feature","properties":{"s":"Haryana","v":18.1},"geometry":{"type":"Point","coordinates":[76.6326,28.5004]}},{"type":"Feature","properties":{"s":"Haryana","v":18.1},"geometry":{"type":"Point","coordinates":[76.2042,27.8375]}},{"type":"Feature","properties":{"s":"Haryana","v":18.1},"geometry":{"type":"Point","coordinates":[77.0274,28.2918]}},{"type":"Feature","properties":{"s":"Haryana","v":18.1},"geometry":{"type":"Point","coordinates":[76.4237,29.8137]}},{"type":"Feature","properties":{"s":"Haryana","v":18.1},"geometry":{"type":"Point","coordinates":[76.9401,29.9345]}},{"type":"Feature","properties":{"s":"Haryana","v":18.1},"geometry":{"type":"Point","coordinates":[76.2555,29.0007]}},{"type":"Feature","properties":{"s":"Haryana","v":18.1},"geometry":{"type":"Point","coordinates":[76.1508,29.5969]}},{"type":"Feature","properties":{"s":"Haryana","v":18.1},"geometry":{"type":"Point","coordinates":[76.0182,28.9991]}},{"type":"Feature","properties":{"s":"Haryana","v":18.1},"geometry":{"type":"Point","coordinates":[76.3184,30.0074]}},{"type":"Feature","properties":{"s":"Haryana","v":18.1},"geometry":{"type":"Point","coordinates":[76.0839,28.5292]}},{"type":"Feature","properties":{"s":"Haryana","v":18.1},"geometry":{"type":"Point","coordinates":[76.4754,28.4208]}},{"type":"Feature","properties":{"s":"Himachal Pradesh","v":19.2},"geometry":{"type":"Point","coordinates":[76.6603,31.8585]}},{"type":"Feature","properties":{"s":"Himachal Pradesh","v":19.2},"geometry":{"type":"Point","coordinates":[78.0966,31.3739]}},{"type":"Feature","properties":{"s":"Himachal Pradesh","v":19.2},"geometry":{"type":"Point","coordinates":[76.9098,31.5172]}},{"type":"Feature","properties":{"s":"Himachal Pradesh","v":19.2},"geometry":{"type":"Point","coordinates":[78.5899,31.3162]}},{"type":"Feature","properties":{"s":"Himachal Pradesh","v":19.2},"geometry":{"type":"Point","coordinates":[76.9281,31.2413]}},{"type":"Feature","properties":{"s":"Himachal Pradesh","v":19.2},"geometry":{"type":"Point","coordinates":[76.9004,30.9194]}},{"type":"Feature","properties":{"s":"Himachal Pradesh","v":19.2},"geometry":{"type":"Point","coordinates":[78.5944,32.1956]}},{"type":"Feature","properties":{"s":"Himachal Pradesh","v":19.2},"geometry":{"type":"Point","coordinates":[76.424,32.4166]}},{"type":"Feature","properties":{"s":"Himachal Pradesh","v":19.2},"geometry":{"type":"Point","coordinates":[78.4765,32.2296]}},{"type":"Feature","properties":{"s":"Himachal Pradesh","v":19.2},"geometry":{"type":"Point","coordinates":[76.1978,31.8005]}},{"type":"Feature","properties":{"s":"Himachal Pradesh","v":19.2},"geometry":{"type":"Point","coordinates":[77.5865,31.1519]}},{"type":"Feature","properties":{"s":"Himachal Pradesh","v":19.2},"geometry":{"type":"Point","coordinates":[76.6454,31.0865]}},{"type":"Feature","properties":{"s":"Himachal Pradesh","v":19.2},"geometry":{"type":"Point","coordinates":[76.8082,32.1845]}},{"type":"Feature","properties":{"s":"Himachal Pradesh","v":19.2},"geometry":{"type":"Point","coordinates":[78.4949,31.7482]}},{"type":"Feature","properties":{"s":"Himachal Pradesh","v":19.2},"geometry":{"type":"Point","coordinates":[78.0056,31.9398]}},{"type":"Feature","properties":{"s":"Himachal Pradesh","v":19.2},"geometry":{"type":"Point","coordinates":[76.4846,32.7103]}},{"type":"Feature","properties":{"s":"Himachal Pradesh","v":19.2},"geometry":{"type":"Point","coordinates":[76.0336,32.6775]}},{"type":"Feature","properties":{"s":"Himachal Pradesh","v":19.2},"geometry":{"type":"Point","coordinates":[77.8451,31.4907]}},{"type":"Feature","properties":{"s":"Himachal Pradesh","v":19.2},"geometry":{"type":"Point","coordinates":[78.3033,31.6537]}},{"type":"Feature","properties":{"s":"Himachal Pradesh","v":19.2},"geometry":{"type":"Point","coordinates":[77.5845,31.2956]}},{"type":"Feature","properties":{"s":"Himachal Pradesh","v":19.2},"geometry":{"type":"Point","coordinates":[76.7065,31.4401]}},{"type":"Feature","properties":{"s":"Himachal Pradesh","v":19.2},"geometry":{"type":"Point","coordinates":[76.5656,33.161]}},{"type":"Feature","properties":{"s":"Himachal Pradesh","v":19.2},"geometry":{"type":"Point","coordinates":[75.9784,32.747]}},{"type":"Feature","properties":{"s":"Himachal Pradesh","v":19.2},"geometry":{"type":"Point","coordinates":[77.4341,31.8439]}},{"type":"Feature","properties":{"s":"Himachal Pradesh","v":19.2},"geometry":{"type":"Point","coordinates":[78.4337,32.3735]}},{"type":"Feature","properties":{"s":"Himachal Pradesh","v":19.2},"geometry":{"type":"Point","coordinates":[76.1724,32.4216]}},{"type":"Feature","properties":{"s":"Himachal Pradesh","v":19.2},"geometry":{"type":"Point","coordinates":[77.2051,30.5437]}},{"type":"Feature","properties":{"s":"Himachal Pradesh","v":19.2},"geometry":{"type":"Point","coordinates":[76.7749,32.1065]}},{"type":"Feature","properties":{"s":"Himachal Pradesh","v":19.2},"geometry":{"type":"Point","coordinates":[76.3154,31.394]}},{"type":"Feature","properties":{"s":"Himachal Pradesh","v":19.2},"geometry":{"type":"Point","coordinates":[76.4605,32.9786]}},{"type":"Feature","properties":{"s":"Himachal Pradesh","v":19.2},"geometry":{"type":"Point","coordinates":[78.5276,31.7483]}},{"type":"Feature","properties":{"s":"Himachal Pradesh","v":19.2},"geometry":{"type":"Point","coordinates":[78.6506,31.5011]}},{"type":"Feature","properties":{"s":"Himachal Pradesh","v":19.2},"geometry":{"type":"Point","coordinates":[76.4813,31.5939]}},{"type":"Feature","properties":{"s":"Himachal Pradesh","v":19.2},"geometry":{"type":"Point","coordinates":[78.5405,31.8714]}},{"type":"Feature","properties":{"s":"Himachal Pradesh","v":19.2},"geometry":{"type":"Point","coordinates":[78.7844,31.5942]}},{"type":"Feature","properties":{"s":"Himachal Pradesh","v":19.2},"geometry":{"type":"Point","coordinates":[78.7873,31.5858]}},{"type":"Feature","properties":{"s":"Himachal Pradesh","v":19.2},"geometry":{"type":"Point","coordinates":[77.4497,32.7379]}},{"type":"Feature","properties":{"s":"Himachal Pradesh","v":19.2},"geometry":{"type":"Point","coordinates":[77.8388,32.3552]}},{"type":"Feature","properties":{"s":"Himachal Pradesh","v":19.2},"geometry":{"type":"Point","coordinates":[77.1239,32.6875]}},{"type":"Feature","properties":{"s":"Himachal Pradesh","v":19.2},"geometry":{"type":"Point","coordinates":[78.6019,31.3647]}},{"type":"Feature","properties":{"s":"Himachal Pradesh","v":19.2},"geometry":{"type":"Point","coordinates":[78.1156,32.0946]}},{"type":"Feature","properties":{"s":"Himachal Pradesh","v":19.2},"geometry":{"type":"Point","coordinates":[77.8852,32.5178]}},{"type":"Feature","properties":{"s":"Himachal Pradesh","v":19.2},"geometry":{"type":"Point","coordinates":[77.6636,30.862]}},{"type":"Feature","properties":{"s":"Himachal Pradesh","v":19.2},"geometry":{"type":"Point","coordinates":[76.6009,33.1026]}},{"type":"Feature","properties":{"s":"Himachal Pradesh","v":19.2},"geometry":{"type":"Point","coordinates":[78.4102,31.7101]}},{"type":"Feature","properties":{"s":"Himachal Pradesh","v":19.2},"geometry":{"type":"Point","coordinates":[76.474,32.1914]}},{"type":"Feature","properties":{"s":"Himachal Pradesh","v":19.2},"geometry":{"type":"Point","coordinates":[76.9535,31.8857]}},{"type":"Feature","properties":{"s":"Himachal Pradesh","v":19.2},"geometry":{"type":"Point","coordinates":[77.9018,32.0137]}},{"type":"Feature","properties":{"s":"Himachal Pradesh","v":19.2},"geometry":{"type":"Point","coordinates":[75.9837,32.8186]}},{"type":"Feature","properties":{"s":"Himachal Pradesh","v":19.2},"geometry":{"type":"Point","coordinates":[76.101,31.7305]}},{"type":"Feature","properties":{"s":"Himachal Pradesh","v":19.2},"geometry":{"type":"Point","coordinates":[77.9753,32.3741]}},{"type":"Feature","properties":{"s":"Himachal Pradesh","v":19.2},"geometry":{"type":"Point","coordinates":[77.1473,31.3385]}},{"type":"Feature","properties":{"s":"Himachal Pradesh","v":19.2},"geometry":{"type":"Point","coordinates":[78.1347,31.394]}},{"type":"Feature","properties":{"s":"Himachal Pradesh","v":19.2},"geometry":{"type":"Point","coordinates":[77.1531,32.9442]}},{"type":"Feature","properties":{"s":"Himachal Pradesh","v":19.2},"geometry":{"type":"Point","coordinates":[75.9446,32.5256]}},{"type":"Feature","properties":{"s":"Himachal Pradesh","v":19.2},"geometry":{"type":"Point","coordinates":[76.8975,32.2177]}},{"type":"Feature","properties":{"s":"Himachal Pradesh","v":19.2},"geometry":{"type":"Point","coordinates":[76.3981,31.9739]}},{"type":"Feature","properties":{"s":"Himachal Pradesh","v":19.2},"geometry":{"type":"Point","coordinates":[76.983,32.6053]}},{"type":"Feature","properties":{"s":"Himachal Pradesh","v":19.2},"geometry":{"type":"Point","coordinates":[75.7993,32.0766]}},{"type":"Feature","properties":{"s":"Himachal Pradesh","v":19.2},"geometry":{"type":"Point","coordinates":[76.8277,32.1573]}},{"type":"Feature","properties":{"s":"Himachal Pradesh","v":19.2},"geometry":{"type":"Point","coordinates":[76.7255,31.4074]}},{"type":"Feature","properties":{"s":"Himachal Pradesh","v":19.2},"geometry":{"type":"Point","coordinates":[76.1787,31.8434]}},{"type":"Feature","properties":{"s":"Himachal Pradesh","v":19.2},"geometry":{"type":"Point","coordinates":[76.8178,33.0311]}},{"type":"Feature","properties":{"s":"Himachal Pradesh","v":19.2},"geometry":{"type":"Point","coordinates":[76.2783,31.5026]}},{"type":"Feature","properties":{"s":"Himachal Pradesh","v":19.2},"geometry":{"type":"Point","coordinates":[77.67,31.1902]}},{"type":"Feature","properties":{"s":"Himachal Pradesh","v":19.2},"geometry":{"type":"Point","coordinates":[77.6826,31.0811]}},{"type":"Feature","properties":{"s":"Himachal Pradesh","v":19.2},"geometry":{"type":"Point","coordinates":[77.7366,30.5051]}},{"type":"Feature","properties":{"s":"Himachal Pradesh","v":19.2},"geometry":{"type":"Point","coordinates":[76.8139,31.9109]}},{"type":"Feature","properties":{"s":"Himachal Pradesh","v":19.2},"geometry":{"type":"Point","coordinates":[78.2417,31.704]}},{"type":"Feature","properties":{"s":"Himachal Pradesh","v":19.2},"geometry":{"type":"Point","coordinates":[77.7942,31.4775]}},{"type":"Feature","properties":{"s":"Himachal Pradesh","v":19.2},"geometry":{"type":"Point","coordinates":[77.1569,30.9498]}},{"type":"Feature","properties":{"s":"Himachal Pradesh","v":19.2},"geometry":{"type":"Point","coordinates":[77.8122,31.7699]}},{"type":"Feature","properties":{"s":"Himachal Pradesh","v":19.2},"geometry":{"type":"Point","coordinates":[76.2615,32.368]}},{"type":"Feature","properties":{"s":"Himachal Pradesh","v":19.2},"geometry":{"type":"Point","coordinates":[78.7501,31.9331]}},{"type":"Feature","properties":{"s":"Himachal Pradesh","v":19.2},"geometry":{"type":"Point","coordinates":[76.706,32.9866]}},{"type":"Feature","properties":{"s":"Himachal Pradesh","v":19.2},"geometry":{"type":"Point","coordinates":[76.1674,31.9903]}},{"type":"Feature","properties":{"s":"Himachal Pradesh","v":19.2},"geometry":{"type":"Point","coordinates":[76.4985,32.7595]}},{"type":"Feature","properties":{"s":"Himachal Pradesh","v":19.2},"geometry":{"type":"Point","coordinates":[77.5906,31.9289]}},{"type":"Feature","properties":{"s":"Himachal Pradesh","v":19.2},"geometry":{"type":"Point","coordinates":[75.815,32.0235]}},{"type":"Feature","properties":{"s":"Himachal Pradesh","v":19.2},"geometry":{"type":"Point","coordinates":[76.1885,31.61]}},{"type":"Feature","properties":{"s":"Himachal Pradesh","v":19.2},"geometry":{"type":"Point","coordinates":[76.1761,31.5413]}},{"type":"Feature","properties":{"s":"Himachal Pradesh","v":19.2},"geometry":{"type":"Point","coordinates":[77.4327,31.2451]}},{"type":"Feature","properties":{"s":"Himachal Pradesh","v":19.2},"geometry":{"type":"Point","coordinates":[78.7605,31.5938]}},{"type":"Feature","properties":{"s":"Himachal Pradesh","v":19.2},"geometry":{"type":"Point","coordinates":[76.3811,32.4237]}},{"type":"Feature","properties":{"s":"Himachal Pradesh","v":19.2},"geometry":{"type":"Point","coordinates":[76.7254,32.4088]}},{"type":"Feature","properties":{"s":"Himachal Pradesh","v":19.2},"geometry":{"type":"Point","coordinates":[76.8068,31.0717]}},{"type":"Feature","properties":{"s":"Himachal Pradesh","v":19.2},"geometry":{"type":"Point","coordinates":[76.2784,31.4005]}},{"type":"Feature","properties":{"s":"Himachal Pradesh","v":19.2},"geometry":{"type":"Point","coordinates":[77.5837,30.8075]}},{"type":"Feature","properties":{"s":"Himachal Pradesh","v":19.2},"geometry":{"type":"Point","coordinates":[78.5546,31.5704]}},{"type":"Feature","properties":{"s":"Himachal Pradesh","v":19.2},"geometry":{"type":"Point","coordinates":[76.2537,31.9417]}},{"type":"Feature","properties":{"s":"Himachal Pradesh","v":19.2},"geometry":{"type":"Point","coordinates":[78.4263,32.2555]}},{"type":"Feature","properties":{"s":"Himachal Pradesh","v":19.2},"geometry":{"type":"Point","coordinates":[78.1833,32.352]}},{"type":"Feature","properties":{"s":"Himachal Pradesh","v":19.2},"geometry":{"type":"Point","coordinates":[76.8517,31.1377]}},{"type":"Feature","properties":{"s":"Himachal Pradesh","v":19.2},"geometry":{"type":"Point","coordinates":[77.7715,32.2218]}},{"type":"Feature","properties":{"s":"Himachal Pradesh","v":19.2},"geometry":{"type":"Point","coordinates":[76.0026,31.7296]}},{"type":"Feature","properties":{"s":"Himachal Pradesh","v":19.2},"geometry":{"type":"Point","coordinates":[76.266,31.5981]}},{"type":"Feature","properties":{"s":"Himachal Pradesh","v":19.2},"geometry":{"type":"Point","coordinates":[77.0937,32.0032]}},{"type":"Feature","properties":{"s":"Himachal Pradesh","v":19.2},"geometry":{"type":"Point","coordinates":[77.9876,32.3305]}},{"type":"Feature","properties":{"s":"Himachal Pradesh","v":19.2},"geometry":{"type":"Point","coordinates":[77.9261,32.4024]}},{"type":"Feature","properties":{"s":"Himachal Pradesh","v":19.2},"geometry":{"type":"Point","coordinates":[75.7988,32.1793]}},{"type":"Feature","properties":{"s":"Himachal Pradesh","v":19.2},"geometry":{"type":"Point","coordinates":[76.1347,32.089]}},{"type":"Feature","properties":{"s":"Himachal Pradesh","v":19.2},"geometry":{"type":"Point","coordinates":[76.8404,32.6632]}},{"type":"Feature","properties":{"s":"Himachal Pradesh","v":19.2},"geometry":{"type":"Point","coordinates":[78.3317,32.3045]}},{"type":"Feature","properties":{"s":"Himachal Pradesh","v":19.2},"geometry":{"type":"Point","coordinates":[77.1689,31.2597]}},{"type":"Feature","properties":{"s":"Himachal Pradesh","v":19.2},"geometry":{"type":"Point","coordinates":[77.0101,32.5421]}},{"type":"Feature","properties":{"s":"Himachal Pradesh","v":19.2},"geometry":{"type":"Point","coordinates":[78.6747,31.7984]}},{"type":"Feature","properties":{"s":"Himachal Pradesh","v":19.2},"geometry":{"type":"Point","coordinates":[77.2968,31.5369]}},{"type":"Feature","properties":{"s":"Himachal Pradesh","v":19.2},"geometry":{"type":"Point","coordinates":[77.5219,32.8588]}},{"type":"Feature","properties":{"s":"Himachal Pradesh","v":19.2},"geometry":{"type":"Point","coordinates":[78.0242,31.2921]}},{"type":"Feature","properties":{"s":"Himachal Pradesh","v":19.2},"geometry":{"type":"Point","coordinates":[77.6213,31.4448]}},{"type":"Feature","properties":{"s":"Himachal Pradesh","v":19.2},"geometry":{"type":"Point","coordinates":[77.6196,31.7771]}},{"type":"Feature","properties":{"s":"Himachal Pradesh","v":19.2},"geometry":{"type":"Point","coordinates":[76.459,33.0147]}},{"type":"Feature","properties":{"s":"Himachal Pradesh","v":19.2},"geometry":{"type":"Point","coordinates":[78.055,31.4141]}},{"type":"Feature","properties":{"s":"Himachal Pradesh","v":19.2},"geometry":{"type":"Point","coordinates":[76.1191,32.373]}},{"type":"Feature","properties":{"s":"Himachal Pradesh","v":19.2},"geometry":{"type":"Point","coordinates":[78.3327,31.2961]}},{"type":"Feature","properties":{"s":"Himachal Pradesh","v":19.2},"geometry":{"type":"Point","coordinates":[76.7805,31.9236]}},{"type":"Feature","properties":{"s":"Himachal Pradesh","v":19.2},"geometry":{"type":"Point","coordinates":[77.0378,30.8315]}},{"type":"Feature","properties":{"s":"Himachal Pradesh","v":19.2},"geometry":{"type":"Point","coordinates":[77.4743,30.5764]}},{"type":"Feature","properties":{"s":"Himachal Pradesh","v":19.2},"geometry":{"type":"Point","coordinates":[78.1549,31.4962]}},{"type":"Feature","properties":{"s":"Himachal Pradesh","v":19.2},"geometry":{"type":"Point","coordinates":[78.4485,32.0364]}},{"type":"Feature","properties":{"s":"Himachal Pradesh","v":19.2},"geometry":{"type":"Point","coordinates":[76.4131,31.5925]}},{"type":"Feature","properties":{"s":"Himachal Pradesh","v":19.2},"geometry":{"type":"Point","coordinates":[77.4439,31.3301]}},{"type":"Feature","properties":{"s":"Himachal Pradesh","v":19.2},"geometry":{"type":"Point","coordinates":[77.1569,30.7005]}},{"type":"Feature","properties":{"s":"Himachal Pradesh","v":19.2},"geometry":{"type":"Point","coordinates":[77.2966,30.8856]}},{"type":"Feature","properties":{"s":"Himachal Pradesh","v":19.2},"geometry":{"type":"Point","coordinates":[77.0653,32.7603]}},{"type":"Feature","properties":{"s":"Himachal Pradesh","v":19.2},"geometry":{"type":"Point","coordinates":[77.6732,31.0299]}},{"type":"Feature","properties":{"s":"Himachal Pradesh","v":19.2},"geometry":{"type":"Point","coordinates":[77.0999,30.8318]}},{"type":"Feature","properties":{"s":"Himachal Pradesh","v":19.2},"geometry":{"type":"Point","coordinates":[77.8937,31.2243]}},{"type":"Feature","properties":{"s":"Himachal Pradesh","v":19.2},"geometry":{"type":"Point","coordinates":[78.2459,31.8532]}},{"type":"Feature","properties":{"s":"Himachal Pradesh","v":19.2},"geometry":{"type":"Point","coordinates":[77.9301,31.9043]}},{"type":"Feature","properties":{"s":"Himachal Pradesh","v":19.2},"geometry":{"type":"Point","coordinates":[77.5162,30.5829]}},{"type":"Feature","properties":{"s":"Himachal Pradesh","v":19.2},"geometry":{"type":"Point","coordinates":[76.4142,32.5228]}},{"type":"Feature","properties":{"s":"Himachal Pradesh","v":19.2},"geometry":{"type":"Point","coordinates":[78.2737,31.972]}},{"type":"Feature","properties":{"s":"Himachal Pradesh","v":19.2},"geometry":{"type":"Point","coordinates":[76.0094,32.217]}},{"type":"Feature","properties":{"s":"Himachal Pradesh","v":19.2},"geometry":{"type":"Point","coordinates":[77.4866,31.918]}},{"type":"Feature","properties":{"s":"Himachal Pradesh","v":19.2},"geometry":{"type":"Point","coordinates":[77.2622,31.5949]}},{"type":"Feature","properties":{"s":"Himachal Pradesh","v":19.2},"geometry":{"type":"Point","coordinates":[77.9832,32.3987]}},{"type":"Feature","properties":{"s":"Himachal Pradesh","v":19.2},"geometry":{"type":"Point","coordinates":[77.5059,32.614]}},{"type":"Feature","properties":{"s":"Himachal Pradesh","v":19.2},"geometry":{"type":"Point","coordinates":[76.5446,31.5997]}},{"type":"Feature","properties":{"s":"Himachal Pradesh","v":19.2},"geometry":{"type":"Point","coordinates":[77.9229,31.4189]}},{"type":"Feature","properties":{"s":"Himachal Pradesh","v":19.2},"geometry":{"type":"Point","coordinates":[76.6295,32.7848]}},{"type":"Feature","properties":{"s":"Himachal Pradesh","v":19.2},"geometry":{"type":"Point","coordinates":[77.5374,31.74]}},{"type":"Feature","properties":{"s":"Himachal Pradesh","v":19.2},"geometry":{"type":"Point","coordinates":[77.3205,31.6845]}},{"type":"Feature","properties":{"s":"Himachal Pradesh","v":19.2},"geometry":{"type":"Point","coordinates":[76.3235,31.7845]}},{"type":"Feature","properties":{"s":"Himachal Pradesh","v":19.2},"geometry":{"type":"Point","coordinates":[76.045,32.463]}},{"type":"Feature","properties":{"s":"Himachal Pradesh","v":19.2},"geometry":{"type":"Point","coordinates":[77.5176,32.0114]}},{"type":"Feature","properties":{"s":"Himachal Pradesh","v":19.2},"geometry":{"type":"Point","coordinates":[77.4344,31.1459]}},{"type":"Feature","properties":{"s":"Himachal Pradesh","v":19.2},"geometry":{"type":"Point","coordinates":[77.4087,32.8227]}},{"type":"Feature","properties":{"s":"Himachal Pradesh","v":19.2},"geometry":{"type":"Point","coordinates":[77.1503,31.5473]}},{"type":"Feature","properties":{"s":"Himachal Pradesh","v":19.2},"geometry":{"type":"Point","coordinates":[77.7188,31.5124]}},{"type":"Feature","properties":{"s":"Himachal Pradesh","v":19.2},"geometry":{"type":"Point","coordinates":[78.7757,31.2781]}},{"type":"Feature","properties":{"s":"Himachal Pradesh","v":19.2},"geometry":{"type":"Point","coordinates":[77.3533,32.6705]}},{"type":"Feature","properties":{"s":"Himachal Pradesh","v":19.2},"geometry":{"type":"Point","coordinates":[76.2204,32.4436]}},{"type":"Feature","properties":{"s":"Himachal Pradesh","v":19.2},"geometry":{"type":"Point","coordinates":[76.5991,32.8918]}},{"type":"Feature","properties":{"s":"Himachal Pradesh","v":19.2},"geometry":{"type":"Point","coordinates":[77.464,31.9508]}},{"type":"Feature","properties":{"s":"Himachal Pradesh","v":19.2},"geometry":{"type":"Point","coordinates":[76.9919,31.7336]}},{"type":"Feature","properties":{"s":"Himachal Pradesh","v":19.2},"geometry":{"type":"Point","coordinates":[77.6998,32.1706]}},{"type":"Feature","properties":{"s":"Himachal Pradesh","v":19.2},"geometry":{"type":"Point","coordinates":[76.3844,32.6348]}},{"type":"Feature","properties":{"s":"Himachal Pradesh","v":19.2},"geometry":{"type":"Point","coordinates":[76.7627,31.1363]}},{"type":"Feature","properties":{"s":"Himachal Pradesh","v":19.2},"geometry":{"type":"Point","coordinates":[77.9079,32.0988]}},{"type":"Feature","properties":{"s":"Himachal Pradesh","v":19.2},"geometry":{"type":"Point","coordinates":[76.7592,32.3806]}},{"type":"Feature","properties":{"s":"Himachal Pradesh","v":19.2},"geometry":{"type":"Point","coordinates":[77.3181,31.0268]}},{"type":"Feature","properties":{"s":"Himachal Pradesh","v":19.2},"geometry":{"type":"Point","coordinates":[76.8941,32.5125]}},{"type":"Feature","properties":{"s":"Himachal Pradesh","v":19.2},"geometry":{"type":"Point","coordinates":[77.4732,32.806]}},{"type":"Feature","properties":{"s":"Himachal Pradesh","v":19.2},"geometry":{"type":"Point","coordinates":[76.6614,32.0647]}},{"type":"Feature","properties":{"s":"Himachal Pradesh","v":19.2},"geometry":{"type":"Point","coordinates":[78.8815,31.2579]}},{"type":"Feature","properties":{"s":"Himachal Pradesh","v":19.2},"geometry":{"type":"Point","coordinates":[78.5817,31.7346]}},{"type":"Feature","properties":{"s":"Himachal Pradesh","v":19.2},"geometry":{"type":"Point","coordinates":[77.2627,31.9467]}},{"type":"Feature","properties":{"s":"Himachal Pradesh","v":19.2},"geometry":{"type":"Point","coordinates":[76.3687,32.6611]}},{"type":"Feature","properties":{"s":"Himachal Pradesh","v":19.2},"geometry":{"type":"Point","coordinates":[77.9647,31.9571]}},{"type":"Feature","properties":{"s":"Himachal Pradesh","v":19.2},"geometry":{"type":"Point","coordinates":[77.2438,31.9824]}},{"type":"Feature","properties":{"s":"Himachal Pradesh","v":19.2},"geometry":{"type":"Point","coordinates":[76.0763,31.9193]}},{"type":"Feature","properties":{"s":"Himachal Pradesh","v":19.2},"geometry":{"type":"Point","coordinates":[77.3353,32.8121]}},{"type":"Feature","properties":{"s":"Himachal Pradesh","v":19.2},"geometry":{"type":"Point","coordinates":[77.2929,31.4901]}},{"type":"Feature","properties":{"s":"Himachal Pradesh","v":19.2},"geometry":{"type":"Point","coordinates":[78.46,32.3226]}},{"type":"Feature","properties":{"s":"Himachal Pradesh","v":19.2},"geometry":{"type":"Point","coordinates":[78.4943,31.6799]}},{"type":"Feature","properties":{"s":"Himachal Pradesh","v":19.2},"geometry":{"type":"Point","coordinates":[78.5487,31.5476]}},{"type":"Feature","properties":{"s":"Himachal Pradesh","v":19.2},"geometry":{"type":"Point","coordinates":[77.1557,32.0843]}},{"type":"Feature","properties":{"s":"Himachal Pradesh","v":19.2},"geometry":{"type":"Point","coordinates":[77.1678,31.0483]}},{"type":"Feature","properties":{"s":"Himachal Pradesh","v":19.2},"geometry":{"type":"Point","coordinates":[78.3518,31.9937]}},{"type":"Feature","properties":{"s":"Himachal Pradesh","v":19.2},"geometry":{"type":"Point","coordinates":[76.6469,31.1912]}},{"type":"Feature","properties":{"s":"Himachal Pradesh","v":19.2},"geometry":{"type":"Point","coordinates":[77.801,32.5308]}},{"type":"Feature","properties":{"s":"Himachal Pradesh","v":19.2},"geometry":{"type":"Point","coordinates":[76.1451,32.9891]}},{"type":"Feature","properties":{"s":"Himachal Pradesh","v":19.2},"geometry":{"type":"Point","coordinates":[76.7358,33.0419]}},{"type":"Feature","properties":{"s":"Himachal Pradesh","v":19.2},"geometry":{"type":"Point","coordinates":[78.6341,31.997]}},{"type":"Feature","properties":{"s":"Himachal Pradesh","v":19.2},"geometry":{"type":"Point","coordinates":[76.526,33.1012]}},{"type":"Feature","properties":{"s":"Himachal Pradesh","v":19.2},"geometry":{"type":"Point","coordinates":[77.3683,32.3101]}},{"type":"Feature","properties":{"s":"Himachal Pradesh","v":19.2},"geometry":{"type":"Point","coordinates":[78.5372,32.215]}},{"type":"Feature","properties":{"s":"Himachal Pradesh","v":19.2},"geometry":{"type":"Point","coordinates":[78.2769,31.4625]}},{"type":"Feature","properties":{"s":"Himachal Pradesh","v":19.2},"geometry":{"type":"Point","coordinates":[77.5925,32.4532]}},{"type":"Feature","properties":{"s":"Himachal Pradesh","v":19.2},"geometry":{"type":"Point","coordinates":[76.2905,31.9456]}},{"type":"Feature","properties":{"s":"Himachal Pradesh","v":19.2},"geometry":{"type":"Point","coordinates":[77.2275,30.9578]}},{"type":"Feature","properties":{"s":"Himachal Pradesh","v":19.2},"geometry":{"type":"Point","coordinates":[76.5567,31.7445]}},{"type":"Feature","properties":{"s":"Himachal Pradesh","v":19.2},"geometry":{"type":"Point","coordinates":[78.2476,31.8148]}},{"type":"Feature","properties":{"s":"Himachal Pradesh","v":19.2},"geometry":{"type":"Point","coordinates":[76.8988,31.3381]}},{"type":"Feature","properties":{"s":"Himachal Pradesh","v":19.2},"geometry":{"type":"Point","coordinates":[78.8971,31.1474]}},{"type":"Feature","properties":{"s":"Himachal Pradesh","v":19.2},"geometry":{"type":"Point","coordinates":[77.0395,32.2087]}},{"type":"Feature","properties":{"s":"Himachal Pradesh","v":19.2},"geometry":{"type":"Point","coordinates":[77.9895,31.2988]}},{"type":"Feature","properties":{"s":"Himachal Pradesh","v":19.2},"geometry":{"type":"Point","coordinates":[77.6619,31.5471]}},{"type":"Feature","properties":{"s":"Himachal Pradesh","v":19.2},"geometry":{"type":"Point","coordinates":[77.182,31.2552]}},{"type":"Feature","properties":{"s":"Himachal Pradesh","v":19.2},"geometry":{"type":"Point","coordinates":[77.1158,32.6184]}},{"type":"Feature","properties":{"s":"Himachal Pradesh","v":19.2},"geometry":{"type":"Point","coordinates":[76.8967,32.7727]}},{"type":"Feature","properties":{"s":"Himachal Pradesh","v":19.2},"geometry":{"type":"Point","coordinates":[76.7182,31.7548]}},{"type":"Feature","properties":{"s":"Himachal Pradesh","v":19.2},"geometry":{"type":"Point","coordinates":[78.1144,32.523]}},{"type":"Feature","properties":{"s":"Himachal Pradesh","v":19.2},"geometry":{"type":"Point","coordinates":[76.9027,31.5952]}},{"type":"Feature","properties":{"s":"Himachal Pradesh","v":19.2},"geometry":{"type":"Point","coordinates":[78.4097,31.6953]}},{"type":"Feature","properties":{"s":"Himachal Pradesh","v":19.2},"geometry":{"type":"Point","coordinates":[76.5074,31.8444]}},{"type":"Feature","properties":{"s":"Himachal Pradesh","v":19.2},"geometry":{"type":"Point","coordinates":[77.224,31.6894]}},{"type":"Feature","properties":{"s":"Himachal Pradesh","v":19.2},"geometry":{"type":"Point","coordinates":[77.1489,31.3656]}},{"type":"Feature","properties":{"s":"Himachal Pradesh","v":19.2},"geometry":{"type":"Point","coordinates":[76.1156,31.8774]}},{"type":"Feature","properties":{"s":"Himachal Pradesh","v":19.2},"geometry":{"type":"Point","coordinates":[76.3551,32.1429]}},{"type":"Feature","properties":{"s":"Himachal Pradesh","v":19.2},"geometry":{"type":"Point","coordinates":[77.3008,31.3752]}},{"type":"Feature","properties":{"s":"Himachal Pradesh","v":19.2},"geometry":{"type":"Point","coordinates":[78.6584,31.8738]}},{"type":"Feature","properties":{"s":"Himachal Pradesh","v":19.2},"geometry":{"type":"Point","coordinates":[78.2795,31.3259]}},{"type":"Feature","properties":{"s":"Himachal Pradesh","v":19.2},"geometry":{"type":"Point","coordinates":[78.4055,31.3042]}},{"type":"Feature","properties":{"s":"Himachal Pradesh","v":19.2},"geometry":{"type":"Point","coordinates":[77.1488,31.1637]}},{"type":"Feature","properties":{"s":"Himachal Pradesh","v":19.2},"geometry":{"type":"Point","coordinates":[76.7695,32.8807]}},{"type":"Feature","properties":{"s":"Himachal Pradesh","v":19.2},"geometry":{"type":"Point","coordinates":[76.7026,32.2624]}},{"type":"Feature","properties":{"s":"Himachal Pradesh","v":19.2},"geometry":{"type":"Point","coordinates":[76.8743,31.9669]}},{"type":"Feature","properties":{"s":"Himachal Pradesh","v":19.2},"geometry":{"type":"Point","coordinates":[76.105,31.9861]}},{"type":"Feature","properties":{"s":"Himachal Pradesh","v":19.2},"geometry":{"type":"Point","coordinates":[77.5254,30.4555]}},{"type":"Feature","properties":{"s":"Himachal Pradesh","v":19.2},"geometry":{"type":"Point","coordinates":[77.3833,30.6856]}},{"type":"Feature","properties":{"s":"Himachal Pradesh","v":19.2},"geometry":{"type":"Point","coordinates":[77.1961,31.7768]}},{"type":"Feature","properties":{"s":"Himachal Pradesh","v":19.2},"geometry":{"type":"Point","coordinates":[77.7144,30.5344]}},{"type":"Feature","properties":{"s":"Himachal Pradesh","v":19.2},"geometry":{"type":"Point","coordinates":[78.0371,32.559]}},{"type":"Feature","properties":{"s":"Himachal Pradesh","v":19.2},"geometry":{"type":"Point","coordinates":[77.7897,31.2864]}},{"type":"Feature","properties":{"s":"Himachal Pradesh","v":19.2},"geometry":{"type":"Point","coordinates":[77.375,32.8167]}},{"type":"Feature","properties":{"s":"Himachal Pradesh","v":19.2},"geometry":{"type":"Point","coordinates":[78.1736,32.609]}},{"type":"Feature","properties":{"s":"Himachal Pradesh","v":19.2},"geometry":{"type":"Point","coordinates":[76.6601,32.9634]}},{"type":"Feature","properties":{"s":"Himachal Pradesh","v":19.2},"geometry":{"type":"Point","coordinates":[77.7163,31.4295]}},{"type":"Feature","properties":{"s":"Himachal Pradesh","v":19.2},"geometry":{"type":"Point","coordinates":[77.5323,32.4275]}},{"type":"Feature","properties":{"s":"Himachal Pradesh","v":19.2},"geometry":{"type":"Point","coordinates":[77.2256,32.5913]}},{"type":"Feature","properties":{"s":"Himachal Pradesh","v":19.2},"geometry":{"type":"Point","coordinates":[76.5982,31.5825]}},{"type":"Feature","properties":{"s":"Himachal Pradesh","v":19.2},"geometry":{"type":"Point","coordinates":[77.4818,32.1096]}},{"type":"Feature","properties":{"s":"Himachal Pradesh","v":19.2},"geometry":{"type":"Point","coordinates":[78.0151,31.7258]}},{"type":"Feature","properties":{"s":"Himachal Pradesh","v":19.2},"geometry":{"type":"Point","coordinates":[77.7153,30.8946]}},{"type":"Feature","properties":{"s":"Himachal Pradesh","v":19.2},"geometry":{"type":"Point","coordinates":[77.5191,32.8448]}},{"type":"Feature","properties":{"s":"Himachal Pradesh","v":19.2},"geometry":{"type":"Point","coordinates":[76.8629,32.9046]}},{"type":"Feature","properties":{"s":"Himachal Pradesh","v":19.2},"geometry":{"type":"Point","coordinates":[78.5652,31.2527]}},{"type":"Feature","properties":{"s":"Himachal Pradesh","v":19.2},"geometry":{"type":"Point","coordinates":[78.3503,32.0102]}},{"type":"Feature","properties":{"s":"Himachal Pradesh","v":19.2},"geometry":{"type":"Point","coordinates":[76.7851,31.7698]}},{"type":"Feature","properties":{"s":"Himachal Pradesh","v":19.2},"geometry":{"type":"Point","coordinates":[76.8425,32.055]}},{"type":"Feature","properties":{"s":"Himachal Pradesh","v":19.2},"geometry":{"type":"Point","coordinates":[77.2011,32.0982]}},{"type":"Feature","properties":{"s":"Himachal Pradesh","v":19.2},"geometry":{"type":"Point","coordinates":[77.7196,32.3852]}},{"type":"Feature","properties":{"s":"Himachal Pradesh","v":19.2},"geometry":{"type":"Point","coordinates":[77.2873,32.5229]}},{"type":"Feature","properties":{"s":"Himachal Pradesh","v":19.2},"geometry":{"type":"Point","coordinates":[76.6289,32.0608]}},{"type":"Feature","properties":{"s":"Himachal Pradesh","v":19.2},"geometry":{"type":"Point","coordinates":[76.9724,32.5083]}},{"type":"Feature","properties":{"s":"Himachal Pradesh","v":19.2},"geometry":{"type":"Point","coordinates":[77.0151,31.934]}},{"type":"Feature","properties":{"s":"Himachal Pradesh","v":19.2},"geometry":{"type":"Point","coordinates":[76.4031,32.3631]}},{"type":"Feature","properties":{"s":"Himachal Pradesh","v":19.2},"geometry":{"type":"Point","coordinates":[77.6539,30.7423]}},{"type":"Feature","properties":{"s":"Himachal Pradesh","v":19.2},"geometry":{"type":"Point","coordinates":[78.0677,31.8506]}},{"type":"Feature","properties":{"s":"Himachal Pradesh","v":19.2},"geometry":{"type":"Point","coordinates":[77.5649,31.4016]}},{"type":"Feature","properties":{"s":"Himachal Pradesh","v":19.2},"geometry":{"type":"Point","coordinates":[77.8183,32.0472]}},{"type":"Feature","properties":{"s":"Himachal Pradesh","v":19.2},"geometry":{"type":"Point","coordinates":[77.5261,32.6976]}},{"type":"Feature","properties":{"s":"Himachal Pradesh","v":19.2},"geometry":{"type":"Point","coordinates":[77.4982,31.8142]}},{"type":"Feature","properties":{"s":"Himachal Pradesh","v":19.2},"geometry":{"type":"Point","coordinates":[76.7464,32.0168]}},{"type":"Feature","properties":{"s":"Himachal Pradesh","v":19.2},"geometry":{"type":"Point","coordinates":[76.7732,31.4804]}},{"type":"Feature","properties":{"s":"Himachal Pradesh","v":19.2},"geometry":{"type":"Point","coordinates":[78.209,32.0202]}},{"type":"Feature","properties":{"s":"Himachal Pradesh","v":19.2},"geometry":{"type":"Point","coordinates":[77.792,32.3966]}},{"type":"Feature","properties":{"s":"Himachal Pradesh","v":19.2},"geometry":{"type":"Point","coordinates":[78.2227,32.6438]}},{"type":"Feature","properties":{"s":"Himachal Pradesh","v":19.2},"geometry":{"type":"Point","coordinates":[76.2788,31.6996]}},{"type":"Feature","properties":{"s":"Himachal Pradesh","v":19.2},"geometry":{"type":"Point","coordinates":[77.0421,32.6822]}},{"type":"Feature","properties":{"s":"Himachal Pradesh","v":19.2},"geometry":{"type":"Point","coordinates":[77.6294,31.2651]}},{"type":"Feature","properties":{"s":"Himachal Pradesh","v":19.2},"geometry":{"type":"Point","coordinates":[78.3915,31.9827]}},{"type":"Feature","properties":{"s":"Himachal Pradesh","v":19.2},"geometry":{"type":"Point","coordinates":[76.8601,32.3359]}},{"type":"Feature","properties":{"s":"Himachal Pradesh","v":19.2},"geometry":{"type":"Point","coordinates":[76.4811,32.118]}},{"type":"Feature","properties":{"s":"Himachal Pradesh","v":19.2},"geometry":{"type":"Point","coordinates":[77.5469,31.5851]}},{"type":"Feature","properties":{"s":"Himachal Pradesh","v":19.2},"geometry":{"type":"Point","coordinates":[78.4436,32.2935]}},{"type":"Feature","properties":{"s":"Himachal Pradesh","v":19.2},"geometry":{"type":"Point","coordinates":[77.7481,31.6139]}},{"type":"Feature","properties":{"s":"Himachal Pradesh","v":19.2},"geometry":{"type":"Point","coordinates":[76.3909,33.1154]}},{"type":"Feature","properties":{"s":"Himachal Pradesh","v":19.2},"geometry":{"type":"Point","coordinates":[78.4212,31.8103]}},{"type":"Feature","properties":{"s":"Himachal Pradesh","v":19.2},"geometry":{"type":"Point","coordinates":[77.75,31.0676]}},{"type":"Feature","properties":{"s":"Himachal Pradesh","v":19.2},"geometry":{"type":"Point","coordinates":[77.2391,32.7782]}},{"type":"Feature","properties":{"s":"Himachal Pradesh","v":19.2},"geometry":{"type":"Point","coordinates":[77.142,31.1396]}},{"type":"Feature","properties":{"s":"Himachal Pradesh","v":19.2},"geometry":{"type":"Point","coordinates":[78.2016,32.3507]}},{"type":"Feature","properties":{"s":"Himachal Pradesh","v":19.2},"geometry":{"type":"Point","coordinates":[76.6726,32.9015]}},{"type":"Feature","properties":{"s":"Himachal Pradesh","v":19.2},"geometry":{"type":"Point","coordinates":[76.739,32.0808]}},{"type":"Feature","properties":{"s":"Himachal Pradesh","v":19.2},"geometry":{"type":"Point","coordinates":[77.8378,32.4515]}},{"type":"Feature","properties":{"s":"Himachal Pradesh","v":19.2},"geometry":{"type":"Point","coordinates":[76.143,31.5414]}},{"type":"Feature","properties":{"s":"Himachal Pradesh","v":19.2},"geometry":{"type":"Point","coordinates":[77.6903,32.3093]}},{"type":"Feature","properties":{"s":"Himachal Pradesh","v":19.2},"geometry":{"type":"Point","coordinates":[76.8766,31.2521]}},{"type":"Feature","properties":{"s":"Himachal Pradesh","v":19.2},"geometry":{"type":"Point","coordinates":[76.3866,33.0322]}},{"type":"Feature","properties":{"s":"Himachal Pradesh","v":19.2},"geometry":{"type":"Point","coordinates":[78.0578,32.4862]}},{"type":"Feature","properties":{"s":"Himachal Pradesh","v":19.2},"geometry":{"type":"Point","coordinates":[77.6914,31.8007]}},{"type":"Feature","properties":{"s":"Himachal Pradesh","v":19.2},"geometry":{"type":"Point","coordinates":[78.6961,31.7482]}},{"type":"Feature","properties":{"s":"Himachal Pradesh","v":19.2},"geometry":{"type":"Point","coordinates":[76.9353,32.1819]}},{"type":"Feature","properties":{"s":"Himachal Pradesh","v":19.2},"geometry":{"type":"Point","coordinates":[76.5239,32.0613]}},{"type":"Feature","properties":{"s":"Himachal Pradesh","v":19.2},"geometry":{"type":"Point","coordinates":[76.3635,31.535]}},{"type":"Feature","properties":{"s":"Himachal Pradesh","v":19.2},"geometry":{"type":"Point","coordinates":[78.6753,31.3359]}},{"type":"Feature","properties":{"s":"Himachal Pradesh","v":19.2},"geometry":{"type":"Point","coordinates":[76.7583,32.1092]}},{"type":"Feature","properties":{"s":"Himachal Pradesh","v":19.2},"geometry":{"type":"Point","coordinates":[77.6569,32.8315]}},{"type":"Feature","properties":{"s":"Himachal Pradesh","v":19.2},"geometry":{"type":"Point","coordinates":[76.9554,31.8224]}},{"type":"Feature","properties":{"s":"Himachal Pradesh","v":19.2},"geometry":{"type":"Point","coordinates":[77.0669,31.9339]}},{"type":"Feature","properties":{"s":"Himachal Pradesh","v":19.2},"geometry":{"type":"Point","coordinates":[75.877,32.0628]}},{"type":"Feature","properties":{"s":"Himachal Pradesh","v":19.2},"geometry":{"type":"Point","coordinates":[76.7102,32.0268]}},{"type":"Feature","properties":{"s":"Himachal Pradesh","v":19.2},"geometry":{"type":"Point","coordinates":[75.8383,32.2106]}},{"type":"Feature","properties":{"s":"Himachal Pradesh","v":19.2},"geometry":{"type":"Point","coordinates":[76.2612,32.1237]}},{"type":"Feature","properties":{"s":"Himachal Pradesh","v":19.2},"geometry":{"type":"Point","coordinates":[76.0939,32.4104]}},{"type":"Feature","properties":{"s":"Himachal Pradesh","v":19.2},"geometry":{"type":"Point","coordinates":[77.9141,32.2973]}},{"type":"Feature","properties":{"s":"Himachal Pradesh","v":19.2},"geometry":{"type":"Point","coordinates":[76.8311,32.1083]}},{"type":"Feature","properties":{"s":"Himachal Pradesh","v":19.2},"geometry":{"type":"Point","coordinates":[76.3454,31.9182]}},{"type":"Feature","properties":{"s":"Himachal Pradesh","v":19.2},"geometry":{"type":"Point","coordinates":[76.814,31.094]}},{"type":"Feature","properties":{"s":"Himachal Pradesh","v":19.2},"geometry":{"type":"Point","coordinates":[78.0188,32.5973]}},{"type":"Feature","properties":{"s":"Himachal Pradesh","v":19.2},"geometry":{"type":"Point","coordinates":[77.6193,31.2392]}},{"type":"Feature","properties":{"s":"Himachal Pradesh","v":19.2},"geometry":{"type":"Point","coordinates":[76.8215,32.2051]}},{"type":"Feature","properties":{"s":"Himachal Pradesh","v":19.2},"geometry":{"type":"Point","coordinates":[77.1591,31.2936]}},{"type":"Feature","properties":{"s":"Himachal Pradesh","v":19.2},"geometry":{"type":"Point","coordinates":[77.4778,31.6182]}},{"type":"Feature","properties":{"s":"Himachal Pradesh","v":19.2},"geometry":{"type":"Point","coordinates":[77.3508,31.8385]}},{"type":"Feature","properties":{"s":"Himachal Pradesh","v":19.2},"geometry":{"type":"Point","coordinates":[76.6387,31.1598]}},{"type":"Feature","properties":{"s":"Himachal Pradesh","v":19.2},"geometry":{"type":"Point","coordinates":[76.6081,31.6971]}},{"type":"Feature","properties":{"s":"Himachal Pradesh","v":19.2},"geometry":{"type":"Point","coordinates":[76.5034,31.4513]}},{"type":"Feature","properties":{"s":"Himachal Pradesh","v":19.2},"geometry":{"type":"Point","coordinates":[76.5263,32.6926]}},{"type":"Feature","properties":{"s":"Himachal Pradesh","v":19.2},"geometry":{"type":"Point","coordinates":[78.0355,32.2251]}},{"type":"Feature","properties":{"s":"Himachal Pradesh","v":19.2},"geometry":{"type":"Point","coordinates":[76.5371,33.1887]}},{"type":"Feature","properties":{"s":"Himachal Pradesh","v":19.2},"geometry":{"type":"Point","coordinates":[78.1447,31.2414]}},{"type":"Feature","properties":{"s":"Himachal Pradesh","v":19.2},"geometry":{"type":"Point","coordinates":[76.5731,32.5044]}},{"type":"Feature","properties":{"s":"Himachal Pradesh","v":19.2},"geometry":{"type":"Point","coordinates":[75.9698,32.0617]}},{"type":"Feature","properties":{"s":"Himachal Pradesh","v":19.2},"geometry":{"type":"Point","coordinates":[76.9248,32.5218]}},{"type":"Feature","properties":{"s":"Himachal Pradesh","v":19.2},"geometry":{"type":"Point","coordinates":[78.3861,31.8833]}},{"type":"Feature","properties":{"s":"Himachal Pradesh","v":19.2},"geometry":{"type":"Point","coordinates":[77.7295,32.8378]}},{"type":"Feature","properties":{"s":"Himachal Pradesh","v":19.2},"geometry":{"type":"Point","coordinates":[77.1253,32.0832]}},{"type":"Feature","properties":{"s":"Himachal Pradesh","v":19.2},"geometry":{"type":"Point","coordinates":[77.7829,31.5199]}},{"type":"Feature","properties":{"s":"Himachal Pradesh","v":19.2},"geometry":{"type":"Point","coordinates":[76.7457,32.918]}},{"type":"Feature","properties":{"s":"Himachal Pradesh","v":19.2},"geometry":{"type":"Point","coordinates":[77.4853,30.5111]}},{"type":"Feature","properties":{"s":"Himachal Pradesh","v":19.2},"geometry":{"type":"Point","coordinates":[75.8902,32.2839]}},{"type":"Feature","properties":{"s":"Himachal Pradesh","v":19.2},"geometry":{"type":"Point","coordinates":[78.6151,31.3113]}},{"type":"Feature","properties":{"s":"Himachal Pradesh","v":19.2},"geometry":{"type":"Point","coordinates":[78.0581,31.649]}},{"type":"Feature","properties":{"s":"Himachal Pradesh","v":19.2},"geometry":{"type":"Point","coordinates":[77.6072,31.1885]}},{"type":"Feature","properties":{"s":"Himachal Pradesh","v":19.2},"geometry":{"type":"Point","coordinates":[76.8465,31.1239]}},{"type":"Feature","properties":{"s":"Himachal Pradesh","v":19.2},"geometry":{"type":"Point","coordinates":[77.3174,31.5454]}},{"type":"Feature","properties":{"s":"Himachal Pradesh","v":19.2},"geometry":{"type":"Point","coordinates":[78.2049,31.312]}},{"type":"Feature","properties":{"s":"Himachal Pradesh","v":19.2},"geometry":{"type":"Point","coordinates":[76.0887,32.607]}},{"type":"Feature","properties":{"s":"Himachal Pradesh","v":19.2},"geometry":{"type":"Point","coordinates":[77.0599,31.3477]}},{"type":"Feature","properties":{"s":"Himachal Pradesh","v":19.2},"geometry":{"type":"Point","coordinates":[78.7006,31.8255]}},{"type":"Feature","properties":{"s":"Himachal Pradesh","v":19.2},"geometry":{"type":"Point","coordinates":[77.4414,30.9737]}},{"type":"Feature","properties":{"s":"Himachal Pradesh","v":19.2},"geometry":{"type":"Point","coordinates":[77.6134,32.1423]}},{"type":"Feature","properties":{"s":"Himachal Pradesh","v":19.2},"geometry":{"type":"Point","coordinates":[77.2172,31.9139]}},{"type":"Feature","properties":{"s":"Himachal Pradesh","v":19.2},"geometry":{"type":"Point","coordinates":[76.865,32.4901]}},{"type":"Feature","properties":{"s":"Himachal Pradesh","v":19.2},"geometry":{"type":"Point","coordinates":[77.5646,32.0676]}},{"type":"Feature","properties":{"s":"Himachal Pradesh","v":19.2},"geometry":{"type":"Point","coordinates":[77.7766,32.1495]}},{"type":"Feature","properties":{"s":"Himachal Pradesh","v":19.2},"geometry":{"type":"Point","coordinates":[78.0969,31.608]}},{"type":"Feature","properties":{"s":"Himachal Pradesh","v":19.2},"geometry":{"type":"Point","coordinates":[77.5604,32.0477]}},{"type":"Feature","properties":{"s":"Himachal Pradesh","v":19.2},"geometry":{"type":"Point","coordinates":[77.8287,31.9549]}},{"type":"Feature","properties":{"s":"Himachal Pradesh","v":19.2},"geometry":{"type":"Point","coordinates":[77.8354,31.3697]}},{"type":"Feature","properties":{"s":"Himachal Pradesh","v":19.2},"geometry":{"type":"Point","coordinates":[78.1813,31.7182]}},{"type":"Feature","properties":{"s":"Himachal Pradesh","v":19.2},"geometry":{"type":"Point","coordinates":[75.9032,32.5025]}},{"type":"Feature","properties":{"s":"Jharkhand","v":4.1},"geometry":{"type":"Point","coordinates":[85.6651,22.5963]}},{"type":"Feature","properties":{"s":"Jharkhand","v":4.1},"geometry":{"type":"Point","coordinates":[84.3346,22.8084]}},{"type":"Feature","properties":{"s":"Jharkhand","v":4.1},"geometry":{"type":"Point","coordinates":[85.0587,24.4124]}},{"type":"Feature","properties":{"s":"Jharkhand","v":4.1},"geometry":{"type":"Point","coordinates":[87.6883,25.2317]}},{"type":"Feature","properties":{"s":"Jharkhand","v":4.1},"geometry":{"type":"Point","coordinates":[86.6381,23.9891]}},{"type":"Feature","properties":{"s":"Jharkhand","v":4.1},"geometry":{"type":"Point","coordinates":[86.9279,24.2752]}},{"type":"Feature","properties":{"s":"Jharkhand","v":4.1},"geometry":{"type":"Point","coordinates":[84.8353,23.2595]}},{"type":"Feature","properties":{"s":"Jharkhand","v":4.1},"geometry":{"type":"Point","coordinates":[86.2507,22.7651]}},{"type":"Feature","properties":{"s":"Jharkhand","v":4.1},"geometry":{"type":"Point","coordinates":[85.1879,23.7156]}},{"type":"Feature","properties":{"s":"Jharkhand","v":4.1},"geometry":{"type":"Point","coordinates":[85.2706,24.3796]}},{"type":"Feature","properties":{"s":"Jharkhand","v":4.1},"geometry":{"type":"Point","coordinates":[86.5269,23.872]}},{"type":"Feature","properties":{"s":"Jharkhand","v":4.1},"geometry":{"type":"Point","coordinates":[86.2492,23.7823]}},{"type":"Feature","properties":{"s":"Jharkhand","v":4.1},"geometry":{"type":"Point","coordinates":[86.4658,22.704]}},{"type":"Feature","properties":{"s":"Jharkhand","v":4.1},"geometry":{"type":"Point","coordinates":[84.9132,23.4846]}},{"type":"Feature","properties":{"s":"Jharkhand","v":4.1},"geometry":{"type":"Point","coordinates":[84.5289,23.0208]}},{"type":"Feature","properties":{"s":"Jharkhand","v":4.1},"geometry":{"type":"Point","coordinates":[85.8267,24.4219]}},{"type":"Feature","properties":{"s":"Jharkhand","v":4.1},"geometry":{"type":"Point","coordinates":[85.9861,24.3359]}},{"type":"Feature","properties":{"s":"Jharkhand","v":4.1},"geometry":{"type":"Point","coordinates":[86.9099,24.4884]}},{"type":"Feature","properties":{"s":"Jharkhand","v":4.1},"geometry":{"type":"Point","coordinates":[84.8718,22.4463]}},{"type":"Feature","properties":{"s":"Jharkhand","v":4.1},"geometry":{"type":"Point","coordinates":[85.2189,22.4383]}},{"type":"Feature","properties":{"s":"Jharkhand","v":4.1},"geometry":{"type":"Point","coordinates":[87.8541,24.5648]}},{"type":"Feature","properties":{"s":"Jharkhand","v":4.1},"geometry":{"type":"Point","coordinates":[86.7674,23.8215]}},{"type":"Feature","properties":{"s":"Jharkhand","v":4.1},"geometry":{"type":"Point","coordinates":[85.0808,22.7845]}},{"type":"Feature","properties":{"s":"Jharkhand","v":4.1},"geometry":{"type":"Point","coordinates":[84.603,23.4849]}},{"type":"Feature","properties":{"s":"Jharkhand","v":4.1},"geometry":{"type":"Point","coordinates":[87.1099,24.1182]}},{"type":"Feature","properties":{"s":"Jharkhand","v":4.1},"geometry":{"type":"Point","coordinates":[87.4511,24.7161]}},{"type":"Feature","properties":{"s":"Jharkhand","v":4.1},"geometry":{"type":"Point","coordinates":[85.0027,23.6901]}},{"type":"Feature","properties":{"s":"Jharkhand","v":4.1},"geometry":{"type":"Point","coordinates":[84.3064,24.1912]}},{"type":"Feature","properties":{"s":"Jharkhand","v":4.1},"geometry":{"type":"Point","coordinates":[87.0862,23.9369]}},{"type":"Feature","properties":{"s":"Jharkhand","v":4.1},"geometry":{"type":"Point","coordinates":[85.1191,22.5388]}},{"type":"Feature","properties":{"s":"Jharkhand","v":4.1},"geometry":{"type":"Point","coordinates":[85.3455,24.4652]}},{"type":"Feature","properties":{"s":"Jharkhand","v":4.1},"geometry":{"type":"Point","coordinates":[83.6044,24.429]}},{"type":"Feature","properties":{"s":"Jharkhand","v":4.1},"geometry":{"type":"Point","coordinates":[84.9612,22.6089]}},{"type":"Feature","properties":{"s":"Jharkhand","v":4.1},"geometry":{"type":"Point","coordinates":[85.3036,23.3682]}},{"type":"Feature","properties":{"s":"Jharkhand","v":4.1},"geometry":{"type":"Point","coordinates":[85.0853,23.4547]}},{"type":"Feature","properties":{"s":"Jharkhand","v":4.1},"geometry":{"type":"Point","coordinates":[86.8609,24.1043]}},{"type":"Feature","properties":{"s":"Jharkhand","v":4.1},"geometry":{"type":"Point","coordinates":[84.9847,22.9705]}},{"type":"Feature","properties":{"s":"Jharkhand","v":4.1},"geometry":{"type":"Point","coordinates":[84.0391,23.974]}},{"type":"Feature","properties":{"s":"Jharkhand","v":4.1},"geometry":{"type":"Point","coordinates":[85.7687,24.6864]}},{"type":"Feature","properties":{"s":"Jharkhand","v":4.1},"geometry":{"type":"Point","coordinates":[86.1098,23.7323]}},{"type":"Feature","properties":{"s":"Jharkhand","v":4.1},"geometry":{"type":"Point","coordinates":[86.1931,22.9774]}},{"type":"Feature","properties":{"s":"Jharkhand","v":4.1},"geometry":{"type":"Point","coordinates":[85.6227,23.41]}},{"type":"Feature","properties":{"s":"Jharkhand","v":4.1},"geometry":{"type":"Point","coordinates":[85.5139,22.7977]}},{"type":"Feature","properties":{"s":"Jharkhand","v":4.1},"geometry":{"type":"Point","coordinates":[86.1288,23.8877]}},{"type":"Feature","properties":{"s":"Jharkhand","v":4.1},"geometry":{"type":"Point","coordinates":[86.8196,23.9522]}},{"type":"Feature","properties":{"s":"Jharkhand","v":4.1},"geometry":{"type":"Point","coordinates":[85.3917,22.2583]}},{"type":"Feature","properties":{"s":"Jharkhand","v":4.1},"geometry":{"type":"Point","coordinates":[84.0899,23.5277]}},{"type":"Feature","properties":{"s":"Jharkhand","v":4.1},"geometry":{"type":"Point","coordinates":[84.1761,24.5352]}},{"type":"Feature","properties":{"s":"Jharkhand","v":4.1},"geometry":{"type":"Point","coordinates":[85.8177,22.3999]}},{"type":"Feature","properties":{"s":"Jharkhand","v":4.1},"geometry":{"type":"Point","coordinates":[86.1752,23.673]}},{"type":"Feature","properties":{"s":"Jharkhand","v":4.1},"geometry":{"type":"Point","coordinates":[87.0445,24.4294]}},{"type":"Feature","properties":{"s":"Jharkhand","v":4.1},"geometry":{"type":"Point","coordinates":[87.584,24.7784]}},{"type":"Feature","properties":{"s":"Jharkhand","v":4.1},"geometry":{"type":"Point","coordinates":[85.6028,23.4511]}},{"type":"Feature","properties":{"s":"Jharkhand","v":4.1},"geometry":{"type":"Point","coordinates":[87.4025,24.59]}},{"type":"Feature","properties":{"s":"Jharkhand","v":4.1},"geometry":{"type":"Point","coordinates":[84.8985,22.9683]}},{"type":"Feature","properties":{"s":"Jharkhand","v":4.1},"geometry":{"type":"Point","coordinates":[83.7005,24.4166]}},{"type":"Feature","properties":{"s":"Jharkhand","v":4.1},"geometry":{"type":"Point","coordinates":[86.3888,22.7766]}},{"type":"Feature","properties":{"s":"Jharkhand","v":4.1},"geometry":{"type":"Point","coordinates":[86.7916,22.497]}},{"type":"Feature","properties":{"s":"Jharkhand","v":4.1},"geometry":{"type":"Point","coordinates":[85.9272,22.6005]}},{"type":"Feature","properties":{"s":"Jharkhand","v":4.1},"geometry":{"type":"Point","coordinates":[86.7735,23.801]}},{"type":"Feature","properties":{"s":"Jharkhand","v":4.1},"geometry":{"type":"Point","coordinates":[84.5342,23.0661]}},{"type":"Feature","properties":{"s":"Jharkhand","v":4.1},"geometry":{"type":"Point","coordinates":[84.9932,24.3922]}},{"type":"Feature","properties":{"s":"Jharkhand","v":4.1},"geometry":{"type":"Point","coordinates":[84.9236,23.1072]}},{"type":"Feature","properties":{"s":"Jharkhand","v":4.1},"geometry":{"type":"Point","coordinates":[85.2225,24.0295]}},{"type":"Feature","properties":{"s":"Jharkhand","v":4.1},"geometry":{"type":"Point","coordinates":[85.4514,24.503]}},{"type":"Feature","properties":{"s":"Jharkhand","v":4.1},"geometry":{"type":"Point","coordinates":[85.8898,23.6092]}},{"type":"Feature","properties":{"s":"Jharkhand","v":4.1},"geometry":{"type":"Point","coordinates":[84.4505,22.8833]}},{"type":"Feature","properties":{"s":"Jharkhand","v":4.1},"geometry":{"type":"Point","coordinates":[86.123,24.5753]}},{"type":"Feature","properties":{"s":"Jharkhand","v":4.1},"geometry":{"type":"Point","coordinates":[85.9031,23.6087]}},{"type":"Feature","properties":{"s":"Jharkhand","v":4.1},"geometry":{"type":"Point","coordinates":[87.2071,24.5049]}},{"type":"Feature","properties":{"s":"Jharkhand","v":4.1},"geometry":{"type":"Point","coordinates":[86.5887,24.2189]}},{"type":"Feature","properties":{"s":"Jharkhand","v":4.1},"geometry":{"type":"Point","coordinates":[85.3258,22.8165]}},{"type":"Feature","properties":{"s":"Jharkhand","v":4.1},"geometry":{"type":"Point","coordinates":[85.1664,22.0811]}},{"type":"Feature","properties":{"s":"Jharkhand","v":4.1},"geometry":{"type":"Point","coordinates":[85.7362,24.388]}},{"type":"Feature","properties":{"s":"Karnataka","v":4.1},"geometry":{"type":"Point","coordinates":[75.4074,16.4472]}},{"type":"Feature","properties":{"s":"Karnataka","v":4.1},"geometry":{"type":"Point","coordinates":[75.4475,13.1205]}},{"type":"Feature","properties":{"s":"Karnataka","v":4.1},"geometry":{"type":"Point","coordinates":[75.7973,15.6937]}},{"type":"Feature","properties":{"s":"Karnataka","v":4.1},"geometry":{"type":"Point","coordinates":[76.6125,16.0153]}},{"type":"Feature","properties":{"s":"Karnataka","v":4.1},"geometry":{"type":"Point","coordinates":[75.1709,16.3492]}},{"type":"Feature","properties":{"s":"Karnataka","v":4.1},"geometry":{"type":"Point","coordinates":[75.2808,14.2538]}},{"type":"Feature","properties":{"s":"Karnataka","v":4.1},"geometry":{"type":"Point","coordinates":[76.212,15.5524]}},{"type":"Feature","properties":{"s":"Karnataka","v":4.1},"geometry":{"type":"Point","coordinates":[74.9422,16.1355]}},{"type":"Feature","properties":{"s":"Karnataka","v":4.1},"geometry":{"type":"Point","coordinates":[76.5138,16.5964]}},{"type":"Feature","properties":{"s":"Karnataka","v":4.1},"geometry":{"type":"Point","coordinates":[77.7077,13.657]}},{"type":"Feature","properties":{"s":"Karnataka","v":4.1},"geometry":{"type":"Point","coordinates":[76.8015,17.2054]}},{"type":"Feature","properties":{"s":"Karnataka","v":4.1},"geometry":{"type":"Point","coordinates":[76.5151,16.0985]}},{"type":"Feature","properties":{"s":"Karnataka","v":4.1},"geometry":{"type":"Point","coordinates":[75.041,12.7553]}},{"type":"Feature","properties":{"s":"Karnataka","v":4.1},"geometry":{"type":"Point","coordinates":[75.4979,12.5635]}},{"type":"Feature","properties":{"s":"Karnataka","v":4.1},"geometry":{"type":"Point","coordinates":[74.9541,14.5291]}},{"type":"Feature","properties":{"s":"Karnataka","v":4.1},"geometry":{"type":"Point","coordinates":[75.7813,12.4427]}},{"type":"Feature","properties":{"s":"Karnataka","v":4.1},"geometry":{"type":"Point","coordinates":[75.7309,14.8566]}},{"type":"Feature","properties":{"s":"Karnataka","v":4.1},"geometry":{"type":"Point","coordinates":[77.1083,17.396]}},{"type":"Feature","properties":{"s":"Karnataka","v":4.1},"geometry":{"type":"Point","coordinates":[75.376,15.1414]}},{"type":"Feature","properties":{"s":"Karnataka","v":4.1},"geometry":{"type":"Point","coordinates":[75.0357,12.8184]}},{"type":"Feature","properties":{"s":"Karnataka","v":4.1},"geometry":{"type":"Point","coordinates":[77.2832,17.7921]}},{"type":"Feature","properties":{"s":"Karnataka","v":4.1},"geometry":{"type":"Point","coordinates":[76.4324,12.9374]}},{"type":"Feature","properties":{"s":"Karnataka","v":4.1},"geometry":{"type":"Point","coordinates":[76.4832,17.1076]}},{"type":"Feature","properties":{"s":"Karnataka","v":4.1},"geometry":{"type":"Point","coordinates":[75.4063,12.7801]}},{"type":"Feature","properties":{"s":"Karnataka","v":4.1},"geometry":{"type":"Point","coordinates":[75.892,14.3232]}},{"type":"Feature","properties":{"s":"Karnataka","v":4.1},"geometry":{"type":"Point","coordinates":[75.8658,13.8361]}},{"type":"Feature","properties":{"s":"Karnataka","v":4.1},"geometry":{"type":"Point","coordinates":[75.3343,13.2601]}},{"type":"Feature","properties":{"s":"Karnataka","v":4.1},"geometry":{"type":"Point","coordinates":[74.5208,14.5878]}},{"type":"Feature","properties":{"s":"Karnataka","v":4.1},"geometry":{"type":"Point","coordinates":[76.9813,18.1045]}},{"type":"Feature","properties":{"s":"Karnataka","v":4.1},"geometry":{"type":"Point","coordinates":[75.8624,17.2745]}},{"type":"Feature","properties":{"s":"Karnataka","v":4.1},"geometry":{"type":"Point","coordinates":[74.5071,15.2472]}},{"type":"Feature","properties":{"s":"Karnataka","v":4.1},"geometry":{"type":"Point","coordinates":[75.0775,13.804]}},{"type":"Feature","properties":{"s":"Karnataka","v":4.1},"geometry":{"type":"Point","coordinates":[75.098,16.6485]}},{"type":"Feature","properties":{"s":"Karnataka","v":4.1},"geometry":{"type":"Point","coordinates":[77.4692,14.2011]}},{"type":"Feature","properties":{"s":"Karnataka","v":4.1},"geometry":{"type":"Point","coordinates":[77.2746,13.0663]}},{"type":"Feature","properties":{"s":"Karnataka","v":4.1},"geometry":{"type":"Point","coordinates":[74.6105,16.2614]}},{"type":"Feature","properties":{"s":"Karnataka","v":4.1},"geometry":{"type":"Point","coordinates":[75.9483,13.4135]}},{"type":"Feature","properties":{"s":"Karnataka","v":4.1},"geometry":{"type":"Point","coordinates":[74.4554,14.5389]}},{"type":"Feature","properties":{"s":"Karnataka","v":4.1},"geometry":{"type":"Point","coordinates":[75.3656,15.5234]}},{"type":"Feature","properties":{"s":"Karnataka","v":4.1},"geometry":{"type":"Point","coordinates":[76.213,17.0397]}},{"type":"Feature","properties":{"s":"Karnataka","v":4.1},"geometry":{"type":"Point","coordinates":[74.9443,13.4833]}},{"type":"Feature","properties":{"s":"Karnataka","v":4.1},"geometry":{"type":"Point","coordinates":[75.2727,13.6132]}},{"type":"Feature","properties":{"s":"Karnataka","v":4.1},"geometry":{"type":"Point","coordinates":[76.4134,15.1074]}},{"type":"Feature","properties":{"s":"Karnataka","v":4.1},"geometry":{"type":"Point","coordinates":[76.4587,16.0701]}},{"type":"Feature","properties":{"s":"Karnataka","v":4.1},"geometry":{"type":"Point","coordinates":[75.8228,15.4916]}},{"type":"Feature","properties":{"s":"Karnataka","v":4.1},"geometry":{"type":"Point","coordinates":[76.7008,14.2763]}},{"type":"Feature","properties":{"s":"Karnataka","v":4.1},"geometry":{"type":"Point","coordinates":[76.2826,12.7689]}},{"type":"Feature","properties":{"s":"Karnataka","v":4.1},"geometry":{"type":"Point","coordinates":[76.9678,16.5373]}},{"type":"Feature","properties":{"s":"Karnataka","v":4.1},"geometry":{"type":"Point","coordinates":[76.9898,16.6837]}},{"type":"Feature","properties":{"s":"Karnataka","v":4.1},"geometry":{"type":"Point","coordinates":[76.3647,12.359]}},{"type":"Feature","properties":{"s":"Karnataka","v":4.1},"geometry":{"type":"Point","coordinates":[78.1495,13.5444]}},{"type":"Feature","properties":{"s":"Karnataka","v":4.1},"geometry":{"type":"Point","coordinates":[74.5373,14.5117]}},{"type":"Feature","properties":{"s":"Karnataka","v":4.1},"geometry":{"type":"Point","coordinates":[77.1482,17.5771]}},{"type":"Feature","properties":{"s":"Karnataka","v":4.1},"geometry":{"type":"Point","coordinates":[74.439,14.499]}},{"type":"Feature","properties":{"s":"Karnataka","v":4.1},"geometry":{"type":"Point","coordinates":[76.0728,12.3734]}},{"type":"Feature","properties":{"s":"Karnataka","v":4.1},"geometry":{"type":"Point","coordinates":[76.9435,16.9508]}},{"type":"Feature","properties":{"s":"Karnataka","v":4.1},"geometry":{"type":"Point","coordinates":[76.1376,12.7098]}},{"type":"Feature","properties":{"s":"Karnataka","v":4.1},"geometry":{"type":"Point","coordinates":[74.8492,14.3324]}},{"type":"Feature","properties":{"s":"Karnataka","v":4.1},"geometry":{"type":"Point","coordinates":[75.9086,12.7653]}},{"type":"Feature","properties":{"s":"Karnataka","v":4.1},"geometry":{"type":"Point","coordinates":[74.7191,13.3777]}},{"type":"Feature","properties":{"s":"Karnataka","v":4.1},"geometry":{"type":"Point","coordinates":[75.1167,14.1096]}},{"type":"Feature","properties":{"s":"Karnataka","v":4.1},"geometry":{"type":"Point","coordinates":[75.7592,17.0772]}},{"type":"Feature","properties":{"s":"Karnataka","v":4.1},"geometry":{"type":"Point","coordinates":[74.601,14.9465]}},{"type":"Feature","properties":{"s":"Karnataka","v":4.1},"geometry":{"type":"Point","coordinates":[77.2466,12.2201]}},{"type":"Feature","properties":{"s":"Karnataka","v":4.1},"geometry":{"type":"Point","coordinates":[75.498,14.9931]}},{"type":"Feature","properties":{"s":"Karnataka","v":4.1},"geometry":{"type":"Point","coordinates":[75.5155,13.2153]}},{"type":"Feature","properties":{"s":"Karnataka","v":4.1},"geometry":{"type":"Point","coordinates":[76.2982,13.0026]}},{"type":"Feature","properties":{"s":"Karnataka","v":4.1},"geometry":{"type":"Point","coordinates":[76.3531,12.0715]}},{"type":"Feature","properties":{"s":"Karnataka","v":4.1},"geometry":{"type":"Point","coordinates":[76.4865,15.0867]}},{"type":"Feature","properties":{"s":"Karnataka","v":4.1},"geometry":{"type":"Point","coordinates":[77.1641,17.4097]}},{"type":"Feature","properties":{"s":"Karnataka","v":4.1},"geometry":{"type":"Point","coordinates":[76.6698,12.6644]}},{"type":"Feature","properties":{"s":"Karnataka","v":4.1},"geometry":{"type":"Point","coordinates":[76.4066,14.8162]}},{"type":"Feature","properties":{"s":"Karnataka","v":4.1},"geometry":{"type":"Point","coordinates":[74.6724,15.3846]}},{"type":"Feature","properties":{"s":"Karnataka","v":4.1},"geometry":{"type":"Point","coordinates":[77.1477,18.2034]}},{"type":"Feature","properties":{"s":"Manipur","v":4.8},"geometry":{"type":"Point","coordinates":[94.1063,23.9898]}},{"type":"Feature","properties":{"s":"Manipur","v":4.8},"geometry":{"type":"Point","coordinates":[93.3314,25.0456]}},{"type":"Feature","properties":{"s":"Manipur","v":4.8},"geometry":{"type":"Point","coordinates":[94.4716,25.4464]}},{"type":"Feature","properties":{"s":"Manipur","v":4.8},"geometry":{"type":"Point","coordinates":[94.3256,24.7512]}},{"type":"Feature","properties":{"s":"Manipur","v":4.8},"geometry":{"type":"Point","coordinates":[94.1188,24.323]}},{"type":"Feature","properties":{"s":"Manipur","v":4.8},"geometry":{"type":"Point","coordinates":[94.0928,25.4678]}},{"type":"Feature","properties":{"s":"Manipur","v":4.8},"geometry":{"type":"Point","coordinates":[93.2332,24.7618]}},{"type":"Feature","properties":{"s":"Manipur","v":4.8},"geometry":{"type":"Point","coordinates":[93.0966,24.1275]}},{"type":"Feature","properties":{"s":"Manipur","v":4.8},"geometry":{"type":"Point","coordinates":[93.9831,24.8429]}},{"type":"Feature","properties":{"s":"Manipur","v":4.8},"geometry":{"type":"Point","coordinates":[94.3245,25.4277]}},{"type":"Feature","properties":{"s":"Manipur","v":4.8},"geometry":{"type":"Point","coordinates":[94.2915,24.341]}},{"type":"Feature","properties":{"s":"Manipur","v":4.8},"geometry":{"type":"Point","coordinates":[93.9952,25.0833]}},{"type":"Feature","properties":{"s":"Manipur","v":4.8},"geometry":{"type":"Point","coordinates":[93.7388,24.6884]}},{"type":"Feature","properties":{"s":"Manipur","v":4.8},"geometry":{"type":"Point","coordinates":[94.2606,24.3466]}},{"type":"Feature","properties":{"s":"Manipur","v":4.8},"geometry":{"type":"Point","coordinates":[94.1988,24.4151]}},{"type":"Feature","properties":{"s":"Manipur","v":4.8},"geometry":{"type":"Point","coordinates":[93.1486,24.1666]}},{"type":"Feature","properties":{"s":"Manipur","v":4.8},"geometry":{"type":"Point","coordinates":[94.462,25.3691]}},{"type":"Feature","properties":{"s":"Manipur","v":4.8},"geometry":{"type":"Point","coordinates":[94.6872,25.1163]}},{"type":"Feature","properties":{"s":"Manipur","v":4.8},"geometry":{"type":"Point","coordinates":[93.8896,24.8585]}},{"type":"Feature","properties":{"s":"Manipur","v":4.8},"geometry":{"type":"Point","coordinates":[93.3969,24.9709]}},{"type":"Feature","properties":{"s":"Manipur","v":4.8},"geometry":{"type":"Point","coordinates":[93.9198,25.142]}},{"type":"Feature","properties":{"s":"Manipur","v":4.8},"geometry":{"type":"Point","coordinates":[93.9522,25.3869]}},{"type":"Feature","properties":{"s":"Manipur","v":4.8},"geometry":{"type":"Point","coordinates":[94.1397,23.9818]}},{"type":"Feature","properties":{"s":"Manipur","v":4.8},"geometry":{"type":"Point","coordinates":[93.8924,24.1237]}},{"type":"Feature","properties":{"s":"Manipur","v":4.8},"geometry":{"type":"Point","coordinates":[94.4312,25.0839]}},{"type":"Feature","properties":{"s":"Manipur","v":4.8},"geometry":{"type":"Point","coordinates":[93.05,24.1501]}},{"type":"Feature","properties":{"s":"Manipur","v":4.8},"geometry":{"type":"Point","coordinates":[93.2461,24.4737]}},{"type":"Feature","properties":{"s":"Manipur","v":4.8},"geometry":{"type":"Point","coordinates":[94.0113,24.0014]}},{"type":"Feature","properties":{"s":"Manipur","v":4.8},"geometry":{"type":"Point","coordinates":[93.5234,25.1863]}},{"type":"Feature","properties":{"s":"Manipur","v":4.8},"geometry":{"type":"Point","coordinates":[93.3382,24.7418]}},{"type":"Feature","properties":{"s":"Manipur","v":4.8},"geometry":{"type":"Point","coordinates":[93.945,24.7662]}},{"type":"Feature","properties":{"s":"Manipur","v":4.8},"geometry":{"type":"Point","coordinates":[94.1344,24.4192]}},{"type":"Feature","properties":{"s":"Manipur","v":4.8},"geometry":{"type":"Point","coordinates":[94.3465,24.9222]}},{"type":"Feature","properties":{"s":"Manipur","v":4.8},"geometry":{"type":"Point","coordinates":[94.0097,25.281]}},{"type":"Feature","properties":{"s":"Manipur","v":4.8},"geometry":{"type":"Point","coordinates":[94.2268,24.4895]}},{"type":"Feature","properties":{"s":"Manipur","v":4.8},"geometry":{"type":"Point","coordinates":[93.9137,25.3046]}},{"type":"Feature","properties":{"s":"Manipur","v":4.8},"geometry":{"type":"Point","coordinates":[94.2052,24.927]}},{"type":"Feature","properties":{"s":"Manipur","v":4.8},"geometry":{"type":"Point","coordinates":[93.8692,24.4277]}},{"type":"Feature","properties":{"s":"Manipur","v":4.8},"geometry":{"type":"Point","coordinates":[94.0861,25.2447]}},{"type":"Feature","properties":{"s":"Manipur","v":4.8},"geometry":{"type":"Point","coordinates":[93.7255,24.1552]}},{"type":"Feature","properties":{"s":"Manipur","v":4.8},"geometry":{"type":"Point","coordinates":[94.1116,24.0906]}},{"type":"Feature","properties":{"s":"Manipur","v":4.8},"geometry":{"type":"Point","coordinates":[94.0125,25.1418]}},{"type":"Feature","properties":{"s":"Manipur","v":4.8},"geometry":{"type":"Point","coordinates":[94.5849,25.1733]}},{"type":"Feature","properties":{"s":"Manipur","v":4.8},"geometry":{"type":"Point","coordinates":[94.281,25.4305]}},{"type":"Feature","properties":{"s":"Manipur","v":4.8},"geometry":{"type":"Point","coordinates":[94.361,24.4316]}},{"type":"Feature","properties":{"s":"Manipur","v":4.8},"geometry":{"type":"Point","coordinates":[93.7573,25.1891]}},{"type":"Feature","properties":{"s":"Manipur","v":4.8},"geometry":{"type":"Point","coordinates":[93.1672,24.0865]}},{"type":"Feature","properties":{"s":"Manipur","v":4.8},"geometry":{"type":"Point","coordinates":[93.0099,24.1272]}},{"type":"Feature","properties":{"s":"Manipur","v":4.8},"geometry":{"type":"Point","coordinates":[93.9474,25.2931]}},{"type":"Feature","properties":{"s":"Manipur","v":4.8},"geometry":{"type":"Point","coordinates":[94.3773,25.1885]}},{"type":"Feature","properties":{"s":"Manipur","v":4.8},"geometry":{"type":"Point","coordinates":[93.4413,24.0644]}},{"type":"Feature","properties":{"s":"Manipur","v":4.8},"geometry":{"type":"Point","coordinates":[93.7518,24.4743]}},{"type":"Feature","properties":{"s":"Manipur","v":4.8},"geometry":{"type":"Point","coordinates":[94.4706,25.6008]}},{"type":"Feature","properties":{"s":"Manipur","v":4.8},"geometry":{"type":"Point","coordinates":[94.2453,24.3654]}},{"type":"Feature","properties":{"s":"Manipur","v":4.8},"geometry":{"type":"Point","coordinates":[93.4294,24.4724]}},{"type":"Feature","properties":{"s":"Manipur","v":4.8},"geometry":{"type":"Point","coordinates":[93.1342,24.2949]}},{"type":"Feature","properties":{"s":"Manipur","v":4.8},"geometry":{"type":"Point","coordinates":[94.0843,24.9213]}},{"type":"Feature","properties":{"s":"Manipur","v":4.8},"geometry":{"type":"Point","coordinates":[94.0501,24.1326]}},{"type":"Feature","properties":{"s":"Manipur","v":4.8},"geometry":{"type":"Point","coordinates":[94.2843,24.9908]}},{"type":"Feature","properties":{"s":"Manipur","v":4.8},"geometry":{"type":"Point","coordinates":[94.4755,25.0773]}},{"type":"Feature","properties":{"s":"Manipur","v":4.8},"geometry":{"type":"Point","coordinates":[93.7912,25.2347]}},{"type":"Feature","properties":{"s":"Manipur","v":4.8},"geometry":{"type":"Point","coordinates":[93.3926,25.21]}},{"type":"Feature","properties":{"s":"Manipur","v":4.8},"geometry":{"type":"Point","coordinates":[93.9972,24.9234]}},{"type":"Feature","properties":{"s":"Manipur","v":4.8},"geometry":{"type":"Point","coordinates":[93.4327,24.6278]}},{"type":"Feature","properties":{"s":"Manipur","v":4.8},"geometry":{"type":"Point","coordinates":[93.6804,24.0294]}},{"type":"Feature","properties":{"s":"Manipur","v":4.8},"geometry":{"type":"Point","coordinates":[93.1282,24.5252]}},{"type":"Feature","properties":{"s":"Manipur","v":4.8},"geometry":{"type":"Point","coordinates":[93.4813,24.578]}},{"type":"Feature","properties":{"s":"Manipur","v":4.8},"geometry":{"type":"Point","coordinates":[93.4081,25.0433]}},{"type":"Feature","properties":{"s":"Manipur","v":4.8},"geometry":{"type":"Point","coordinates":[93.4027,25.1533]}},{"type":"Feature","properties":{"s":"Manipur","v":4.8},"geometry":{"type":"Point","coordinates":[94.2576,25.2259]}},{"type":"Feature","properties":{"s":"Manipur","v":4.8},"geometry":{"type":"Point","coordinates":[93.4695,24.0167]}},{"type":"Feature","properties":{"s":"Manipur","v":4.8},"geometry":{"type":"Point","coordinates":[93.7844,24.616]}},{"type":"Feature","properties":{"s":"Manipur","v":4.8},"geometry":{"type":"Point","coordinates":[94.3787,24.4829]}},{"type":"Feature","properties":{"s":"Manipur","v":4.8},"geometry":{"type":"Point","coordinates":[93.7323,25.3708]}},{"type":"Feature","properties":{"s":"Manipur","v":4.8},"geometry":{"type":"Point","coordinates":[94.2081,24.3109]}},{"type":"Feature","properties":{"s":"Manipur","v":4.8},"geometry":{"type":"Point","coordinates":[93.8702,24.1089]}},{"type":"Feature","properties":{"s":"Manipur","v":4.8},"geometry":{"type":"Point","coordinates":[93.4495,25.0077]}},{"type":"Feature","properties":{"s":"Manipur","v":4.8},"geometry":{"type":"Point","coordinates":[93.7174,24.0075]}},{"type":"Feature","properties":{"s":"Manipur","v":4.8},"geometry":{"type":"Point","coordinates":[94.1753,23.9969]}},{"type":"Feature","properties":{"s":"Manipur","v":4.8},"geometry":{"type":"Point","coordinates":[93.4074,24.5259]}},{"type":"Feature","properties":{"s":"Manipur","v":4.8},"geometry":{"type":"Point","coordinates":[93.2823,24.7483]}},{"type":"Feature","properties":{"s":"Manipur","v":4.8},"geometry":{"type":"Point","coordinates":[93.7177,24.2909]}},{"type":"Feature","properties":{"s":"Manipur","v":4.8},"geometry":{"type":"Point","coordinates":[93.5462,24.2669]}},{"type":"Feature","properties":{"s":"Manipur","v":4.8},"geometry":{"type":"Point","coordinates":[93.8265,24.8638]}},{"type":"Feature","properties":{"s":"Manipur","v":4.8},"geometry":{"type":"Point","coordinates":[94.0166,25.1556]}},{"type":"Feature","properties":{"s":"Manipur","v":4.8},"geometry":{"type":"Point","coordinates":[94.5125,25.6015]}},{"type":"Feature","properties":{"s":"Meghalaya","v":2.7},"geometry":{"type":"Point","coordinates":[90.9336,25.9112]}},{"type":"Feature","properties":{"s":"Meghalaya","v":2.7},"geometry":{"type":"Point","coordinates":[90.9984,25.4192]}},{"type":"Feature","properties":{"s":"Meghalaya","v":2.7},"geometry":{"type":"Point","coordinates":[91.86,25.3838]}},{"type":"Feature","properties":{"s":"Meghalaya","v":2.7},"geometry":{"type":"Point","coordinates":[91.8267,25.2703]}},{"type":"Feature","properties":{"s":"Meghalaya","v":2.7},"geometry":{"type":"Point","coordinates":[91.0866,25.22]}},{"type":"Feature","properties":{"s":"Meghalaya","v":2.7},"geometry":{"type":"Point","coordinates":[91.5366,25.5268]}},{"type":"Feature","properties":{"s":"Meghalaya","v":2.7},"geometry":{"type":"Point","coordinates":[91.6748,25.8681]}},{"type":"Feature","properties":{"s":"Meghalaya","v":2.7},"geometry":{"type":"Point","coordinates":[90.5695,25.7215]}},{"type":"Feature","properties":{"s":"Meghalaya","v":2.7},"geometry":{"type":"Point","coordinates":[89.9562,25.5673]}},{"type":"Feature","properties":{"s":"Meghalaya","v":2.7},"geometry":{"type":"Point","coordinates":[91.3889,25.6184]}},{"type":"Feature","properties":{"s":"Meghalaya","v":2.7},"geometry":{"type":"Point","coordinates":[91.7351,25.747]}},{"type":"Feature","properties":{"s":"Meghalaya","v":2.7},"geometry":{"type":"Point","coordinates":[91.2933,25.4163]}},{"type":"Feature","properties":{"s":"Meghalaya","v":2.7},"geometry":{"type":"Point","coordinates":[91.0591,25.5203]}},{"type":"Feature","properties":{"s":"Meghalaya","v":2.7},"geometry":{"type":"Point","coordinates":[91.3683,25.2765]}},{"type":"Feature","properties":{"s":"Meghalaya","v":2.7},"geometry":{"type":"Point","coordinates":[91.5061,25.4621]}},{"type":"Feature","properties":{"s":"Meghalaya","v":2.7},"geometry":{"type":"Point","coordinates":[91.1289,25.2214]}},{"type":"Feature","properties":{"s":"Meghalaya","v":2.7},"geometry":{"type":"Point","coordinates":[91.1748,25.8013]}},{"type":"Feature","properties":{"s":"Meghalaya","v":2.7},"geometry":{"type":"Point","coordinates":[92.1405,25.5822]}},{"type":"Feature","properties":{"s":"Meghalaya","v":2.7},"geometry":{"type":"Point","coordinates":[90.126,25.5739]}},{"type":"Feature","properties":{"s":"Meghalaya","v":2.7},"geometry":{"type":"Point","coordinates":[90.7395,25.4594]}},{"type":"Feature","properties":{"s":"Meghalaya","v":2.7},"geometry":{"type":"Point","coordinates":[91.741,25.1961]}},{"type":"Feature","properties":{"s":"Meghalaya","v":2.7},"geometry":{"type":"Point","coordinates":[90.9216,25.6797]}},{"type":"Feature","properties":{"s":"Meghalaya","v":2.7},"geometry":{"type":"Point","coordinates":[90.5797,25.7635]}},{"type":"Feature","properties":{"s":"Meghalaya","v":2.7},"geometry":{"type":"Point","coordinates":[92.5675,25.54]}},{"type":"Feature","properties":{"s":"Meghalaya","v":2.7},"geometry":{"type":"Point","coordinates":[91.0971,25.7771]}},{"type":"Feature","properties":{"s":"Meghalaya","v":2.7},"geometry":{"type":"Point","coordinates":[89.9802,25.5527]}},{"type":"Feature","properties":{"s":"Meghalaya","v":2.7},"geometry":{"type":"Point","coordinates":[91.1039,25.2234]}},{"type":"Feature","properties":{"s":"Meghalaya","v":2.7},"geometry":{"type":"Point","coordinates":[92.0793,25.9101]}},{"type":"Feature","properties":{"s":"Meghalaya","v":2.7},"geometry":{"type":"Point","coordinates":[92.4822,25.2099]}},{"type":"Feature","properties":{"s":"Meghalaya","v":2.7},"geometry":{"type":"Point","coordinates":[91.6151,25.4934]}},{"type":"Feature","properties":{"s":"Meghalaya","v":2.7},"geometry":{"type":"Point","coordinates":[91.5738,25.4376]}},{"type":"Feature","properties":{"s":"Meghalaya","v":2.7},"geometry":{"type":"Point","coordinates":[91.9559,25.2422]}},{"type":"Feature","properties":{"s":"Meghalaya","v":2.7},"geometry":{"type":"Point","coordinates":[90.0367,25.8309]}},{"type":"Feature","properties":{"s":"Meghalaya","v":2.7},"geometry":{"type":"Point","coordinates":[90.8584,25.764]}},{"type":"Feature","properties":{"s":"Meghalaya","v":2.7},"geometry":{"type":"Point","coordinates":[91.936,26.011]}},{"type":"Feature","properties":{"s":"Meghalaya","v":2.7},"geometry":{"type":"Point","coordinates":[90.0521,25.8866]}},{"type":"Feature","properties":{"s":"Meghalaya","v":2.7},"geometry":{"type":"Point","coordinates":[92.5605,25.4032]}},{"type":"Feature","properties":{"s":"Meghalaya","v":2.7},"geometry":{"type":"Point","coordinates":[91.9444,25.2415]}},{"type":"Feature","properties":{"s":"Meghalaya","v":2.7},"geometry":{"type":"Point","coordinates":[90.7318,25.7932]}},{"type":"Feature","properties":{"s":"Meghalaya","v":2.7},"geometry":{"type":"Point","coordinates":[91.607,25.8241]}},{"type":"Feature","properties":{"s":"Meghalaya","v":2.7},"geometry":{"type":"Point","coordinates":[90.3104,25.4718]}},{"type":"Feature","properties":{"s":"Meghalaya","v":2.7},"geometry":{"type":"Point","coordinates":[91.7657,25.5444]}},{"type":"Feature","properties":{"s":"Meghalaya","v":2.7},"geometry":{"type":"Point","coordinates":[92.1339,25.3002]}},{"type":"Feature","properties":{"s":"Meghalaya","v":2.7},"geometry":{"type":"Point","coordinates":[90.4761,25.9975]}},{"type":"Feature","properties":{"s":"Meghalaya","v":2.7},"geometry":{"type":"Point","coordinates":[92.1117,25.6787]}},{"type":"Feature","properties":{"s":"Meghalaya","v":2.7},"geometry":{"type":"Point","coordinates":[92.0542,25.947]}},{"type":"Feature","properties":{"s":"Meghalaya","v":2.7},"geometry":{"type":"Point","coordinates":[91.8885,25.5542]}},{"type":"Feature","properties":{"s":"Meghalaya","v":2.7},"geometry":{"type":"Point","coordinates":[91.2903,25.4363]}},{"type":"Feature","properties":{"s":"Meghalaya","v":2.7},"geometry":{"type":"Point","coordinates":[90.6365,25.3776]}},{"type":"Feature","properties":{"s":"Mizoram","v":1.9},"geometry":{"type":"Point","coordinates":[92.9675,22.6645]}},{"type":"Feature","properties":{"s":"Mizoram","v":1.9},"geometry":{"type":"Point","coordinates":[93.0388,23.9687]}},{"type":"Feature","properties":{"s":"Mizoram","v":1.9},"geometry":{"type":"Point","coordinates":[93.1268,23.3355]}},{"type":"Feature","properties":{"s":"Mizoram","v":1.9},"geometry":{"type":"Point","coordinates":[93.2202,23.5414]}},{"type":"Feature","properties":{"s":"Mizoram","v":1.9},"geometry":{"type":"Point","coordinates":[92.8517,22.3654]}},{"type":"Feature","properties":{"s":"Mizoram","v":1.9},"geometry":{"type":"Point","coordinates":[93.0192,22.9327]}},{"type":"Feature","properties":{"s":"Mizoram","v":1.9},"geometry":{"type":"Point","coordinates":[93.0603,23.4051]}},{"type":"Feature","properties":{"s":"Mizoram","v":1.9},"geometry":{"type":"Point","coordinates":[93.2518,23.633]}},{"type":"Feature","properties":{"s":"Mizoram","v":1.9},"geometry":{"type":"Point","coordinates":[92.6657,22.0919]}},{"type":"Feature","properties":{"s":"Mizoram","v":1.9},"geometry":{"type":"Point","coordinates":[93.124,23.5149]}},{"type":"Feature","properties":{"s":"Mizoram","v":1.9},"geometry":{"type":"Point","coordinates":[92.5067,23.156]}},{"type":"Feature","properties":{"s":"Mizoram","v":1.9},"geometry":{"type":"Point","coordinates":[93.0342,23.0222]}},{"type":"Feature","properties":{"s":"Mizoram","v":1.9},"geometry":{"type":"Point","coordinates":[92.9809,23.4095]}},{"type":"Feature","properties":{"s":"Mizoram","v":1.9},"geometry":{"type":"Point","coordinates":[92.9403,22.0342]}},{"type":"Feature","properties":{"s":"Mizoram","v":1.9},"geometry":{"type":"Point","coordinates":[92.945,22.8056]}},{"type":"Feature","properties":{"s":"Mizoram","v":1.9},"geometry":{"type":"Point","coordinates":[92.5293,22.8403]}},{"type":"Feature","properties":{"s":"Mizoram","v":1.9},"geometry":{"type":"Point","coordinates":[92.5611,23.7662]}},{"type":"Feature","properties":{"s":"Mizoram","v":1.9},"geometry":{"type":"Point","coordinates":[92.6566,23.3597]}},{"type":"Feature","properties":{"s":"Mizoram","v":1.9},"geometry":{"type":"Point","coordinates":[93.2794,24.047]}},{"type":"Feature","properties":{"s":"Mizoram","v":1.9},"geometry":{"type":"Point","coordinates":[92.9909,23.8019]}},{"type":"Feature","properties":{"s":"Mizoram","v":1.9},"geometry":{"type":"Point","coordinates":[93.076,23.8215]}},{"type":"Feature","properties":{"s":"Mizoram","v":1.9},"geometry":{"type":"Point","coordinates":[92.8371,24.2626]}},{"type":"Feature","properties":{"s":"Mizoram","v":1.9},"geometry":{"type":"Point","coordinates":[92.7919,23.5645]}},{"type":"Feature","properties":{"s":"Mizoram","v":1.9},"geometry":{"type":"Point","coordinates":[92.6113,22.9405]}},{"type":"Feature","properties":{"s":"Mizoram","v":1.9},"geometry":{"type":"Point","coordinates":[92.657,22.0575]}},{"type":"Feature","properties":{"s":"Mizoram","v":1.9},"geometry":{"type":"Point","coordinates":[92.7434,23.6808]}},{"type":"Feature","properties":{"s":"Mizoram","v":1.9},"geometry":{"type":"Point","coordinates":[93.0108,23.1572]}},{"type":"Feature","properties":{"s":"Mizoram","v":1.9},"geometry":{"type":"Point","coordinates":[92.8392,22.3766]}},{"type":"Feature","properties":{"s":"Mizoram","v":1.9},"geometry":{"type":"Point","coordinates":[93.1755,23.6408]}},{"type":"Feature","properties":{"s":"Mizoram","v":1.9},"geometry":{"type":"Point","coordinates":[92.6824,23.9496]}},{"type":"Feature","properties":{"s":"Mizoram","v":1.9},"geometry":{"type":"Point","coordinates":[93.2385,23.7581]}},{"type":"Feature","properties":{"s":"Mizoram","v":1.9},"geometry":{"type":"Point","coordinates":[92.9948,22.5881]}},{"type":"Feature","properties":{"s":"Mizoram","v":1.9},"geometry":{"type":"Point","coordinates":[92.4591,23.9094]}},{"type":"Feature","properties":{"s":"Mizoram","v":1.9},"geometry":{"type":"Point","coordinates":[92.9316,23.8217]}},{"type":"Feature","properties":{"s":"Nagaland","v":3.3},"geometry":{"type":"Point","coordinates":[94.7467,26.6988]}},{"type":"Feature","properties":{"s":"Nagaland","v":3.3},"geometry":{"type":"Point","coordinates":[94.1377,26.0987]}},{"type":"Feature","properties":{"s":"Nagaland","v":3.3},"geometry":{"type":"Point","coordinates":[94.8127,26.4978]}},{"type":"Feature","properties":{"s":"Nagaland","v":3.3},"geometry":{"type":"Point","coordinates":[93.5354,25.5717]}},{"type":"Feature","properties":{"s":"Nagaland","v":3.3},"geometry":{"type":"Point","coordinates":[94.9007,26.2608]}},{"type":"Feature","properties":{"s":"Nagaland","v":3.3},"geometry":{"type":"Point","coordinates":[94.6512,25.8909]}},{"type":"Feature","properties":{"s":"Nagaland","v":3.3},"geometry":{"type":"Point","coordinates":[94.3682,26.4798]}},{"type":"Feature","properties":{"s":"Nagaland","v":3.3},"geometry":{"type":"Point","coordinates":[94.7295,26.0613]}},{"type":"Feature","properties":{"s":"Nagaland","v":3.3},"geometry":{"type":"Point","coordinates":[94.2066,25.7021]}},{"type":"Feature","properties":{"s":"Nagaland","v":3.3},"geometry":{"type":"Point","coordinates":[94.86,25.8853]}},{"type":"Feature","properties":{"s":"Nagaland","v":3.3},"geometry":{"type":"Point","coordinates":[94.9975,26.2664]}},{"type":"Feature","properties":{"s":"Nagaland","v":3.3},"geometry":{"type":"Point","coordinates":[94.6206,26.3794]}},{"type":"Feature","properties":{"s":"Nagaland","v":3.3},"geometry":{"type":"Point","coordinates":[94.3293,25.5805]}},{"type":"Feature","properties":{"s":"Nagaland","v":3.3},"geometry":{"type":"Point","coordinates":[94.2581,25.8384]}},{"type":"Feature","properties":{"s":"Nagaland","v":3.3},"geometry":{"type":"Point","coordinates":[93.9896,26.0364]}},{"type":"Feature","properties":{"s":"Nagaland","v":3.3},"geometry":{"type":"Point","coordinates":[94.9909,25.7627]}},{"type":"Feature","properties":{"s":"Nagaland","v":3.3},"geometry":{"type":"Point","coordinates":[94.2132,26.1054]}},{"type":"Feature","properties":{"s":"Nagaland","v":3.3},"geometry":{"type":"Point","coordinates":[94.9641,26.3621]}},{"type":"Feature","properties":{"s":"Nagaland","v":3.3},"geometry":{"type":"Point","coordinates":[94.9191,25.9409]}},{"type":"Feature","properties":{"s":"Nagaland","v":3.3},"geometry":{"type":"Point","coordinates":[94.241,25.9418]}},{"type":"Feature","properties":{"s":"Nagaland","v":3.3},"geometry":{"type":"Point","coordinates":[94.6244,25.5664]}},{"type":"Feature","properties":{"s":"Nagaland","v":3.3},"geometry":{"type":"Point","coordinates":[94.1126,25.9626]}},{"type":"Feature","properties":{"s":"Nagaland","v":3.3},"geometry":{"type":"Point","coordinates":[94.9105,26.2497]}},{"type":"Feature","properties":{"s":"Nagaland","v":3.3},"geometry":{"type":"Point","coordinates":[94.8649,25.6321]}},{"type":"Feature","properties":{"s":"Nagaland","v":3.3},"geometry":{"type":"Point","coordinates":[94.2321,25.7876]}},{"type":"Feature","properties":{"s":"Nagaland","v":3.3},"geometry":{"type":"Point","coordinates":[94.6378,26.4514]}},{"type":"Feature","properties":{"s":"Nagaland","v":3.3},"geometry":{"type":"Point","coordinates":[94.5307,25.9339]}},{"type":"Feature","properties":{"s":"Nagaland","v":3.3},"geometry":{"type":"Point","coordinates":[93.9406,25.7412]}},{"type":"Feature","properties":{"s":"Nagaland","v":3.3},"geometry":{"type":"Point","coordinates":[94.8784,26.203]}},{"type":"Feature","properties":{"s":"Nagaland","v":3.3},"geometry":{"type":"Point","coordinates":[94.5537,26.6394]}},{"type":"Feature","properties":{"s":"Nagaland","v":3.3},"geometry":{"type":"Point","coordinates":[94.4377,26.4673]}},{"type":"Feature","properties":{"s":"Nagaland","v":3.3},"geometry":{"type":"Point","coordinates":[94.0823,25.6892]}},{"type":"Feature","properties":{"s":"Nagaland","v":3.3},"geometry":{"type":"Point","coordinates":[94.3823,26.0361]}},{"type":"Feature","properties":{"s":"Nagaland","v":3.3},"geometry":{"type":"Point","coordinates":[94.6009,25.8384]}},{"type":"Feature","properties":{"s":"Nagaland","v":3.3},"geometry":{"type":"Point","coordinates":[94.5962,26.2147]}},{"type":"Feature","properties":{"s":"Nagaland","v":3.3},"geometry":{"type":"Point","coordinates":[93.7749,25.8872]}},{"type":"Feature","properties":{"s":"Nagaland","v":3.3},"geometry":{"type":"Point","coordinates":[94.4484,26.0474]}},{"type":"Feature","properties":{"s":"Nagaland","v":3.3},"geometry":{"type":"Point","coordinates":[94.6738,25.6672]}},{"type":"Feature","properties":{"s":"Nagaland","v":3.3},"geometry":{"type":"Point","coordinates":[95.0801,26.5208]}},{"type":"Feature","properties":{"s":"Nagaland","v":3.3},"geometry":{"type":"Point","coordinates":[93.6504,25.7252]}},{"type":"Feature","properties":{"s":"Nagaland","v":3.3},"geometry":{"type":"Point","coordinates":[94.3059,25.7778]}},{"type":"Feature","properties":{"s":"Nagaland","v":3.3},"geometry":{"type":"Point","coordinates":[94.899,26.1679]}},{"type":"Feature","properties":{"s":"Nagaland","v":3.3},"geometry":{"type":"Point","coordinates":[94.6513,26.565]}},{"type":"Feature","properties":{"s":"Nagaland","v":3.3},"geometry":{"type":"Point","coordinates":[93.6057,25.6444]}},{"type":"Feature","properties":{"s":"Nagaland","v":3.3},"geometry":{"type":"Point","coordinates":[94.3089,25.8518]}},{"type":"Feature","properties":{"s":"Nagaland","v":3.3},"geometry":{"type":"Point","coordinates":[94.9801,26.2195]}},{"type":"Feature","properties":{"s":"Nagaland","v":3.3},"geometry":{"type":"Point","coordinates":[94.9819,26.2977]}},{"type":"Feature","properties":{"s":"Nagaland","v":3.3},"geometry":{"type":"Point","coordinates":[94.4979,25.8116]}},{"type":"Feature","properties":{"s":"Nagaland","v":3.3},"geometry":{"type":"Point","coordinates":[93.9638,25.845]}},{"type":"Feature","properties":{"s":"Nagaland","v":3.3},"geometry":{"type":"Point","coordinates":[94.0882,25.8302]}},{"type":"Feature","properties":{"s":"Nagaland","v":3.3},"geometry":{"type":"Point","coordinates":[95.0609,26.3295]}},{"type":"Feature","properties":{"s":"Nagaland","v":3.3},"geometry":{"type":"Point","coordinates":[94.6308,26.692]}},{"type":"Feature","properties":{"s":"Nagaland","v":3.3},"geometry":{"type":"Point","coordinates":[94.4915,25.8184]}},{"type":"Feature","properties":{"s":"Nagaland","v":3.3},"geometry":{"type":"Point","coordinates":[94.9171,25.7806]}},{"type":"Feature","properties":{"s":"Nagaland","v":3.3},"geometry":{"type":"Point","coordinates":[94.8394,26.8491]}},{"type":"Feature","properties":{"s":"Nagaland","v":3.3},"geometry":{"type":"Point","coordinates":[95.1057,26.1198]}},{"type":"Feature","properties":{"s":"Nagaland","v":3.3},"geometry":{"type":"Point","coordinates":[95.102,26.2201]}},{"type":"Feature","properties":{"s":"Nagaland","v":3.3},"geometry":{"type":"Point","coordinates":[93.4659,25.6406]}},{"type":"Feature","properties":{"s":"Nagaland","v":3.3},"geometry":{"type":"Point","coordinates":[94.756,25.5564]}},{"type":"Feature","properties":{"s":"Punjab","v":22.2},"geometry":{"type":"Point","coordinates":[74.0859,30.4796]}},{"type":"Feature","properties":{"s":"Punjab","v":22.2},"geometry":{"type":"Point","coordinates":[74.2457,30.6259]}},{"type":"Feature","properties":{"s":"Punjab","v":22.2},"geometry":{"type":"Point","coordinates":[76.2687,30.4295]}},{"type":"Feature","properties":{"s":"Punjab","v":22.2},"geometry":{"type":"Point","coordinates":[75.5562,31.2445]}},{"type":"Feature","properties":{"s":"Punjab","v":22.2},"geometry":{"type":"Point","coordinates":[75.1514,30.8899]}},{"type":"Feature","properties":{"s":"Punjab","v":22.2},"geometry":{"type":"Point","coordinates":[75.5737,31.2617]}},{"type":"Feature","properties":{"s":"Punjab","v":22.2},"geometry":{"type":"Point","coordinates":[75.7182,31.4001]}},{"type":"Feature","properties":{"s":"Punjab","v":22.2},"geometry":{"type":"Point","coordinates":[75.7351,30.1429]}},{"type":"Feature","properties":{"s":"Punjab","v":22.2},"geometry":{"type":"Point","coordinates":[75.2078,30.7333]}},{"type":"Feature","properties":{"s":"Punjab","v":22.2},"geometry":{"type":"Point","coordinates":[75.3233,32.1823]}},{"type":"Feature","properties":{"s":"Punjab","v":22.2},"geometry":{"type":"Point","coordinates":[74.8367,31.6027]}},{"type":"Feature","properties":{"s":"Punjab","v":22.2},"geometry":{"type":"Point","coordinates":[76.6959,30.4544]}},{"type":"Feature","properties":{"s":"Punjab","v":22.2},"geometry":{"type":"Point","coordinates":[76.6227,30.9338]}},{"type":"Feature","properties":{"s":"Punjab","v":22.2},"geometry":{"type":"Point","coordinates":[74.7889,30.5936]}},{"type":"Feature","properties":{"s":"Punjab","v":22.2},"geometry":{"type":"Point","coordinates":[75.3543,29.9412]}},{"type":"Feature","properties":{"s":"Punjab","v":22.2},"geometry":{"type":"Point","coordinates":[75.7794,30.0128]}},{"type":"Feature","properties":{"s":"Punjab","v":22.2},"geometry":{"type":"Point","coordinates":[74.6934,31.3562]}},{"type":"Feature","properties":{"s":"Punjab","v":22.2},"geometry":{"type":"Point","coordinates":[76.2472,31.0814]}},{"type":"Feature","properties":{"s":"Punjab","v":22.2},"geometry":{"type":"Point","coordinates":[76.2601,30.1077]}},{"type":"Feature","properties":{"s":"Punjab","v":22.2},"geometry":{"type":"Point","coordinates":[75.3515,30.6722]}},{"type":"Feature","properties":{"s":"Punjab","v":22.2},"geometry":{"type":"Point","coordinates":[75.4633,30.3017]}},{"type":"Feature","properties":{"s":"Punjab","v":22.2},"geometry":{"type":"Point","coordinates":[74.2408,30.5033]}},{"type":"Feature","properties":{"s":"Punjab","v":22.2},"geometry":{"type":"Point","coordinates":[74.9832,31.113]}},{"type":"Feature","properties":{"s":"Punjab","v":22.2},"geometry":{"type":"Point","coordinates":[76.0042,30.3701]}},{"type":"Feature","properties":{"s":"Punjab","v":22.2},"geometry":{"type":"Point","coordinates":[74.8621,31.0375]}},{"type":"Feature","properties":{"s":"Punjab","v":22.2},"geometry":{"type":"Point","coordinates":[75.9669,31.0972]}},{"type":"Feature","properties":{"s":"Punjab","v":22.2},"geometry":{"type":"Point","coordinates":[75.4664,31.6362]}},{"type":"Feature","properties":{"s":"Punjab","v":22.2},"geometry":{"type":"Point","coordinates":[75.9851,30.8149]}},{"type":"Feature","properties":{"s":"Punjab","v":22.2},"geometry":{"type":"Point","coordinates":[75.1977,30.5541]}},{"type":"Feature","properties":{"s":"Punjab","v":22.2},"geometry":{"type":"Point","coordinates":[76.7223,30.6912]}},{"type":"Feature","properties":{"s":"Punjab","v":22.2},"geometry":{"type":"Point","coordinates":[75.6667,31.1027]}},{"type":"Feature","properties":{"s":"Punjab","v":22.2},"geometry":{"type":"Point","coordinates":[75.3779,31.2479]}},{"type":"Feature","properties":{"s":"Punjab","v":22.2},"geometry":{"type":"Point","coordinates":[76.0718,30.45]}},{"type":"Feature","properties":{"s":"Punjab","v":22.2},"geometry":{"type":"Point","coordinates":[75.3816,31.451]}},{"type":"Feature","properties":{"s":"Punjab","v":22.2},"geometry":{"type":"Point","coordinates":[76.1415,29.9792]}},{"type":"Feature","properties":{"s":"Punjab","v":22.2},"geometry":{"type":"Point","coordinates":[75.3646,31.9897]}},{"type":"Feature","properties":{"s":"Punjab","v":22.2},"geometry":{"type":"Point","coordinates":[74.7904,30.539]}},{"type":"Feature","properties":{"s":"Punjab","v":22.2},"geometry":{"type":"Point","coordinates":[76.4358,30.4434]}},{"type":"Feature","properties":{"s":"Punjab","v":22.2},"geometry":{"type":"Point","coordinates":[74.7396,30.1963]}},{"type":"Feature","properties":{"s":"Punjab","v":22.2},"geometry":{"type":"Point","coordinates":[74.8796,31.4883]}},{"type":"Feature","properties":{"s":"Punjab","v":22.2},"geometry":{"type":"Point","coordinates":[76.3664,30.1431]}},{"type":"Feature","properties":{"s":"Punjab","v":22.2},"geometry":{"type":"Point","coordinates":[74.7891,31.4946]}},{"type":"Feature","properties":{"s":"Punjab","v":22.2},"geometry":{"type":"Point","coordinates":[75.6508,30.2025]}},{"type":"Feature","properties":{"s":"Punjab","v":22.2},"geometry":{"type":"Point","coordinates":[74.7781,31.3181]}},{"type":"Feature","properties":{"s":"Punjab","v":22.2},"geometry":{"type":"Point","coordinates":[75.3365,31.8393]}},{"type":"Feature","properties":{"s":"Punjab","v":22.2},"geometry":{"type":"Point","coordinates":[75.4582,30.5894]}},{"type":"Feature","properties":{"s":"Punjab","v":22.2},"geometry":{"type":"Point","coordinates":[74.0777,30.2793]}},{"type":"Feature","properties":{"s":"Punjab","v":22.2},"geometry":{"type":"Point","coordinates":[76.0212,31.3898]}},{"type":"Feature","properties":{"s":"Punjab","v":22.2},"geometry":{"type":"Point","coordinates":[76.3398,30.3376]}},{"type":"Feature","properties":{"s":"Punjab","v":22.2},"geometry":{"type":"Point","coordinates":[76.5499,30.1006]}},{"type":"Feature","properties":{"s":"Punjab","v":22.2},"geometry":{"type":"Point","coordinates":[76.0106,31.556]}},{"type":"Feature","properties":{"s":"Punjab","v":22.2},"geometry":{"type":"Point","coordinates":[74.4042,30.5092]}},{"type":"Feature","properties":{"s":"Punjab","v":22.2},"geometry":{"type":"Point","coordinates":[75.1713,30.8402]}},{"type":"Feature","properties":{"s":"Punjab","v":22.2},"geometry":{"type":"Point","coordinates":[76.439,30.4915]}},{"type":"Feature","properties":{"s":"Punjab","v":22.2},"geometry":{"type":"Point","coordinates":[75.1967,30.7875]}},{"type":"Feature","properties":{"s":"Punjab","v":22.2},"geometry":{"type":"Point","coordinates":[75.1772,30.6359]}},{"type":"Feature","properties":{"s":"Punjab","v":22.2},"geometry":{"type":"Point","coordinates":[74.7517,30.6475]}},{"type":"Feature","properties":{"s":"Punjab","v":22.2},"geometry":{"type":"Point","coordinates":[74.8631,31.8879]}},{"type":"Feature","properties":{"s":"Punjab","v":22.2},"geometry":{"type":"Point","coordinates":[75.8482,31.0082]}},{"type":"Feature","properties":{"s":"Punjab","v":22.2},"geometry":{"type":"Point","coordinates":[75.3125,29.9801]}},{"type":"Feature","properties":{"s":"Punjab","v":22.2},"geometry":{"type":"Point","coordinates":[74.9332,31.3457]}},{"type":"Feature","properties":{"s":"Punjab","v":22.2},"geometry":{"type":"Point","coordinates":[75.7953,31.93]}},{"type":"Feature","properties":{"s":"Punjab","v":22.2},"geometry":{"type":"Point","coordinates":[76.0401,30.935]}},{"type":"Feature","properties":{"s":"Punjab","v":22.2},"geometry":{"type":"Point","coordinates":[73.9466,30.3186]}},{"type":"Feature","properties":{"s":"Punjab","v":22.2},"geometry":{"type":"Point","coordinates":[75.4478,31.788]}},{"type":"Feature","properties":{"s":"Punjab","v":22.2},"geometry":{"type":"Point","coordinates":[76.5276,30.3771]}},{"type":"Feature","properties":{"s":"Punjab","v":22.2},"geometry":{"type":"Point","coordinates":[76.1059,30.1046]}},{"type":"Feature","properties":{"s":"Punjab","v":22.2},"geometry":{"type":"Point","coordinates":[76.0022,31.6133]}},{"type":"Feature","properties":{"s":"Punjab","v":22.2},"geometry":{"type":"Point","coordinates":[76.1543,30.1993]}},{"type":"Feature","properties":{"s":"Punjab","v":22.2},"geometry":{"type":"Point","coordinates":[74.64,30.5664]}},{"type":"Feature","properties":{"s":"Punjab","v":22.2},"geometry":{"type":"Point","coordinates":[74.6323,31.1404]}},{"type":"Feature","properties":{"s":"Punjab","v":22.2},"geometry":{"type":"Point","coordinates":[76.3597,31.2305]}},{"type":"Feature","properties":{"s":"Punjab","v":22.2},"geometry":{"type":"Point","coordinates":[75.9057,29.9783]}},{"type":"Feature","properties":{"s":"Punjab","v":22.2},"geometry":{"type":"Point","coordinates":[74.3503,30.1991]}},{"type":"Feature","properties":{"s":"Punjab","v":22.2},"geometry":{"type":"Point","coordinates":[75.0809,30.6326]}},{"type":"Feature","properties":{"s":"Punjab","v":22.2},"geometry":{"type":"Point","coordinates":[76.9139,30.5695]}},{"type":"Feature","properties":{"s":"Punjab","v":22.2},"geometry":{"type":"Point","coordinates":[75.7008,31.3109]}},{"type":"Feature","properties":{"s":"Punjab","v":22.2},"geometry":{"type":"Point","coordinates":[76.2826,30.7583]}},{"type":"Feature","properties":{"s":"Punjab","v":22.2},"geometry":{"type":"Point","coordinates":[74.7618,30.3921]}},{"type":"Feature","properties":{"s":"Punjab","v":22.2},"geometry":{"type":"Point","coordinates":[74.7527,30.9893]}},{"type":"Feature","properties":{"s":"Punjab","v":22.2},"geometry":{"type":"Point","coordinates":[76.1685,30.8173]}},{"type":"Feature","properties":{"s":"Punjab","v":22.2},"geometry":{"type":"Point","coordinates":[75.0349,29.9008]}},{"type":"Feature","properties":{"s":"Punjab","v":22.2},"geometry":{"type":"Point","coordinates":[74.4009,30.1626]}},{"type":"Feature","properties":{"s":"Punjab","v":22.2},"geometry":{"type":"Point","coordinates":[75.185,31.3554]}},{"type":"Feature","properties":{"s":"Punjab","v":22.2},"geometry":{"type":"Point","coordinates":[75.2078,30.1152]}},{"type":"Feature","properties":{"s":"Punjab","v":22.2},"geometry":{"type":"Point","coordinates":[75.4011,29.972]}},{"type":"Feature","properties":{"s":"Punjab","v":22.2},"geometry":{"type":"Point","coordinates":[74.3791,30.2491]}},{"type":"Feature","properties":{"s":"Punjab","v":22.2},"geometry":{"type":"Point","coordinates":[75.0186,30.2546]}},{"type":"Feature","properties":{"s":"Punjab","v":22.2},"geometry":{"type":"Point","coordinates":[75.7213,30.9133]}},{"type":"Feature","properties":{"s":"Punjab","v":22.2},"geometry":{"type":"Point","coordinates":[76.1045,30.5907]}},{"type":"Feature","properties":{"s":"Punjab","v":22.2},"geometry":{"type":"Point","coordinates":[76.0548,31.5488]}},{"type":"Feature","properties":{"s":"Punjab","v":22.2},"geometry":{"type":"Point","coordinates":[74.8869,30.1043]}},{"type":"Feature","properties":{"s":"Punjab","v":22.2},"geometry":{"type":"Point","coordinates":[75.2478,31.2748]}},{"type":"Feature","properties":{"s":"Punjab","v":22.2},"geometry":{"type":"Point","coordinates":[75.0323,30.8665]}},{"type":"Feature","properties":{"s":"Punjab","v":22.2},"geometry":{"type":"Point","coordinates":[74.7912,31.1579]}},{"type":"Feature","properties":{"s":"Punjab","v":22.2},"geometry":{"type":"Point","coordinates":[74.4993,30.8735]}},{"type":"Feature","properties":{"s":"Punjab","v":22.2},"geometry":{"type":"Point","coordinates":[74.6548,30.9288]}},{"type":"Feature","properties":{"s":"Punjab","v":22.2},"geometry":{"type":"Point","coordinates":[76.0393,30.6122]}},{"type":"Feature","properties":{"s":"Punjab","v":22.2},"geometry":{"type":"Point","coordinates":[76.146,30.665]}},{"type":"Feature","properties":{"s":"Punjab","v":22.2},"geometry":{"type":"Point","coordinates":[75.645,32.2753]}},{"type":"Feature","properties":{"s":"Punjab","v":22.2},"geometry":{"type":"Point","coordinates":[75.5982,32.1016]}},{"type":"Feature","properties":{"s":"Punjab","v":22.2},"geometry":{"type":"Point","coordinates":[75.035,30.4411]}},{"type":"Feature","properties":{"s":"Punjab","v":22.2},"geometry":{"type":"Point","coordinates":[75.5349,30.1751]}},{"type":"Feature","properties":{"s":"Punjab","v":22.2},"geometry":{"type":"Point","coordinates":[75.4668,29.832]}},{"type":"Feature","properties":{"s":"Punjab","v":22.2},"geometry":{"type":"Point","coordinates":[75.0381,30.105]}},{"type":"Feature","properties":{"s":"Punjab","v":22.2},"geometry":{"type":"Point","coordinates":[75.6725,30.3392]}},{"type":"Feature","properties":{"s":"Punjab","v":22.2},"geometry":{"type":"Point","coordinates":[74.7058,30.7679]}},{"type":"Feature","properties":{"s":"Punjab","v":22.2},"geometry":{"type":"Point","coordinates":[75.7971,32.359]}},{"type":"Feature","properties":{"s":"Punjab","v":22.2},"geometry":{"type":"Point","coordinates":[75.1816,31.0602]}},{"type":"Feature","properties":{"s":"Punjab","v":22.2},"geometry":{"type":"Point","coordinates":[75.5049,30.5426]}},{"type":"Feature","properties":{"s":"Punjab","v":22.2},"geometry":{"type":"Point","coordinates":[75.2252,30.8857]}},{"type":"Feature","properties":{"s":"Punjab","v":22.2},"geometry":{"type":"Point","coordinates":[75.6369,31.5059]}},{"type":"Feature","properties":{"s":"Punjab","v":22.2},"geometry":{"type":"Point","coordinates":[74.1497,30.3839]}},{"type":"Feature","properties":{"s":"Punjab","v":22.2},"geometry":{"type":"Point","coordinates":[74.89,30.4946]}},{"type":"Feature","properties":{"s":"Punjab","v":22.2},"geometry":{"type":"Point","coordinates":[75.5477,31.4048]}},{"type":"Feature","properties":{"s":"Punjab","v":22.2},"geometry":{"type":"Point","coordinates":[75.912,30.2334]}},{"type":"Feature","properties":{"s":"Punjab","v":22.2},"geometry":{"type":"Point","coordinates":[75.1477,30.3091]}},{"type":"Feature","properties":{"s":"Punjab","v":22.2},"geometry":{"type":"Point","coordinates":[75.769,30.959]}},{"type":"Feature","properties":{"s":"Punjab","v":22.2},"geometry":{"type":"Point","coordinates":[74.6622,30.588]}},{"type":"Feature","properties":{"s":"Punjab","v":22.2},"geometry":{"type":"Point","coordinates":[74.5718,31.5799]}},{"type":"Feature","properties":{"s":"Punjab","v":22.2},"geometry":{"type":"Point","coordinates":[76.5129,31.0621]}},{"type":"Feature","properties":{"s":"Punjab","v":22.2},"geometry":{"type":"Point","coordinates":[76.4988,30.7196]}},{"type":"Feature","properties":{"s":"Punjab","v":22.2},"geometry":{"type":"Point","coordinates":[76.5575,30.3738]}},{"type":"Feature","properties":{"s":"Punjab","v":22.2},"geometry":{"type":"Point","coordinates":[76.0051,30.2275]}},{"type":"Feature","properties":{"s":"Punjab","v":22.2},"geometry":{"type":"Point","coordinates":[74.544,30.7069]}},{"type":"Feature","properties":{"s":"Punjab","v":22.2},"geometry":{"type":"Point","coordinates":[75.0786,30.9208]}},{"type":"Feature","properties":{"s":"Punjab","v":22.2},"geometry":{"type":"Point","coordinates":[75.3971,30.0119]}},{"type":"Feature","properties":{"s":"Punjab","v":22.2},"geometry":{"type":"Point","coordinates":[75.9542,31.0097]}},{"type":"Feature","properties":{"s":"Punjab","v":22.2},"geometry":{"type":"Point","coordinates":[75.13,31.8189]}},{"type":"Feature","properties":{"s":"Punjab","v":22.2},"geometry":{"type":"Point","coordinates":[75.8111,30.8528]}},{"type":"Feature","properties":{"s":"Punjab","v":22.2},"geometry":{"type":"Point","coordinates":[75.8175,32.3924]}},{"type":"Feature","properties":{"s":"Punjab","v":22.2},"geometry":{"type":"Point","coordinates":[76.0159,30.9985]}},{"type":"Feature","properties":{"s":"Punjab","v":22.2},"geometry":{"type":"Point","coordinates":[75.2281,31.1628]}},{"type":"Feature","properties":{"s":"Punjab","v":22.2},"geometry":{"type":"Point","coordinates":[75.013,31.8885]}},{"type":"Feature","properties":{"s":"Punjab","v":22.2},"geometry":{"type":"Point","coordinates":[75.7206,31.0047]}},{"type":"Feature","properties":{"s":"Punjab","v":22.2},"geometry":{"type":"Point","coordinates":[73.9806,30.1005]}},{"type":"Feature","properties":{"s":"Punjab","v":22.2},"geometry":{"type":"Point","coordinates":[76.0067,30.2332]}},{"type":"Feature","properties":{"s":"Punjab","v":22.2},"geometry":{"type":"Point","coordinates":[76.0328,31.1826]}},{"type":"Feature","properties":{"s":"Punjab","v":22.2},"geometry":{"type":"Point","coordinates":[75.9326,31.6375]}},{"type":"Feature","properties":{"s":"Punjab","v":22.2},"geometry":{"type":"Point","coordinates":[74.5651,30.1962]}},{"type":"Feature","properties":{"s":"Punjab","v":22.2},"geometry":{"type":"Point","coordinates":[76.1206,31.4098]}},{"type":"Feature","properties":{"s":"Punjab","v":22.2},"geometry":{"type":"Point","coordinates":[75.7874,29.9569]}},{"type":"Feature","properties":{"s":"Punjab","v":22.2},"geometry":{"type":"Point","coordinates":[75.6239,31.4029]}},{"type":"Feature","properties":{"s":"Punjab","v":22.2},"geometry":{"type":"Point","coordinates":[74.9654,31.8537]}},{"type":"Feature","properties":{"s":"Punjab","v":22.2},"geometry":{"type":"Point","coordinates":[75.3224,30.8777]}},{"type":"Feature","properties":{"s":"Punjab","v":22.2},"geometry":{"type":"Point","coordinates":[74.8491,30.552]}},{"type":"Feature","properties":{"s":"Punjab","v":22.2},"geometry":{"type":"Point","coordinates":[75.5503,31.893]}},{"type":"Feature","properties":{"s":"Punjab","v":22.2},"geometry":{"type":"Point","coordinates":[73.9748,30.3359]}},{"type":"Feature","properties":{"s":"Punjab","v":22.2},"geometry":{"type":"Point","coordinates":[74.0204,30.0926]}},{"type":"Feature","properties":{"s":"Punjab","v":22.2},"geometry":{"type":"Point","coordinates":[75.4987,32.0023]}},{"type":"Feature","properties":{"s":"Punjab","v":22.2},"geometry":{"type":"Point","coordinates":[75.9157,30.2181]}},{"type":"Feature","properties":{"s":"Punjab","v":22.2},"geometry":{"type":"Point","coordinates":[75.7235,29.8735]}},{"type":"Feature","properties":{"s":"Punjab","v":22.2},"geometry":{"type":"Point","coordinates":[76.3217,31.1488]}},{"type":"Feature","properties":{"s":"Punjab","v":22.2},"geometry":{"type":"Point","coordinates":[74.2771,30.2081]}},{"type":"Feature","properties":{"s":"Punjab","v":22.2},"geometry":{"type":"Point","coordinates":[74.9111,31.8412]}},{"type":"Feature","properties":{"s":"Punjab","v":22.2},"geometry":{"type":"Point","coordinates":[76.8515,30.4261]}},{"type":"Feature","properties":{"s":"Punjab","v":22.2},"geometry":{"type":"Point","coordinates":[75.6427,31.1665]}},{"type":"Feature","properties":{"s":"Punjab","v":22.2},"geometry":{"type":"Point","coordinates":[76.1487,30.3192]}},{"type":"Feature","properties":{"s":"Punjab","v":22.2},"geometry":{"type":"Point","coordinates":[75.9313,30.941]}},{"type":"Feature","properties":{"s":"Punjab","v":22.2},"geometry":{"type":"Point","coordinates":[73.9882,30.1741]}},{"type":"Feature","properties":{"s":"Punjab","v":22.2},"geometry":{"type":"Point","coordinates":[75.0294,31.9746]}},{"type":"Feature","properties":{"s":"Punjab","v":22.2},"geometry":{"type":"Point","coordinates":[75.3473,31.8617]}},{"type":"Feature","properties":{"s":"Punjab","v":22.2},"geometry":{"type":"Point","coordinates":[76.9152,30.5528]}},{"type":"Feature","properties":{"s":"Punjab","v":22.2},"geometry":{"type":"Point","coordinates":[74.6478,30.2801]}},{"type":"Feature","properties":{"s":"Punjab","v":22.2},"geometry":{"type":"Point","coordinates":[75.8364,31.3906]}},{"type":"Feature","properties":{"s":"Punjab","v":22.2},"geometry":{"type":"Point","coordinates":[75.0994,30.5389]}},{"type":"Feature","properties":{"s":"Punjab","v":22.2},"geometry":{"type":"Point","coordinates":[75.1235,29.876]}},{"type":"Feature","properties":{"s":"Punjab","v":22.2},"geometry":{"type":"Point","coordinates":[75.9625,30.2637]}},{"type":"Feature","properties":{"s":"Punjab","v":22.2},"geometry":{"type":"Point","coordinates":[75.4897,31.8269]}},{"type":"Feature","properties":{"s":"Punjab","v":22.2},"geometry":{"type":"Point","coordinates":[75.1958,31.7417]}},{"type":"Feature","properties":{"s":"Punjab","v":22.2},"geometry":{"type":"Point","coordinates":[74.8557,31.5004]}},{"type":"Feature","properties":{"s":"Punjab","v":22.2},"geometry":{"type":"Point","coordinates":[75.1051,30.6241]}},{"type":"Feature","properties":{"s":"Punjab","v":22.2},"geometry":{"type":"Point","coordinates":[75.6306,30.2288]}},{"type":"Feature","properties":{"s":"Punjab","v":22.2},"geometry":{"type":"Point","coordinates":[76.428,30.6376]}},{"type":"Feature","properties":{"s":"Punjab","v":22.2},"geometry":{"type":"Point","coordinates":[75.857,30.3088]}},{"type":"Feature","properties":{"s":"Punjab","v":22.2},"geometry":{"type":"Point","coordinates":[75.1848,30.226]}},{"type":"Feature","properties":{"s":"Punjab","v":22.2},"geometry":{"type":"Point","coordinates":[75.2582,30.8937]}},{"type":"Feature","properties":{"s":"Punjab","v":22.2},"geometry":{"type":"Point","coordinates":[74.9133,30.0103]}},{"type":"Feature","properties":{"s":"Punjab","v":22.2},"geometry":{"type":"Point","coordinates":[74.8809,30.4629]}},{"type":"Feature","properties":{"s":"Punjab","v":22.2},"geometry":{"type":"Point","coordinates":[75.6796,31.0424]}},{"type":"Feature","properties":{"s":"Punjab","v":22.2},"geometry":{"type":"Point","coordinates":[76.3449,30.3073]}},{"type":"Feature","properties":{"s":"Punjab","v":22.2},"geometry":{"type":"Point","coordinates":[76.0551,31.0373]}},{"type":"Feature","properties":{"s":"Punjab","v":22.2},"geometry":{"type":"Point","coordinates":[75.4342,31.2039]}},{"type":"Feature","properties":{"s":"Punjab","v":22.2},"geometry":{"type":"Point","coordinates":[76.1459,30.0216]}},{"type":"Feature","properties":{"s":"Punjab","v":22.2},"geometry":{"type":"Point","coordinates":[74.3982,30.0258]}},{"type":"Feature","properties":{"s":"Punjab","v":22.2},"geometry":{"type":"Point","coordinates":[76.2019,31.0981]}},{"type":"Feature","properties":{"s":"Punjab","v":22.2},"geometry":{"type":"Point","coordinates":[75.6014,31.302]}},{"type":"Feature","properties":{"s":"Punjab","v":22.2},"geometry":{"type":"Point","coordinates":[73.9371,30.3095]}},{"type":"Feature","properties":{"s":"Punjab","v":22.2},"geometry":{"type":"Point","coordinates":[74.7415,31.885]}},{"type":"Feature","properties":{"s":"Punjab","v":22.2},"geometry":{"type":"Point","coordinates":[74.8226,31.1657]}},{"type":"Feature","properties":{"s":"Punjab","v":22.2},"geometry":{"type":"Point","coordinates":[75.1447,30.3345]}},{"type":"Feature","properties":{"s":"Punjab","v":22.2},"geometry":{"type":"Point","coordinates":[76.2021,31.1144]}},{"type":"Feature","properties":{"s":"Punjab","v":22.2},"geometry":{"type":"Point","coordinates":[74.5285,30.9977]}},{"type":"Feature","properties":{"s":"Punjab","v":22.2},"geometry":{"type":"Point","coordinates":[74.1644,30.499]}},{"type":"Feature","properties":{"s":"Punjab","v":22.2},"geometry":{"type":"Point","coordinates":[76.4411,31.2534]}},{"type":"Feature","properties":{"s":"Punjab","v":22.2},"geometry":{"type":"Point","coordinates":[74.7844,30.1596]}},{"type":"Feature","properties":{"s":"Punjab","v":22.2},"geometry":{"type":"Point","coordinates":[75.9998,30.0329]}},{"type":"Feature","properties":{"s":"Punjab","v":22.2},"geometry":{"type":"Point","coordinates":[74.3599,30.7066]}},{"type":"Feature","properties":{"s":"Punjab","v":22.2},"geometry":{"type":"Point","coordinates":[75.6644,31.1288]}},{"type":"Feature","properties":{"s":"Punjab","v":22.2},"geometry":{"type":"Point","coordinates":[75.0701,30.1599]}},{"type":"Feature","properties":{"s":"Punjab","v":22.2},"geometry":{"type":"Point","coordinates":[75.9292,30.2756]}},{"type":"Feature","properties":{"s":"Punjab","v":22.2},"geometry":{"type":"Point","coordinates":[76.0911,31.1322]}},{"type":"Feature","properties":{"s":"Punjab","v":22.2},"geometry":{"type":"Point","coordinates":[74.8176,30.9429]}},{"type":"Feature","properties":{"s":"Punjab","v":22.2},"geometry":{"type":"Point","coordinates":[74.8853,30.8049]}},{"type":"Feature","properties":{"s":"Punjab","v":22.2},"geometry":{"type":"Point","coordinates":[74.8571,31.7675]}},{"type":"Feature","properties":{"s":"Punjab","v":22.2},"geometry":{"type":"Point","coordinates":[76.389,31.3446]}},{"type":"Feature","properties":{"s":"Punjab","v":22.2},"geometry":{"type":"Point","coordinates":[75.8915,30.6949]}},{"type":"Feature","properties":{"s":"Punjab","v":22.2},"geometry":{"type":"Point","coordinates":[76.4452,31.1452]}},{"type":"Feature","properties":{"s":"Punjab","v":22.2},"geometry":{"type":"Point","coordinates":[75.327,29.741]}},{"type":"Feature","properties":{"s":"Punjab","v":22.2},"geometry":{"type":"Point","coordinates":[75.4405,30.992]}},{"type":"Feature","properties":{"s":"Punjab","v":22.2},"geometry":{"type":"Point","coordinates":[74.9442,30.3618]}},{"type":"Feature","properties":{"s":"Punjab","v":22.2},"geometry":{"type":"Point","coordinates":[76.3442,31.1865]}},{"type":"Feature","properties":{"s":"Punjab","v":22.2},"geometry":{"type":"Point","coordinates":[75.9677,31.4067]}},{"type":"Feature","properties":{"s":"Punjab","v":22.2},"geometry":{"type":"Point","coordinates":[74.4401,30.2811]}},{"type":"Feature","properties":{"s":"Punjab","v":22.2},"geometry":{"type":"Point","coordinates":[76.0446,31.5485]}},{"type":"Feature","properties":{"s":"Punjab","v":22.2},"geometry":{"type":"Point","coordinates":[74.7562,30.1801]}},{"type":"Feature","properties":{"s":"Punjab","v":22.2},"geometry":{"type":"Point","coordinates":[76.6735,30.4123]}},{"type":"Feature","properties":{"s":"Punjab","v":22.2},"geometry":{"type":"Point","coordinates":[75.6861,31.2493]}},{"type":"Feature","properties":{"s":"Punjab","v":22.2},"geometry":{"type":"Point","coordinates":[73.9999,30.2629]}},{"type":"Feature","properties":{"s":"Punjab","v":22.2},"geometry":{"type":"Point","coordinates":[74.6604,30.5109]}},{"type":"Feature","properties":{"s":"Punjab","v":22.2},"geometry":{"type":"Point","coordinates":[75.2576,31.5844]}},{"type":"Feature","properties":{"s":"Punjab","v":22.2},"geometry":{"type":"Point","coordinates":[74.8197,30.8218]}},{"type":"Feature","properties":{"s":"Punjab","v":22.2},"geometry":{"type":"Point","coordinates":[75.0639,31.2612]}},{"type":"Feature","properties":{"s":"Punjab","v":22.2},"geometry":{"type":"Point","coordinates":[73.9753,30.3719]}},{"type":"Feature","properties":{"s":"Punjab","v":22.2},"geometry":{"type":"Point","coordinates":[75.9987,30.5619]}},{"type":"Feature","properties":{"s":"Punjab","v":22.2},"geometry":{"type":"Point","coordinates":[74.1963,30.3299]}},{"type":"Feature","properties":{"s":"Punjab","v":22.2},"geometry":{"type":"Point","coordinates":[74.7037,30.174]}},{"type":"Feature","properties":{"s":"Punjab","v":22.2},"geometry":{"type":"Point","coordinates":[75.9521,30.0327]}},{"type":"Feature","properties":{"s":"Punjab","v":22.2},"geometry":{"type":"Point","coordinates":[76.529,30.2589]}},{"type":"Feature","properties":{"s":"Punjab","v":22.2},"geometry":{"type":"Point","coordinates":[74.8243,30.579]}},{"type":"Feature","properties":{"s":"Punjab","v":22.2},"geometry":{"type":"Point","coordinates":[76.5718,31.05]}},{"type":"Feature","properties":{"s":"Punjab","v":22.2},"geometry":{"type":"Point","coordinates":[76.3277,30.1934]}},{"type":"Feature","properties":{"s":"Punjab","v":22.2},"geometry":{"type":"Point","coordinates":[76.2849,30.5518]}},{"type":"Feature","properties":{"s":"Punjab","v":22.2},"geometry":{"type":"Point","coordinates":[75.3618,29.7959]}},{"type":"Feature","properties":{"s":"Punjab","v":22.2},"geometry":{"type":"Point","coordinates":[75.7409,31.5849]}},{"type":"Feature","properties":{"s":"Punjab","v":22.2},"geometry":{"type":"Point","coordinates":[76.246,30.2361]}},{"type":"Feature","properties":{"s":"Punjab","v":22.2},"geometry":{"type":"Point","coordinates":[74.7784,30.2104]}},{"type":"Feature","properties":{"s":"Punjab","v":22.2},"geometry":{"type":"Point","coordinates":[75.6951,31.2051]}},{"type":"Feature","properties":{"s":"Punjab","v":22.2},"geometry":{"type":"Point","coordinates":[76.3763,31.1676]}},{"type":"Feature","properties":{"s":"Punjab","v":22.2},"geometry":{"type":"Point","coordinates":[75.8088,30.8713]}},{"type":"Feature","properties":{"s":"Punjab","v":22.2},"geometry":{"type":"Point","coordinates":[76.51,30.6025]}},{"type":"Feature","properties":{"s":"Punjab","v":22.2},"geometry":{"type":"Point","coordinates":[75.5521,29.956]}},{"type":"Feature","properties":{"s":"Punjab","v":22.2},"geometry":{"type":"Point","coordinates":[75.2178,31.6466]}},{"type":"Feature","properties":{"s":"Punjab","v":22.2},"geometry":{"type":"Point","coordinates":[75.2549,31.2527]}},{"type":"Feature","properties":{"s":"Punjab","v":22.2},"geometry":{"type":"Point","coordinates":[75.5095,32.1289]}},{"type":"Feature","properties":{"s":"Punjab","v":22.2},"geometry":{"type":"Point","coordinates":[75.5927,32.1247]}},{"type":"Feature","properties":{"s":"Punjab","v":22.2},"geometry":{"type":"Point","coordinates":[75.9408,30.5438]}},{"type":"Feature","properties":{"s":"Punjab","v":22.2},"geometry":{"type":"Point","coordinates":[75.7986,31.3294]}},{"type":"Feature","properties":{"s":"Punjab","v":22.2},"geometry":{"type":"Point","coordinates":[74.7308,31.0377]}},{"type":"Feature","properties":{"s":"Punjab","v":22.2},"geometry":{"type":"Point","coordinates":[75.0924,31.4721]}},{"type":"Feature","properties":{"s":"Punjab","v":22.2},"geometry":{"type":"Point","coordinates":[74.4145,30.762]}},{"type":"Feature","properties":{"s":"Punjab","v":22.2},"geometry":{"type":"Point","coordinates":[75.8231,31.5728]}},{"type":"Feature","properties":{"s":"Punjab","v":22.2},"geometry":{"type":"Point","coordinates":[75.2172,29.9829]}},{"type":"Feature","properties":{"s":"Punjab","v":22.2},"geometry":{"type":"Point","coordinates":[74.6081,30.2143]}},{"type":"Feature","properties":{"s":"Punjab","v":22.2},"geometry":{"type":"Point","coordinates":[74.8123,31.015]}},{"type":"Feature","properties":{"s":"Punjab","v":22.2},"geometry":{"type":"Point","coordinates":[74.6189,31.3877]}},{"type":"Feature","properties":{"s":"Punjab","v":22.2},"geometry":{"type":"Point","coordinates":[76.3564,30.3713]}},{"type":"Feature","properties":{"s":"Punjab","v":22.2},"geometry":{"type":"Point","coordinates":[75.0731,30.2251]}},{"type":"Feature","properties":{"s":"Punjab","v":22.2},"geometry":{"type":"Point","coordinates":[75.6407,29.9215]}},{"type":"Feature","properties":{"s":"Punjab","v":22.2},"geometry":{"type":"Point","coordinates":[74.6777,30.9054]}},{"type":"Feature","properties":{"s":"Punjab","v":22.2},"geometry":{"type":"Point","coordinates":[75.4433,30.0249]}},{"type":"Feature","properties":{"s":"Punjab","v":22.2},"geometry":{"type":"Point","coordinates":[76.1055,30.3523]}},{"type":"Feature","properties":{"s":"Punjab","v":22.2},"geometry":{"type":"Point","coordinates":[75.7878,30.1994]}},{"type":"Feature","properties":{"s":"Punjab","v":22.2},"geometry":{"type":"Point","coordinates":[75.4769,31.595]}},{"type":"Feature","properties":{"s":"Punjab","v":22.2},"geometry":{"type":"Point","coordinates":[76.0195,30.2917]}},{"type":"Feature","properties":{"s":"Punjab","v":22.2},"geometry":{"type":"Point","coordinates":[74.3627,29.9874]}},{"type":"Feature","properties":{"s":"Punjab","v":22.2},"geometry":{"type":"Point","coordinates":[75.5237,29.9985]}},{"type":"Feature","properties":{"s":"Punjab","v":22.2},"geometry":{"type":"Point","coordinates":[76.8426,30.5056]}},{"type":"Feature","properties":{"s":"Punjab","v":22.2},"geometry":{"type":"Point","coordinates":[74.4952,30.5213]}},{"type":"Feature","properties":{"s":"Punjab","v":22.2},"geometry":{"type":"Point","coordinates":[76.2598,30.6733]}},{"type":"Feature","properties":{"s":"Punjab","v":22.2},"geometry":{"type":"Point","coordinates":[74.8867,31.0005]}},{"type":"Feature","properties":{"s":"Punjab","v":22.2},"geometry":{"type":"Point","coordinates":[74.7744,31.7416]}},{"type":"Feature","properties":{"s":"Punjab","v":22.2},"geometry":{"type":"Point","coordinates":[74.7709,31.4401]}},{"type":"Feature","properties":{"s":"Punjab","v":22.2},"geometry":{"type":"Point","coordinates":[76.822,30.4813]}},{"type":"Feature","properties":{"s":"Punjab","v":22.2},"geometry":{"type":"Point","coordinates":[76.869,30.5771]}},{"type":"Feature","properties":{"s":"Punjab","v":22.2},"geometry":{"type":"Point","coordinates":[75.5433,31.9968]}},{"type":"Feature","properties":{"s":"Punjab","v":22.2},"geometry":{"type":"Point","coordinates":[74.7051,30.7616]}},{"type":"Feature","properties":{"s":"Punjab","v":22.2},"geometry":{"type":"Point","coordinates":[76.4108,30.7933]}},{"type":"Feature","properties":{"s":"Punjab","v":22.2},"geometry":{"type":"Point","coordinates":[76.2504,30.8077]}},{"type":"Feature","properties":{"s":"Punjab","v":22.2},"geometry":{"type":"Point","coordinates":[74.5895,30.4845]}},{"type":"Feature","properties":{"s":"Punjab","v":22.2},"geometry":{"type":"Point","coordinates":[75.6677,32.0259]}},{"type":"Feature","properties":{"s":"Punjab","v":22.2},"geometry":{"type":"Point","coordinates":[75.2841,29.7812]}},{"type":"Feature","properties":{"s":"Punjab","v":22.2},"geometry":{"type":"Point","coordinates":[74.9214,31.1319]}},{"type":"Feature","properties":{"s":"Punjab","v":22.2},"geometry":{"type":"Point","coordinates":[75.7833,31.0215]}},{"type":"Feature","properties":{"s":"Punjab","v":22.2},"geometry":{"type":"Point","coordinates":[75.8929,30.6615]}},{"type":"Feature","properties":{"s":"Punjab","v":22.2},"geometry":{"type":"Point","coordinates":[76.0769,31.3421]}},{"type":"Feature","properties":{"s":"Punjab","v":22.2},"geometry":{"type":"Point","coordinates":[75.6804,31.6218]}},{"type":"Feature","properties":{"s":"Punjab","v":22.2},"geometry":{"type":"Point","coordinates":[75.6222,31.436]}},{"type":"Feature","properties":{"s":"Punjab","v":22.2},"geometry":{"type":"Point","coordinates":[75.6908,29.8252]}},{"type":"Feature","properties":{"s":"Punjab","v":22.2},"geometry":{"type":"Point","coordinates":[76.5198,30.543]}},{"type":"Feature","properties":{"s":"Punjab","v":22.2},"geometry":{"type":"Point","coordinates":[75.4571,31.8611]}},{"type":"Feature","properties":{"s":"Punjab","v":22.2},"geometry":{"type":"Point","coordinates":[75.426,31.9544]}},{"type":"Feature","properties":{"s":"Punjab","v":22.2},"geometry":{"type":"Point","coordinates":[75.2926,31.8166]}},{"type":"Feature","properties":{"s":"Punjab","v":22.2},"geometry":{"type":"Point","coordinates":[75.3682,31.7446]}},{"type":"Feature","properties":{"s":"Punjab","v":22.2},"geometry":{"type":"Point","coordinates":[74.5935,30.2053]}},{"type":"Feature","properties":{"s":"Punjab","v":22.2},"geometry":{"type":"Point","coordinates":[74.2381,30.5446]}},{"type":"Feature","properties":{"s":"Punjab","v":22.2},"geometry":{"type":"Point","coordinates":[75.3082,29.74]}},{"type":"Feature","properties":{"s":"Punjab","v":22.2},"geometry":{"type":"Point","coordinates":[75.9232,30.3909]}},{"type":"Feature","properties":{"s":"Punjab","v":22.2},"geometry":{"type":"Point","coordinates":[75.2694,29.9107]}},{"type":"Feature","properties":{"s":"Punjab","v":22.2},"geometry":{"type":"Point","coordinates":[75.2947,30.0042]}},{"type":"Feature","properties":{"s":"Punjab","v":22.2},"geometry":{"type":"Point","coordinates":[76.1488,30.5914]}},{"type":"Feature","properties":{"s":"Punjab","v":22.2},"geometry":{"type":"Point","coordinates":[75.9706,30.2719]}},{"type":"Feature","properties":{"s":"Punjab","v":22.2},"geometry":{"type":"Point","coordinates":[76.0404,30.7055]}},{"type":"Feature","properties":{"s":"Punjab","v":22.2},"geometry":{"type":"Point","coordinates":[75.9838,31.1846]}},{"type":"Feature","properties":{"s":"Punjab","v":22.2},"geometry":{"type":"Point","coordinates":[75.6128,31.3289]}},{"type":"Feature","properties":{"s":"Punjab","v":22.2},"geometry":{"type":"Point","coordinates":[74.6064,30.7387]}},{"type":"Feature","properties":{"s":"Punjab","v":22.2},"geometry":{"type":"Point","coordinates":[75.827,30.6497]}},{"type":"Feature","properties":{"s":"Punjab","v":22.2},"geometry":{"type":"Point","coordinates":[74.591,30.3088]}},{"type":"Feature","properties":{"s":"Punjab","v":22.2},"geometry":{"type":"Point","coordinates":[76.006,30.3682]}},{"type":"Feature","properties":{"s":"Punjab","v":22.2},"geometry":{"type":"Point","coordinates":[75.3977,30.0018]}},{"type":"Feature","properties":{"s":"Punjab","v":22.2},"geometry":{"type":"Point","coordinates":[74.5338,29.989]}},{"type":"Feature","properties":{"s":"Punjab","v":22.2},"geometry":{"type":"Point","coordinates":[75.5624,32.2665]}},{"type":"Feature","properties":{"s":"Punjab","v":22.2},"geometry":{"type":"Point","coordinates":[75.713,31.4701]}},{"type":"Feature","properties":{"s":"Punjab","v":22.2},"geometry":{"type":"Point","coordinates":[75.7943,30.8873]}},{"type":"Feature","properties":{"s":"Punjab","v":22.2},"geometry":{"type":"Point","coordinates":[74.5181,30.911]}},{"type":"Feature","properties":{"s":"Punjab","v":22.2},"geometry":{"type":"Point","coordinates":[76.3396,30.5835]}},{"type":"Feature","properties":{"s":"Punjab","v":22.2},"geometry":{"type":"Point","coordinates":[74.951,31.4319]}},{"type":"Feature","properties":{"s":"Punjab","v":22.2},"geometry":{"type":"Point","coordinates":[76.4088,30.5551]}},{"type":"Feature","properties":{"s":"Punjab","v":22.2},"geometry":{"type":"Point","coordinates":[74.7527,29.9924]}},{"type":"Feature","properties":{"s":"Punjab","v":22.2},"geometry":{"type":"Point","coordinates":[74.8384,31.9407]}},{"type":"Feature","properties":{"s":"Punjab","v":22.2},"geometry":{"type":"Point","coordinates":[74.6352,30.213]}},{"type":"Feature","properties":{"s":"Punjab","v":22.2},"geometry":{"type":"Point","coordinates":[75.5996,31.0934]}},{"type":"Feature","properties":{"s":"Punjab","v":22.2},"geometry":{"type":"Point","coordinates":[75.4051,31.9781]}},{"type":"Feature","properties":{"s":"Punjab","v":22.2},"geometry":{"type":"Point","coordinates":[74.5648,30.1617]}},{"type":"Feature","properties":{"s":"Punjab","v":22.2},"geometry":{"type":"Point","coordinates":[75.6567,31.9579]}},{"type":"Feature","properties":{"s":"Punjab","v":22.2},"geometry":{"type":"Point","coordinates":[74.2754,30.6277]}},{"type":"Feature","properties":{"s":"Punjab","v":22.2},"geometry":{"type":"Point","coordinates":[75.6445,30.4724]}},{"type":"Feature","properties":{"s":"Punjab","v":22.2},"geometry":{"type":"Point","coordinates":[74.5497,30.1851]}},{"type":"Feature","properties":{"s":"Punjab","v":22.2},"geometry":{"type":"Point","coordinates":[75.1574,31.8049]}},{"type":"Feature","properties":{"s":"Punjab","v":22.2},"geometry":{"type":"Point","coordinates":[75.066,30.3511]}},{"type":"Feature","properties":{"s":"Punjab","v":22.2},"geometry":{"type":"Point","coordinates":[75.0415,30.6249]}},{"type":"Feature","properties":{"s":"Punjab","v":22.2},"geometry":{"type":"Point","coordinates":[76.5963,30.8657]}},{"type":"Feature","properties":{"s":"Punjab","v":22.2},"geometry":{"type":"Point","coordinates":[74.0588,30.1577]}},{"type":"Feature","properties":{"s":"Punjab","v":22.2},"geometry":{"type":"Point","coordinates":[74.1078,30.4164]}},{"type":"Feature","properties":{"s":"Punjab","v":22.2},"geometry":{"type":"Point","coordinates":[76.8945,30.6086]}},{"type":"Feature","properties":{"s":"Punjab","v":22.2},"geometry":{"type":"Point","coordinates":[75.7473,31.7565]}},{"type":"Feature","properties":{"s":"Punjab","v":22.2},"geometry":{"type":"Point","coordinates":[76.2812,30.7262]}},{"type":"Feature","properties":{"s":"Punjab","v":22.2},"geometry":{"type":"Point","coordinates":[75.2268,31.0856]}},{"type":"Feature","properties":{"s":"Punjab","v":22.2},"geometry":{"type":"Point","coordinates":[76.0111,30.321]}},{"type":"Feature","properties":{"s":"Punjab","v":22.2},"geometry":{"type":"Point","coordinates":[74.8919,31.0158]}},{"type":"Feature","properties":{"s":"Punjab","v":22.2},"geometry":{"type":"Point","coordinates":[74.5835,30.1128]}},{"type":"Feature","properties":{"s":"Punjab","v":22.2},"geometry":{"type":"Point","coordinates":[75.2,31.5955]}},{"type":"Feature","properties":{"s":"Punjab","v":22.2},"geometry":{"type":"Point","coordinates":[74.289,30.5975]}},{"type":"Feature","properties":{"s":"Punjab","v":22.2},"geometry":{"type":"Point","coordinates":[75.9829,30.1502]}},{"type":"Feature","properties":{"s":"Punjab","v":22.2},"geometry":{"type":"Point","coordinates":[74.2284,30.5886]}},{"type":"Feature","properties":{"s":"Punjab","v":22.2},"geometry":{"type":"Point","coordinates":[76.116,30.3929]}},{"type":"Feature","properties":{"s":"Punjab","v":22.2},"geometry":{"type":"Point","coordinates":[75.2519,30.0564]}},{"type":"Feature","properties":{"s":"Punjab","v":22.2},"geometry":{"type":"Point","coordinates":[76.5447,30.714]}},{"type":"Feature","properties":{"s":"Punjab","v":22.2},"geometry":{"type":"Point","coordinates":[75.4658,31.4077]}},{"type":"Feature","properties":{"s":"Punjab","v":22.2},"geometry":{"type":"Point","coordinates":[76.1291,30.3628]}},{"type":"Feature","properties":{"s":"Punjab","v":22.2},"geometry":{"type":"Point","coordinates":[76.322,30.5839]}},{"type":"Feature","properties":{"s":"Punjab","v":22.2},"geometry":{"type":"Point","coordinates":[75.209,29.6947]}},{"type":"Feature","properties":{"s":"Punjab","v":22.2},"geometry":{"type":"Point","coordinates":[75.3731,30.1846]}},{"type":"Feature","properties":{"s":"Punjab","v":22.2},"geometry":{"type":"Point","coordinates":[74.8696,30.7331]}},{"type":"Feature","properties":{"s":"Punjab","v":22.2},"geometry":{"type":"Point","coordinates":[75.3512,30.8939]}},{"type":"Feature","properties":{"s":"Punjab","v":22.2},"geometry":{"type":"Point","coordinates":[75.5119,29.8224]}},{"type":"Feature","properties":{"s":"Punjab","v":22.2},"geometry":{"type":"Point","coordinates":[76.1594,30.4518]}},{"type":"Feature","properties":{"s":"Punjab","v":22.2},"geometry":{"type":"Point","coordinates":[76.492,30.4006]}},{"type":"Feature","properties":{"s":"Punjab","v":22.2},"geometry":{"type":"Point","coordinates":[76.1428,29.956]}},{"type":"Feature","properties":{"s":"Punjab","v":22.2},"geometry":{"type":"Point","coordinates":[76.3856,31.0613]}},{"type":"Feature","properties":{"s":"Punjab","v":22.2},"geometry":{"type":"Point","coordinates":[75.171,31.2447]}},{"type":"Feature","properties":{"s":"Punjab","v":22.2},"geometry":{"type":"Point","coordinates":[75.7447,31.835]}},{"type":"Feature","properties":{"s":"Punjab","v":22.2},"geometry":{"type":"Point","coordinates":[74.5646,31.2378]}},{"type":"Feature","properties":{"s":"Punjab","v":22.2},"geometry":{"type":"Point","coordinates":[74.9744,31.3569]}},{"type":"Feature","properties":{"s":"Punjab","v":22.2},"geometry":{"type":"Point","coordinates":[75.5337,31.3371]}},{"type":"Feature","properties":{"s":"Punjab","v":22.2},"geometry":{"type":"Point","coordinates":[75.518,29.9597]}},{"type":"Feature","properties":{"s":"Punjab","v":22.2},"geometry":{"type":"Point","coordinates":[74.718,30.9025]}},{"type":"Feature","properties":{"s":"Punjab","v":22.2},"geometry":{"type":"Point","coordinates":[75.5019,30.4743]}},{"type":"Feature","properties":{"s":"Punjab","v":22.2},"geometry":{"type":"Point","coordinates":[75.8826,31.2958]}},{"type":"Feature","properties":{"s":"Punjab","v":22.2},"geometry":{"type":"Point","coordinates":[74.7788,30.9788]}},{"type":"Feature","properties":{"s":"Punjab","v":22.2},"geometry":{"type":"Point","coordinates":[75.6119,30.2298]}},{"type":"Feature","properties":{"s":"Punjab","v":22.2},"geometry":{"type":"Point","coordinates":[74.7992,31.2847]}},{"type":"Feature","properties":{"s":"Punjab","v":22.2},"geometry":{"type":"Point","coordinates":[75.8919,29.979]}},{"type":"Feature","properties":{"s":"Punjab","v":22.2},"geometry":{"type":"Point","coordinates":[75.6549,31.5822]}},{"type":"Feature","properties":{"s":"Punjab","v":22.2},"geometry":{"type":"Point","coordinates":[75.0644,31.6202]}},{"type":"Feature","properties":{"s":"Punjab","v":22.2},"geometry":{"type":"Point","coordinates":[76.0808,29.9814]}},{"type":"Feature","properties":{"s":"Punjab","v":22.2},"geometry":{"type":"Point","coordinates":[74.6614,31.7854]}},{"type":"Feature","properties":{"s":"Punjab","v":22.2},"geometry":{"type":"Point","coordinates":[75.3612,31.3914]}},{"type":"Feature","properties":{"s":"Punjab","v":22.2},"geometry":{"type":"Point","coordinates":[74.9224,30.1123]}},{"type":"Feature","properties":{"s":"Punjab","v":22.2},"geometry":{"type":"Point","coordinates":[75.3792,29.9042]}},{"type":"Feature","properties":{"s":"Punjab","v":22.2},"geometry":{"type":"Point","coordinates":[76.2431,31.1321]}},{"type":"Feature","properties":{"s":"Punjab","v":22.2},"geometry":{"type":"Point","coordinates":[75.0771,30.5564]}},{"type":"Feature","properties":{"s":"Punjab","v":22.2},"geometry":{"type":"Point","coordinates":[76.1246,30.1057]}},{"type":"Feature","properties":{"s":"Punjab","v":22.2},"geometry":{"type":"Point","coordinates":[74.256,30.3557]}},{"type":"Feature","properties":{"s":"Punjab","v":22.2},"geometry":{"type":"Point","coordinates":[74.4478,29.9914]}},{"type":"Feature","properties":{"s":"Punjab","v":22.2},"geometry":{"type":"Point","coordinates":[74.945,30.071]}},{"type":"Feature","properties":{"s":"Punjab","v":22.2},"geometry":{"type":"Point","coordinates":[74.6558,31.7445]}},{"type":"Feature","properties":{"s":"Punjab","v":22.2},"geometry":{"type":"Point","coordinates":[75.0925,30.3497]}},{"type":"Feature","properties":{"s":"Punjab","v":22.2},"geometry":{"type":"Point","coordinates":[74.5181,30.2551]}},{"type":"Feature","properties":{"s":"Punjab","v":22.2},"geometry":{"type":"Point","coordinates":[75.443,32.0654]}},{"type":"Feature","properties":{"s":"Punjab","v":22.2},"geometry":{"type":"Point","coordinates":[75.3915,30.5024]}},{"type":"Feature","properties":{"s":"Punjab","v":22.2},"geometry":{"type":"Point","coordinates":[76.3779,31.3011]}},{"type":"Feature","properties":{"s":"Punjab","v":22.2},"geometry":{"type":"Point","coordinates":[75.9171,31.405]}},{"type":"Feature","properties":{"s":"Punjab","v":22.2},"geometry":{"type":"Point","coordinates":[75.544,30.9556]}},{"type":"Feature","properties":{"s":"Punjab","v":22.2},"geometry":{"type":"Point","coordinates":[76.5901,30.406]}},{"type":"Feature","properties":{"s":"Punjab","v":22.2},"geometry":{"type":"Point","coordinates":[74.6895,30.4218]}},{"type":"Feature","properties":{"s":"Punjab","v":22.2},"geometry":{"type":"Point","coordinates":[75.1173,30.4501]}},{"type":"Feature","properties":{"s":"Punjab","v":22.2},"geometry":{"type":"Point","coordinates":[74.2949,30.7091]}},{"type":"Feature","properties":{"s":"Punjab","v":22.2},"geometry":{"type":"Point","coordinates":[75.9595,30.869]}},{"type":"Feature","properties":{"s":"Punjab","v":22.2},"geometry":{"type":"Point","coordinates":[74.9919,30.0042]}},{"type":"Feature","properties":{"s":"Rajasthan","v":13.7},"geometry":{"type":"Point","coordinates":[76.6751,27.7171]}},{"type":"Feature","properties":{"s":"Rajasthan","v":13.7},"geometry":{"type":"Point","coordinates":[69.8106,27.0949]}},{"type":"Feature","properties":{"s":"Rajasthan","v":13.7},"geometry":{"type":"Point","coordinates":[73.4187,25.4081]}},{"type":"Feature","properties":{"s":"Rajasthan","v":13.7},"geometry":{"type":"Point","coordinates":[75.6447,26.9512]}},{"type":"Feature","properties":{"s":"Rajasthan","v":13.7},"geometry":{"type":"Point","coordinates":[71.7172,27.2265]}},{"type":"Feature","properties":{"s":"Rajasthan","v":13.7},"geometry":{"type":"Point","coordinates":[76.7384,27.6803]}},{"type":"Feature","properties":{"s":"Rajasthan","v":13.7},"geometry":{"type":"Point","coordinates":[73.4664,26.2793]}},{"type":"Feature","properties":{"s":"Rajasthan","v":13.7},"geometry":{"type":"Point","coordinates":[74.449,28.3963]}},{"type":"Feature","properties":{"s":"Rajasthan","v":13.7},"geometry":{"type":"Point","coordinates":[76.56,27.1443]}},{"type":"Feature","properties":{"s":"Rajasthan","v":13.7},"geometry":{"type":"Point","coordinates":[74.7333,29.0218]}},{"type":"Feature","properties":{"s":"Rajasthan","v":13.7},"geometry":{"type":"Point","coordinates":[73.259,25.2295]}},{"type":"Feature","properties":{"s":"Rajasthan","v":13.7},"geometry":{"type":"Point","coordinates":[70.3063,27.4781]}},{"type":"Feature","properties":{"s":"Rajasthan","v":13.7},"geometry":{"type":"Point","coordinates":[75.3406,28.742]}},{"type":"Feature","properties":{"s":"Rajasthan","v":13.7},"geometry":{"type":"Point","coordinates":[75.0961,26.766]}},{"type":"Feature","properties":{"s":"Rajasthan","v":13.7},"geometry":{"type":"Point","coordinates":[75.6286,28.1647]}},{"type":"Feature","properties":{"s":"Rajasthan","v":13.7},"geometry":{"type":"Point","coordinates":[71.2712,27.0712]}},{"type":"Feature","properties":{"s":"Rajasthan","v":13.7},"geometry":{"type":"Point","coordinates":[75.5349,23.9964]}},{"type":"Feature","properties":{"s":"Rajasthan","v":13.7},"geometry":{"type":"Point","coordinates":[73.9798,29.7674]}},{"type":"Feature","properties":{"s":"Rajasthan","v":13.7},"geometry":{"type":"Point","coordinates":[72.3297,27.0492]}},{"type":"Feature","properties":{"s":"Rajasthan","v":13.7},"geometry":{"type":"Point","coordinates":[75.6714,26.9334]}},{"type":"Feature","properties":{"s":"Rajasthan","v":13.7},"geometry":{"type":"Point","coordinates":[72.1457,25.8524]}},{"type":"Feature","properties":{"s":"Rajasthan","v":13.7},"geometry":{"type":"Point","coordinates":[74.9022,29.1403]}},{"type":"Feature","properties":{"s":"Rajasthan","v":13.7},"geometry":{"type":"Point","coordinates":[75.5528,26.0617]}},{"type":"Feature","properties":{"s":"Rajasthan","v":13.7},"geometry":{"type":"Point","coordinates":[73.4801,27.1866]}},{"type":"Feature","properties":{"s":"Rajasthan","v":13.7},"geometry":{"type":"Point","coordinates":[75.8496,28.3489]}},{"type":"Feature","properties":{"s":"Rajasthan","v":13.7},"geometry":{"type":"Point","coordinates":[76.1736,26.0995]}},{"type":"Feature","properties":{"s":"Rajasthan","v":13.7},"geometry":{"type":"Point","coordinates":[70.9102,26.7029]}},{"type":"Feature","properties":{"s":"Rajasthan","v":13.7},"geometry":{"type":"Point","coordinates":[76.3278,27.2941]}},{"type":"Feature","properties":{"s":"Rajasthan","v":13.7},"geometry":{"type":"Point","coordinates":[73.1324,29.3089]}},{"type":"Feature","properties":{"s":"Rajasthan","v":13.7},"geometry":{"type":"Point","coordinates":[75.4356,25.7008]}},{"type":"Feature","properties":{"s":"Rajasthan","v":13.7},"geometry":{"type":"Point","coordinates":[73.696,26.5484]}},{"type":"Feature","properties":{"s":"Rajasthan","v":13.7},"geometry":{"type":"Point","coordinates":[72.7634,26.555]}},{"type":"Feature","properties":{"s":"Rajasthan","v":13.7},"geometry":{"type":"Point","coordinates":[71.0642,25.1361]}},{"type":"Feature","properties":{"s":"Rajasthan","v":13.7},"geometry":{"type":"Point","coordinates":[73.6001,28.9703]}},{"type":"Feature","properties":{"s":"Rajasthan","v":13.7},"geometry":{"type":"Point","coordinates":[74.3935,28.7767]}},{"type":"Feature","properties":{"s":"Rajasthan","v":13.7},"geometry":{"type":"Point","coordinates":[71.9388,24.7845]}},{"type":"Feature","properties":{"s":"Rajasthan","v":13.7},"geometry":{"type":"Point","coordinates":[76.7365,26.4659]}},{"type":"Feature","properties":{"s":"Rajasthan","v":13.7},"geometry":{"type":"Point","coordinates":[73.9452,26.5262]}},{"type":"Feature","properties":{"s":"Rajasthan","v":13.7},"geometry":{"type":"Point","coordinates":[76.8311,25.2382]}},{"type":"Feature","properties":{"s":"Rajasthan","v":13.7},"geometry":{"type":"Point","coordinates":[75.5861,28.2249]}},{"type":"Feature","properties":{"s":"Rajasthan","v":13.7},"geometry":{"type":"Point","coordinates":[73.429,25.6621]}},{"type":"Feature","properties":{"s":"Rajasthan","v":13.7},"geometry":{"type":"Point","coordinates":[74.5631,24.6625]}},{"type":"Feature","properties":{"s":"Rajasthan","v":13.7},"geometry":{"type":"Point","coordinates":[75.9038,25.9054]}},{"type":"Feature","properties":{"s":"Rajasthan","v":13.7},"geometry":{"type":"Point","coordinates":[74.3923,25.6681]}},{"type":"Feature","properties":{"s":"Rajasthan","v":13.7},"geometry":{"type":"Point","coordinates":[74.073,24.9262]}},{"type":"Feature","properties":{"s":"Rajasthan","v":13.7},"geometry":{"type":"Point","coordinates":[74.2562,29.4158]}},{"type":"Feature","properties":{"s":"Rajasthan","v":13.7},"geometry":{"type":"Point","coordinates":[74.6398,25.7309]}},{"type":"Feature","properties":{"s":"Rajasthan","v":13.7},"geometry":{"type":"Point","coordinates":[73.4748,29.4957]}},{"type":"Feature","properties":{"s":"Rajasthan","v":13.7},"geometry":{"type":"Point","coordinates":[74.3537,24.6053]}},{"type":"Feature","properties":{"s":"Rajasthan","v":13.7},"geometry":{"type":"Point","coordinates":[74.7841,29.3541]}},{"type":"Feature","properties":{"s":"Rajasthan","v":13.7},"geometry":{"type":"Point","coordinates":[74.7912,28.0022]}},{"type":"Feature","properties":{"s":"Rajasthan","v":13.7},"geometry":{"type":"Point","coordinates":[73.0374,27.8862]}},{"type":"Feature","properties":{"s":"Rajasthan","v":13.7},"geometry":{"type":"Point","coordinates":[76.7225,24.9958]}},{"type":"Feature","properties":{"s":"Rajasthan","v":13.7},"geometry":{"type":"Point","coordinates":[73.4561,27.4737]}},{"type":"Feature","properties":{"s":"Rajasthan","v":13.7},"geometry":{"type":"Point","coordinates":[73.8283,23.9577]}},{"type":"Feature","properties":{"s":"Rajasthan","v":13.7},"geometry":{"type":"Point","coordinates":[70.3317,26.3502]}},{"type":"Feature","properties":{"s":"Rajasthan","v":13.7},"geometry":{"type":"Point","coordinates":[70.7457,26.1182]}},{"type":"Feature","properties":{"s":"Rajasthan","v":13.7},"geometry":{"type":"Point","coordinates":[75.8744,28.0329]}},{"type":"Feature","properties":{"s":"Rajasthan","v":13.7},"geometry":{"type":"Point","coordinates":[76.6226,26.4517]}},{"type":"Feature","properties":{"s":"Rajasthan","v":13.7},"geometry":{"type":"Point","coordinates":[71.292,26.2885]}},{"type":"Feature","properties":{"s":"Rajasthan","v":13.7},"geometry":{"type":"Point","coordinates":[76.8424,26.9876]}},{"type":"Feature","properties":{"s":"Rajasthan","v":13.7},"geometry":{"type":"Point","coordinates":[71.878,25.6959]}},{"type":"Feature","properties":{"s":"Rajasthan","v":13.7},"geometry":{"type":"Point","coordinates":[76.3571,25.0415]}},{"type":"Feature","properties":{"s":"Rajasthan","v":13.7},"geometry":{"type":"Point","coordinates":[74.6052,23.7304]}},{"type":"Feature","properties":{"s":"Rajasthan","v":13.7},"geometry":{"type":"Point","coordinates":[72.83,28.4852]}},{"type":"Feature","properties":{"s":"Rajasthan","v":13.7},"geometry":{"type":"Point","coordinates":[74.3797,26.043]}},{"type":"Feature","properties":{"s":"Rajasthan","v":13.7},"geometry":{"type":"Point","coordinates":[75.682,27.2024]}},{"type":"Feature","properties":{"s":"Rajasthan","v":13.7},"geometry":{"type":"Point","coordinates":[73.7647,24.9282]}},{"type":"Feature","properties":{"s":"Rajasthan","v":13.7},"geometry":{"type":"Point","coordinates":[70.6743,26.9784]}},{"type":"Feature","properties":{"s":"Rajasthan","v":13.7},"geometry":{"type":"Point","coordinates":[75.1217,25.4637]}},{"type":"Feature","properties":{"s":"Rajasthan","v":13.7},"geometry":{"type":"Point","coordinates":[71.7157,26.9809]}},{"type":"Feature","properties":{"s":"Rajasthan","v":13.7},"geometry":{"type":"Point","coordinates":[71.4481,25.1905]}},{"type":"Feature","properties":{"s":"Rajasthan","v":13.7},"geometry":{"type":"Point","coordinates":[72.1294,27.2449]}},{"type":"Feature","properties":{"s":"Rajasthan","v":13.7},"geometry":{"type":"Point","coordinates":[72.1401,24.6679]}},{"type":"Feature","properties":{"s":"Rajasthan","v":13.7},"geometry":{"type":"Point","coordinates":[74.311,24.7405]}},{"type":"Feature","properties":{"s":"Rajasthan","v":13.7},"geometry":{"type":"Point","coordinates":[75.8194,25.8642]}},{"type":"Feature","properties":{"s":"Rajasthan","v":13.7},"geometry":{"type":"Point","coordinates":[74.5522,23.1711]}},{"type":"Feature","properties":{"s":"Rajasthan","v":13.7},"geometry":{"type":"Point","coordinates":[73.5312,24.9658]}},{"type":"Feature","properties":{"s":"Rajasthan","v":13.7},"geometry":{"type":"Point","coordinates":[74.3594,25.5109]}},{"type":"Feature","properties":{"s":"Rajasthan","v":13.7},"geometry":{"type":"Point","coordinates":[73.7943,23.7159]}},{"type":"Feature","properties":{"s":"Rajasthan","v":13.7},"geometry":{"type":"Point","coordinates":[72.9422,24.6173]}},{"type":"Feature","properties":{"s":"Rajasthan","v":13.7},"geometry":{"type":"Point","coordinates":[74.3833,23.8641]}},{"type":"Feature","properties":{"s":"Rajasthan","v":13.7},"geometry":{"type":"Point","coordinates":[74.9585,26.863]}},{"type":"Feature","properties":{"s":"Rajasthan","v":13.7},"geometry":{"type":"Point","coordinates":[72.4295,26.9552]}},{"type":"Feature","properties":{"s":"Rajasthan","v":13.7},"geometry":{"type":"Point","coordinates":[73.1243,27.2212]}},{"type":"Feature","properties":{"s":"Rajasthan","v":13.7},"geometry":{"type":"Point","coordinates":[70.1778,27.6517]}},{"type":"Feature","properties":{"s":"Rajasthan","v":13.7},"geometry":{"type":"Point","coordinates":[75.6682,25.6435]}},{"type":"Feature","properties":{"s":"Rajasthan","v":13.7},"geometry":{"type":"Point","coordinates":[70.8844,26.3728]}},{"type":"Feature","properties":{"s":"Rajasthan","v":13.7},"geometry":{"type":"Point","coordinates":[71.0324,26.1516]}},{"type":"Feature","properties":{"s":"Rajasthan","v":13.7},"geometry":{"type":"Point","coordinates":[76.608,25.9643]}},{"type":"Feature","properties":{"s":"Rajasthan","v":13.7},"geometry":{"type":"Point","coordinates":[73.9152,29.6475]}},{"type":"Feature","properties":{"s":"Rajasthan","v":13.7},"geometry":{"type":"Point","coordinates":[76.0472,24.0893]}},{"type":"Feature","properties":{"s":"Rajasthan","v":13.7},"geometry":{"type":"Point","coordinates":[76.228,25.6462]}},{"type":"Feature","properties":{"s":"Rajasthan","v":13.7},"geometry":{"type":"Point","coordinates":[73.7034,26.5673]}},{"type":"Feature","properties":{"s":"Rajasthan","v":13.7},"geometry":{"type":"Point","coordinates":[77.8651,26.6421]}},{"type":"Feature","properties":{"s":"Rajasthan","v":13.7},"geometry":{"type":"Point","coordinates":[71.0315,24.8273]}},{"type":"Feature","properties":{"s":"Rajasthan","v":13.7},"geometry":{"type":"Point","coordinates":[72.2382,25.1289]}},{"type":"Feature","properties":{"s":"Rajasthan","v":13.7},"geometry":{"type":"Point","coordinates":[73.5937,28.3795]}},{"type":"Feature","properties":{"s":"Rajasthan","v":13.7},"geometry":{"type":"Point","coordinates":[74.4207,25.6148]}},{"type":"Feature","properties":{"s":"Rajasthan","v":13.7},"geometry":{"type":"Point","coordinates":[71.1223,26.8712]}},{"type":"Feature","properties":{"s":"Rajasthan","v":13.7},"geometry":{"type":"Point","coordinates":[71.3049,27.5428]}},{"type":"Feature","properties":{"s":"Rajasthan","v":13.7},"geometry":{"type":"Point","coordinates":[76.8461,26.7094]}},{"type":"Feature","properties":{"s":"Rajasthan","v":13.7},"geometry":{"type":"Point","coordinates":[77.2276,27.2783]}},{"type":"Feature","properties":{"s":"Rajasthan","v":13.7},"geometry":{"type":"Point","coordinates":[75.3339,28.8219]}},{"type":"Feature","properties":{"s":"Rajasthan","v":13.7},"geometry":{"type":"Point","coordinates":[72.6914,27.2499]}},{"type":"Feature","properties":{"s":"Rajasthan","v":13.7},"geometry":{"type":"Point","coordinates":[75.6333,27.1428]}},{"type":"Feature","properties":{"s":"Rajasthan","v":13.7},"geometry":{"type":"Point","coordinates":[72.6944,27.6275]}},{"type":"Feature","properties":{"s":"Rajasthan","v":13.7},"geometry":{"type":"Point","coordinates":[74.8185,25.9119]}},{"type":"Feature","properties":{"s":"Rajasthan","v":13.7},"geometry":{"type":"Point","coordinates":[73.2966,24.1751]}},{"type":"Feature","properties":{"s":"Rajasthan","v":13.7},"geometry":{"type":"Point","coordinates":[70.904,25.487]}},{"type":"Feature","properties":{"s":"Rajasthan","v":13.7},"geometry":{"type":"Point","coordinates":[74.1012,28.1147]}},{"type":"Feature","properties":{"s":"Rajasthan","v":13.7},"geometry":{"type":"Point","coordinates":[70.0059,27.33]}},{"type":"Feature","properties":{"s":"Rajasthan","v":13.7},"geometry":{"type":"Point","coordinates":[73.7912,27.854]}},{"type":"Feature","properties":{"s":"Rajasthan","v":13.7},"geometry":{"type":"Point","coordinates":[73.4871,24.6936]}},{"type":"Feature","properties":{"s":"Rajasthan","v":13.7},"geometry":{"type":"Point","coordinates":[75.4489,25.0881]}},{"type":"Feature","properties":{"s":"Rajasthan","v":13.7},"geometry":{"type":"Point","coordinates":[74.0784,28.2925]}},{"type":"Feature","properties":{"s":"Rajasthan","v":13.7},"geometry":{"type":"Point","coordinates":[74.8717,28.0965]}},{"type":"Feature","properties":{"s":"Rajasthan","v":13.7},"geometry":{"type":"Point","coordinates":[77.0554,27.6631]}},{"type":"Feature","properties":{"s":"Rajasthan","v":13.7},"geometry":{"type":"Point","coordinates":[71.6022,25.8446]}},{"type":"Feature","properties":{"s":"Rajasthan","v":13.7},"geometry":{"type":"Point","coordinates":[72.8728,27.861]}},{"type":"Feature","properties":{"s":"Rajasthan","v":13.7},"geometry":{"type":"Point","coordinates":[75.2469,28.0057]}},{"type":"Feature","properties":{"s":"Rajasthan","v":13.7},"geometry":{"type":"Point","coordinates":[70.7865,26.8936]}},{"type":"Feature","properties":{"s":"Rajasthan","v":13.7},"geometry":{"type":"Point","coordinates":[72.1215,26.999]}},{"type":"Feature","properties":{"s":"Rajasthan","v":13.7},"geometry":{"type":"Point","coordinates":[73.8856,25.9038]}},{"type":"Feature","properties":{"s":"Rajasthan","v":13.7},"geometry":{"type":"Point","coordinates":[72.9868,27.1463]}},{"type":"Feature","properties":{"s":"Rajasthan","v":13.7},"geometry":{"type":"Point","coordinates":[75.4914,28.9635]}},{"type":"Feature","properties":{"s":"Rajasthan","v":13.7},"geometry":{"type":"Point","coordinates":[72.5138,25.6602]}},{"type":"Feature","properties":{"s":"Rajasthan","v":13.7},"geometry":{"type":"Point","coordinates":[72.5077,24.5555]}},{"type":"Feature","properties":{"s":"Rajasthan","v":13.7},"geometry":{"type":"Point","coordinates":[75.0402,26.3871]}},{"type":"Feature","properties":{"s":"Rajasthan","v":13.7},"geometry":{"type":"Point","coordinates":[70.1022,26.6382]}},{"type":"Feature","properties":{"s":"Rajasthan","v":13.7},"geometry":{"type":"Point","coordinates":[71.2933,24.6355]}},{"type":"Feature","properties":{"s":"Rajasthan","v":13.7},"geometry":{"type":"Point","coordinates":[75.8887,24.2956]}},{"type":"Feature","properties":{"s":"Rajasthan","v":13.7},"geometry":{"type":"Point","coordinates":[75.4508,28.15]}},{"type":"Feature","properties":{"s":"Rajasthan","v":13.7},"geometry":{"type":"Point","coordinates":[70.3461,25.8871]}},{"type":"Feature","properties":{"s":"Rajasthan","v":13.7},"geometry":{"type":"Point","coordinates":[75.4364,25.6129]}},{"type":"Feature","properties":{"s":"Rajasthan","v":13.7},"geometry":{"type":"Point","coordinates":[70.7342,26.7319]}},{"type":"Feature","properties":{"s":"Rajasthan","v":13.7},"geometry":{"type":"Point","coordinates":[73.9807,26.2973]}},{"type":"Feature","properties":{"s":"Rajasthan","v":13.7},"geometry":{"type":"Point","coordinates":[70.7885,26.0638]}},{"type":"Feature","properties":{"s":"Rajasthan","v":13.7},"geometry":{"type":"Point","coordinates":[75.9021,24.9931]}},{"type":"Feature","properties":{"s":"Rajasthan","v":13.7},"geometry":{"type":"Point","coordinates":[72.537,28.3761]}},{"type":"Feature","properties":{"s":"Rajasthan","v":13.7},"geometry":{"type":"Point","coordinates":[75.6783,24.9434]}},{"type":"Feature","properties":{"s":"Rajasthan","v":13.7},"geometry":{"type":"Point","coordinates":[70.7132,25.6844]}},{"type":"Feature","properties":{"s":"Rajasthan","v":13.7},"geometry":{"type":"Point","coordinates":[73.0934,27.8403]}},{"type":"Feature","properties":{"s":"Rajasthan","v":13.7},"geometry":{"type":"Point","coordinates":[73.0806,26.078]}},{"type":"Feature","properties":{"s":"Rajasthan","v":13.7},"geometry":{"type":"Point","coordinates":[74.0612,27.9042]}},{"type":"Feature","properties":{"s":"Rajasthan","v":13.7},"geometry":{"type":"Point","coordinates":[76.4814,27.3345]}},{"type":"Feature","properties":{"s":"Rajasthan","v":13.7},"geometry":{"type":"Point","coordinates":[74.8369,29.1893]}},{"type":"Feature","properties":{"s":"Rajasthan","v":13.7},"geometry":{"type":"Point","coordinates":[74.6413,26.5906]}},{"type":"Feature","properties":{"s":"Rajasthan","v":13.7},"geometry":{"type":"Point","coordinates":[73.8353,24.1814]}},{"type":"Feature","properties":{"s":"Rajasthan","v":13.7},"geometry":{"type":"Point","coordinates":[72.2774,25.1246]}},{"type":"Feature","properties":{"s":"Rajasthan","v":13.7},"geometry":{"type":"Point","coordinates":[77.8658,26.6775]}},{"type":"Feature","properties":{"s":"Rajasthan","v":13.7},"geometry":{"type":"Point","coordinates":[76.2188,26.0894]}},{"type":"Feature","properties":{"s":"Rajasthan","v":13.7},"geometry":{"type":"Point","coordinates":[70.2149,26.2297]}},{"type":"Feature","properties":{"s":"Rajasthan","v":13.7},"geometry":{"type":"Point","coordinates":[71.1211,26.484]}},{"type":"Feature","properties":{"s":"Rajasthan","v":13.7},"geometry":{"type":"Point","coordinates":[69.7909,27.0005]}},{"type":"Feature","properties":{"s":"Rajasthan","v":13.7},"geometry":{"type":"Point","coordinates":[73.2677,26.7583]}},{"type":"Feature","properties":{"s":"Rajasthan","v":13.7},"geometry":{"type":"Point","coordinates":[70.5879,26.2239]}},{"type":"Feature","properties":{"s":"Rajasthan","v":13.7},"geometry":{"type":"Point","coordinates":[75.2387,28.018]}},{"type":"Feature","properties":{"s":"Rajasthan","v":13.7},"geometry":{"type":"Point","coordinates":[70.7175,26.5814]}},{"type":"Feature","properties":{"s":"Rajasthan","v":13.7},"geometry":{"type":"Point","coordinates":[73.9913,29.4747]}},{"type":"Feature","properties":{"s":"Rajasthan","v":13.7},"geometry":{"type":"Point","coordinates":[75.2425,29.2105]}},{"type":"Feature","properties":{"s":"Rajasthan","v":13.7},"geometry":{"type":"Point","coordinates":[72.863,28.5411]}},{"type":"Feature","properties":{"s":"Rajasthan","v":13.7},"geometry":{"type":"Point","coordinates":[71.7871,27.7474]}},{"type":"Feature","properties":{"s":"Rajasthan","v":13.7},"geometry":{"type":"Point","coordinates":[69.8134,27.1322]}},{"type":"Feature","properties":{"s":"Rajasthan","v":13.7},"geometry":{"type":"Point","coordinates":[72.7082,27.1065]}},{"type":"Feature","properties":{"s":"Rajasthan","v":13.7},"geometry":{"type":"Point","coordinates":[74.2631,27.642]}},{"type":"Feature","properties":{"s":"Rajasthan","v":13.7},"geometry":{"type":"Point","coordinates":[73.6698,26.758]}},{"type":"Feature","properties":{"s":"Rajasthan","v":13.7},"geometry":{"type":"Point","coordinates":[75.0478,26.6167]}},{"type":"Feature","properties":{"s":"Rajasthan","v":13.7},"geometry":{"type":"Point","coordinates":[74.9084,28.5873]}},{"type":"Feature","properties":{"s":"Rajasthan","v":13.7},"geometry":{"type":"Point","coordinates":[73.7357,27.2496]}},{"type":"Feature","properties":{"s":"Rajasthan","v":13.7},"geometry":{"type":"Point","coordinates":[70.189,27.0039]}},{"type":"Feature","properties":{"s":"Rajasthan","v":13.7},"geometry":{"type":"Point","coordinates":[76.4823,26.5821]}},{"type":"Feature","properties":{"s":"Rajasthan","v":13.7},"geometry":{"type":"Point","coordinates":[74.1873,26.8423]}},{"type":"Feature","properties":{"s":"Rajasthan","v":13.7},"geometry":{"type":"Point","coordinates":[74.2915,24.3899]}},{"type":"Feature","properties":{"s":"Rajasthan","v":13.7},"geometry":{"type":"Point","coordinates":[73.2667,25.447]}},{"type":"Feature","properties":{"s":"Rajasthan","v":13.7},"geometry":{"type":"Point","coordinates":[72.8943,25.6052]}},{"type":"Feature","properties":{"s":"Rajasthan","v":13.7},"geometry":{"type":"Point","coordinates":[70.8011,25.9411]}},{"type":"Feature","properties":{"s":"Rajasthan","v":13.7},"geometry":{"type":"Point","coordinates":[71.9872,27.7501]}},{"type":"Feature","properties":{"s":"Rajasthan","v":13.7},"geometry":{"type":"Point","coordinates":[75.366,25.2346]}},{"type":"Feature","properties":{"s":"Rajasthan","v":13.7},"geometry":{"type":"Point","coordinates":[75.4713,27.8608]}},{"type":"Feature","properties":{"s":"Rajasthan","v":13.7},"geometry":{"type":"Point","coordinates":[74.1558,23.4781]}},{"type":"Feature","properties":{"s":"Rajasthan","v":13.7},"geometry":{"type":"Point","coordinates":[74.2498,24.7292]}},{"type":"Feature","properties":{"s":"Rajasthan","v":13.7},"geometry":{"type":"Point","coordinates":[71.6184,24.9557]}},{"type":"Feature","properties":{"s":"Rajasthan","v":13.7},"geometry":{"type":"Point","coordinates":[72.812,24.7243]}},{"type":"Feature","properties":{"s":"Rajasthan","v":13.7},"geometry":{"type":"Point","coordinates":[72.4933,28.257]}},{"type":"Feature","properties":{"s":"Rajasthan","v":13.7},"geometry":{"type":"Point","coordinates":[71.5029,25.024]}},{"type":"Feature","properties":{"s":"Rajasthan","v":13.7},"geometry":{"type":"Point","coordinates":[72.7407,27.319]}},{"type":"Feature","properties":{"s":"Rajasthan","v":13.7},"geometry":{"type":"Point","coordinates":[75.5311,25.1547]}},{"type":"Feature","properties":{"s":"Rajasthan","v":13.7},"geometry":{"type":"Point","coordinates":[73.9308,29.7308]}},{"type":"Feature","properties":{"s":"Rajasthan","v":13.7},"geometry":{"type":"Point","coordinates":[76.9841,27.2302]}},{"type":"Feature","properties":{"s":"Rajasthan","v":13.7},"geometry":{"type":"Point","coordinates":[76.6497,26.9645]}},{"type":"Feature","properties":{"s":"Rajasthan","v":13.7},"geometry":{"type":"Point","coordinates":[70.0662,26.8611]}},{"type":"Feature","properties":{"s":"Rajasthan","v":13.7},"geometry":{"type":"Point","coordinates":[73.5177,29.9214]}},{"type":"Feature","properties":{"s":"Rajasthan","v":13.7},"geometry":{"type":"Point","coordinates":[73.5146,28.4037]}},{"type":"Feature","properties":{"s":"Rajasthan","v":13.7},"geometry":{"type":"Point","coordinates":[73.6118,26.8143]}},{"type":"Feature","properties":{"s":"Rajasthan","v":13.7},"geometry":{"type":"Point","coordinates":[75.1073,27.1384]}},{"type":"Feature","properties":{"s":"Rajasthan","v":13.7},"geometry":{"type":"Point","coordinates":[70.479,27.6208]}},{"type":"Feature","properties":{"s":"Rajasthan","v":13.7},"geometry":{"type":"Point","coordinates":[73.9667,28.2315]}},{"type":"Feature","properties":{"s":"Rajasthan","v":13.7},"geometry":{"type":"Point","coordinates":[73.634,28.9437]}},{"type":"Feature","properties":{"s":"Rajasthan","v":13.7},"geometry":{"type":"Point","coordinates":[74.4102,27.2841]}},{"type":"Feature","properties":{"s":"Rajasthan","v":13.7},"geometry":{"type":"Point","coordinates":[70.8024,26.2003]}},{"type":"Feature","properties":{"s":"Rajasthan","v":13.7},"geometry":{"type":"Point","coordinates":[74.6437,26.3965]}},{"type":"Feature","properties":{"s":"Rajasthan","v":13.7},"geometry":{"type":"Point","coordinates":[74.7565,27.6234]}},{"type":"Feature","properties":{"s":"Rajasthan","v":13.7},"geometry":{"type":"Point","coordinates":[72.6073,26.1468]}},{"type":"Feature","properties":{"s":"Rajasthan","v":13.7},"geometry":{"type":"Point","coordinates":[75.1036,26.4551]}},{"type":"Feature","properties":{"s":"Rajasthan","v":13.7},"geometry":{"type":"Point","coordinates":[77.8777,26.7764]}},{"type":"Feature","properties":{"s":"Rajasthan","v":13.7},"geometry":{"type":"Point","coordinates":[75.7365,25.9651]}},{"type":"Feature","properties":{"s":"Rajasthan","v":13.7},"geometry":{"type":"Point","coordinates":[71.8545,24.967]}},{"type":"Feature","properties":{"s":"Rajasthan","v":13.7},"geometry":{"type":"Point","coordinates":[73.3411,26.3993]}},{"type":"Feature","properties":{"s":"Rajasthan","v":13.7},"geometry":{"type":"Point","coordinates":[75.7609,26.0364]}},{"type":"Feature","properties":{"s":"Rajasthan","v":13.7},"geometry":{"type":"Point","coordinates":[73.6618,23.5218]}},{"type":"Feature","properties":{"s":"Rajasthan","v":13.7},"geometry":{"type":"Point","coordinates":[71.4179,25.9643]}},{"type":"Feature","properties":{"s":"Rajasthan","v":13.7},"geometry":{"type":"Point","coordinates":[72.923,24.8313]}},{"type":"Feature","properties":{"s":"Rajasthan","v":13.7},"geometry":{"type":"Point","coordinates":[74.0533,27.0923]}},{"type":"Feature","properties":{"s":"Rajasthan","v":13.7},"geometry":{"type":"Point","coordinates":[73.2235,29.4213]}},{"type":"Feature","properties":{"s":"Rajasthan","v":13.7},"geometry":{"type":"Point","coordinates":[71.7338,26.8939]}},{"type":"Feature","properties":{"s":"Rajasthan","v":13.7},"geometry":{"type":"Point","coordinates":[73.8671,27.4038]}},{"type":"Feature","properties":{"s":"Rajasthan","v":13.7},"geometry":{"type":"Point","coordinates":[76.6382,24.2856]}},{"type":"Feature","properties":{"s":"Rajasthan","v":13.7},"geometry":{"type":"Point","coordinates":[74.726,25.2023]}},{"type":"Feature","properties":{"s":"Rajasthan","v":13.7},"geometry":{"type":"Point","coordinates":[71.199,25.0533]}},{"type":"Feature","properties":{"s":"Rajasthan","v":13.7},"geometry":{"type":"Point","coordinates":[75.1934,29.1373]}},{"type":"Feature","properties":{"s":"Rajasthan","v":13.7},"geometry":{"type":"Point","coordinates":[74.6425,24.9607]}},{"type":"Feature","properties":{"s":"Rajasthan","v":13.7},"geometry":{"type":"Point","coordinates":[75.5647,28.4458]}},{"type":"Feature","properties":{"s":"Rajasthan","v":13.7},"geometry":{"type":"Point","coordinates":[76.1989,26.5757]}},{"type":"Feature","properties":{"s":"Rajasthan","v":13.7},"geometry":{"type":"Point","coordinates":[74.026,27.6227]}},{"type":"Feature","properties":{"s":"Rajasthan","v":13.7},"geometry":{"type":"Point","coordinates":[74.4021,25.9727]}},{"type":"Feature","properties":{"s":"Rajasthan","v":13.7},"geometry":{"type":"Point","coordinates":[73.6115,28.6167]}},{"type":"Feature","properties":{"s":"Rajasthan","v":13.7},"geometry":{"type":"Point","coordinates":[75.684,25.5375]}},{"type":"Feature","properties":{"s":"Rajasthan","v":13.7},"geometry":{"type":"Point","coordinates":[76.7615,28.0283]}},{"type":"Feature","properties":{"s":"Rajasthan","v":13.7},"geometry":{"type":"Point","coordinates":[73.4642,29.4493]}},{"type":"Feature","properties":{"s":"Rajasthan","v":13.7},"geometry":{"type":"Point","coordinates":[75.5472,27.544]}},{"type":"Feature","properties":{"s":"Rajasthan","v":13.7},"geometry":{"type":"Point","coordinates":[72.994,25.1779]}},{"type":"Feature","properties":{"s":"Rajasthan","v":13.7},"geometry":{"type":"Point","coordinates":[74.0545,25.0125]}},{"type":"Feature","properties":{"s":"Rajasthan","v":13.7},"geometry":{"type":"Point","coordinates":[74.5751,26.4907]}},{"type":"Feature","properties":{"s":"Rajasthan","v":13.7},"geometry":{"type":"Point","coordinates":[71.8154,24.9844]}},{"type":"Feature","properties":{"s":"Rajasthan","v":13.7},"geometry":{"type":"Point","coordinates":[75.2467,27.145]}},{"type":"Feature","properties":{"s":"Rajasthan","v":13.7},"geometry":{"type":"Point","coordinates":[73.5177,25.7108]}},{"type":"Feature","properties":{"s":"Rajasthan","v":13.7},"geometry":{"type":"Point","coordinates":[76.3175,27.4968]}},{"type":"Feature","properties":{"s":"Rajasthan","v":13.7},"geometry":{"type":"Point","coordinates":[74.3273,29.6065]}},{"type":"Feature","properties":{"s":"Rajasthan","v":13.7},"geometry":{"type":"Point","coordinates":[77.015,25.2136]}},{"type":"Feature","properties":{"s":"Rajasthan","v":13.7},"geometry":{"type":"Point","coordinates":[74.7612,28.2171]}},{"type":"Feature","properties":{"s":"Rajasthan","v":13.7},"geometry":{"type":"Point","coordinates":[74.2433,29.2984]}},{"type":"Feature","properties":{"s":"Rajasthan","v":13.7},"geometry":{"type":"Point","coordinates":[74.0275,26.6885]}},{"type":"Feature","properties":{"s":"Rajasthan","v":13.7},"geometry":{"type":"Point","coordinates":[74.3176,28.6999]}},{"type":"Feature","properties":{"s":"Rajasthan","v":13.7},"geometry":{"type":"Point","coordinates":[75.3198,28.7495]}},{"type":"Feature","properties":{"s":"Rajasthan","v":13.7},"geometry":{"type":"Point","coordinates":[75.8428,25.1044]}},{"type":"Feature","properties":{"s":"Rajasthan","v":13.7},"geometry":{"type":"Point","coordinates":[75.1555,28.6851]}},{"type":"Feature","properties":{"s":"Sikkim","v":9.3},"geometry":{"type":"Point","coordinates":[88.5562,27.9994]}},{"type":"Feature","properties":{"s":"Sikkim","v":9.3},"geometry":{"type":"Point","coordinates":[88.6528,27.4619]}},{"type":"Feature","properties":{"s":"Sikkim","v":9.3},"geometry":{"type":"Point","coordinates":[88.2201,27.9216]}},{"type":"Feature","properties":{"s":"Sikkim","v":9.3},"geometry":{"type":"Point","coordinates":[88.4463,27.752]}},{"type":"Feature","properties":{"s":"Sikkim","v":9.3},"geometry":{"type":"Point","coordinates":[88.6283,27.3178]}},{"type":"Feature","properties":{"s":"Sikkim","v":9.3},"geometry":{"type":"Point","coordinates":[88.5233,27.8821]}},{"type":"Feature","properties":{"s":"Sikkim","v":9.3},"geometry":{"type":"Point","coordinates":[88.4211,27.1846]}},{"type":"Feature","properties":{"s":"Sikkim","v":9.3},"geometry":{"type":"Point","coordinates":[88.1997,27.5085]}},{"type":"Feature","properties":{"s":"Sikkim","v":9.3},"geometry":{"type":"Point","coordinates":[88.6139,27.3409]}},{"type":"Feature","properties":{"s":"Sikkim","v":9.3},"geometry":{"type":"Point","coordinates":[88.484,27.2806]}},{"type":"Feature","properties":{"s":"Sikkim","v":9.3},"geometry":{"type":"Point","coordinates":[88.4962,27.3062]}},{"type":"Feature","properties":{"s":"Sikkim","v":9.3},"geometry":{"type":"Point","coordinates":[88.5547,27.3028]}},{"type":"Feature","properties":{"s":"Sikkim","v":9.3},"geometry":{"type":"Point","coordinates":[88.8494,27.7679]}},{"type":"Feature","properties":{"s":"Sikkim","v":9.3},"geometry":{"type":"Point","coordinates":[88.2867,27.5465]}},{"type":"Feature","properties":{"s":"Sikkim","v":9.3},"geometry":{"type":"Point","coordinates":[88.3752,27.2511]}},{"type":"Feature","properties":{"s":"Sikkim","v":9.3},"geometry":{"type":"Point","coordinates":[88.1618,27.5903]}},{"type":"Feature","properties":{"s":"Sikkim","v":9.3},"geometry":{"type":"Point","coordinates":[88.4509,27.6852]}},{"type":"Feature","properties":{"s":"Sikkim","v":9.3},"geometry":{"type":"Point","coordinates":[88.3212,27.8424]}},{"type":"Feature","properties":{"s":"Sikkim","v":9.3},"geometry":{"type":"Point","coordinates":[88.1278,27.4086]}},{"type":"Feature","properties":{"s":"Sikkim","v":9.3},"geometry":{"type":"Point","coordinates":[88.4077,27.7868]}},{"type":"Feature","properties":{"s":"Sikkim","v":9.3},"geometry":{"type":"Point","coordinates":[88.6402,27.9757]}},{"type":"Feature","properties":{"s":"Sikkim","v":9.3},"geometry":{"type":"Point","coordinates":[88.6035,27.1976]}},{"type":"Feature","properties":{"s":"Sikkim","v":9.3},"geometry":{"type":"Point","coordinates":[88.725,27.9336]}},{"type":"Feature","properties":{"s":"Sikkim","v":9.3},"geometry":{"type":"Point","coordinates":[88.7213,28.0285]}},{"type":"Feature","properties":{"s":"Sikkim","v":9.3},"geometry":{"type":"Point","coordinates":[88.6736,27.9453]}},{"type":"Feature","properties":{"s":"Sikkim","v":9.3},"geometry":{"type":"Point","coordinates":[88.4186,27.75]}},{"type":"Feature","properties":{"s":"Sikkim","v":9.3},"geometry":{"type":"Point","coordinates":[88.1812,27.6751]}},{"type":"Feature","properties":{"s":"Sikkim","v":9.3},"geometry":{"type":"Point","coordinates":[88.8344,27.8762]}},{"type":"Feature","properties":{"s":"Sikkim","v":9.3},"geometry":{"type":"Point","coordinates":[88.3031,27.6034]}},{"type":"Feature","properties":{"s":"Sikkim","v":9.3},"geometry":{"type":"Point","coordinates":[88.5404,27.6254]}},{"type":"Feature","properties":{"s":"Sikkim","v":9.3},"geometry":{"type":"Point","coordinates":[88.1903,27.3787]}},{"type":"Feature","properties":{"s":"Sikkim","v":9.3},"geometry":{"type":"Point","coordinates":[88.5916,28.0268]}},{"type":"Feature","properties":{"s":"Sikkim","v":9.3},"geometry":{"type":"Point","coordinates":[88.7859,28.0324]}},{"type":"Feature","properties":{"s":"Sikkim","v":9.3},"geometry":{"type":"Point","coordinates":[88.5192,27.2314]}},{"type":"Feature","properties":{"s":"Sikkim","v":9.3},"geometry":{"type":"Point","coordinates":[88.3036,27.4408]}},{"type":"Feature","properties":{"s":"Sikkim","v":9.3},"geometry":{"type":"Point","coordinates":[88.517,28.0216]}},{"type":"Feature","properties":{"s":"Sikkim","v":9.3},"geometry":{"type":"Point","coordinates":[88.6486,27.446]}},{"type":"Feature","properties":{"s":"Sikkim","v":9.3},"geometry":{"type":"Point","coordinates":[88.2193,27.9196]}},{"type":"Feature","properties":{"s":"Sikkim","v":9.3},"geometry":{"type":"Point","coordinates":[88.3323,27.2377]}},{"type":"Feature","properties":{"s":"Sikkim","v":9.3},"geometry":{"type":"Point","coordinates":[88.7887,27.8035]}},{"type":"Feature","properties":{"s":"Sikkim","v":9.3},"geometry":{"type":"Point","coordinates":[88.728,27.5356]}},{"type":"Feature","properties":{"s":"Sikkim","v":9.3},"geometry":{"type":"Point","coordinates":[88.6591,27.5791]}},{"type":"Feature","properties":{"s":"Sikkim","v":9.3},"geometry":{"type":"Point","coordinates":[88.3299,27.6547]}},{"type":"Feature","properties":{"s":"Sikkim","v":9.3},"geometry":{"type":"Point","coordinates":[88.5614,27.9671]}},{"type":"Feature","properties":{"s":"Sikkim","v":9.3},"geometry":{"type":"Point","coordinates":[88.3443,27.1224]}},{"type":"Feature","properties":{"s":"Sikkim","v":9.3},"geometry":{"type":"Point","coordinates":[88.5796,27.6005]}},{"type":"Feature","properties":{"s":"Sikkim","v":9.3},"geometry":{"type":"Point","coordinates":[88.6895,27.3611]}},{"type":"Feature","properties":{"s":"Sikkim","v":9.3},"geometry":{"type":"Point","coordinates":[88.7084,28.0635]}},{"type":"Feature","properties":{"s":"Sikkim","v":9.3},"geometry":{"type":"Point","coordinates":[88.7303,27.754]}},{"type":"Feature","properties":{"s":"Sikkim","v":9.3},"geometry":{"type":"Point","coordinates":[88.7982,27.6786]}},{"type":"Feature","properties":{"s":"Sikkim","v":9.3},"geometry":{"type":"Point","coordinates":[88.2591,27.1446]}},{"type":"Feature","properties":{"s":"Sikkim","v":9.3},"geometry":{"type":"Point","coordinates":[88.6077,27.9033]}},{"type":"Feature","properties":{"s":"Sikkim","v":9.3},"geometry":{"type":"Point","coordinates":[88.4986,27.3413]}},{"type":"Feature","properties":{"s":"Sikkim","v":9.3},"geometry":{"type":"Point","coordinates":[88.7755,27.3538]}},{"type":"Feature","properties":{"s":"Sikkim","v":9.3},"geometry":{"type":"Point","coordinates":[88.496,27.8337]}},{"type":"Feature","properties":{"s":"Sikkim","v":9.3},"geometry":{"type":"Point","coordinates":[88.7489,28.0375]}},{"type":"Feature","properties":{"s":"Sikkim","v":9.3},"geometry":{"type":"Point","coordinates":[88.3479,27.6455]}},{"type":"Feature","properties":{"s":"Sikkim","v":9.3},"geometry":{"type":"Point","coordinates":[88.4621,27.1468]}},{"type":"Feature","properties":{"s":"Sikkim","v":9.3},"geometry":{"type":"Point","coordinates":[88.168,27.5159]}},{"type":"Feature","properties":{"s":"Sikkim","v":9.3},"geometry":{"type":"Point","coordinates":[88.5202,27.6526]}},{"type":"Feature","properties":{"s":"Sikkim","v":9.3},"geometry":{"type":"Point","coordinates":[88.5429,27.2716]}},{"type":"Feature","properties":{"s":"Sikkim","v":9.3},"geometry":{"type":"Point","coordinates":[88.6991,27.4331]}},{"type":"Feature","properties":{"s":"Sikkim","v":9.3},"geometry":{"type":"Point","coordinates":[88.8285,27.9851]}},{"type":"Feature","properties":{"s":"Sikkim","v":9.3},"geometry":{"type":"Point","coordinates":[88.233,27.8526]}},{"type":"Feature","properties":{"s":"Sikkim","v":9.3},"geometry":{"type":"Point","coordinates":[88.5567,27.6219]}},{"type":"Feature","properties":{"s":"Sikkim","v":9.3},"geometry":{"type":"Point","coordinates":[88.1391,27.4543]}},{"type":"Feature","properties":{"s":"Sikkim","v":9.3},"geometry":{"type":"Point","coordinates":[88.6434,27.9963]}},{"type":"Feature","properties":{"s":"Sikkim","v":9.3},"geometry":{"type":"Point","coordinates":[88.5345,27.8948]}},{"type":"Feature","properties":{"s":"Sikkim","v":9.3},"geometry":{"type":"Point","coordinates":[88.856,27.856]}},{"type":"Feature","properties":{"s":"Sikkim","v":9.3},"geometry":{"type":"Point","coordinates":[88.2662,27.2395]}},{"type":"Feature","properties":{"s":"Sikkim","v":9.3},"geometry":{"type":"Point","coordinates":[88.6905,27.6026]}},{"type":"Feature","properties":{"s":"Sikkim","v":9.3},"geometry":{"type":"Point","coordinates":[88.1909,27.3734]}},{"type":"Feature","properties":{"s":"Sikkim","v":9.3},"geometry":{"type":"Point","coordinates":[88.1355,27.5633]}},{"type":"Feature","properties":{"s":"Sikkim","v":9.3},"geometry":{"type":"Point","coordinates":[88.2364,27.423]}},{"type":"Feature","properties":{"s":"Sikkim","v":9.3},"geometry":{"type":"Point","coordinates":[88.3732,27.2673]}},{"type":"Feature","properties":{"s":"Sikkim","v":9.3},"geometry":{"type":"Point","coordinates":[88.1301,27.4652]}},{"type":"Feature","properties":{"s":"Sikkim","v":9.3},"geometry":{"type":"Point","coordinates":[88.4366,27.3905]}},{"type":"Feature","properties":{"s":"Sikkim","v":9.3},"geometry":{"type":"Point","coordinates":[88.7799,27.57]}},{"type":"Feature","properties":{"s":"Sikkim","v":9.3},"geometry":{"type":"Point","coordinates":[88.4614,27.1957]}},{"type":"Feature","properties":{"s":"Sikkim","v":9.3},"geometry":{"type":"Point","coordinates":[88.7592,27.2175]}},{"type":"Feature","properties":{"s":"Sikkim","v":9.3},"geometry":{"type":"Point","coordinates":[88.3113,27.3929]}},{"type":"Feature","properties":{"s":"Sikkim","v":9.3},"geometry":{"type":"Point","coordinates":[88.2389,27.6585]}},{"type":"Feature","properties":{"s":"Sikkim","v":9.3},"geometry":{"type":"Point","coordinates":[88.5229,27.2754]}},{"type":"Feature","properties":{"s":"Sikkim","v":9.3},"geometry":{"type":"Point","coordinates":[88.4531,27.5274]}},{"type":"Feature","properties":{"s":"Sikkim","v":9.3},"geometry":{"type":"Point","coordinates":[88.3336,27.3612]}},{"type":"Feature","properties":{"s":"Sikkim","v":9.3},"geometry":{"type":"Point","coordinates":[88.3873,27.4668]}},{"type":"Feature","properties":{"s":"Sikkim","v":9.3},"geometry":{"type":"Point","coordinates":[88.8748,27.2689]}},{"type":"Feature","properties":{"s":"Sikkim","v":9.3},"geometry":{"type":"Point","coordinates":[88.3122,27.6223]}},{"type":"Feature","properties":{"s":"Sikkim","v":9.3},"geometry":{"type":"Point","coordinates":[88.2131,27.121]}},{"type":"Feature","properties":{"s":"Sikkim","v":9.3},"geometry":{"type":"Point","coordinates":[88.4334,27.2098]}},{"type":"Feature","properties":{"s":"Sikkim","v":9.3},"geometry":{"type":"Point","coordinates":[88.808,27.7149]}},{"type":"Feature","properties":{"s":"Sikkim","v":9.3},"geometry":{"type":"Point","coordinates":[88.0571,27.2373]}},{"type":"Feature","properties":{"s":"Sikkim","v":9.3},"geometry":{"type":"Point","coordinates":[88.1983,27.8427]}},{"type":"Feature","properties":{"s":"Sikkim","v":9.3},"geometry":{"type":"Point","coordinates":[88.549,27.7155]}},{"type":"Feature","properties":{"s":"Sikkim","v":9.3},"geometry":{"type":"Point","coordinates":[88.8442,27.3013]}},{"type":"Feature","properties":{"s":"Sikkim","v":9.3},"geometry":{"type":"Point","coordinates":[88.373,27.1554]}},{"type":"Feature","properties":{"s":"Sikkim","v":9.3},"geometry":{"type":"Point","coordinates":[88.2157,27.7881]}},{"type":"Feature","properties":{"s":"Sikkim","v":9.3},"geometry":{"type":"Point","coordinates":[88.5998,27.5005]}},{"type":"Feature","properties":{"s":"Sikkim","v":9.3},"geometry":{"type":"Point","coordinates":[88.4424,27.4596]}},{"type":"Feature","properties":{"s":"Sikkim","v":9.3},"geometry":{"type":"Point","coordinates":[88.0689,27.1926]}},{"type":"Feature","properties":{"s":"Sikkim","v":9.3},"geometry":{"type":"Point","coordinates":[88.4677,27.4397]}},{"type":"Feature","properties":{"s":"Sikkim","v":9.3},"geometry":{"type":"Point","coordinates":[88.3264,27.8252]}},{"type":"Feature","properties":{"s":"Sikkim","v":9.3},"geometry":{"type":"Point","coordinates":[88.1777,27.4666]}},{"type":"Feature","properties":{"s":"Sikkim","v":9.3},"geometry":{"type":"Point","coordinates":[88.4226,27.4552]}},{"type":"Feature","properties":{"s":"Sikkim","v":9.3},"geometry":{"type":"Point","coordinates":[88.2249,27.225]}},{"type":"Feature","properties":{"s":"Sikkim","v":9.3},"geometry":{"type":"Point","coordinates":[88.305,27.4579]}},{"type":"Feature","properties":{"s":"Sikkim","v":9.3},"geometry":{"type":"Point","coordinates":[88.8403,27.9883]}},{"type":"Feature","properties":{"s":"Sikkim","v":9.3},"geometry":{"type":"Point","coordinates":[88.402,27.6739]}},{"type":"Feature","properties":{"s":"Sikkim","v":9.3},"geometry":{"type":"Point","coordinates":[88.243,27.3864]}},{"type":"Feature","properties":{"s":"Sikkim","v":9.3},"geometry":{"type":"Point","coordinates":[88.5916,27.7747]}},{"type":"Feature","properties":{"s":"Sikkim","v":9.3},"geometry":{"type":"Point","coordinates":[88.4511,27.3889]}},{"type":"Feature","properties":{"s":"Sikkim","v":9.3},"geometry":{"type":"Point","coordinates":[88.8174,27.3444]}},{"type":"Feature","properties":{"s":"Sikkim","v":9.3},"geometry":{"type":"Point","coordinates":[88.3954,27.4772]}},{"type":"Feature","properties":{"s":"Sikkim","v":9.3},"geometry":{"type":"Point","coordinates":[88.7249,27.6564]}},{"type":"Feature","properties":{"s":"Sikkim","v":9.3},"geometry":{"type":"Point","coordinates":[88.2133,27.8349]}},{"type":"Feature","properties":{"s":"Sikkim","v":9.3},"geometry":{"type":"Point","coordinates":[88.7059,28.0509]}},{"type":"Feature","properties":{"s":"Sikkim","v":9.3},"geometry":{"type":"Point","coordinates":[88.7432,27.7726]}},{"type":"Feature","properties":{"s":"Sikkim","v":9.3},"geometry":{"type":"Point","coordinates":[88.3193,27.273]}},{"type":"Feature","properties":{"s":"Sikkim","v":9.3},"geometry":{"type":"Point","coordinates":[88.3793,27.8078]}},{"type":"Feature","properties":{"s":"Sikkim","v":9.3},"geometry":{"type":"Point","coordinates":[88.6789,28.0645]}},{"type":"Feature","properties":{"s":"Sikkim","v":9.3},"geometry":{"type":"Point","coordinates":[88.7217,27.7199]}},{"type":"Feature","properties":{"s":"Sikkim","v":9.3},"geometry":{"type":"Point","coordinates":[88.4526,27.2624]}},{"type":"Feature","properties":{"s":"Sikkim","v":9.3},"geometry":{"type":"Point","coordinates":[88.5569,27.3387]}},{"type":"Feature","properties":{"s":"Sikkim","v":9.3},"geometry":{"type":"Point","coordinates":[88.2104,27.7073]}},{"type":"Feature","properties":{"s":"Sikkim","v":9.3},"geometry":{"type":"Point","coordinates":[88.4455,27.7902]}},{"type":"Feature","properties":{"s":"Sikkim","v":9.3},"geometry":{"type":"Point","coordinates":[88.6457,27.6648]}},{"type":"Feature","properties":{"s":"Sikkim","v":9.3},"geometry":{"type":"Point","coordinates":[88.3824,27.2939]}},{"type":"Feature","properties":{"s":"Sikkim","v":9.3},"geometry":{"type":"Point","coordinates":[88.0831,27.5395]}},{"type":"Feature","properties":{"s":"Sikkim","v":9.3},"geometry":{"type":"Point","coordinates":[88.6224,27.7697]}},{"type":"Feature","properties":{"s":"Sikkim","v":9.3},"geometry":{"type":"Point","coordinates":[88.663,27.4371]}},{"type":"Feature","properties":{"s":"Sikkim","v":9.3},"geometry":{"type":"Point","coordinates":[88.4802,27.6129]}},{"type":"Feature","properties":{"s":"Sikkim","v":9.3},"geometry":{"type":"Point","coordinates":[88.2592,27.1694]}},{"type":"Feature","properties":{"s":"Sikkim","v":9.3},"geometry":{"type":"Point","coordinates":[88.7125,28.0394]}},{"type":"Feature","properties":{"s":"Sikkim","v":9.3},"geometry":{"type":"Point","coordinates":[88.4708,27.898]}},{"type":"Feature","properties":{"s":"Sikkim","v":9.3},"geometry":{"type":"Point","coordinates":[88.1781,27.5097]}},{"type":"Feature","properties":{"s":"Sikkim","v":9.3},"geometry":{"type":"Point","coordinates":[88.4247,27.9049]}},{"type":"Feature","properties":{"s":"Sikkim","v":9.3},"geometry":{"type":"Point","coordinates":[88.2763,27.4414]}},{"type":"Feature","properties":{"s":"Sikkim","v":9.3},"geometry":{"type":"Point","coordinates":[88.6964,27.6411]}},{"type":"Feature","properties":{"s":"Sikkim","v":9.3},"geometry":{"type":"Point","coordinates":[88.4473,27.2526]}},{"type":"Feature","properties":{"s":"Sikkim","v":9.3},"geometry":{"type":"Point","coordinates":[88.2395,27.8037]}},{"type":"Feature","properties":{"s":"Sikkim","v":9.3},"geometry":{"type":"Point","coordinates":[88.7746,27.7957]}},{"type":"Feature","properties":{"s":"Sikkim","v":9.3},"geometry":{"type":"Point","coordinates":[88.1194,27.2765]}},{"type":"Feature","properties":{"s":"Sikkim","v":9.3},"geometry":{"type":"Point","coordinates":[88.3196,27.8534]}},{"type":"Feature","properties":{"s":"Sikkim","v":9.3},"geometry":{"type":"Point","coordinates":[88.8484,27.3213]}},{"type":"Feature","properties":{"s":"Sikkim","v":9.3},"geometry":{"type":"Point","coordinates":[88.6331,27.6519]}},{"type":"Feature","properties":{"s":"Sikkim","v":9.3},"geometry":{"type":"Point","coordinates":[88.4405,27.3347]}},{"type":"Feature","properties":{"s":"Sikkim","v":9.3},"geometry":{"type":"Point","coordinates":[88.5014,27.4166]}},{"type":"Feature","properties":{"s":"Sikkim","v":9.3},"geometry":{"type":"Point","coordinates":[88.2236,27.4095]}},{"type":"Feature","properties":{"s":"Sikkim","v":9.3},"geometry":{"type":"Point","coordinates":[88.8218,27.9581]}},{"type":"Feature","properties":{"s":"Sikkim","v":9.3},"geometry":{"type":"Point","coordinates":[88.5389,27.5623]}},{"type":"Feature","properties":{"s":"Sikkim","v":9.3},"geometry":{"type":"Point","coordinates":[88.2974,27.6309]}},{"type":"Feature","properties":{"s":"Sikkim","v":9.3},"geometry":{"type":"Point","coordinates":[88.2055,27.8399]}},{"type":"Feature","properties":{"s":"Sikkim","v":9.3},"geometry":{"type":"Point","coordinates":[88.3222,27.6749]}},{"type":"Feature","properties":{"s":"Sikkim","v":9.3},"geometry":{"type":"Point","coordinates":[88.5358,27.5462]}},{"type":"Feature","properties":{"s":"Sikkim","v":9.3},"geometry":{"type":"Point","coordinates":[88.6476,28.0529]}},{"type":"Feature","properties":{"s":"Sikkim","v":9.3},"geometry":{"type":"Point","coordinates":[88.4248,27.8866]}},{"type":"Feature","properties":{"s":"Sikkim","v":9.3},"geometry":{"type":"Point","coordinates":[88.8601,27.8798]}},{"type":"Feature","properties":{"s":"Sikkim","v":9.3},"geometry":{"type":"Point","coordinates":[88.7384,27.2176]}},{"type":"Feature","properties":{"s":"Sikkim","v":9.3},"geometry":{"type":"Point","coordinates":[88.4057,27.6508]}},{"type":"Feature","properties":{"s":"Sikkim","v":9.3},"geometry":{"type":"Point","coordinates":[88.8208,27.2947]}},{"type":"Feature","properties":{"s":"Sikkim","v":9.3},"geometry":{"type":"Point","coordinates":[88.073,27.2029]}},{"type":"Feature","properties":{"s":"Sikkim","v":9.3},"geometry":{"type":"Point","coordinates":[88.8016,27.7795]}},{"type":"Feature","properties":{"s":"Sikkim","v":9.3},"geometry":{"type":"Point","coordinates":[88.5562,27.2694]}},{"type":"Feature","properties":{"s":"Sikkim","v":9.3},"geometry":{"type":"Point","coordinates":[88.3115,27.1841]}},{"type":"Feature","properties":{"s":"Sikkim","v":9.3},"geometry":{"type":"Point","coordinates":[88.7341,27.3034]}},{"type":"Feature","properties":{"s":"Sikkim","v":9.3},"geometry":{"type":"Point","coordinates":[88.6853,27.8971]}},{"type":"Feature","properties":{"s":"Sikkim","v":9.3},"geometry":{"type":"Point","coordinates":[88.7169,27.7038]}},{"type":"Feature","properties":{"s":"Tripura","v":3.3},"geometry":{"type":"Point","coordinates":[91.7786,24.1106]}},{"type":"Feature","properties":{"s":"Tripura","v":3.3},"geometry":{"type":"Point","coordinates":[91.6723,23.5922]}},{"type":"Feature","properties":{"s":"Tripura","v":3.3},"geometry":{"type":"Point","coordinates":[91.3934,23.7906]}},{"type":"Feature","properties":{"s":"Tripura","v":3.3},"geometry":{"type":"Point","coordinates":[91.7655,23.9584]}},{"type":"Feature","properties":{"s":"Tripura","v":3.3},"geometry":{"type":"Point","coordinates":[92.172,24.2613]}},{"type":"Feature","properties":{"s":"Tripura","v":3.3},"geometry":{"type":"Point","coordinates":[91.6685,24.0842]}},{"type":"Feature","properties":{"s":"Tripura","v":3.3},"geometry":{"type":"Point","coordinates":[91.3587,23.3379]}},{"type":"Feature","properties":{"s":"Tripura","v":3.3},"geometry":{"type":"Point","coordinates":[91.296,23.963]}},{"type":"Feature","properties":{"s":"Tripura","v":3.3},"geometry":{"type":"Point","coordinates":[92.133,24.2005]}},{"type":"Feature","properties":{"s":"Tripura","v":3.3},"geometry":{"type":"Point","coordinates":[91.5047,23.5068]}},{"type":"Feature","properties":{"s":"Tripura","v":3.3},"geometry":{"type":"Point","coordinates":[91.9416,23.7792]}},{"type":"Feature","properties":{"s":"Tripura","v":3.3},"geometry":{"type":"Point","coordinates":[91.7224,23.6034]}},{"type":"Feature","properties":{"s":"Tripura","v":3.3},"geometry":{"type":"Point","coordinates":[91.8406,23.9399]}},{"type":"Feature","properties":{"s":"Tripura","v":3.3},"geometry":{"type":"Point","coordinates":[92.2129,23.9409]}},{"type":"Feature","properties":{"s":"Tripura","v":3.3},"geometry":{"type":"Point","coordinates":[91.5141,23.2515]}},{"type":"Feature","properties":{"s":"Tripura","v":3.3},"geometry":{"type":"Point","coordinates":[91.536,23.1844]}},{"type":"Feature","properties":{"s":"Tripura","v":3.3},"geometry":{"type":"Point","coordinates":[92.0769,23.7838]}},{"type":"Feature","properties":{"s":"Tripura","v":3.3},"geometry":{"type":"Point","coordinates":[91.7151,23.3281]}},{"type":"Feature","properties":{"s":"Tripura","v":3.3},"geometry":{"type":"Point","coordinates":[91.6392,23.1078]}},{"type":"Feature","properties":{"s":"Tripura","v":3.3},"geometry":{"type":"Point","coordinates":[91.3912,23.7666]}},{"type":"Feature","properties":{"s":"Tripura","v":3.3},"geometry":{"type":"Point","coordinates":[91.6769,24.093]}},{"type":"Feature","properties":{"s":"Tripura","v":3.3},"geometry":{"type":"Point","coordinates":[91.9198,23.8361]}},{"type":"Feature","properties":{"s":"Tripura","v":3.3},"geometry":{"type":"Point","coordinates":[91.8392,23.8023]}},{"type":"Feature","properties":{"s":"Tripura","v":3.3},"geometry":{"type":"Point","coordinates":[91.7921,23.4597]}},{"type":"Feature","properties":{"s":"Tripura","v":3.3},"geometry":{"type":"Point","coordinates":[91.9929,23.9409]}},{"type":"Feature","properties":{"s":"Tripura","v":3.3},"geometry":{"type":"Point","coordinates":[91.5333,23.3166]}},{"type":"Feature","properties":{"s":"Tripura","v":3.3},"geometry":{"type":"Point","coordinates":[91.5816,24.0328]}},{"type":"Feature","properties":{"s":"Tripura","v":3.3},"geometry":{"type":"Point","coordinates":[91.7183,24.0353]}},{"type":"Feature","properties":{"s":"Tripura","v":3.3},"geometry":{"type":"Point","coordinates":[91.812,23.5147]}},{"type":"Feature","properties":{"s":"Tripura","v":3.3},"geometry":{"type":"Point","coordinates":[91.9432,23.9933]}},{"type":"Feature","properties":{"s":"Tripura","v":3.3},"geometry":{"type":"Point","coordinates":[91.8692,23.7773]}},{"type":"Feature","properties":{"s":"Tripura","v":3.3},"geometry":{"type":"Point","coordinates":[91.6487,23.159]}},{"type":"Feature","properties":{"s":"Tripura","v":3.3},"geometry":{"type":"Point","coordinates":[91.8594,23.764]}},{"type":"Feature","properties":{"s":"Tripura","v":3.3},"geometry":{"type":"Point","coordinates":[91.5494,23.0533]}},{"type":"Feature","properties":{"s":"Tripura","v":3.3},"geometry":{"type":"Point","coordinates":[91.364,23.3025]}},{"type":"Feature","properties":{"s":"Tripura","v":3.3},"geometry":{"type":"Point","coordinates":[91.941,23.9024]}},{"type":"Feature","properties":{"s":"Tripura","v":3.3},"geometry":{"type":"Point","coordinates":[92.264,24.0965]}},{"type":"Feature","properties":{"s":"Tripura","v":3.3},"geometry":{"type":"Point","coordinates":[91.9423,24.1205]}},{"type":"Feature","properties":{"s":"Tripura","v":3.3},"geometry":{"type":"Point","coordinates":[91.6746,23.914]}},{"type":"Feature","properties":{"s":"Tripura","v":3.3},"geometry":{"type":"Point","coordinates":[91.603,23.8204]}},{"type":"Feature","properties":{"s":"Tripura","v":3.3},"geometry":{"type":"Point","coordinates":[91.7578,23.7943]}},{"type":"Feature","properties":{"s":"Tripura","v":3.3},"geometry":{"type":"Point","coordinates":[92.1475,23.8965]}},{"type":"Feature","properties":{"s":"Tripura","v":3.3},"geometry":{"type":"Point","coordinates":[92.1265,23.7784]}},{"type":"Feature","properties":{"s":"Tripura","v":3.3},"geometry":{"type":"Point","coordinates":[91.6403,23.015]}},{"type":"Feature","properties":{"s":"Tripura","v":3.3},"geometry":{"type":"Point","coordinates":[91.9691,23.8489]}},{"type":"Feature","properties":{"s":"Tripura","v":3.3},"geometry":{"type":"Point","coordinates":[91.7975,23.3487]}},{"type":"Feature","properties":{"s":"Tripura","v":3.3},"geometry":{"type":"Point","coordinates":[91.47,23.4613]}},{"type":"Feature","properties":{"s":"Tripura","v":3.3},"geometry":{"type":"Point","coordinates":[91.4226,23.8621]}},{"type":"Feature","properties":{"s":"Tripura","v":3.3},"geometry":{"type":"Point","coordinates":[92.2042,24.2963]}},{"type":"Feature","properties":{"s":"Tripura","v":3.3},"geometry":{"type":"Point","coordinates":[91.2868,23.931]}},{"type":"Feature","properties":{"s":"Tripura","v":3.3},"geometry":{"type":"Point","coordinates":[92.1587,24.1712]}},{"type":"Feature","properties":{"s":"Tripura","v":3.3},"geometry":{"type":"Point","coordinates":[91.5055,23.5851]}},{"type":"Feature","properties":{"s":"Tripura","v":3.3},"geometry":{"type":"Point","coordinates":[92.2459,24.3611]}},{"type":"Feature","properties":{"s":"Tripura","v":3.3},"geometry":{"type":"Point","coordinates":[91.2443,23.7528]}},{"type":"Feature","properties":{"s":"Tripura","v":3.3},"geometry":{"type":"Point","coordinates":[91.6453,23.4]}},{"type":"Feature","properties":{"s":"Tripura","v":3.3},"geometry":{"type":"Point","coordinates":[91.9436,23.8564]}},{"type":"Feature","properties":{"s":"Tripura","v":3.3},"geometry":{"type":"Point","coordinates":[91.4707,23.2996]}},{"type":"Feature","properties":{"s":"Tripura","v":3.3},"geometry":{"type":"Point","coordinates":[91.2953,23.4695]}},{"type":"Feature","properties":{"s":"Tripura","v":3.3},"geometry":{"type":"Point","coordinates":[91.3873,23.3113]}},{"type":"Feature","properties":{"s":"Uttarakhand","v":25.6},"geometry":{"type":"Point","coordinates":[79.0301,29.3855]}},{"type":"Feature","properties":{"s":"Uttarakhand","v":25.6},"geometry":{"type":"Point","coordinates":[79.2548,30.4619]}},{"type":"Feature","properties":{"s":"Uttarakhand","v":25.6},"geometry":{"type":"Point","coordinates":[77.9018,30.5814]}},{"type":"Feature","properties":{"s":"Uttarakhand","v":25.6},"geometry":{"type":"Point","coordinates":[80.0348,30.3886]}},{"type":"Feature","properties":{"s":"Uttarakhand","v":25.6},"geometry":{"type":"Point","coordinates":[79.6656,30.8367]}},{"type":"Feature","properties":{"s":"Uttarakhand","v":25.6},"geometry":{"type":"Point","coordinates":[79.1918,30.396]}},{"type":"Feature","properties":{"s":"Uttarakhand","v":25.6},"geometry":{"type":"Point","coordinates":[79.9107,29.5369]}},{"type":"Feature","properties":{"s":"Uttarakhand","v":25.6},"geometry":{"type":"Point","coordinates":[78.7015,30.5066]}},{"type":"Feature","properties":{"s":"Uttarakhand","v":25.6},"geometry":{"type":"Point","coordinates":[78.9885,30.6937]}},{"type":"Feature","properties":{"s":"Uttarakhand","v":25.6},"geometry":{"type":"Point","coordinates":[80.0838,29.0853]}},{"type":"Feature","properties":{"s":"Uttarakhand","v":25.6},"geometry":{"type":"Point","coordinates":[79.4961,28.9125]}},{"type":"Feature","properties":{"s":"Uttarakhand","v":25.6},"geometry":{"type":"Point","coordinates":[79.7602,30.5849]}},{"type":"Feature","properties":{"s":"Uttarakhand","v":25.6},"geometry":{"type":"Point","coordinates":[80.3118,29.6363]}},{"type":"Feature","properties":{"s":"Uttarakhand","v":25.6},"geometry":{"type":"Point","coordinates":[79.6954,30.885]}},{"type":"Feature","properties":{"s":"Uttarakhand","v":25.6},"geometry":{"type":"Point","coordinates":[79.9015,30.4719]}},{"type":"Feature","properties":{"s":"Uttarakhand","v":25.6},"geometry":{"type":"Point","coordinates":[80.2304,29.5775]}},{"type":"Feature","properties":{"s":"Uttarakhand","v":25.6},"geometry":{"type":"Point","coordinates":[79.9438,28.7435]}},{"type":"Feature","properties":{"s":"Uttarakhand","v":25.6},"geometry":{"type":"Point","coordinates":[77.8678,30.3425]}},{"type":"Feature","properties":{"s":"Uttarakhand","v":25.6},"geometry":{"type":"Point","coordinates":[79.4727,30.3285]}},{"type":"Feature","properties":{"s":"Uttarakhand","v":25.6},"geometry":{"type":"Point","coordinates":[79.289,29.0772]}},{"type":"Feature","properties":{"s":"Uttarakhand","v":25.6},"geometry":{"type":"Point","coordinates":[78.8373,29.6782]}},{"type":"Feature","properties":{"s":"Uttarakhand","v":25.6},"geometry":{"type":"Point","coordinates":[79.0072,31.0162]}},{"type":"Feature","properties":{"s":"Uttarakhand","v":25.6},"geometry":{"type":"Point","coordinates":[78.5736,30.5089]}},{"type":"Feature","properties":{"s":"Uttarakhand","v":25.6},"geometry":{"type":"Point","coordinates":[80.0059,29.7703]}},{"type":"Feature","properties":{"s":"Uttarakhand","v":25.6},"geometry":{"type":"Point","coordinates":[78.7445,30.3045]}},{"type":"Feature","properties":{"s":"Uttarakhand","v":25.6},"geometry":{"type":"Point","coordinates":[78.6065,29.5798]}},{"type":"Feature","properties":{"s":"Uttarakhand","v":25.6},"geometry":{"type":"Point","coordinates":[78.004,30.703]}},{"type":"Feature","properties":{"s":"Uttarakhand","v":25.6},"geometry":{"type":"Point","coordinates":[78.1559,30.577]}},{"type":"Feature","properties":{"s":"Uttarakhand","v":25.6},"geometry":{"type":"Point","coordinates":[79.7162,30.6567]}},{"type":"Feature","properties":{"s":"Uttarakhand","v":25.6},"geometry":{"type":"Point","coordinates":[78.5982,30.9182]}},{"type":"Feature","properties":{"s":"Uttarakhand","v":25.6},"geometry":{"type":"Point","coordinates":[80.0305,29.8477]}},{"type":"Feature","properties":{"s":"Uttarakhand","v":25.6},"geometry":{"type":"Point","coordinates":[79.0873,29.6996]}},{"type":"Feature","properties":{"s":"Uttarakhand","v":25.6},"geometry":{"type":"Point","coordinates":[80.0643,30.2679]}},{"type":"Feature","properties":{"s":"Uttarakhand","v":25.6},"geometry":{"type":"Point","coordinates":[79.6373,29.7467]}},{"type":"Feature","properties":{"s":"Uttarakhand","v":25.6},"geometry":{"type":"Point","coordinates":[79.7559,29.069]}},{"type":"Feature","properties":{"s":"Uttarakhand","v":25.6},"geometry":{"type":"Point","coordinates":[79.2173,29.7954]}},{"type":"Feature","properties":{"s":"Uttarakhand","v":25.6},"geometry":{"type":"Point","coordinates":[80.0365,30.5988]}},{"type":"Feature","properties":{"s":"Uttarakhand","v":25.6},"geometry":{"type":"Point","coordinates":[80.0439,30.1503]}},{"type":"Feature","properties":{"s":"Uttarakhand","v":25.6},"geometry":{"type":"Point","coordinates":[78.2223,30.1701]}},{"type":"Feature","properties":{"s":"Uttarakhand","v":25.6},"geometry":{"type":"Point","coordinates":[78.4119,30.0984]}},{"type":"Feature","properties":{"s":"Uttarakhand","v":25.6},"geometry":{"type":"Point","coordinates":[78.4277,30.2655]}},{"type":"Feature","properties":{"s":"Uttarakhand","v":25.6},"geometry":{"type":"Point","coordinates":[79.3239,30.3694]}},{"type":"Feature","properties":{"s":"Uttarakhand","v":25.6},"geometry":{"type":"Point","coordinates":[79.2216,31.2317]}},{"type":"Feature","properties":{"s":"Uttarakhand","v":25.6},"geometry":{"type":"Point","coordinates":[79.1107,31.281]}},{"type":"Feature","properties":{"s":"Uttarakhand","v":25.6},"geometry":{"type":"Point","coordinates":[77.8294,30.4702]}},{"type":"Feature","properties":{"s":"Uttarakhand","v":25.6},"geometry":{"type":"Point","coordinates":[80.2557,29.241]}},{"type":"Feature","properties":{"s":"Uttarakhand","v":25.6},"geometry":{"type":"Point","coordinates":[78.4828,30.9823]}},{"type":"Feature","properties":{"s":"Uttarakhand","v":25.6},"geometry":{"type":"Point","coordinates":[78.9684,29.5165]}},{"type":"Feature","properties":{"s":"Uttarakhand","v":25.6},"geometry":{"type":"Point","coordinates":[77.9981,30.7105]}},{"type":"Feature","properties":{"s":"Uttarakhand","v":25.6},"geometry":{"type":"Point","coordinates":[80.4352,30.0887]}},{"type":"Feature","properties":{"s":"Uttarakhand","v":25.6},"geometry":{"type":"Point","coordinates":[79.4587,30.9855]}},{"type":"Feature","properties":{"s":"Uttarakhand","v":25.6},"geometry":{"type":"Point","coordinates":[78.8171,30.0266]}},{"type":"Feature","properties":{"s":"Uttarakhand","v":25.6},"geometry":{"type":"Point","coordinates":[78.7682,30.5344]}},{"type":"Feature","properties":{"s":"Uttarakhand","v":25.6},"geometry":{"type":"Point","coordinates":[79.312,29.7014]}},{"type":"Feature","properties":{"s":"Uttarakhand","v":25.6},"geometry":{"type":"Point","coordinates":[78.1204,30.9716]}},{"type":"Feature","properties":{"s":"Uttarakhand","v":25.6},"geometry":{"type":"Point","coordinates":[79.8148,29.271]}},{"type":"Feature","properties":{"s":"Uttarakhand","v":25.6},"geometry":{"type":"Point","coordinates":[79.5701,29.6687]}},{"type":"Feature","properties":{"s":"Uttarakhand","v":25.6},"geometry":{"type":"Point","coordinates":[78.5606,29.8156]}},{"type":"Feature","properties":{"s":"Uttarakhand","v":25.6},"geometry":{"type":"Point","coordinates":[79.6552,29.5478]}},{"type":"Feature","properties":{"s":"Uttarakhand","v":25.6},"geometry":{"type":"Point","coordinates":[78.3946,30.4881]}},{"type":"Feature","properties":{"s":"Uttarakhand","v":25.6},"geometry":{"type":"Point","coordinates":[79.4977,29.8606]}},{"type":"Feature","properties":{"s":"Uttarakhand","v":25.6},"geometry":{"type":"Point","coordinates":[78.5995,29.9899]}},{"type":"Feature","properties":{"s":"Uttarakhand","v":25.6},"geometry":{"type":"Point","coordinates":[80.6658,30.1249]}},{"type":"Feature","properties":{"s":"Uttarakhand","v":25.6},"geometry":{"type":"Point","coordinates":[78.2058,29.7931]}},{"type":"Feature","properties":{"s":"Uttarakhand","v":25.6},"geometry":{"type":"Point","coordinates":[78.3594,30.8321]}},{"type":"Feature","properties":{"s":"Uttarakhand","v":25.6},"geometry":{"type":"Point","coordinates":[79.5311,29.1501]}},{"type":"Feature","properties":{"s":"Uttarakhand","v":25.6},"geometry":{"type":"Point","coordinates":[79.521,29.2607]}},{"type":"Feature","properties":{"s":"Uttarakhand","v":25.6},"geometry":{"type":"Point","coordinates":[78.9965,29.8621]}},{"type":"Feature","properties":{"s":"Uttarakhand","v":25.6},"geometry":{"type":"Point","coordinates":[79.1469,30.0196]}},{"type":"Feature","properties":{"s":"Uttarakhand","v":25.6},"geometry":{"type":"Point","coordinates":[80.6027,30.4042]}},{"type":"Feature","properties":{"s":"Uttarakhand","v":25.6},"geometry":{"type":"Point","coordinates":[78.8197,30.8372]}},{"type":"Feature","properties":{"s":"Uttarakhand","v":25.6},"geometry":{"type":"Point","coordinates":[78.4261,29.8732]}},{"type":"Feature","properties":{"s":"Uttarakhand","v":25.6},"geometry":{"type":"Point","coordinates":[79.6684,30.6133]}},{"type":"Feature","properties":{"s":"Uttarakhand","v":25.6},"geometry":{"type":"Point","coordinates":[78.4166,30.9563]}},{"type":"Feature","properties":{"s":"Uttarakhand","v":25.6},"geometry":{"type":"Point","coordinates":[79.3916,29.5035]}},{"type":"Feature","properties":{"s":"Uttarakhand","v":25.6},"geometry":{"type":"Point","coordinates":[80.4571,30.1492]}},{"type":"Feature","properties":{"s":"Uttarakhand","v":25.6},"geometry":{"type":"Point","coordinates":[78.705,31.1612]}},{"type":"Feature","properties":{"s":"Uttarakhand","v":25.6},"geometry":{"type":"Point","coordinates":[79.2346,29.4204]}},{"type":"Feature","properties":{"s":"Uttarakhand","v":25.6},"geometry":{"type":"Point","coordinates":[80.1604,30.514]}},{"type":"Feature","properties":{"s":"Uttarakhand","v":25.6},"geometry":{"type":"Point","coordinates":[77.8187,30.8776]}},{"type":"Feature","properties":{"s":"Uttarakhand","v":25.6},"geometry":{"type":"Point","coordinates":[79.5166,30.7796]}},{"type":"Feature","properties":{"s":"Uttarakhand","v":25.6},"geometry":{"type":"Point","coordinates":[78.9178,29.9397]}},{"type":"Feature","properties":{"s":"Uttarakhand","v":25.6},"geometry":{"type":"Point","coordinates":[77.8528,30.4692]}},{"type":"Feature","properties":{"s":"Uttarakhand","v":25.6},"geometry":{"type":"Point","coordinates":[79.9694,29.4873]}},{"type":"Feature","properties":{"s":"Uttarakhand","v":25.6},"geometry":{"type":"Point","coordinates":[79.3319,30.1181]}},{"type":"Feature","properties":{"s":"Uttarakhand","v":25.6},"geometry":{"type":"Point","coordinates":[78.785,29.9532]}},{"type":"Feature","properties":{"s":"Uttarakhand","v":25.6},"geometry":{"type":"Point","coordinates":[78.7129,29.7554]}},{"type":"Feature","properties":{"s":"Uttarakhand","v":25.6},"geometry":{"type":"Point","coordinates":[79.2495,30.4637]}},{"type":"Feature","properties":{"s":"Uttarakhand","v":25.6},"geometry":{"type":"Point","coordinates":[80.2012,30.3018]}},{"type":"Feature","properties":{"s":"Uttarakhand","v":25.6},"geometry":{"type":"Point","coordinates":[79.325,30.984]}},{"type":"Feature","properties":{"s":"Uttarakhand","v":25.6},"geometry":{"type":"Point","coordinates":[79.9152,29.3021]}},{"type":"Feature","properties":{"s":"Uttarakhand","v":25.6},"geometry":{"type":"Point","coordinates":[80.6924,30.4209]}},{"type":"Feature","properties":{"s":"Uttarakhand","v":25.6},"geometry":{"type":"Point","coordinates":[79.9408,29.132]}},{"type":"Feature","properties":{"s":"Uttarakhand","v":25.6},"geometry":{"type":"Point","coordinates":[79.7231,28.9278]}},{"type":"Feature","properties":{"s":"Uttarakhand","v":25.6},"geometry":{"type":"Point","coordinates":[78.9729,31.2577]}},{"type":"Feature","properties":{"s":"Uttarakhand","v":25.6},"geometry":{"type":"Point","coordinates":[78.477,29.9099]}},{"type":"Feature","properties":{"s":"Uttarakhand","v":25.6},"geometry":{"type":"Point","coordinates":[78.2974,30.3437]}},{"type":"Feature","properties":{"s":"Uttarakhand","v":25.6},"geometry":{"type":"Point","coordinates":[79.4443,30.8222]}},{"type":"Feature","properties":{"s":"Uttarakhand","v":25.6},"geometry":{"type":"Point","coordinates":[78.0649,29.632]}},{"type":"Feature","properties":{"s":"Uttarakhand","v":25.6},"geometry":{"type":"Point","coordinates":[79.0603,30.1791]}},{"type":"Feature","properties":{"s":"Uttarakhand","v":25.6},"geometry":{"type":"Point","coordinates":[79.6346,29.3119]}},{"type":"Feature","properties":{"s":"Uttarakhand","v":25.6},"geometry":{"type":"Point","coordinates":[79.2514,29.6549]}},{"type":"Feature","properties":{"s":"Uttarakhand","v":25.6},"geometry":{"type":"Point","coordinates":[78.3262,31.1651]}},{"type":"Feature","properties":{"s":"Uttarakhand","v":25.6},"geometry":{"type":"Point","coordinates":[77.916,30.0867]}},{"type":"Feature","properties":{"s":"Uttarakhand","v":25.6},"geometry":{"type":"Point","coordinates":[79.905,30.5278]}},{"type":"Feature","properties":{"s":"Uttarakhand","v":25.6},"geometry":{"type":"Point","coordinates":[79.5223,30.2789]}},{"type":"Feature","properties":{"s":"Uttarakhand","v":25.6},"geometry":{"type":"Point","coordinates":[79.7928,29.4515]}},{"type":"Feature","properties":{"s":"Uttarakhand","v":25.6},"geometry":{"type":"Point","coordinates":[78.0297,30.9841]}},{"type":"Feature","properties":{"s":"Uttarakhand","v":25.6},"geometry":{"type":"Point","coordinates":[77.8154,29.9669]}},{"type":"Feature","properties":{"s":"Uttarakhand","v":25.6},"geometry":{"type":"Point","coordinates":[79.5112,29.1862]}},{"type":"Feature","properties":{"s":"Uttarakhand","v":25.6},"geometry":{"type":"Point","coordinates":[79.1691,29.9312]}},{"type":"Feature","properties":{"s":"Uttarakhand","v":25.6},"geometry":{"type":"Point","coordinates":[78.4878,29.8429]}},{"type":"Feature","properties":{"s":"Uttarakhand","v":25.6},"geometry":{"type":"Point","coordinates":[79.6825,29.5514]}},{"type":"Feature","properties":{"s":"Uttarakhand","v":25.6},"geometry":{"type":"Point","coordinates":[78.3133,29.8752]}},{"type":"Feature","properties":{"s":"Uttarakhand","v":25.6},"geometry":{"type":"Point","coordinates":[79.8404,29.9401]}},{"type":"Feature","properties":{"s":"Uttarakhand","v":25.6},"geometry":{"type":"Point","coordinates":[79.5557,29.0554]}},{"type":"Feature","properties":{"s":"Uttarakhand","v":25.6},"geometry":{"type":"Point","coordinates":[79.2404,30.9258]}},{"type":"Feature","properties":{"s":"Uttarakhand","v":25.6},"geometry":{"type":"Point","coordinates":[79.57,30.749]}},{"type":"Feature","properties":{"s":"Uttarakhand","v":25.6},"geometry":{"type":"Point","coordinates":[78.3056,29.9662]}},{"type":"Feature","properties":{"s":"Uttarakhand","v":25.6},"geometry":{"type":"Point","coordinates":[79.7266,30.5612]}},{"type":"Feature","properties":{"s":"Uttarakhand","v":25.6},"geometry":{"type":"Point","coordinates":[77.9998,30.0778]}},{"type":"Feature","properties":{"s":"Uttarakhand","v":25.6},"geometry":{"type":"Point","coordinates":[78.293,30.9438]}},{"type":"Feature","properties":{"s":"Uttarakhand","v":25.6},"geometry":{"type":"Point","coordinates":[78.6561,30.0167]}},{"type":"Feature","properties":{"s":"Uttarakhand","v":25.6},"geometry":{"type":"Point","coordinates":[77.9455,30.6311]}},{"type":"Feature","properties":{"s":"Uttarakhand","v":25.6},"geometry":{"type":"Point","coordinates":[80.7527,30.244]}},{"type":"Feature","properties":{"s":"Uttarakhand","v":25.6},"geometry":{"type":"Point","coordinates":[78.2053,29.8899]}},{"type":"Feature","properties":{"s":"Uttarakhand","v":25.6},"geometry":{"type":"Point","coordinates":[77.8324,30.9416]}},{"type":"Feature","properties":{"s":"Uttarakhand","v":25.6},"geometry":{"type":"Point","coordinates":[79.2316,30.1479]}},{"type":"Feature","properties":{"s":"Uttarakhand","v":25.6},"geometry":{"type":"Point","coordinates":[80.0881,30.1663]}},{"type":"Feature","properties":{"s":"Uttarakhand","v":25.6},"geometry":{"type":"Point","coordinates":[80.1556,29.1609]}},{"type":"Feature","properties":{"s":"Uttarakhand","v":25.6},"geometry":{"type":"Point","coordinates":[79.8776,30.5935]}},{"type":"Feature","properties":{"s":"Uttarakhand","v":25.6},"geometry":{"type":"Point","coordinates":[78.8741,30.4796]}},{"type":"Feature","properties":{"s":"Uttarakhand","v":25.6},"geometry":{"type":"Point","coordinates":[79.6052,30.7337]}},{"type":"Feature","properties":{"s":"Uttarakhand","v":25.6},"geometry":{"type":"Point","coordinates":[78.187,30.0601]}},{"type":"Feature","properties":{"s":"Uttarakhand","v":25.6},"geometry":{"type":"Point","coordinates":[79.854,29.6278]}},{"type":"Feature","properties":{"s":"Uttarakhand","v":25.6},"geometry":{"type":"Point","coordinates":[80.1041,30.1191]}},{"type":"Feature","properties":{"s":"Uttarakhand","v":25.6},"geometry":{"type":"Point","coordinates":[78.9271,30.2821]}},{"type":"Feature","properties":{"s":"Uttarakhand","v":25.6},"geometry":{"type":"Point","coordinates":[79.445,30.5541]}},{"type":"Feature","properties":{"s":"Uttarakhand","v":25.6},"geometry":{"type":"Point","coordinates":[78.1345,30.9688]}},{"type":"Feature","properties":{"s":"Uttarakhand","v":25.6},"geometry":{"type":"Point","coordinates":[78.3561,30.0705]}},{"type":"Feature","properties":{"s":"Uttarakhand","v":25.6},"geometry":{"type":"Point","coordinates":[79.789,30.9219]}},{"type":"Feature","properties":{"s":"Uttarakhand","v":25.6},"geometry":{"type":"Point","coordinates":[79.1099,30.0634]}},{"type":"Feature","properties":{"s":"Uttarakhand","v":25.6},"geometry":{"type":"Point","coordinates":[79.7283,30.3198]}},{"type":"Feature","properties":{"s":"Uttarakhand","v":25.6},"geometry":{"type":"Point","coordinates":[78.0182,30.2563]}},{"type":"Feature","properties":{"s":"Uttarakhand","v":25.6},"geometry":{"type":"Point","coordinates":[79.9211,30.564]}},{"type":"Feature","properties":{"s":"Uttarakhand","v":25.6},"geometry":{"type":"Point","coordinates":[79.0164,29.7179]}},{"type":"Feature","properties":{"s":"Uttarakhand","v":25.6},"geometry":{"type":"Point","coordinates":[78.1302,30.3568]}},{"type":"Feature","properties":{"s":"Uttarakhand","v":25.6},"geometry":{"type":"Point","coordinates":[79.2181,31.1684]}},{"type":"Feature","properties":{"s":"Uttarakhand","v":25.6},"geometry":{"type":"Point","coordinates":[78.7205,30.588]}},{"type":"Feature","properties":{"s":"Uttarakhand","v":25.6},"geometry":{"type":"Point","coordinates":[80.8808,30.2467]}},{"type":"Feature","properties":{"s":"Uttarakhand","v":25.6},"geometry":{"type":"Point","coordinates":[77.8872,31.0852]}},{"type":"Feature","properties":{"s":"Uttarakhand","v":25.6},"geometry":{"type":"Point","coordinates":[79.9898,30.7342]}},{"type":"Feature","properties":{"s":"Uttarakhand","v":25.6},"geometry":{"type":"Point","coordinates":[78.0726,29.6908]}},{"type":"Feature","properties":{"s":"Uttarakhand","v":25.6},"geometry":{"type":"Point","coordinates":[79.9871,29.3071]}},{"type":"Feature","properties":{"s":"Uttarakhand","v":25.6},"geometry":{"type":"Point","coordinates":[80.1094,30.6837]}},{"type":"Feature","properties":{"s":"Uttarakhand","v":25.6},"geometry":{"type":"Point","coordinates":[79.3163,30.5173]}},{"type":"Feature","properties":{"s":"Uttarakhand","v":25.6},"geometry":{"type":"Point","coordinates":[80.1529,29.1588]}},{"type":"Feature","properties":{"s":"Uttarakhand","v":25.6},"geometry":{"type":"Point","coordinates":[79.3899,29.1249]}},{"type":"Feature","properties":{"s":"Uttarakhand","v":25.6},"geometry":{"type":"Point","coordinates":[79.0052,29.4097]}},{"type":"Feature","properties":{"s":"Uttarakhand","v":25.6},"geometry":{"type":"Point","coordinates":[78.0677,29.8826]}},{"type":"Feature","properties":{"s":"Uttarakhand","v":25.6},"geometry":{"type":"Point","coordinates":[79.1757,30.4682]}},{"type":"Feature","properties":{"s":"Uttarakhand","v":25.6},"geometry":{"type":"Point","coordinates":[80.1947,29.9411]}},{"type":"Feature","properties":{"s":"Uttarakhand","v":25.6},"geometry":{"type":"Point","coordinates":[79.6187,30.667]}},{"type":"Feature","properties":{"s":"Uttarakhand","v":25.6},"geometry":{"type":"Point","coordinates":[78.9916,30.8795]}},{"type":"Feature","properties":{"s":"Uttarakhand","v":25.6},"geometry":{"type":"Point","coordinates":[78.7337,30.2604]}},{"type":"Feature","properties":{"s":"Uttarakhand","v":25.6},"geometry":{"type":"Point","coordinates":[79.2941,30.4631]}},{"type":"Feature","properties":{"s":"Uttarakhand","v":25.6},"geometry":{"type":"Point","coordinates":[80.4992,29.9042]}},{"type":"Feature","properties":{"s":"Uttarakhand","v":25.6},"geometry":{"type":"Point","coordinates":[79.7705,30.3349]}},{"type":"Feature","properties":{"s":"Uttarakhand","v":25.6},"geometry":{"type":"Point","coordinates":[79.2676,29.6675]}},{"type":"Feature","properties":{"s":"Uttarakhand","v":25.6},"geometry":{"type":"Point","coordinates":[78.3276,30.3998]}},{"type":"Feature","properties":{"s":"Uttarakhand","v":25.6},"geometry":{"type":"Point","coordinates":[79.9039,29.4081]}},{"type":"Feature","properties":{"s":"Uttarakhand","v":25.6},"geometry":{"type":"Point","coordinates":[78.1313,31.1353]}},{"type":"Feature","properties":{"s":"Uttarakhand","v":25.6},"geometry":{"type":"Point","coordinates":[80.0778,30.527]}},{"type":"Feature","properties":{"s":"Uttarakhand","v":25.6},"geometry":{"type":"Point","coordinates":[79.1169,31.2256]}},{"type":"Feature","properties":{"s":"Uttarakhand","v":25.6},"geometry":{"type":"Point","coordinates":[79.2319,30.1167]}},{"type":"Feature","properties":{"s":"Uttarakhand","v":25.6},"geometry":{"type":"Point","coordinates":[77.7881,30.819]}},{"type":"Feature","properties":{"s":"Uttarakhand","v":25.6},"geometry":{"type":"Point","coordinates":[80.2486,29.3435]}},{"type":"Feature","properties":{"s":"Uttarakhand","v":25.6},"geometry":{"type":"Point","coordinates":[79.7964,29.4969]}},{"type":"Feature","properties":{"s":"Uttarakhand","v":25.6},"geometry":{"type":"Point","coordinates":[79.9698,29.8254]}},{"type":"Feature","properties":{"s":"Uttarakhand","v":25.6},"geometry":{"type":"Point","coordinates":[79.0467,30.14]}},{"type":"Feature","properties":{"s":"Uttarakhand","v":25.6},"geometry":{"type":"Point","coordinates":[80.0046,30.5826]}},{"type":"Feature","properties":{"s":"Uttarakhand","v":25.6},"geometry":{"type":"Point","coordinates":[80.4906,30.3509]}},{"type":"Feature","properties":{"s":"Uttarakhand","v":25.6},"geometry":{"type":"Point","coordinates":[80.1541,29.1959]}},{"type":"Feature","properties":{"s":"Uttarakhand","v":25.6},"geometry":{"type":"Point","coordinates":[79.5313,29.9116]}},{"type":"Feature","properties":{"s":"Uttarakhand","v":25.6},"geometry":{"type":"Point","coordinates":[79.6236,30.4296]}},{"type":"Feature","properties":{"s":"Uttarakhand","v":25.6},"geometry":{"type":"Point","coordinates":[79.71,29.6641]}},{"type":"Feature","properties":{"s":"Uttarakhand","v":25.6},"geometry":{"type":"Point","coordinates":[78.6936,30.354]}},{"type":"Feature","properties":{"s":"Uttarakhand","v":25.6},"geometry":{"type":"Point","coordinates":[78.5226,30.5273]}},{"type":"Feature","properties":{"s":"Uttarakhand","v":25.6},"geometry":{"type":"Point","coordinates":[78.7481,31.0583]}},{"type":"Feature","properties":{"s":"Uttarakhand","v":25.6},"geometry":{"type":"Point","coordinates":[79.5069,30.446]}},{"type":"Feature","properties":{"s":"Uttarakhand","v":25.6},"geometry":{"type":"Point","coordinates":[79.0014,29.7242]}},{"type":"Feature","properties":{"s":"Uttarakhand","v":25.6},"geometry":{"type":"Point","coordinates":[78.6994,29.6466]}},{"type":"Feature","properties":{"s":"Uttarakhand","v":25.6},"geometry":{"type":"Point","coordinates":[78.6826,31.1182]}},{"type":"Feature","properties":{"s":"Uttarakhand","v":25.6},"geometry":{"type":"Point","coordinates":[79.6816,28.8676]}},{"type":"Feature","properties":{"s":"Uttarakhand","v":25.6},"geometry":{"type":"Point","coordinates":[79.2674,30.2826]}},{"type":"Feature","properties":{"s":"Uttarakhand","v":25.6},"geometry":{"type":"Point","coordinates":[79.041,30.195]}},{"type":"Feature","properties":{"s":"Uttarakhand","v":25.6},"geometry":{"type":"Point","coordinates":[78.1612,30.3907]}},{"type":"Feature","properties":{"s":"Uttarakhand","v":25.6},"geometry":{"type":"Point","coordinates":[78.2717,30.9081]}},{"type":"Feature","properties":{"s":"Uttarakhand","v":25.6},"geometry":{"type":"Point","coordinates":[79.773,30.7451]}},{"type":"Feature","properties":{"s":"Uttarakhand","v":25.6},"geometry":{"type":"Point","coordinates":[79.5574,30.9676]}},{"type":"Feature","properties":{"s":"Uttarakhand","v":25.6},"geometry":{"type":"Point","coordinates":[78.9055,30.9625]}},{"type":"Feature","properties":{"s":"Uttarakhand","v":25.6},"geometry":{"type":"Point","coordinates":[78.76,30.7075]}},{"type":"Feature","properties":{"s":"Uttarakhand","v":25.6},"geometry":{"type":"Point","coordinates":[79.8495,29.6686]}},{"type":"Feature","properties":{"s":"Uttarakhand","v":25.6},"geometry":{"type":"Point","coordinates":[79.7863,30.6361]}},{"type":"Feature","properties":{"s":"Uttarakhand","v":25.6},"geometry":{"type":"Point","coordinates":[79.2103,30.9925]}},{"type":"Feature","properties":{"s":"Uttarakhand","v":25.6},"geometry":{"type":"Point","coordinates":[80.3568,29.9578]}},{"type":"Feature","properties":{"s":"Uttarakhand","v":25.6},"geometry":{"type":"Point","coordinates":[78.8772,29.5801]}},{"type":"Feature","properties":{"s":"Uttarakhand","v":25.6},"geometry":{"type":"Point","coordinates":[78.68,30.561]}},{"type":"Feature","properties":{"s":"Uttarakhand","v":25.6},"geometry":{"type":"Point","coordinates":[78.2235,30.7001]}},{"type":"Feature","properties":{"s":"Uttarakhand","v":25.6},"geometry":{"type":"Point","coordinates":[79.5707,30.0047]}},{"type":"Feature","properties":{"s":"Uttarakhand","v":25.6},"geometry":{"type":"Point","coordinates":[79.8577,30.6749]}},{"type":"Feature","properties":{"s":"Uttarakhand","v":25.6},"geometry":{"type":"Point","coordinates":[79.7407,29.8495]}},{"type":"Feature","properties":{"s":"Uttarakhand","v":25.6},"geometry":{"type":"Point","coordinates":[79.8925,29.0624]}},{"type":"Feature","properties":{"s":"Uttarakhand","v":25.6},"geometry":{"type":"Point","coordinates":[79.9291,30.4229]}},{"type":"Feature","properties":{"s":"Uttarakhand","v":25.6},"geometry":{"type":"Point","coordinates":[78.9157,29.4606]}},{"type":"Feature","properties":{"s":"Uttarakhand","v":25.6},"geometry":{"type":"Point","coordinates":[78.6309,30.4574]}},{"type":"Feature","properties":{"s":"Uttarakhand","v":25.6},"geometry":{"type":"Point","coordinates":[79.9838,30.2972]}},{"type":"Feature","properties":{"s":"Uttarakhand","v":25.6},"geometry":{"type":"Point","coordinates":[80.5264,29.9661]}},{"type":"Feature","properties":{"s":"Uttarakhand","v":25.6},"geometry":{"type":"Point","coordinates":[80.1926,30.4675]}},{"type":"Feature","properties":{"s":"Uttarakhand","v":25.6},"geometry":{"type":"Point","coordinates":[78.8032,30.7511]}},{"type":"Feature","properties":{"s":"Uttarakhand","v":25.6},"geometry":{"type":"Point","coordinates":[78.5758,30.3016]}},{"type":"Feature","properties":{"s":"Uttarakhand","v":25.6},"geometry":{"type":"Point","coordinates":[79.5198,28.9149]}},{"type":"Feature","properties":{"s":"Uttarakhand","v":25.6},"geometry":{"type":"Point","coordinates":[80.6983,30.329]}},{"type":"Feature","properties":{"s":"Uttarakhand","v":25.6},"geometry":{"type":"Point","coordinates":[79.8016,30.5147]}},{"type":"Feature","properties":{"s":"Uttarakhand","v":25.6},"geometry":{"type":"Point","coordinates":[80.3384,29.7191]}},{"type":"Feature","properties":{"s":"Uttarakhand","v":25.6},"geometry":{"type":"Point","coordinates":[79.0473,30.8815]}},{"type":"Feature","properties":{"s":"Uttarakhand","v":25.6},"geometry":{"type":"Point","coordinates":[80.648,30.4309]}},{"type":"Feature","properties":{"s":"Uttarakhand","v":25.6},"geometry":{"type":"Point","coordinates":[79.1275,30.5215]}},{"type":"Feature","properties":{"s":"Uttarakhand","v":25.6},"geometry":{"type":"Point","coordinates":[78.5582,30.2675]}},{"type":"Feature","properties":{"s":"Uttarakhand","v":25.6},"geometry":{"type":"Point","coordinates":[80.2695,29.648]}},{"type":"Feature","properties":{"s":"Uttarakhand","v":25.6},"geometry":{"type":"Point","coordinates":[79.7258,28.9182]}},{"type":"Feature","properties":{"s":"Uttarakhand","v":25.6},"geometry":{"type":"Point","coordinates":[78.5291,30.5202]}},{"type":"Feature","properties":{"s":"Uttarakhand","v":25.6},"geometry":{"type":"Point","coordinates":[80.3898,30.1277]}},{"type":"Feature","properties":{"s":"Uttarakhand","v":25.6},"geometry":{"type":"Point","coordinates":[80.0434,29.8314]}},{"type":"Feature","properties":{"s":"Uttarakhand","v":25.6},"geometry":{"type":"Point","coordinates":[79.1302,29.2317]}},{"type":"Feature","properties":{"s":"Uttarakhand","v":25.6},"geometry":{"type":"Point","coordinates":[80.2617,29.7643]}},{"type":"Feature","properties":{"s":"Uttarakhand","v":25.6},"geometry":{"type":"Point","coordinates":[79.4722,29.218]}},{"type":"Feature","properties":{"s":"Uttarakhand","v":25.6},"geometry":{"type":"Point","coordinates":[78.5255,29.9372]}},{"type":"Feature","properties":{"s":"Uttarakhand","v":25.6},"geometry":{"type":"Point","coordinates":[77.8916,29.7826]}},{"type":"Feature","properties":{"s":"Uttarakhand","v":25.6},"geometry":{"type":"Point","coordinates":[79.3483,29.4964]}},{"type":"Feature","properties":{"s":"Uttarakhand","v":25.6},"geometry":{"type":"Point","coordinates":[79.2756,29.8458]}},{"type":"Feature","properties":{"s":"Uttarakhand","v":25.6},"geometry":{"type":"Point","coordinates":[79.6403,30.1985]}},{"type":"Feature","properties":{"s":"Uttarakhand","v":25.6},"geometry":{"type":"Point","coordinates":[78.1666,30.7969]}},{"type":"Feature","properties":{"s":"Uttarakhand","v":25.6},"geometry":{"type":"Point","coordinates":[78.2478,31.0031]}},{"type":"Feature","properties":{"s":"Uttarakhand","v":25.6},"geometry":{"type":"Point","coordinates":[80.4848,29.9612]}},{"type":"Feature","properties":{"s":"Uttarakhand","v":25.6},"geometry":{"type":"Point","coordinates":[79.4032,29.7447]}},{"type":"Feature","properties":{"s":"Uttarakhand","v":25.6},"geometry":{"type":"Point","coordinates":[79.8789,28.9958]}},{"type":"Feature","properties":{"s":"Uttarakhand","v":25.6},"geometry":{"type":"Point","coordinates":[80.3887,30.0001]}},{"type":"Feature","properties":{"s":"Uttarakhand","v":25.6},"geometry":{"type":"Point","coordinates":[79.8857,30.6181]}},{"type":"Feature","properties":{"s":"Uttarakhand","v":25.6},"geometry":{"type":"Point","coordinates":[80.2812,29.5601]}},{"type":"Feature","properties":{"s":"Uttarakhand","v":25.6},"geometry":{"type":"Point","coordinates":[77.8819,29.8149]}},{"type":"Feature","properties":{"s":"Uttarakhand","v":25.6},"geometry":{"type":"Point","coordinates":[79.5214,29.6662]}},{"type":"Feature","properties":{"s":"Uttarakhand","v":25.6},"geometry":{"type":"Point","coordinates":[79.2265,29.8167]}},{"type":"Feature","properties":{"s":"Uttarakhand","v":25.6},"geometry":{"type":"Point","coordinates":[78.0902,29.7009]}},{"type":"Feature","properties":{"s":"Uttarakhand","v":25.6},"geometry":{"type":"Point","coordinates":[78.405,30.5543]}},{"type":"Feature","properties":{"s":"Uttarakhand","v":25.6},"geometry":{"type":"Point","coordinates":[80.6161,30.4264]}},{"type":"Feature","properties":{"s":"Uttarakhand","v":25.6},"geometry":{"type":"Point","coordinates":[79.2568,30.9996]}},{"type":"Feature","properties":{"s":"Uttarakhand","v":25.6},"geometry":{"type":"Point","coordinates":[78.1455,30.5023]}},{"type":"Feature","properties":{"s":"Uttarakhand","v":25.6},"geometry":{"type":"Point","coordinates":[79.1836,30.5177]}},{"type":"Feature","properties":{"s":"Uttarakhand","v":25.6},"geometry":{"type":"Point","coordinates":[78.3848,29.9626]}},{"type":"Feature","properties":{"s":"Uttarakhand","v":25.6},"geometry":{"type":"Point","coordinates":[79.26,30.5829]}},{"type":"Feature","properties":{"s":"Uttarakhand","v":25.6},"geometry":{"type":"Point","coordinates":[78.0234,30.7013]}},{"type":"Feature","properties":{"s":"Uttarakhand","v":25.6},"geometry":{"type":"Point","coordinates":[80.4503,30.2905]}},{"type":"Feature","properties":{"s":"Uttarakhand","v":25.6},"geometry":{"type":"Point","coordinates":[79.6339,29.89]}},{"type":"Feature","properties":{"s":"Uttarakhand","v":25.6},"geometry":{"type":"Point","coordinates":[80.1513,29.6704]}},{"type":"Feature","properties":{"s":"Uttarakhand","v":25.6},"geometry":{"type":"Point","coordinates":[78.4882,30.2117]}},{"type":"Feature","properties":{"s":"Uttarakhand","v":25.6},"geometry":{"type":"Point","coordinates":[79.3725,30.9397]}},{"type":"Feature","properties":{"s":"Uttarakhand","v":25.6},"geometry":{"type":"Point","coordinates":[79.8502,30.8043]}},{"type":"Feature","properties":{"s":"Uttarakhand","v":25.6},"geometry":{"type":"Point","coordinates":[78.5492,30.1442]}},{"type":"Feature","properties":{"s":"Uttarakhand","v":25.6},"geometry":{"type":"Point","coordinates":[79.555,29.2334]}},{"type":"Feature","properties":{"s":"Uttarakhand","v":25.6},"geometry":{"type":"Point","coordinates":[80.2708,30.5659]}},{"type":"Feature","properties":{"s":"Uttarakhand","v":25.6},"geometry":{"type":"Point","coordinates":[78.6357,30.5643]}},{"type":"Feature","properties":{"s":"Uttarakhand","v":25.6},"geometry":{"type":"Point","coordinates":[78.505,29.7693]}},{"type":"Feature","properties":{"s":"Uttarakhand","v":25.6},"geometry":{"type":"Point","coordinates":[79.1524,30.8636]}},{"type":"Feature","properties":{"s":"Uttarakhand","v":25.6},"geometry":{"type":"Point","coordinates":[78.9863,29.3608]}},{"type":"Feature","properties":{"s":"Uttarakhand","v":25.6},"geometry":{"type":"Point","coordinates":[79.9259,29.4599]}},{"type":"Feature","properties":{"s":"Uttarakhand","v":25.6},"geometry":{"type":"Point","coordinates":[79.0985,29.7366]}},{"type":"Feature","properties":{"s":"Uttarakhand","v":25.6},"geometry":{"type":"Point","coordinates":[79.1809,31.3028]}},{"type":"Feature","properties":{"s":"Uttarakhand","v":25.6},"geometry":{"type":"Point","coordinates":[78.7592,30.281]}},{"type":"Feature","properties":{"s":"Uttarakhand","v":25.6},"geometry":{"type":"Point","coordinates":[78.4526,30.6157]}},{"type":"Feature","properties":{"s":"Uttarakhand","v":25.6},"geometry":{"type":"Point","coordinates":[79.1624,31.0443]}},{"type":"Feature","properties":{"s":"Uttarakhand","v":25.6},"geometry":{"type":"Point","coordinates":[79.5385,29.2168]}},{"type":"Feature","properties":{"s":"Uttarakhand","v":25.6},"geometry":{"type":"Point","coordinates":[79.9619,29.6662]}},{"type":"Feature","properties":{"s":"Uttarakhand","v":25.6},"geometry":{"type":"Point","coordinates":[79.4921,29.5977]}},{"type":"Feature","properties":{"s":"Uttarakhand","v":25.6},"geometry":{"type":"Point","coordinates":[79.4154,29.8948]}},{"type":"Feature","properties":{"s":"Uttarakhand","v":25.6},"geometry":{"type":"Point","coordinates":[78.8837,29.2074]}},{"type":"Feature","properties":{"s":"Uttarakhand","v":25.6},"geometry":{"type":"Point","coordinates":[79.6553,28.9191]}},{"type":"Feature","properties":{"s":"Uttarakhand","v":25.6},"geometry":{"type":"Point","coordinates":[79.8514,29.8901]}},{"type":"Feature","properties":{"s":"Uttarakhand","v":25.6},"geometry":{"type":"Point","coordinates":[78.9251,29.7622]}},{"type":"Feature","properties":{"s":"Uttarakhand","v":25.6},"geometry":{"type":"Point","coordinates":[80.0011,29.9891]}},{"type":"Feature","properties":{"s":"Uttarakhand","v":25.6},"geometry":{"type":"Point","coordinates":[78.1178,30.855]}},{"type":"Feature","properties":{"s":"Uttarakhand","v":25.6},"geometry":{"type":"Point","coordinates":[79.4064,29.2784]}},{"type":"Feature","properties":{"s":"Uttarakhand","v":25.6},"geometry":{"type":"Point","coordinates":[78.1012,29.7755]}},{"type":"Feature","properties":{"s":"Uttarakhand","v":25.6},"geometry":{"type":"Point","coordinates":[78.7286,30.0766]}},{"type":"Feature","properties":{"s":"Uttarakhand","v":25.6},"geometry":{"type":"Point","coordinates":[79.5278,30.1674]}},{"type":"Feature","properties":{"s":"Uttarakhand","v":25.6},"geometry":{"type":"Point","coordinates":[80.3526,29.8906]}},{"type":"Feature","properties":{"s":"Uttarakhand","v":25.6},"geometry":{"type":"Point","coordinates":[79.9994,30.5188]}},{"type":"Feature","properties":{"s":"Uttarakhand","v":25.6},"geometry":{"type":"Point","coordinates":[78.8787,30.485]}},{"type":"Feature","properties":{"s":"Uttarakhand","v":25.6},"geometry":{"type":"Point","coordinates":[80.8428,30.3015]}},{"type":"Feature","properties":{"s":"Uttarakhand","v":25.6},"geometry":{"type":"Point","coordinates":[79.7801,29.913]}},{"type":"Feature","properties":{"s":"Uttarakhand","v":25.6},"geometry":{"type":"Point","coordinates":[79.5474,30.6891]}},{"type":"Feature","properties":{"s":"Uttarakhand","v":25.6},"geometry":{"type":"Point","coordinates":[79.858,30.883]}},{"type":"Feature","properties":{"s":"Uttarakhand","v":25.6},"geometry":{"type":"Point","coordinates":[79.6482,30.6634]}},{"type":"Feature","properties":{"s":"Uttarakhand","v":25.6},"geometry":{"type":"Point","coordinates":[78.9482,30.1036]}},{"type":"Feature","properties":{"s":"Uttarakhand","v":25.6},"geometry":{"type":"Point","coordinates":[78.8075,30.2386]}},{"type":"Feature","properties":{"s":"Uttarakhand","v":25.6},"geometry":{"type":"Point","coordinates":[80.7183,30.0297]}},{"type":"Feature","properties":{"s":"Uttarakhand","v":25.6},"geometry":{"type":"Point","coordinates":[78.459,30.6628]}},{"type":"Feature","properties":{"s":"Uttarakhand","v":25.6},"geometry":{"type":"Point","coordinates":[78.6253,30.0719]}},{"type":"Feature","properties":{"s":"Uttarakhand","v":25.6},"geometry":{"type":"Point","coordinates":[79.2016,29.2814]}},{"type":"Feature","properties":{"s":"Uttarakhand","v":25.6},"geometry":{"type":"Point","coordinates":[79.5951,30.6353]}},{"type":"Feature","properties":{"s":"Uttarakhand","v":25.6},"geometry":{"type":"Point","coordinates":[78.2662,30.7699]}},{"type":"Feature","properties":{"s":"Uttarakhand","v":25.6},"geometry":{"type":"Point","coordinates":[78.1171,30.0263]}},{"type":"Feature","properties":{"s":"Uttarakhand","v":25.6},"geometry":{"type":"Point","coordinates":[77.997,30.6418]}},{"type":"Feature","properties":{"s":"Uttarakhand","v":25.6},"geometry":{"type":"Point","coordinates":[80.1094,30.0539]}},{"type":"Feature","properties":{"s":"Uttarakhand","v":25.6},"geometry":{"type":"Point","coordinates":[80.0049,30.5394]}},{"type":"Feature","properties":{"s":"Uttarakhand","v":25.6},"geometry":{"type":"Point","coordinates":[78.2733,30.1094]}},{"type":"Feature","properties":{"s":"Uttarakhand","v":25.6},"geometry":{"type":"Point","coordinates":[79.2975,29.6263]}},{"type":"Feature","properties":{"s":"Uttarakhand","v":25.6},"geometry":{"type":"Point","coordinates":[78.2023,30.3129]}},{"type":"Feature","properties":{"s":"Uttarakhand","v":25.6},"geometry":{"type":"Point","coordinates":[79.172,30.7871]}},{"type":"Feature","properties":{"s":"Uttarakhand","v":25.6},"geometry":{"type":"Point","coordinates":[79.9184,29.2454]}},{"type":"Feature","properties":{"s":"Uttarakhand","v":25.6},"geometry":{"type":"Point","coordinates":[80.0321,30.3176]}},{"type":"Feature","properties":{"s":"Uttarakhand","v":25.6},"geometry":{"type":"Point","coordinates":[79.1297,29.2133]}},{"type":"Feature","properties":{"s":"Uttarakhand","v":25.6},"geometry":{"type":"Point","coordinates":[79.1617,30.6186]}},{"type":"Feature","properties":{"s":"Uttarakhand","v":25.6},"geometry":{"type":"Point","coordinates":[78.2458,30.2021]}},{"type":"Feature","properties":{"s":"Uttarakhand","v":25.6},"geometry":{"type":"Point","coordinates":[78.6361,30.314]}},{"type":"Feature","properties":{"s":"Uttarakhand","v":25.6},"geometry":{"type":"Point","coordinates":[79.1055,31.2818]}},{"type":"Feature","properties":{"s":"Uttarakhand","v":25.6},"geometry":{"type":"Point","coordinates":[79.0141,30.4092]}},{"type":"Feature","properties":{"s":"Uttarakhand","v":25.6},"geometry":{"type":"Point","coordinates":[80.7986,30.2267]}},{"type":"Feature","properties":{"s":"Uttarakhand","v":25.6},"geometry":{"type":"Point","coordinates":[78.7868,29.9187]}},{"type":"Feature","properties":{"s":"Uttarakhand","v":25.6},"geometry":{"type":"Point","coordinates":[79.5908,30.9346]}},{"type":"Feature","properties":{"s":"Uttarakhand","v":25.6},"geometry":{"type":"Point","coordinates":[80.0133,29.7407]}},{"type":"Feature","properties":{"s":"Uttarakhand","v":25.6},"geometry":{"type":"Point","coordinates":[79.3555,30.9894]}},{"type":"Feature","properties":{"s":"Uttarakhand","v":25.6},"geometry":{"type":"Point","coordinates":[78.8617,29.3589]}},{"type":"Feature","properties":{"s":"Uttarakhand","v":25.6},"geometry":{"type":"Point","coordinates":[78.3988,30.7622]}},{"type":"Feature","properties":{"s":"Uttarakhand","v":25.6},"geometry":{"type":"Point","coordinates":[78.4827,30.4701]}},{"type":"Feature","properties":{"s":"Uttarakhand","v":25.6},"geometry":{"type":"Point","coordinates":[78.0628,30.1988]}},{"type":"Feature","properties":{"s":"Uttarakhand","v":25.6},"geometry":{"type":"Point","coordinates":[78.0081,31.0066]}},{"type":"Feature","properties":{"s":"Uttarakhand","v":25.6},"geometry":{"type":"Point","coordinates":[78.2238,30.5438]}},{"type":"Feature","properties":{"s":"Uttarakhand","v":25.6},"geometry":{"type":"Point","coordinates":[80.1884,30.5595]}},{"type":"Feature","properties":{"s":"Uttarakhand","v":25.6},"geometry":{"type":"Point","coordinates":[80.3911,29.857]}},{"type":"Feature","properties":{"s":"Uttarakhand","v":25.6},"geometry":{"type":"Point","coordinates":[79.6464,30.3804]}},{"type":"Feature","properties":{"s":"Uttarakhand","v":25.6},"geometry":{"type":"Point","coordinates":[79.4934,30.6705]}},{"type":"Feature","properties":{"s":"Uttarakhand","v":25.6},"geometry":{"type":"Point","coordinates":[77.832,30.6579]}},{"type":"Feature","properties":{"s":"Uttarakhand","v":25.6},"geometry":{"type":"Point","coordinates":[79.3085,30.9957]}},{"type":"Feature","properties":{"s":"Uttarakhand","v":25.6},"geometry":{"type":"Point","coordinates":[80.2141,30.0707]}},{"type":"Feature","properties":{"s":"Uttarakhand","v":25.6},"geometry":{"type":"Point","coordinates":[79.4962,30.2694]}},{"type":"Feature","properties":{"s":"Uttarakhand","v":25.6},"geometry":{"type":"Point","coordinates":[79.5966,29.4166]}},{"type":"Feature","properties":{"s":"Uttarakhand","v":25.6},"geometry":{"type":"Point","coordinates":[79.4024,29.5031]}},{"type":"Feature","properties":{"s":"Uttarakhand","v":25.6},"geometry":{"type":"Point","coordinates":[78.2826,30.6789]}},{"type":"Feature","properties":{"s":"Uttarakhand","v":25.6},"geometry":{"type":"Point","coordinates":[80.592,30.3412]}},{"type":"Feature","properties":{"s":"Uttarakhand","v":25.6},"geometry":{"type":"Point","coordinates":[79.4108,29.3213]}},{"type":"Feature","properties":{"s":"Uttarakhand","v":25.6},"geometry":{"type":"Point","coordinates":[78.9577,30.0668]}},{"type":"Feature","properties":{"s":"Uttarakhand","v":25.6},"geometry":{"type":"Point","coordinates":[80.2233,30.1379]}},{"type":"Feature","properties":{"s":"Uttarakhand","v":25.6},"geometry":{"type":"Point","coordinates":[80.1763,30.499]}},{"type":"Feature","properties":{"s":"Uttarakhand","v":25.6},"geometry":{"type":"Point","coordinates":[78.9438,30.2782]}},{"type":"Feature","properties":{"s":"Uttarakhand","v":25.6},"geometry":{"type":"Point","coordinates":[78.2295,30.0602]}},{"type":"Feature","properties":{"s":"Uttarakhand","v":25.6},"geometry":{"type":"Point","coordinates":[80.4513,30.2031]}},{"type":"Feature","properties":{"s":"Uttarakhand","v":25.6},"geometry":{"type":"Point","coordinates":[78.2326,30.6652]}},{"type":"Feature","properties":{"s":"Uttarakhand","v":25.6},"geometry":{"type":"Point","coordinates":[79.7049,30.6311]}},{"type":"Feature","properties":{"s":"Uttarakhand","v":25.6},"geometry":{"type":"Point","coordinates":[79.8583,29.0341]}},{"type":"Feature","properties":{"s":"Uttarakhand","v":25.6},"geometry":{"type":"Point","coordinates":[78.5958,30.9477]}},{"type":"Feature","properties":{"s":"Uttarakhand","v":25.6},"geometry":{"type":"Point","coordinates":[80.0226,30.0907]}},{"type":"Feature","properties":{"s":"Uttarakhand","v":25.6},"geometry":{"type":"Point","coordinates":[80.3776,30.417]}},{"type":"Feature","properties":{"s":"Uttarakhand","v":25.6},"geometry":{"type":"Point","coordinates":[79.0773,31.4286]}},{"type":"Feature","properties":{"s":"Uttarakhand","v":25.6},"geometry":{"type":"Point","coordinates":[77.9796,30.1239]}},{"type":"Feature","properties":{"s":"Uttarakhand","v":25.6},"geometry":{"type":"Point","coordinates":[79.9299,30.8823]}},{"type":"Feature","properties":{"s":"Uttarakhand","v":25.6},"geometry":{"type":"Point","coordinates":[79.2085,29.6924]}},{"type":"Feature","properties":{"s":"Uttarakhand","v":25.6},"geometry":{"type":"Point","coordinates":[79.2978,30.0593]}},{"type":"Feature","properties":{"s":"Uttarakhand","v":25.6},"geometry":{"type":"Point","coordinates":[78.4413,30.9597]}},{"type":"Feature","properties":{"s":"Uttarakhand","v":25.6},"geometry":{"type":"Point","coordinates":[79.1259,30.8822]}},{"type":"Feature","properties":{"s":"Uttarakhand","v":25.6},"geometry":{"type":"Point","coordinates":[78.5515,31.0912]}},{"type":"Feature","properties":{"s":"Uttarakhand","v":25.6},"geometry":{"type":"Point","coordinates":[77.8533,29.7249]}},{"type":"Feature","properties":{"s":"Uttarakhand","v":25.6},"geometry":{"type":"Point","coordinates":[78.5456,30.6719]}},{"type":"Feature","properties":{"s":"Uttarakhand","v":25.6},"geometry":{"type":"Point","coordinates":[79.8767,28.9129]}},{"type":"Feature","properties":{"s":"Uttarakhand","v":25.6},"geometry":{"type":"Point","coordinates":[78.6248,31.0605]}},{"type":"Feature","properties":{"s":"Uttarakhand","v":25.6},"geometry":{"type":"Point","coordinates":[79.7512,29.4719]}},{"type":"Feature","properties":{"s":"Uttarakhand","v":25.6},"geometry":{"type":"Point","coordinates":[77.9223,30.8929]}},{"type":"Feature","properties":{"s":"Uttarakhand","v":25.6},"geometry":{"type":"Point","coordinates":[79.9532,29.8274]}},{"type":"Feature","properties":{"s":"Uttarakhand","v":25.6},"geometry":{"type":"Point","coordinates":[78.8217,29.6195]}},{"type":"Feature","properties":{"s":"Uttarakhand","v":25.6},"geometry":{"type":"Point","coordinates":[79.9522,29.5386]}},{"type":"Feature","properties":{"s":"Uttarakhand","v":25.6},"geometry":{"type":"Point","coordinates":[78.4547,29.8608]}},{"type":"Feature","properties":{"s":"Uttarakhand","v":25.6},"geometry":{"type":"Point","coordinates":[78.8827,30.4706]}},{"type":"Feature","properties":{"s":"Uttarakhand","v":25.6},"geometry":{"type":"Point","coordinates":[78.292,30.4757]}},{"type":"Feature","properties":{"s":"Uttarakhand","v":25.6},"geometry":{"type":"Point","coordinates":[78.3874,30.2842]}},{"type":"Feature","properties":{"s":"Uttarakhand","v":25.6},"geometry":{"type":"Point","coordinates":[80.2845,30.3335]}},{"type":"Feature","properties":{"s":"Uttarakhand","v":25.6},"geometry":{"type":"Point","coordinates":[77.9986,30.896]}},{"type":"Feature","properties":{"s":"Uttarakhand","v":25.6},"geometry":{"type":"Point","coordinates":[78.9832,31.0911]}},{"type":"Feature","properties":{"s":"Uttarakhand","v":25.6},"geometry":{"type":"Point","coordinates":[79.7714,30.4452]}},{"type":"Feature","properties":{"s":"Uttarakhand","v":25.6},"geometry":{"type":"Point","coordinates":[79.1726,29.1105]}},{"type":"Feature","properties":{"s":"Uttarakhand","v":25.6},"geometry":{"type":"Point","coordinates":[78.718,30.5049]}},{"type":"Feature","properties":{"s":"Uttarakhand","v":25.6},"geometry":{"type":"Point","coordinates":[79.8851,29.0219]}},{"type":"Feature","properties":{"s":"Uttarakhand","v":25.6},"geometry":{"type":"Point","coordinates":[79.4047,29.0694]}},{"type":"Feature","properties":{"s":"Uttarakhand","v":25.6},"geometry":{"type":"Point","coordinates":[79.2268,29.9791]}},{"type":"Feature","properties":{"s":"Uttarakhand","v":25.6},"geometry":{"type":"Point","coordinates":[78.4769,31.1014]}},{"type":"Feature","properties":{"s":"Uttarakhand","v":25.6},"geometry":{"type":"Point","coordinates":[79.3452,29.2344]}},{"type":"Feature","properties":{"s":"Uttarakhand","v":25.6},"geometry":{"type":"Point","coordinates":[77.965,30.667]}},{"type":"Feature","properties":{"s":"Uttarakhand","v":25.6},"geometry":{"type":"Point","coordinates":[78.9756,29.4311]}},{"type":"Feature","properties":{"s":"Uttarakhand","v":25.6},"geometry":{"type":"Point","coordinates":[79.7502,29.0002]}},{"type":"Feature","properties":{"s":"Uttarakhand","v":25.6},"geometry":{"type":"Point","coordinates":[78.5505,31.056]}},{"type":"Feature","properties":{"s":"Uttarakhand","v":25.6},"geometry":{"type":"Point","coordinates":[79.4809,30.9296]}},{"type":"Feature","properties":{"s":"Uttarakhand","v":25.6},"geometry":{"type":"Point","coordinates":[80.1535,29.7299]}},{"type":"Feature","properties":{"s":"Uttarakhand","v":25.6},"geometry":{"type":"Point","coordinates":[79.7527,30.6955]}},{"type":"Feature","properties":{"s":"Uttarakhand","v":25.6},"geometry":{"type":"Point","coordinates":[78.8528,29.5614]}},{"type":"Feature","properties":{"s":"Uttarakhand","v":25.6},"geometry":{"type":"Point","coordinates":[78.6041,29.8011]}},{"type":"Feature","properties":{"s":"Uttarakhand","v":25.6},"geometry":{"type":"Point","coordinates":[79.4376,30.3379]}},{"type":"Feature","properties":{"s":"Uttarakhand","v":25.6},"geometry":{"type":"Point","coordinates":[77.8948,29.9273]}},{"type":"Feature","properties":{"s":"Uttarakhand","v":25.6},"geometry":{"type":"Point","coordinates":[79.6066,30.0333]}},{"type":"Feature","properties":{"s":"Uttarakhand","v":25.6},"geometry":{"type":"Point","coordinates":[78.9048,30.4843]}},{"type":"Feature","properties":{"s":"Uttarakhand","v":25.6},"geometry":{"type":"Point","coordinates":[79.378,30.3372]}},{"type":"Feature","properties":{"s":"Uttarakhand","v":25.6},"geometry":{"type":"Point","coordinates":[79.4797,29.1791]}},{"type":"Feature","properties":{"s":"Uttarakhand","v":25.6},"geometry":{"type":"Point","coordinates":[78.7974,30.239]}},{"type":"Feature","properties":{"s":"Uttarakhand","v":25.6},"geometry":{"type":"Point","coordinates":[80.182,30.3194]}},{"type":"Feature","properties":{"s":"Uttarakhand","v":25.6},"geometry":{"type":"Point","coordinates":[79.8074,29.1556]}},{"type":"Feature","properties":{"s":"Uttarakhand","v":25.6},"geometry":{"type":"Point","coordinates":[80.1497,30.1146]}},{"type":"Feature","properties":{"s":"Uttarakhand","v":25.6},"geometry":{"type":"Point","coordinates":[80.1308,29.2316]}},{"type":"Feature","properties":{"s":"Uttarakhand","v":25.6},"geometry":{"type":"Point","coordinates":[80.322,29.6175]}},{"type":"Feature","properties":{"s":"Uttarakhand","v":25.6},"geometry":{"type":"Point","coordinates":[78.2791,30.6446]}},{"type":"Feature","properties":{"s":"Uttarakhand","v":25.6},"geometry":{"type":"Point","coordinates":[80.6045,30.1616]}},{"type":"Feature","properties":{"s":"Uttarakhand","v":25.6},"geometry":{"type":"Point","coordinates":[79.3543,29.7226]}},{"type":"Feature","properties":{"s":"Uttarakhand","v":25.6},"geometry":{"type":"Point","coordinates":[80.2108,30.4132]}},{"type":"Feature","properties":{"s":"Uttarakhand","v":25.6},"geometry":{"type":"Point","coordinates":[79.3738,30.7824]}},{"type":"Feature","properties":{"s":"Uttarakhand","v":25.6},"geometry":{"type":"Point","coordinates":[79.6422,30.8972]}},{"type":"Feature","properties":{"s":"Uttarakhand","v":25.6},"geometry":{"type":"Point","coordinates":[78.7583,30.1069]}},{"type":"Feature","properties":{"s":"Uttarakhand","v":25.6},"geometry":{"type":"Point","coordinates":[78.3342,30.299]}},{"type":"Feature","properties":{"s":"Uttarakhand","v":25.6},"geometry":{"type":"Point","coordinates":[79.8289,29.8344]}},{"type":"Feature","properties":{"s":"Uttarakhand","v":25.6},"geometry":{"type":"Point","coordinates":[79.6123,30.1755]}},{"type":"Feature","properties":{"s":"Uttarakhand","v":25.6},"geometry":{"type":"Point","coordinates":[79.508,30.4861]}},{"type":"Feature","properties":{"s":"Uttarakhand","v":25.6},"geometry":{"type":"Point","coordinates":[80.2288,30.7056]}},{"type":"Feature","properties":{"s":"Uttarakhand","v":25.6},"geometry":{"type":"Point","coordinates":[79.2314,30.6354]}},{"type":"Feature","properties":{"s":"Uttarakhand","v":25.6},"geometry":{"type":"Point","coordinates":[78.564,31.1096]}},{"type":"Feature","properties":{"s":"Uttarakhand","v":25.6},"geometry":{"type":"Point","coordinates":[78.4541,31.0476]}},{"type":"Feature","properties":{"s":"Uttarakhand","v":25.6},"geometry":{"type":"Point","coordinates":[80.0595,30.7885]}},{"type":"Feature","properties":{"s":"Uttarakhand","v":25.6},"geometry":{"type":"Point","coordinates":[78.3301,31.2356]}},{"type":"Feature","properties":{"s":"Uttarakhand","v":25.6},"geometry":{"type":"Point","coordinates":[78.2791,30.2242]}},{"type":"Feature","properties":{"s":"Uttarakhand","v":25.6},"geometry":{"type":"Point","coordinates":[79.0488,29.955]}},{"type":"Feature","properties":{"s":"Uttarakhand","v":25.6},"geometry":{"type":"Point","coordinates":[79.0982,31.2196]}},{"type":"Feature","properties":{"s":"Uttarakhand","v":25.6},"geometry":{"type":"Point","coordinates":[79.302,29.1939]}},{"type":"Feature","properties":{"s":"Uttarakhand","v":25.6},"geometry":{"type":"Point","coordinates":[78.6871,30.9765]}},{"type":"Feature","properties":{"s":"Uttarakhand","v":25.6},"geometry":{"type":"Point","coordinates":[78.3981,29.8213]}},{"type":"Feature","properties":{"s":"Uttarakhand","v":25.6},"geometry":{"type":"Point","coordinates":[78.9999,29.2173]}},{"type":"Feature","properties":{"s":"Uttarakhand","v":25.6},"geometry":{"type":"Point","coordinates":[79.3059,30.1669]}},{"type":"Feature","properties":{"s":"Uttarakhand","v":25.6},"geometry":{"type":"Point","coordinates":[78.3947,30.5405]}},{"type":"Feature","properties":{"s":"Uttarakhand","v":25.6},"geometry":{"type":"Point","coordinates":[77.9619,30.1216]}},{"type":"Feature","properties":{"s":"Uttarakhand","v":25.6},"geometry":{"type":"Point","coordinates":[80.1825,30.4243]}},{"type":"Feature","properties":{"s":"Uttarakhand","v":25.6},"geometry":{"type":"Point","coordinates":[79.6726,30.8318]}},{"type":"Feature","properties":{"s":"Uttarakhand","v":25.6},"geometry":{"type":"Point","coordinates":[79.922,29.349]}},{"type":"Feature","properties":{"s":"Uttarakhand","v":25.6},"geometry":{"type":"Point","coordinates":[78.2441,30.7435]}},{"type":"Feature","properties":{"s":"Uttarakhand","v":25.6},"geometry":{"type":"Point","coordinates":[79.6439,30.5938]}},{"type":"Feature","properties":{"s":"Uttarakhand","v":25.6},"geometry":{"type":"Point","coordinates":[78.8705,30.257]}},{"type":"Feature","properties":{"s":"Uttarakhand","v":25.6},"geometry":{"type":"Point","coordinates":[78.3465,30.4737]}},{"type":"Feature","properties":{"s":"Uttarakhand","v":25.6},"geometry":{"type":"Point","coordinates":[79.7627,30.0985]}},{"type":"Feature","properties":{"s":"Uttarakhand","v":25.6},"geometry":{"type":"Point","coordinates":[79.1558,29.3665]}},{"type":"Feature","properties":{"s":"Uttarakhand","v":25.6},"geometry":{"type":"Point","coordinates":[79.4226,30.4267]}},{"type":"Feature","properties":{"s":"Uttarakhand","v":25.6},"geometry":{"type":"Point","coordinates":[77.8393,29.798]}},{"type":"Feature","properties":{"s":"Uttarakhand","v":25.6},"geometry":{"type":"Point","coordinates":[78.9323,30.8918]}},{"type":"Feature","properties":{"s":"Uttarakhand","v":25.6},"geometry":{"type":"Point","coordinates":[79.2955,29.9598]}},{"type":"Feature","properties":{"s":"Uttarakhand","v":25.6},"geometry":{"type":"Point","coordinates":[80.0562,30.1098]}},{"type":"Feature","properties":{"s":"Uttarakhand","v":25.6},"geometry":{"type":"Point","coordinates":[78.3052,30.7867]}},{"type":"Feature","properties":{"s":"Uttarakhand","v":25.6},"geometry":{"type":"Point","coordinates":[80.7165,30.2898]}},{"type":"Feature","properties":{"s":"Uttarakhand","v":25.6},"geometry":{"type":"Point","coordinates":[78.8944,29.3202]}},{"type":"Feature","properties":{"s":"Uttarakhand","v":25.6},"geometry":{"type":"Point","coordinates":[78.8331,30.1896]}},{"type":"Feature","properties":{"s":"Telangana","v":0.8},"geometry":{"type":"Point","coordinates":[77.7107,17.242]}},{"type":"Feature","properties":{"s":"Telangana","v":0.8},"geometry":{"type":"Point","coordinates":[77.8552,17.992]}},{"type":"Feature","properties":{"s":"Telangana","v":0.8},"geometry":{"type":"Point","coordinates":[78.0982,18.2048]}},{"type":"Feature","properties":{"s":"Telangana","v":0.8},"geometry":{"type":"Point","coordinates":[78.8601,17.1082]}},{"type":"Feature","properties":{"s":"Telangana","v":0.8},"geometry":{"type":"Point","coordinates":[79.2728,18.8827]}},{"type":"Feature","properties":{"s":"Telangana","v":0.8},"geometry":{"type":"Point","coordinates":[79.1081,19.3112]}},{"type":"Feature","properties":{"s":"Telangana","v":0.8},"geometry":{"type":"Point","coordinates":[80.6357,17.1396]}},{"type":"Feature","properties":{"s":"Telangana","v":0.8},"geometry":{"type":"Point","coordinates":[79.9524,16.9187]}},{"type":"Feature","properties":{"s":"Telangana","v":0.8},"geometry":{"type":"Point","coordinates":[80.8066,17.363]}},{"type":"Feature","properties":{"s":"Telangana","v":0.8},"geometry":{"type":"Point","coordinates":[79.4598,18.2914]}},{"type":"Feature","properties":{"s":"Telangana","v":0.8},"geometry":{"type":"Point","coordinates":[80.5513,17.6202]}},{"type":"Feature","properties":{"s":"Telangana","v":0.8},"geometry":{"type":"Point","coordinates":[78.307,16.2506]}},{"type":"Feature","properties":{"s":"Telangana","v":0.8},"geometry":{"type":"Point","coordinates":[78.5953,16.8742]}},{"type":"Feature","properties":{"s":"Telangana","v":0.8},"geometry":{"type":"Point","coordinates":[77.7123,16.0086]}},{"type":"Feature","properties":{"s":"Andaman & Nicobar","v":9.8},"geometry":{"type":"Point","coordinates":[93.7816,6.9725]}},{"type":"Feature","properties":{"s":"Andaman & Nicobar","v":9.8},"geometry":{"type":"Point","coordinates":[92.8905,12.6857]}},{"type":"Feature","properties":{"s":"Andaman & Nicobar","v":9.8},"geometry":{"type":"Point","coordinates":[92.9466,13.1611]}},{"type":"Feature","properties":{"s":"Andaman & Nicobar","v":9.8},"geometry":{"type":"Point","coordinates":[93.7966,6.8682]}},{"type":"Feature","properties":{"s":"Andaman & Nicobar","v":9.8},"geometry":{"type":"Point","coordinates":[93.0002,13.1]}},{"type":"Feature","properties":{"s":"Andaman & Nicobar","v":9.8},"geometry":{"type":"Point","coordinates":[92.8291,12.6125]}},{"type":"Feature","properties":{"s":"Andaman & Nicobar","v":9.8},"geometry":{"type":"Point","coordinates":[92.6192,11.6922]}},{"type":"Feature","properties":{"s":"Andaman & Nicobar","v":9.8},"geometry":{"type":"Point","coordinates":[93.7162,7.3435]}},{"type":"Feature","properties":{"s":"Andaman & Nicobar","v":9.8},"geometry":{"type":"Point","coordinates":[92.5469,10.8738]}},{"type":"Feature","properties":{"s":"Andaman & Nicobar","v":9.8},"geometry":{"type":"Point","coordinates":[93.8431,6.9035]}},{"type":"Feature","properties":{"s":"Andaman & Nicobar","v":9.8},"geometry":{"type":"Point","coordinates":[92.8789,12.7568]}},{"type":"Feature","properties":{"s":"Andaman & Nicobar","v":9.8},"geometry":{"type":"Point","coordinates":[92.7882,12.6148]}},{"type":"Feature","properties":{"s":"Andaman & Nicobar","v":9.8},"geometry":{"type":"Point","coordinates":[93.8062,7.1744]}},{"type":"Feature","properties":{"s":"Andaman & Nicobar","v":9.8},"geometry":{"type":"Point","coordinates":[93.9084,6.9672]}},{"type":"Feature","properties":{"s":"Andaman & Nicobar","v":9.8},"geometry":{"type":"Point","coordinates":[92.6936,12.1859]}},{"type":"Feature","properties":{"s":"Andaman & Nicobar","v":9.8},"geometry":{"type":"Point","coordinates":[92.8293,12.6554]}},{"type":"Feature","properties":{"s":"Andaman & Nicobar","v":9.8},"geometry":{"type":"Point","coordinates":[92.6418,11.7433]}},{"type":"Feature","properties":{"s":"Andaman & Nicobar","v":9.8},"geometry":{"type":"Point","coordinates":[92.8994,12.5701]}},{"type":"Feature","properties":{"s":"Andaman & Nicobar","v":9.8},"geometry":{"type":"Point","coordinates":[92.4177,10.7167]}},{"type":"Feature","properties":{"s":"Andaman & Nicobar","v":9.8},"geometry":{"type":"Point","coordinates":[92.9371,13.0911]}},{"type":"Feature","properties":{"s":"Andaman & Nicobar","v":9.8},"geometry":{"type":"Point","coordinates":[93.0266,13.4778]}},{"type":"Feature","properties":{"s":"Andaman & Nicobar","v":9.8},"geometry":{"type":"Point","coordinates":[92.5427,10.8515]}},{"type":"Feature","properties":{"s":"Andaman & Nicobar","v":9.8},"geometry":{"type":"Point","coordinates":[93.7104,7.1361]}},{"type":"Feature","properties":{"s":"Andaman & Nicobar","v":9.8},"geometry":{"type":"Point","coordinates":[92.8642,12.8013]}},{"type":"Feature","properties":{"s":"Andaman & Nicobar","v":9.8},"geometry":{"type":"Point","coordinates":[92.8736,13.0974]}},{"type":"Feature","properties":{"s":"Andaman & Nicobar","v":9.8},"geometry":{"type":"Point","coordinates":[92.8699,12.4949]}},{"type":"Feature","properties":{"s":"Andaman & Nicobar","v":9.8},"geometry":{"type":"Point","coordinates":[93.7913,7.2012]}},{"type":"Feature","properties":{"s":"Andaman & Nicobar","v":9.8},"geometry":{"type":"Point","coordinates":[92.8323,12.2606]}},{"type":"Feature","properties":{"s":"Andaman & Nicobar","v":9.8},"geometry":{"type":"Point","coordinates":[92.8612,12.567]}},{"type":"Feature","properties":{"s":"Andaman & Nicobar","v":9.8},"geometry":{"type":"Point","coordinates":[92.6876,12.2193]}},{"type":"Feature","properties":{"s":"Andaman & Nicobar","v":9.8},"geometry":{"type":"Point","coordinates":[92.6612,11.729]}},{"type":"Feature","properties":{"s":"Andaman & Nicobar","v":9.8},"geometry":{"type":"Point","coordinates":[92.9318,13.0483]}},{"type":"Feature","properties":{"s":"Andaman & Nicobar","v":9.8},"geometry":{"type":"Point","coordinates":[92.9727,13.2484]}},{"type":"Feature","properties":{"s":"Andaman & Nicobar","v":9.8},"geometry":{"type":"Point","coordinates":[93.7403,7.0342]}},{"type":"Feature","properties":{"s":"Andaman & Nicobar","v":9.8},"geometry":{"type":"Point","coordinates":[92.6804,11.9168]}},{"type":"Feature","properties":{"s":"Andaman & Nicobar","v":9.8},"geometry":{"type":"Point","coordinates":[92.6712,11.6982]}},{"type":"Feature","properties":{"s":"Andaman & Nicobar","v":9.8},"geometry":{"type":"Point","coordinates":[93.0225,13.4384]}},{"type":"Feature","properties":{"s":"Andaman & Nicobar","v":9.8},"geometry":{"type":"Point","coordinates":[92.8355,12.6704]}},{"type":"Feature","properties":{"s":"Andaman & Nicobar","v":9.8},"geometry":{"type":"Point","coordinates":[92.6281,11.5552]}},{"type":"Feature","properties":{"s":"Andaman & Nicobar","v":9.8},"geometry":{"type":"Point","coordinates":[92.7374,11.8777]}},{"type":"Feature","properties":{"s":"Andaman & Nicobar","v":9.8},"geometry":{"type":"Point","coordinates":[92.456,10.5567]}},{"type":"Feature","properties":{"s":"Andaman & Nicobar","v":9.8},"geometry":{"type":"Point","coordinates":[92.6905,11.692]}},{"type":"Feature","properties":{"s":"Andaman & Nicobar","v":9.8},"geometry":{"type":"Point","coordinates":[93.6894,7.3188]}},{"type":"Feature","properties":{"s":"Andaman & Nicobar","v":9.8},"geometry":{"type":"Point","coordinates":[92.8105,9.18]}},{"type":"Feature","properties":{"s":"Andaman & Nicobar","v":9.8},"geometry":{"type":"Point","coordinates":[93.0201,13.0923]}},{"type":"Feature","properties":{"s":"Andaman & Nicobar","v":9.8},"geometry":{"type":"Point","coordinates":[92.4577,10.6652]}},{"type":"Feature","properties":{"s":"Andaman & Nicobar","v":9.8},"geometry":{"type":"Point","coordinates":[93.7308,7.1696]}},{"type":"Feature","properties":{"s":"Andaman & Nicobar","v":9.8},"geometry":{"type":"Point","coordinates":[92.9514,13.5192]}},{"type":"Feature","properties":{"s":"Andaman & Nicobar","v":9.8},"geometry":{"type":"Point","coordinates":[92.5207,10.8261]}},{"type":"Feature","properties":{"s":"Andaman & Nicobar","v":9.8},"geometry":{"type":"Point","coordinates":[92.7341,12.387]}},{"type":"Feature","properties":{"s":"Andaman & Nicobar","v":9.8},"geometry":{"type":"Point","coordinates":[93.6348,7.2796]}},{"type":"Feature","properties":{"s":"Andaman & Nicobar","v":9.8},"geometry":{"type":"Point","coordinates":[92.8954,13.0927]}},{"type":"Feature","properties":{"s":"Andaman & Nicobar","v":9.8},"geometry":{"type":"Point","coordinates":[92.8945,13.4064]}},{"type":"Feature","properties":{"s":"Andaman & Nicobar","v":9.8},"geometry":{"type":"Point","coordinates":[92.866,13.2791]}},{"type":"Feature","properties":{"s":"Andaman & Nicobar","v":9.8},"geometry":{"type":"Point","coordinates":[93.8146,6.9098]}},{"type":"Feature","properties":{"s":"Andaman & Nicobar","v":9.8},"geometry":{"type":"Point","coordinates":[92.6972,11.8778]}},{"type":"Feature","properties":{"s":"Andaman & Nicobar","v":9.8},"geometry":{"type":"Point","coordinates":[92.8685,12.2902]}},{"type":"Feature","properties":{"s":"Andaman & Nicobar","v":9.8},"geometry":{"type":"Point","coordinates":[92.7743,12.6195]}},{"type":"Feature","properties":{"s":"Andaman & Nicobar","v":9.8},"geometry":{"type":"Point","coordinates":[92.6547,11.6446]}},{"type":"Feature","properties":{"s":"Andaman & Nicobar","v":9.8},"geometry":{"type":"Point","coordinates":[92.9228,13.3194]}},{"type":"Feature","properties":{"s":"Andaman & Nicobar","v":9.8},"geometry":{"type":"Point","coordinates":[92.7327,11.9858]}},{"type":"Feature","properties":{"s":"Andaman & Nicobar","v":9.8},"geometry":{"type":"Point","coordinates":[93.72,7.0983]}},{"type":"Feature","properties":{"s":"Andaman & Nicobar","v":9.8},"geometry":{"type":"Point","coordinates":[93.0347,13.4016]}},{"type":"Feature","properties":{"s":"Andaman & Nicobar","v":9.8},"geometry":{"type":"Point","coordinates":[92.875,12.8808]}},{"type":"Feature","properties":{"s":"Andaman & Nicobar","v":9.8},"geometry":{"type":"Point","coordinates":[92.6718,12.0949]}},{"type":"Feature","properties":{"s":"Andaman & Nicobar","v":9.8},"geometry":{"type":"Point","coordinates":[92.7464,11.6414]}},{"type":"Feature","properties":{"s":"Andaman & Nicobar","v":9.8},"geometry":{"type":"Point","coordinates":[92.7079,11.7826]}},{"type":"Feature","properties":{"s":"Andaman & Nicobar","v":9.8},"geometry":{"type":"Point","coordinates":[93.7682,6.979]}},{"type":"Feature","properties":{"s":"Andaman & Nicobar","v":9.8},"geometry":{"type":"Point","coordinates":[93.859,7.178]}},{"type":"Feature","properties":{"s":"Andaman & Nicobar","v":9.8},"geometry":{"type":"Point","coordinates":[92.8861,12.8358]}},{"type":"Feature","properties":{"s":"Andaman & Nicobar","v":9.8},"geometry":{"type":"Point","coordinates":[92.9284,13.4082]}},{"type":"Feature","properties":{"s":"Andaman & Nicobar","v":9.8},"geometry":{"type":"Point","coordinates":[92.601,11.3775]}},{"type":"Feature","properties":{"s":"Andaman & Nicobar","v":9.8},"geometry":{"type":"Point","coordinates":[92.6959,11.6347]}},{"type":"Feature","properties":{"s":"Andaman & Nicobar","v":9.8},"geometry":{"type":"Point","coordinates":[93.6831,7.1159]}},{"type":"Feature","properties":{"s":"Andaman & Nicobar","v":9.8},"geometry":{"type":"Point","coordinates":[93.6596,7.3744]}},{"type":"Feature","properties":{"s":"Andaman & Nicobar","v":9.8},"geometry":{"type":"Point","coordinates":[93.7594,7.0376]}},{"type":"Feature","properties":{"s":"Andaman & Nicobar","v":9.8},"geometry":{"type":"Point","coordinates":[92.8541,12.5685]}},{"type":"Feature","properties":{"s":"Andaman & Nicobar","v":9.8},"geometry":{"type":"Point","coordinates":[92.6694,11.4132]}},{"type":"Feature","properties":{"s":"Andaman & Nicobar","v":9.8},"geometry":{"type":"Point","coordinates":[93.724,7.1716]}},{"type":"Feature","properties":{"s":"Andaman & Nicobar","v":9.8},"geometry":{"type":"Point","coordinates":[93.0169,13.1119]}},{"type":"Feature","properties":{"s":"Andaman & Nicobar","v":9.8},"geometry":{"type":"Point","coordinates":[92.7563,11.8828]}},{"type":"Feature","properties":{"s":"Andaman & Nicobar","v":9.8},"geometry":{"type":"Point","coordinates":[93.6969,7.0885]}},{"type":"Feature","properties":{"s":"Andaman & Nicobar","v":9.8},"geometry":{"type":"Point","coordinates":[92.9195,12.506]}},{"type":"Feature","properties":{"s":"Andaman & Nicobar","v":9.8},"geometry":{"type":"Point","coordinates":[93.6622,7.3427]}},{"type":"Feature","properties":{"s":"Andaman & Nicobar","v":9.8},"geometry":{"type":"Point","coordinates":[92.7092,12.3174]}},{"type":"Feature","properties":{"s":"Andaman & Nicobar","v":9.8},"geometry":{"type":"Point","coordinates":[92.8418,12.4087]}},{"type":"Feature","properties":{"s":"Andaman & Nicobar","v":9.8},"geometry":{"type":"Point","coordinates":[93.0333,13.1819]}},{"type":"Feature","properties":{"s":"Andaman & Nicobar","v":9.8},"geometry":{"type":"Point","coordinates":[92.9143,12.6714]}},{"type":"Feature","properties":{"s":"Andaman & Nicobar","v":9.8},"geometry":{"type":"Point","coordinates":[92.7934,12.4465]}},{"type":"Feature","properties":{"s":"Andaman & Nicobar","v":9.8},"geometry":{"type":"Point","coordinates":[92.6747,11.856]}},{"type":"Feature","properties":{"s":"Andaman & Nicobar","v":9.8},"geometry":{"type":"Point","coordinates":[92.8958,13.1694]}},{"type":"Feature","properties":{"s":"Andaman & Nicobar","v":9.8},"geometry":{"type":"Point","coordinates":[92.7261,11.8771]}},{"type":"Feature","properties":{"s":"Andaman & Nicobar","v":9.8},"geometry":{"type":"Point","coordinates":[92.7267,12.0175]}},{"type":"Feature","properties":{"s":"Andaman & Nicobar","v":9.8},"geometry":{"type":"Point","coordinates":[93.7695,6.8669]}},{"type":"Feature","properties":{"s":"Andaman & Nicobar","v":9.8},"geometry":{"type":"Point","coordinates":[92.9185,13.4348]}},{"type":"Feature","properties":{"s":"Andaman & Nicobar","v":9.8},"geometry":{"type":"Point","coordinates":[93.807,7.0089]}},{"type":"Feature","properties":{"s":"Andaman & Nicobar","v":9.8},"geometry":{"type":"Point","coordinates":[93.0164,13.1999]}},{"type":"Feature","properties":{"s":"Andaman & Nicobar","v":9.8},"geometry":{"type":"Point","coordinates":[92.6386,11.7968]}},{"type":"Feature","properties":{"s":"Andaman & Nicobar","v":9.8},"geometry":{"type":"Point","coordinates":[92.8242,12.3066]}},{"type":"Feature","properties":{"s":"Andaman & Nicobar","v":9.8},"geometry":{"type":"Point","coordinates":[92.6765,11.841]}},{"type":"Feature","properties":{"s":"Andaman & Nicobar","v":9.8},"geometry":{"type":"Point","coordinates":[92.4715,10.7249]}},{"type":"Feature","properties":{"s":"Andaman & Nicobar","v":9.8},"geometry":{"type":"Point","coordinates":[92.725,12.0494]}},{"type":"Feature","properties":{"s":"Andaman & Nicobar","v":9.8},"geometry":{"type":"Point","coordinates":[92.8291,12.7]}},{"type":"Feature","properties":{"s":"Andaman & Nicobar","v":9.8},"geometry":{"type":"Point","coordinates":[92.932,13.338]}},{"type":"Feature","properties":{"s":"Andaman & Nicobar","v":9.8},"geometry":{"type":"Point","coordinates":[93.0289,13.5491]}},{"type":"Feature","properties":{"s":"Andaman & Nicobar","v":9.8},"geometry":{"type":"Point","coordinates":[92.4073,10.6708]}},{"type":"Feature","properties":{"s":"Andaman & Nicobar","v":9.8},"geometry":{"type":"Point","coordinates":[92.8344,12.6425]}},{"type":"Feature","properties":{"s":"Andaman & Nicobar","v":9.8},"geometry":{"type":"Point","coordinates":[92.8811,12.2141]}},{"type":"Feature","properties":{"s":"Andaman & Nicobar","v":9.8},"geometry":{"type":"Point","coordinates":[92.8715,12.4668]}},{"type":"Feature","properties":{"s":"Andaman & Nicobar","v":9.8},"geometry":{"type":"Point","coordinates":[93.7322,7.0842]}},{"type":"Feature","properties":{"s":"Andaman & Nicobar","v":9.8},"geometry":{"type":"Point","coordinates":[92.7661,12.5903]}},{"type":"Feature","properties":{"s":"Andaman & Nicobar","v":9.8},"geometry":{"type":"Point","coordinates":[92.7416,12.7939]}},{"type":"Feature","properties":{"s":"Andaman & Nicobar","v":9.8},"geometry":{"type":"Point","coordinates":[92.7796,9.1415]}},{"type":"Feature","properties":{"s":"Andaman & Nicobar","v":9.8},"geometry":{"type":"Point","coordinates":[92.6806,11.5446]}},{"type":"Feature","properties":{"s":"Andaman & Nicobar","v":9.8},"geometry":{"type":"Point","coordinates":[92.7504,11.6172]}},{"type":"Feature","properties":{"s":"Andaman & Nicobar","v":9.8},"geometry":{"type":"Point","coordinates":[92.563,10.7115]}},{"type":"Feature","properties":{"s":"Andaman & Nicobar","v":9.8},"geometry":{"type":"Point","coordinates":[92.8334,12.5102]}},{"type":"Feature","properties":{"s":"Andaman & Nicobar","v":9.8},"geometry":{"type":"Point","coordinates":[92.7862,12.5663]}},{"type":"Feature","properties":{"s":"Andaman & Nicobar","v":9.8},"geometry":{"type":"Point","coordinates":[92.7634,12.4933]}},{"type":"Feature","properties":{"s":"Andaman & Nicobar","v":9.8},"geometry":{"type":"Point","coordinates":[92.4113,10.6943]}},{"type":"Feature","properties":{"s":"Andaman & Nicobar","v":9.8},"geometry":{"type":"Point","coordinates":[92.5498,10.7371]}},{"type":"Feature","properties":{"s":"Andaman & Nicobar","v":9.8},"geometry":{"type":"Point","coordinates":[92.5008,10.7801]}},{"type":"Feature","properties":{"s":"Andaman & Nicobar","v":9.8},"geometry":{"type":"Point","coordinates":[92.5932,11.8611]}},{"type":"Feature","properties":{"s":"Andaman & Nicobar","v":9.8},"geometry":{"type":"Point","coordinates":[92.8266,13.0436]}},{"type":"Feature","properties":{"s":"Andaman & Nicobar","v":9.8},"geometry":{"type":"Point","coordinates":[92.8713,12.5169]}},{"type":"Feature","properties":{"s":"Andaman & Nicobar","v":9.8},"geometry":{"type":"Point","coordinates":[93.7469,7.142]}},{"type":"Feature","properties":{"s":"Andaman & Nicobar","v":9.8},"geometry":{"type":"Point","coordinates":[92.835,12.6805]}},{"type":"Feature","properties":{"s":"Andaman & Nicobar","v":9.8},"geometry":{"type":"Point","coordinates":[93.0338,13.4646]}},{"type":"Feature","properties":{"s":"Andaman & Nicobar","v":9.8},"geometry":{"type":"Point","coordinates":[92.9381,12.4766]}},{"type":"Feature","properties":{"s":"Andaman & Nicobar","v":9.8},"geometry":{"type":"Point","coordinates":[92.9758,13.4183]}},{"type":"Feature","properties":{"s":"Andaman & Nicobar","v":9.8},"geometry":{"type":"Point","coordinates":[93.8424,6.82]}},{"type":"Feature","properties":{"s":"Andaman & Nicobar","v":9.8},"geometry":{"type":"Point","coordinates":[92.8487,12.2006]}},{"type":"Feature","properties":{"s":"Andaman & Nicobar","v":9.8},"geometry":{"type":"Point","coordinates":[93.8419,7.0289]}},{"type":"Feature","properties":{"s":"Andaman & Nicobar","v":9.8},"geometry":{"type":"Point","coordinates":[92.6476,12.1306]}},{"type":"Feature","properties":{"s":"Andaman & Nicobar","v":9.8},"geometry":{"type":"Point","coordinates":[92.7314,11.7441]}},{"type":"Feature","properties":{"s":"Andaman & Nicobar","v":9.8},"geometry":{"type":"Point","coordinates":[93.0269,13.5449]}},{"type":"Feature","properties":{"s":"Andaman & Nicobar","v":9.8},"geometry":{"type":"Point","coordinates":[92.9672,13.0684]}},{"type":"Feature","properties":{"s":"Andaman & Nicobar","v":9.8},"geometry":{"type":"Point","coordinates":[92.6694,11.6935]}},{"type":"Feature","properties":{"s":"Andaman & Nicobar","v":9.8},"geometry":{"type":"Point","coordinates":[92.6429,11.5815]}},{"type":"Feature","properties":{"s":"Andaman & Nicobar","v":9.8},"geometry":{"type":"Point","coordinates":[92.881,13.3765]}},{"type":"Feature","properties":{"s":"Andaman & Nicobar","v":9.8},"geometry":{"type":"Point","coordinates":[92.8559,13.2927]}},{"type":"Feature","properties":{"s":"Andaman & Nicobar","v":9.8},"geometry":{"type":"Point","coordinates":[92.7628,12.3811]}},{"type":"Feature","properties":{"s":"Andaman & Nicobar","v":9.8},"geometry":{"type":"Point","coordinates":[93.885,6.8573]}},{"type":"Feature","properties":{"s":"Andaman & Nicobar","v":9.8},"geometry":{"type":"Point","coordinates":[93.7081,7.0768]}},{"type":"Feature","properties":{"s":"Andaman & Nicobar","v":9.8},"geometry":{"type":"Point","coordinates":[92.6533,11.8067]}},{"type":"Feature","properties":{"s":"Andaman & Nicobar","v":9.8},"geometry":{"type":"Point","coordinates":[92.974,13.4621]}},{"type":"Feature","properties":{"s":"Andaman & Nicobar","v":9.8},"geometry":{"type":"Point","coordinates":[92.7542,12.8496]}},{"type":"Feature","properties":{"s":"Andaman & Nicobar","v":9.8},"geometry":{"type":"Point","coordinates":[92.7303,12.547]}},{"type":"Feature","properties":{"s":"Andaman & Nicobar","v":9.8},"geometry":{"type":"Point","coordinates":[93.7202,7.1279]}},{"type":"Feature","properties":{"s":"Andaman & Nicobar","v":9.8},"geometry":{"type":"Point","coordinates":[92.4863,10.761]}},{"type":"Feature","properties":{"s":"Andaman & Nicobar","v":9.8},"geometry":{"type":"Point","coordinates":[92.6202,11.3944]}},{"type":"Feature","properties":{"s":"Andaman & Nicobar","v":9.8},"geometry":{"type":"Point","coordinates":[93.7767,7.0229]}},{"type":"Feature","properties":{"s":"Andaman & Nicobar","v":9.8},"geometry":{"type":"Point","coordinates":[92.7236,11.9329]}},{"type":"Feature","properties":{"s":"Andaman & Nicobar","v":9.8},"geometry":{"type":"Point","coordinates":[92.8745,12.7874]}},{"type":"Feature","properties":{"s":"Andaman & Nicobar","v":9.8},"geometry":{"type":"Point","coordinates":[92.8266,12.6835]}},{"type":"Feature","properties":{"s":"Andaman & Nicobar","v":9.8},"geometry":{"type":"Point","coordinates":[92.4521,10.5728]}},{"type":"Feature","properties":{"s":"Andaman & Nicobar","v":9.8},"geometry":{"type":"Point","coordinates":[93.7737,7.1512]}},{"type":"Feature","properties":{"s":"Andaman & Nicobar","v":9.8},"geometry":{"type":"Point","coordinates":[92.731,12.1041]}},{"type":"Feature","properties":{"s":"Andaman & Nicobar","v":9.8},"geometry":{"type":"Point","coordinates":[92.6034,11.6706]}},{"type":"Feature","properties":{"s":"Andaman & Nicobar","v":9.8},"geometry":{"type":"Point","coordinates":[92.977,13.3804]}},{"type":"Feature","properties":{"s":"Andaman & Nicobar","v":9.8},"geometry":{"type":"Point","coordinates":[92.6423,11.6257]}},{"type":"Feature","properties":{"s":"Andaman & Nicobar","v":9.8},"geometry":{"type":"Point","coordinates":[92.7049,12.1925]}},{"type":"Feature","properties":{"s":"Andaman & Nicobar","v":9.8},"geometry":{"type":"Point","coordinates":[93.6759,7.0277]}},{"type":"Feature","properties":{"s":"Andaman & Nicobar","v":9.8},"geometry":{"type":"Point","coordinates":[92.6642,12.0541]}},{"type":"Feature","properties":{"s":"Andaman & Nicobar","v":9.8},"geometry":{"type":"Point","coordinates":[92.7356,11.7435]}},{"type":"Feature","properties":{"s":"Andaman & Nicobar","v":9.8},"geometry":{"type":"Point","coordinates":[92.9234,12.8211]}},{"type":"Feature","properties":{"s":"Andaman & Nicobar","v":9.8},"geometry":{"type":"Point","coordinates":[92.9964,13.4277]}},{"type":"Feature","properties":{"s":"Andaman & Nicobar","v":9.8},"geometry":{"type":"Point","coordinates":[92.681,11.7619]}},{"type":"Feature","properties":{"s":"Andaman & Nicobar","v":9.8},"geometry":{"type":"Point","coordinates":[92.8121,12.3845]}},{"type":"Feature","properties":{"s":"Andaman & Nicobar","v":9.8},"geometry":{"type":"Point","coordinates":[92.5923,10.7191]}},{"type":"Feature","properties":{"s":"Andaman & Nicobar","v":9.8},"geometry":{"type":"Point","coordinates":[92.7229,12.4422]}},{"type":"Feature","properties":{"s":"Andaman & Nicobar","v":9.8},"geometry":{"type":"Point","coordinates":[92.8393,12.768]}},{"type":"Feature","properties":{"s":"Andaman & Nicobar","v":9.8},"geometry":{"type":"Point","coordinates":[92.5815,10.7035]}},{"type":"Feature","properties":{"s":"Andaman & Nicobar","v":9.8},"geometry":{"type":"Point","coordinates":[92.8087,12.531]}},{"type":"Feature","properties":{"s":"Andaman & Nicobar","v":9.8},"geometry":{"type":"Point","coordinates":[92.9448,13.1998]}},{"type":"Feature","properties":{"s":"Andaman & Nicobar","v":9.8},"geometry":{"type":"Point","coordinates":[93.6697,7.3828]}},{"type":"Feature","properties":{"s":"Bihar","v":4},"geometry":{"type":"Point","coordinates":[85.4697,25.6716]}},{"type":"Feature","properties":{"s":"Bihar","v":4},"geometry":{"type":"Point","coordinates":[87.7574,26.1615]}},{"type":"Feature","properties":{"s":"Bihar","v":4},"geometry":{"type":"Point","coordinates":[85.5766,25.0692]}},{"type":"Feature","properties":{"s":"Bihar","v":4},"geometry":{"type":"Point","coordinates":[84.693,26.5185]}},{"type":"Feature","properties":{"s":"Bihar","v":4},"geometry":{"type":"Point","coordinates":[86.3365,26.403]}},{"type":"Feature","properties":{"s":"Bihar","v":4},"geometry":{"type":"Point","coordinates":[84.8939,26.6354]}},{"type":"Feature","properties":{"s":"Bihar","v":4},"geometry":{"type":"Point","coordinates":[84.3469,24.6902]}},{"type":"Feature","properties":{"s":"Bihar","v":4},"geometry":{"type":"Point","coordinates":[86.675,25.0639]}},{"type":"Feature","properties":{"s":"Bihar","v":4},"geometry":{"type":"Point","coordinates":[84.2008,26.8428]}},{"type":"Feature","properties":{"s":"Bihar","v":4},"geometry":{"type":"Point","coordinates":[84.7575,26.81]}},{"type":"Feature","properties":{"s":"Bihar","v":4},"geometry":{"type":"Point","coordinates":[87.839,26.2511]}},{"type":"Feature","properties":{"s":"Bihar","v":4},"geometry":{"type":"Point","coordinates":[87.83,26.2412]}},{"type":"Feature","properties":{"s":"Bihar","v":4},"geometry":{"type":"Point","coordinates":[83.9885,27.2967]}},{"type":"Feature","properties":{"s":"Bihar","v":4},"geometry":{"type":"Point","coordinates":[85.1267,24.5411]}},{"type":"Feature","properties":{"s":"Bihar","v":4},"geometry":{"type":"Point","coordinates":[85.1115,25.2974]}},{"type":"Feature","properties":{"s":"Bihar","v":4},"geometry":{"type":"Point","coordinates":[86.2946,25.7993]}},{"type":"Feature","properties":{"s":"Bihar","v":4},"geometry":{"type":"Point","coordinates":[86.0826,26.6211]}},{"type":"Feature","properties":{"s":"Bihar","v":4},"geometry":{"type":"Point","coordinates":[86.6662,25.4084]}},{"type":"Feature","properties":{"s":"Bihar","v":4},"geometry":{"type":"Point","coordinates":[85.3558,25.9891]}},{"type":"Feature","properties":{"s":"Bihar","v":4},"geometry":{"type":"Point","coordinates":[85.0891,25.4868]}},{"type":"Feature","properties":{"s":"Bihar","v":4},"geometry":{"type":"Point","coordinates":[85.9946,26.0244]}},{"type":"Feature","properties":{"s":"Bihar","v":4},"geometry":{"type":"Point","coordinates":[85.4936,25.8554]}},{"type":"Feature","properties":{"s":"Bihar","v":4},"geometry":{"type":"Point","coordinates":[85.2842,25.6549]}},{"type":"Feature","properties":{"s":"Bihar","v":4},"geometry":{"type":"Point","coordinates":[84.7555,26.5483]}},{"type":"Feature","properties":{"s":"Bihar","v":4},"geometry":{"type":"Point","coordinates":[84.8909,26.9348]}},{"type":"Feature","properties":{"s":"Bihar","v":4},"geometry":{"type":"Point","coordinates":[87.0014,25.8749]}},{"type":"Feature","properties":{"s":"Bihar","v":4},"geometry":{"type":"Point","coordinates":[86.9961,26.3724]}},{"type":"Feature","properties":{"s":"Bihar","v":4},"geometry":{"type":"Point","coordinates":[88.1197,26.3716]}},{"type":"Feature","properties":{"s":"Bihar","v":4},"geometry":{"type":"Point","coordinates":[84.123,26.5463]}},{"type":"Feature","properties":{"s":"Bihar","v":4},"geometry":{"type":"Point","coordinates":[85.9472,24.8864]}},{"type":"Feature","properties":{"s":"Bihar","v":4},"geometry":{"type":"Point","coordinates":[84.7594,25.9174]}},{"type":"Feature","properties":{"s":"Bihar","v":4},"geometry":{"type":"Point","coordinates":[87.2497,26.1569]}},{"type":"Feature","properties":{"s":"Bihar","v":4},"geometry":{"type":"Point","coordinates":[84.8473,25.6634]}},{"type":"Feature","properties":{"s":"Bihar","v":4},"geometry":{"type":"Point","coordinates":[85.7925,25.7419]}},{"type":"Feature","properties":{"s":"Bihar","v":4},"geometry":{"type":"Point","coordinates":[84.6927,26.4746]}},{"type":"Feature","properties":{"s":"Bihar","v":4},"geometry":{"type":"Point","coordinates":[87.8218,25.2739]}},{"type":"Feature","properties":{"s":"Bihar","v":4},"geometry":{"type":"Point","coordinates":[86.0205,24.9476]}},{"type":"Feature","properties":{"s":"Bihar","v":4},"geometry":{"type":"Point","coordinates":[85.7267,25.4674]}},{"type":"Feature","properties":{"s":"Bihar","v":4},"geometry":{"type":"Point","coordinates":[84.5777,25.2949]}},{"type":"Feature","properties":{"s":"Bihar","v":4},"geometry":{"type":"Point","coordinates":[84.2067,25.5202]}},{"type":"Feature","properties":{"s":"Bihar","v":4},"geometry":{"type":"Point","coordinates":[86.9089,24.8616]}},{"type":"Feature","properties":{"s":"Bihar","v":4},"geometry":{"type":"Point","coordinates":[84.1626,26.2499]}},{"type":"Feature","properties":{"s":"Bihar","v":4},"geometry":{"type":"Point","coordinates":[85.1836,26.0181]}},{"type":"Feature","properties":{"s":"Bihar","v":4},"geometry":{"type":"Point","coordinates":[83.6718,25.2725]}},{"type":"Feature","properties":{"s":"Bihar","v":4},"geometry":{"type":"Point","coordinates":[85.6553,26.1319]}},{"type":"Feature","properties":{"s":"Bihar","v":4},"geometry":{"type":"Point","coordinates":[86.8176,24.9246]}},{"type":"Feature","properties":{"s":"Bihar","v":4},"geometry":{"type":"Point","coordinates":[86.4695,25.3698]}},{"type":"Feature","properties":{"s":"Bihar","v":4},"geometry":{"type":"Point","coordinates":[85.5845,25.7768]}},{"type":"Feature","properties":{"s":"Bihar","v":4},"geometry":{"type":"Point","coordinates":[84.7448,25.4324]}},{"type":"Feature","properties":{"s":"Bihar","v":4},"geometry":{"type":"Point","coordinates":[87.1624,25.8647]}},{"type":"Feature","properties":{"s":"Bihar","v":4},"geometry":{"type":"Point","coordinates":[86.684,25.1483]}},{"type":"Feature","properties":{"s":"Bihar","v":4},"geometry":{"type":"Point","coordinates":[84.6357,24.8151]}},{"type":"Feature","properties":{"s":"Bihar","v":4},"geometry":{"type":"Point","coordinates":[84.3695,25.616]}},{"type":"Feature","properties":{"s":"Bihar","v":4},"geometry":{"type":"Point","coordinates":[84.9553,26.8256]}},{"type":"Feature","properties":{"s":"Bihar","v":4},"geometry":{"type":"Point","coordinates":[84.5753,24.5221]}},{"type":"Feature","properties":{"s":"Bihar","v":4},"geometry":{"type":"Point","coordinates":[86.706,25.7643]}},{"type":"Feature","properties":{"s":"Bihar","v":4},"geometry":{"type":"Point","coordinates":[87.855,25.5167]}},{"type":"Feature","properties":{"s":"Bihar","v":4},"geometry":{"type":"Point","coordinates":[83.6448,24.5462]}},{"type":"Feature","properties":{"s":"Bihar","v":4},"geometry":{"type":"Point","coordinates":[86.844,25.4189]}},{"type":"Feature","properties":{"s":"Bihar","v":4},"geometry":{"type":"Point","coordinates":[86.8797,24.9225]}},{"type":"Feature","properties":{"s":"Bihar","v":4},"geometry":{"type":"Point","coordinates":[87.3448,25.6445]}},{"type":"Feature","properties":{"s":"Bihar","v":4},"geometry":{"type":"Point","coordinates":[85.6805,25.0833]}},{"type":"Feature","properties":{"s":"Bihar","v":4},"geometry":{"type":"Point","coordinates":[84.1663,27.3947]}},{"type":"Feature","properties":{"s":"Bihar","v":4},"geometry":{"type":"Point","coordinates":[86.8361,25.2694]}},{"type":"Feature","properties":{"s":"Bihar","v":4},"geometry":{"type":"Point","coordinates":[85.4551,25.4528]}},{"type":"Feature","properties":{"s":"Bihar","v":4},"geometry":{"type":"Point","coordinates":[87.0267,25.5684]}},{"type":"Feature","properties":{"s":"Bihar","v":4},"geometry":{"type":"Point","coordinates":[87.0525,25.2279]}},{"type":"Feature","properties":{"s":"Bihar","v":4},"geometry":{"type":"Point","coordinates":[84.6385,26.0192]}},{"type":"Feature","properties":{"s":"Bihar","v":4},"geometry":{"type":"Point","coordinates":[85.1928,25.9719]}},{"type":"Feature","properties":{"s":"Bihar","v":4},"geometry":{"type":"Point","coordinates":[85.2905,25.101]}},{"type":"Feature","properties":{"s":"Bihar","v":4},"geometry":{"type":"Point","coordinates":[86.713,24.6812]}},{"type":"Feature","properties":{"s":"Bihar","v":4},"geometry":{"type":"Point","coordinates":[86.9062,26.015]}},{"type":"Feature","properties":{"s":"Gujarat","v":11.4},"geometry":{"type":"Point","coordinates":[70.6401,21.9587]}},{"type":"Feature","properties":{"s":"Gujarat","v":11.4},"geometry":{"type":"Point","coordinates":[69.5948,22.2711]}},{"type":"Feature","properties":{"s":"Gujarat","v":11.4},"geometry":{"type":"Point","coordinates":[70.4144,22.1278]}},{"type":"Feature","properties":{"s":"Gujarat","v":11.4},"geometry":{"type":"Point","coordinates":[72.8981,22.7899]}},{"type":"Feature","properties":{"s":"Gujarat","v":11.4},"geometry":{"type":"Point","coordinates":[69.0227,22.2875]}},{"type":"Feature","properties":{"s":"Gujarat","v":11.4},"geometry":{"type":"Point","coordinates":[70.9853,24.0674]}},{"type":"Feature","properties":{"s":"Gujarat","v":11.4},"geometry":{"type":"Point","coordinates":[68.9911,23.089]}},{"type":"Feature","properties":{"s":"Gujarat","v":11.4},"geometry":{"type":"Point","coordinates":[71.5093,23.8328]}},{"type":"Feature","properties":{"s":"Gujarat","v":11.4},"geometry":{"type":"Point","coordinates":[69.1113,22.3334]}},{"type":"Feature","properties":{"s":"Gujarat","v":11.4},"geometry":{"type":"Point","coordinates":[73.956,22.7131]}},{"type":"Feature","properties":{"s":"Gujarat","v":11.4},"geometry":{"type":"Point","coordinates":[70.4242,22.5578]}},{"type":"Feature","properties":{"s":"Gujarat","v":11.4},"geometry":{"type":"Point","coordinates":[73.3412,23.7848]}},{"type":"Feature","properties":{"s":"Gujarat","v":11.4},"geometry":{"type":"Point","coordinates":[71.5799,22.2571]}},{"type":"Feature","properties":{"s":"Gujarat","v":11.4},"geometry":{"type":"Point","coordinates":[70.3846,23.8135]}},{"type":"Feature","properties":{"s":"Gujarat","v":11.4},"geometry":{"type":"Point","coordinates":[70.9439,24.2445]}},{"type":"Feature","properties":{"s":"Gujarat","v":11.4},"geometry":{"type":"Point","coordinates":[72.8618,21.4422]}},{"type":"Feature","properties":{"s":"Gujarat","v":11.4},"geometry":{"type":"Point","coordinates":[70.1587,23.719]}},{"type":"Feature","properties":{"s":"Gujarat","v":11.4},"geometry":{"type":"Point","coordinates":[69.917,21.3347]}},{"type":"Feature","properties":{"s":"Gujarat","v":11.4},"geometry":{"type":"Point","coordinates":[70.5588,22.514]}},{"type":"Feature","properties":{"s":"Gujarat","v":11.4},"geometry":{"type":"Point","coordinates":[71.2367,23.5043]}},{"type":"Feature","properties":{"s":"Gujarat","v":11.4},"geometry":{"type":"Point","coordinates":[68.7,23.1402]}},{"type":"Feature","properties":{"s":"Gujarat","v":11.4},"geometry":{"type":"Point","coordinates":[69.1285,23.3929]}},{"type":"Feature","properties":{"s":"Gujarat","v":11.4},"geometry":{"type":"Point","coordinates":[72.066,23.2035]}},{"type":"Feature","properties":{"s":"Gujarat","v":11.4},"geometry":{"type":"Point","coordinates":[70.1808,22.3756]}},{"type":"Feature","properties":{"s":"Gujarat","v":11.4},"geometry":{"type":"Point","coordinates":[70.6532,21.1948]}},{"type":"Feature","properties":{"s":"Gujarat","v":11.4},"geometry":{"type":"Point","coordinates":[69.3358,21.9465]}},{"type":"Feature","properties":{"s":"Gujarat","v":11.4},"geometry":{"type":"Point","coordinates":[71.2458,23.7014]}},{"type":"Feature","properties":{"s":"Gujarat","v":11.4},"geometry":{"type":"Point","coordinates":[71.6365,21.5386]}},{"type":"Feature","properties":{"s":"Gujarat","v":11.4},"geometry":{"type":"Point","coordinates":[72.4637,23.2512]}},{"type":"Feature","properties":{"s":"Gujarat","v":11.4},"geometry":{"type":"Point","coordinates":[71.4287,23.1823]}},{"type":"Feature","properties":{"s":"Gujarat","v":11.4},"geometry":{"type":"Point","coordinates":[72.3659,24.079]}},{"type":"Feature","properties":{"s":"Gujarat","v":11.4},"geometry":{"type":"Point","coordinates":[70.2963,21.1915]}},{"type":"Feature","properties":{"s":"Gujarat","v":11.4},"geometry":{"type":"Point","coordinates":[74.1313,22.4074]}},{"type":"Feature","properties":{"s":"Gujarat","v":11.4},"geometry":{"type":"Point","coordinates":[71.9346,23.0838]}},{"type":"Feature","properties":{"s":"Gujarat","v":11.4},"geometry":{"type":"Point","coordinates":[71.02,22.9396]}},{"type":"Feature","properties":{"s":"Gujarat","v":11.4},"geometry":{"type":"Point","coordinates":[73.5872,21.9058]}},{"type":"Feature","properties":{"s":"Gujarat","v":11.4},"geometry":{"type":"Point","coordinates":[69.7951,21.7944]}},{"type":"Feature","properties":{"s":"Gujarat","v":11.4},"geometry":{"type":"Point","coordinates":[70.0296,23.321]}},{"type":"Feature","properties":{"s":"Gujarat","v":11.4},"geometry":{"type":"Point","coordinates":[69.9538,21.4351]}},{"type":"Feature","properties":{"s":"Gujarat","v":11.4},"geometry":{"type":"Point","coordinates":[69.942,22.236]}},{"type":"Feature","properties":{"s":"Gujarat","v":11.4},"geometry":{"type":"Point","coordinates":[73.0166,21.6703]}},{"type":"Feature","properties":{"s":"Gujarat","v":11.4},"geometry":{"type":"Point","coordinates":[70.3081,22.1708]}},{"type":"Feature","properties":{"s":"Gujarat","v":11.4},"geometry":{"type":"Point","coordinates":[70.7948,20.856]}},{"type":"Feature","properties":{"s":"Gujarat","v":11.4},"geometry":{"type":"Point","coordinates":[70.7581,23.8172]}},{"type":"Feature","properties":{"s":"Gujarat","v":11.4},"geometry":{"type":"Point","coordinates":[72.1029,21.4142]}},{"type":"Feature","properties":{"s":"Gujarat","v":11.4},"geometry":{"type":"Point","coordinates":[71.179,23.9769]}},{"type":"Feature","properties":{"s":"Gujarat","v":11.4},"geometry":{"type":"Point","coordinates":[73.7364,20.6806]}},{"type":"Feature","properties":{"s":"Gujarat","v":11.4},"geometry":{"type":"Point","coordinates":[72.9198,22.4077]}},{"type":"Feature","properties":{"s":"Gujarat","v":11.4},"geometry":{"type":"Point","coordinates":[72.7093,21.4441]}},{"type":"Feature","properties":{"s":"Gujarat","v":11.4},"geometry":{"type":"Point","coordinates":[71.0552,23.5772]}},{"type":"Feature","properties":{"s":"Gujarat","v":11.4},"geometry":{"type":"Point","coordinates":[71.8637,21.2592]}},{"type":"Feature","properties":{"s":"Gujarat","v":11.4},"geometry":{"type":"Point","coordinates":[71.1137,24.3888]}},{"type":"Feature","properties":{"s":"Gujarat","v":11.4},"geometry":{"type":"Point","coordinates":[68.8972,23.028]}},{"type":"Feature","properties":{"s":"Gujarat","v":11.4},"geometry":{"type":"Point","coordinates":[68.5447,23.8377]}},{"type":"Feature","properties":{"s":"Gujarat","v":11.4},"geometry":{"type":"Point","coordinates":[71.8433,21.7419]}},{"type":"Feature","properties":{"s":"Gujarat","v":11.4},"geometry":{"type":"Point","coordinates":[73.3556,21.5359]}},{"type":"Feature","properties":{"s":"Gujarat","v":11.4},"geometry":{"type":"Point","coordinates":[73.186,20.9693]}},{"type":"Feature","properties":{"s":"Gujarat","v":11.4},"geometry":{"type":"Point","coordinates":[70.9288,20.8766]}},{"type":"Feature","properties":{"s":"Gujarat","v":11.4},"geometry":{"type":"Point","coordinates":[69.7892,22.0167]}},{"type":"Feature","properties":{"s":"Gujarat","v":11.4},"geometry":{"type":"Point","coordinates":[68.1982,23.6854]}},{"type":"Feature","properties":{"s":"Gujarat","v":11.4},"geometry":{"type":"Point","coordinates":[72.5837,22.343]}},{"type":"Feature","properties":{"s":"Gujarat","v":11.4},"geometry":{"type":"Point","coordinates":[71.2566,21.9327]}},{"type":"Feature","properties":{"s":"Gujarat","v":11.4},"geometry":{"type":"Point","coordinates":[71.7205,21.7513]}},{"type":"Feature","properties":{"s":"Gujarat","v":11.4},"geometry":{"type":"Point","coordinates":[70.73,21.419]}},{"type":"Feature","properties":{"s":"Gujarat","v":11.4},"geometry":{"type":"Point","coordinates":[70.7075,20.7851]}},{"type":"Feature","properties":{"s":"Gujarat","v":11.4},"geometry":{"type":"Point","coordinates":[71.3903,21.5182]}},{"type":"Feature","properties":{"s":"Gujarat","v":11.4},"geometry":{"type":"Point","coordinates":[72.4517,23.5241]}},{"type":"Feature","properties":{"s":"Gujarat","v":11.4},"geometry":{"type":"Point","coordinates":[72.0928,21.5099]}},{"type":"Feature","properties":{"s":"Gujarat","v":11.4},"geometry":{"type":"Point","coordinates":[71.2732,23.3193]}},{"type":"Feature","properties":{"s":"Gujarat","v":11.4},"geometry":{"type":"Point","coordinates":[70.0401,23.5164]}},{"type":"Feature","properties":{"s":"Gujarat","v":11.4},"geometry":{"type":"Point","coordinates":[69.8222,22.9789]}},{"type":"Feature","properties":{"s":"Gujarat","v":11.4},"geometry":{"type":"Point","coordinates":[72.4245,24.3594]}},{"type":"Feature","properties":{"s":"Gujarat","v":11.4},"geometry":{"type":"Point","coordinates":[72.7435,22.1624]}},{"type":"Feature","properties":{"s":"Gujarat","v":11.4},"geometry":{"type":"Point","coordinates":[70.0604,23.1809]}},{"type":"Feature","properties":{"s":"Gujarat","v":11.4},"geometry":{"type":"Point","coordinates":[70.2709,23.2446]}},{"type":"Feature","properties":{"s":"Gujarat","v":11.4},"geometry":{"type":"Point","coordinates":[70.0042,21.3506]}},{"type":"Feature","properties":{"s":"Gujarat","v":11.4},"geometry":{"type":"Point","coordinates":[73.5414,21.92]}},{"type":"Feature","properties":{"s":"Gujarat","v":11.4},"geometry":{"type":"Point","coordinates":[70.9391,24.0778]}},{"type":"Feature","properties":{"s":"Gujarat","v":11.4},"geometry":{"type":"Point","coordinates":[73.5683,21.8979]}},{"type":"Feature","properties":{"s":"Gujarat","v":11.4},"geometry":{"type":"Point","coordinates":[73.7137,21.2566]}},{"type":"Feature","properties":{"s":"Gujarat","v":11.4},"geometry":{"type":"Point","coordinates":[69.6032,22.2765]}},{"type":"Feature","properties":{"s":"Gujarat","v":11.4},"geometry":{"type":"Point","coordinates":[70.8447,21.739]}},{"type":"Feature","properties":{"s":"Gujarat","v":11.4},"geometry":{"type":"Point","coordinates":[70.5624,22.4318]}},{"type":"Feature","properties":{"s":"Gujarat","v":11.4},"geometry":{"type":"Point","coordinates":[70.053,23.6051]}},{"type":"Feature","properties":{"s":"Gujarat","v":11.4},"geometry":{"type":"Point","coordinates":[70.3423,23.2523]}},{"type":"Feature","properties":{"s":"Gujarat","v":11.4},"geometry":{"type":"Point","coordinates":[72.9057,20.7662]}},{"type":"Feature","properties":{"s":"Gujarat","v":11.4},"geometry":{"type":"Point","coordinates":[71.2964,23.3336]}},{"type":"Feature","properties":{"s":"Gujarat","v":11.4},"geometry":{"type":"Point","coordinates":[72.945,20.4501]}},{"type":"Feature","properties":{"s":"Gujarat","v":11.4},"geometry":{"type":"Point","coordinates":[71.5629,21.8088]}},{"type":"Feature","properties":{"s":"Gujarat","v":11.4},"geometry":{"type":"Point","coordinates":[72.3846,23.8615]}},{"type":"Feature","properties":{"s":"Gujarat","v":11.4},"geometry":{"type":"Point","coordinates":[71.8182,23.5366]}},{"type":"Feature","properties":{"s":"Gujarat","v":11.4},"geometry":{"type":"Point","coordinates":[68.5359,23.2782]}},{"type":"Feature","properties":{"s":"Gujarat","v":11.4},"geometry":{"type":"Point","coordinates":[70.9343,20.8634]}},{"type":"Feature","properties":{"s":"Gujarat","v":11.4},"geometry":{"type":"Point","coordinates":[69.5475,22.1213]}},{"type":"Feature","properties":{"s":"Gujarat","v":11.4},"geometry":{"type":"Point","coordinates":[70.5254,22.5876]}},{"type":"Feature","properties":{"s":"Gujarat","v":11.4},"geometry":{"type":"Point","coordinates":[71.3555,23.1178]}},{"type":"Feature","properties":{"s":"Gujarat","v":11.4},"geometry":{"type":"Point","coordinates":[71.0464,22.8624]}},{"type":"Feature","properties":{"s":"Gujarat","v":11.4},"geometry":{"type":"Point","coordinates":[73.4668,21.5778]}},{"type":"Feature","properties":{"s":"Gujarat","v":11.4},"geometry":{"type":"Point","coordinates":[70.1323,24.1212]}},{"type":"Feature","properties":{"s":"Gujarat","v":11.4},"geometry":{"type":"Point","coordinates":[72.0692,23.4989]}},{"type":"Feature","properties":{"s":"Gujarat","v":11.4},"geometry":{"type":"Point","coordinates":[71.6111,21.9749]}},{"type":"Feature","properties":{"s":"Gujarat","v":11.4},"geometry":{"type":"Point","coordinates":[71.7773,22.2381]}},{"type":"Feature","properties":{"s":"Gujarat","v":11.4},"geometry":{"type":"Point","coordinates":[70.3771,21.808]}},{"type":"Feature","properties":{"s":"Gujarat","v":11.4},"geometry":{"type":"Point","coordinates":[71.8838,23.154]}},{"type":"Feature","properties":{"s":"Gujarat","v":11.4},"geometry":{"type":"Point","coordinates":[74.0041,22.3113]}},{"type":"Feature","properties":{"s":"Gujarat","v":11.4},"geometry":{"type":"Point","coordinates":[69.2363,23.8093]}},{"type":"Feature","properties":{"s":"Gujarat","v":11.4},"geometry":{"type":"Point","coordinates":[71.8737,21.4153]}},{"type":"Feature","properties":{"s":"Gujarat","v":11.4},"geometry":{"type":"Point","coordinates":[71.8582,24.2109]}},{"type":"Feature","properties":{"s":"Gujarat","v":11.4},"geometry":{"type":"Point","coordinates":[72.2163,22.523]}},{"type":"Feature","properties":{"s":"Gujarat","v":11.4},"geometry":{"type":"Point","coordinates":[69.8727,23.0218]}},{"type":"Feature","properties":{"s":"Gujarat","v":11.4},"geometry":{"type":"Point","coordinates":[73.0163,23.4531]}},{"type":"Feature","properties":{"s":"Gujarat","v":11.4},"geometry":{"type":"Point","coordinates":[70.3856,21.6027]}},{"type":"Feature","properties":{"s":"Gujarat","v":11.4},"geometry":{"type":"Point","coordinates":[72.9335,23.2164]}},{"type":"Feature","properties":{"s":"Gujarat","v":11.4},"geometry":{"type":"Point","coordinates":[71.9102,21.8795]}},{"type":"Feature","properties":{"s":"Gujarat","v":11.4},"geometry":{"type":"Point","coordinates":[70.2928,24.3266]}},{"type":"Feature","properties":{"s":"Gujarat","v":11.4},"geometry":{"type":"Point","coordinates":[72.1902,22.3254]}},{"type":"Feature","properties":{"s":"Gujarat","v":11.4},"geometry":{"type":"Point","coordinates":[72.5137,22.5639]}},{"type":"Feature","properties":{"s":"Gujarat","v":11.4},"geometry":{"type":"Point","coordinates":[72.8378,21.5024]}},{"type":"Feature","properties":{"s":"Gujarat","v":11.4},"geometry":{"type":"Point","coordinates":[71.6927,24.5336]}},{"type":"Feature","properties":{"s":"Gujarat","v":11.4},"geometry":{"type":"Point","coordinates":[69.8121,23.0967]}},{"type":"Feature","properties":{"s":"Gujarat","v":11.4},"geometry":{"type":"Point","coordinates":[70.7516,23.2828]}},{"type":"Feature","properties":{"s":"Gujarat","v":11.4},"geometry":{"type":"Point","coordinates":[72.3728,23.6395]}},{"type":"Feature","properties":{"s":"Gujarat","v":11.4},"geometry":{"type":"Point","coordinates":[70.0229,23.257]}},{"type":"Feature","properties":{"s":"Gujarat","v":11.4},"geometry":{"type":"Point","coordinates":[70.723,23.8737]}},{"type":"Feature","properties":{"s":"Gujarat","v":11.4},"geometry":{"type":"Point","coordinates":[72.8934,22.9693]}},{"type":"Feature","properties":{"s":"Gujarat","v":11.4},"geometry":{"type":"Point","coordinates":[69.3967,23.173]}},{"type":"Feature","properties":{"s":"Gujarat","v":11.4},"geometry":{"type":"Point","coordinates":[71.3893,24.073]}},{"type":"Feature","properties":{"s":"Gujarat","v":11.4},"geometry":{"type":"Point","coordinates":[69.7325,23.8452]}},{"type":"Feature","properties":{"s":"Gujarat","v":11.4},"geometry":{"type":"Point","coordinates":[70.0714,23.3135]}},{"type":"Feature","properties":{"s":"Gujarat","v":11.4},"geometry":{"type":"Point","coordinates":[70.8033,23.3096]}},{"type":"Feature","properties":{"s":"Gujarat","v":11.4},"geometry":{"type":"Point","coordinates":[71.0299,22.1388]}},{"type":"Feature","properties":{"s":"Gujarat","v":11.4},"geometry":{"type":"Point","coordinates":[69.8723,21.4091]}},{"type":"Feature","properties":{"s":"Gujarat","v":11.4},"geometry":{"type":"Point","coordinates":[70.3991,22.3833]}},{"type":"Feature","properties":{"s":"Gujarat","v":11.4},"geometry":{"type":"Point","coordinates":[72.8711,20.7009]}},{"type":"Feature","properties":{"s":"Gujarat","v":11.4},"geometry":{"type":"Point","coordinates":[71.7487,23.3617]}},{"type":"Feature","properties":{"s":"Gujarat","v":11.4},"geometry":{"type":"Point","coordinates":[71.7808,21.5914]}},{"type":"Feature","properties":{"s":"Gujarat","v":11.4},"geometry":{"type":"Point","coordinates":[70.3276,21.0574]}},{"type":"Feature","properties":{"s":"Gujarat","v":11.4},"geometry":{"type":"Point","coordinates":[73.5271,21.0826]}},{"type":"Feature","properties":{"s":"Gujarat","v":11.4},"geometry":{"type":"Point","coordinates":[70.0295,22.0465]}},{"type":"Feature","properties":{"s":"Gujarat","v":11.4},"geometry":{"type":"Point","coordinates":[69.9578,23.2354]}},{"type":"Feature","properties":{"s":"Gujarat","v":11.4},"geometry":{"type":"Point","coordinates":[71.0427,21.2165]}},{"type":"Feature","properties":{"s":"Gujarat","v":11.4},"geometry":{"type":"Point","coordinates":[69.7017,23.937]}},{"type":"Feature","properties":{"s":"Gujarat","v":11.4},"geometry":{"type":"Point","coordinates":[73.4367,20.8482]}},{"type":"Feature","properties":{"s":"Gujarat","v":11.4},"geometry":{"type":"Point","coordinates":[73.238,22.6069]}},{"type":"Feature","properties":{"s":"Gujarat","v":11.4},"geometry":{"type":"Point","coordinates":[73.9115,21.5052]}},{"type":"Feature","properties":{"s":"Gujarat","v":11.4},"geometry":{"type":"Point","coordinates":[68.9219,23.4072]}},{"type":"Feature","properties":{"s":"Gujarat","v":11.4},"geometry":{"type":"Point","coordinates":[71.008,21.3825]}},{"type":"Feature","properties":{"s":"Gujarat","v":11.4},"geometry":{"type":"Point","coordinates":[71.199,21.9271]}},{"type":"Feature","properties":{"s":"Gujarat","v":11.4},"geometry":{"type":"Point","coordinates":[71.5461,21.8215]}},{"type":"Feature","properties":{"s":"Gujarat","v":11.4},"geometry":{"type":"Point","coordinates":[71.6372,21.2757]}},{"type":"Feature","properties":{"s":"Gujarat","v":11.4},"geometry":{"type":"Point","coordinates":[72.5788,23.7035]}},{"type":"Feature","properties":{"s":"Gujarat","v":11.4},"geometry":{"type":"Point","coordinates":[70.0523,21.4054]}},{"type":"Feature","properties":{"s":"Gujarat","v":11.4},"geometry":{"type":"Point","coordinates":[72.4868,23.3024]}},{"type":"Feature","properties":{"s":"Gujarat","v":11.4},"geometry":{"type":"Point","coordinates":[70.6034,20.9213]}},{"type":"Feature","properties":{"s":"Gujarat","v":11.4},"geometry":{"type":"Point","coordinates":[74.2158,21.5106]}},{"type":"Feature","properties":{"s":"Gujarat","v":11.4},"geometry":{"type":"Point","coordinates":[71.8467,22.1956]}},{"type":"Feature","properties":{"s":"Gujarat","v":11.4},"geometry":{"type":"Point","coordinates":[69.4445,23.262]}},{"type":"Feature","properties":{"s":"Gujarat","v":11.4},"geometry":{"type":"Point","coordinates":[73.1229,20.8803]}},{"type":"Feature","properties":{"s":"Gujarat","v":11.4},"geometry":{"type":"Point","coordinates":[69.8124,22.1534]}},{"type":"Feature","properties":{"s":"Gujarat","v":11.4},"geometry":{"type":"Point","coordinates":[72.8269,22.0198]}},{"type":"Feature","properties":{"s":"Gujarat","v":11.4},"geometry":{"type":"Point","coordinates":[71.8943,22.1621]}},{"type":"Feature","properties":{"s":"Gujarat","v":11.4},"geometry":{"type":"Point","coordinates":[71.1158,22.8948]}},{"type":"Feature","properties":{"s":"Gujarat","v":11.4},"geometry":{"type":"Point","coordinates":[73.0266,23.4217]}},{"type":"Feature","properties":{"s":"Gujarat","v":11.4},"geometry":{"type":"Point","coordinates":[72.0316,23.5672]}},{"type":"Feature","properties":{"s":"Gujarat","v":11.4},"geometry":{"type":"Point","coordinates":[72.7754,22.5131]}},{"type":"Feature","properties":{"s":"Gujarat","v":11.4},"geometry":{"type":"Point","coordinates":[69.3213,22.2785]}},{"type":"Feature","properties":{"s":"Gujarat","v":11.4},"geometry":{"type":"Point","coordinates":[68.8869,23.9969]}},{"type":"Feature","properties":{"s":"Gujarat","v":11.4},"geometry":{"type":"Point","coordinates":[70.7547,22.5161]}},{"type":"Feature","properties":{"s":"Gujarat","v":11.4},"geometry":{"type":"Point","coordinates":[70.6493,22.4247]}},{"type":"Feature","properties":{"s":"Gujarat","v":11.4},"geometry":{"type":"Point","coordinates":[70.1834,22.279]}},{"type":"Feature","properties":{"s":"Gujarat","v":11.4},"geometry":{"type":"Point","coordinates":[72.9879,22.9583]}},{"type":"Feature","properties":{"s":"Gujarat","v":11.4},"geometry":{"type":"Point","coordinates":[70.6729,21.801]}},{"type":"Feature","properties":{"s":"Gujarat","v":11.4},"geometry":{"type":"Point","coordinates":[69.9092,22.4529]}},{"type":"Feature","properties":{"s":"Gujarat","v":11.4},"geometry":{"type":"Point","coordinates":[71.6332,23.1168]}},{"type":"Feature","properties":{"s":"Gujarat","v":11.4},"geometry":{"type":"Point","coordinates":[69.8299,22.2561]}},{"type":"Feature","properties":{"s":"Gujarat","v":11.4},"geometry":{"type":"Point","coordinates":[68.8545,24.097]}},{"type":"Feature","properties":{"s":"Gujarat","v":11.4},"geometry":{"type":"Point","coordinates":[68.8864,23.2212]}},{"type":"Feature","properties":{"s":"Gujarat","v":11.4},"geometry":{"type":"Point","coordinates":[73.2955,20.6548]}},{"type":"Feature","properties":{"s":"Gujarat","v":11.4},"geometry":{"type":"Point","coordinates":[73.7534,22.3161]}},{"type":"Feature","properties":{"s":"Gujarat","v":11.4},"geometry":{"type":"Point","coordinates":[70.5513,23.7543]}},{"type":"Feature","properties":{"s":"Gujarat","v":11.4},"geometry":{"type":"Point","coordinates":[73.8532,23.0056]}},{"type":"Feature","properties":{"s":"Gujarat","v":11.4},"geometry":{"type":"Point","coordinates":[71.0241,23.2633]}},{"type":"Feature","properties":{"s":"Gujarat","v":11.4},"geometry":{"type":"Point","coordinates":[71.2323,21.9735]}},{"type":"Feature","properties":{"s":"Gujarat","v":11.4},"geometry":{"type":"Point","coordinates":[70.1512,22.3244]}},{"type":"Feature","properties":{"s":"Gujarat","v":11.4},"geometry":{"type":"Point","coordinates":[69.0156,23.5313]}},{"type":"Feature","properties":{"s":"Gujarat","v":11.4},"geometry":{"type":"Point","coordinates":[71.6432,23.3094]}},{"type":"Feature","properties":{"s":"Gujarat","v":11.4},"geometry":{"type":"Point","coordinates":[71.3051,21.5871]}},{"type":"Feature","properties":{"s":"Gujarat","v":11.4},"geometry":{"type":"Point","coordinates":[70.7096,22.8536]}},{"type":"Feature","properties":{"s":"Gujarat","v":11.4},"geometry":{"type":"Point","coordinates":[69.8651,23.0882]}},{"type":"Feature","properties":{"s":"Gujarat","v":11.4},"geometry":{"type":"Point","coordinates":[74.1741,23.0044]}},{"type":"Feature","properties":{"s":"Gujarat","v":11.4},"geometry":{"type":"Point","coordinates":[73.1198,20.6108]}},{"type":"Feature","properties":{"s":"Gujarat","v":11.4},"geometry":{"type":"Point","coordinates":[73.7742,22.4555]}},{"type":"Feature","properties":{"s":"Gujarat","v":11.4},"geometry":{"type":"Point","coordinates":[73.7547,23.2339]}},{"type":"Feature","properties":{"s":"Gujarat","v":11.4},"geometry":{"type":"Point","coordinates":[73.4564,21.1261]}},{"type":"Feature","properties":{"s":"Gujarat","v":11.4},"geometry":{"type":"Point","coordinates":[72.1603,21.6976]}},{"type":"Feature","properties":{"s":"Gujarat","v":11.4},"geometry":{"type":"Point","coordinates":[69.2835,23.5582]}},{"type":"Feature","properties":{"s":"Gujarat","v":11.4},"geometry":{"type":"Point","coordinates":[71.5435,21.2913]}},{"type":"Feature","properties":{"s":"Gujarat","v":11.4},"geometry":{"type":"Point","coordinates":[70.9034,22.7542]}},{"type":"Feature","properties":{"s":"Gujarat","v":11.4},"geometry":{"type":"Point","coordinates":[73.0822,21.117]}},{"type":"Feature","properties":{"s":"Gujarat","v":11.4},"geometry":{"type":"Point","coordinates":[72.9759,21.0463]}},{"type":"Feature","properties":{"s":"Gujarat","v":11.4},"geometry":{"type":"Point","coordinates":[72.7222,23.6429]}},{"type":"Feature","properties":{"s":"Gujarat","v":11.4},"geometry":{"type":"Point","coordinates":[72.9797,21.7642]}},{"type":"Feature","properties":{"s":"Gujarat","v":11.4},"geometry":{"type":"Point","coordinates":[72.1045,24.2488]}},{"type":"Feature","properties":{"s":"Gujarat","v":11.4},"geometry":{"type":"Point","coordinates":[71.3297,22.3612]}},{"type":"Feature","properties":{"s":"Gujarat","v":11.4},"geometry":{"type":"Point","coordinates":[72.9468,23.6122]}},{"type":"Feature","properties":{"s":"Kerala","v":3.4},"geometry":{"type":"Point","coordinates":[77.1033,9.5955]}},{"type":"Feature","properties":{"s":"Kerala","v":3.4},"geometry":{"type":"Point","coordinates":[76.3264,10.3673]}},{"type":"Feature","properties":{"s":"Kerala","v":3.4},"geometry":{"type":"Point","coordinates":[76.5624,9.3674]}},{"type":"Feature","properties":{"s":"Kerala","v":3.4},"geometry":{"type":"Point","coordinates":[77.2098,10.1606]}},{"type":"Feature","properties":{"s":"Kerala","v":3.4},"geometry":{"type":"Point","coordinates":[76.0763,11.168]}},{"type":"Feature","properties":{"s":"Kerala","v":3.4},"geometry":{"type":"Point","coordinates":[76.3547,11.2678]}},{"type":"Feature","properties":{"s":"Kerala","v":3.4},"geometry":{"type":"Point","coordinates":[76.2847,9.9757]}},{"type":"Feature","properties":{"s":"Kerala","v":3.4},"geometry":{"type":"Point","coordinates":[76.0941,10.4552]}},{"type":"Feature","properties":{"s":"Kerala","v":3.4},"geometry":{"type":"Point","coordinates":[77.1322,8.6697]}},{"type":"Feature","properties":{"s":"Kerala","v":3.4},"geometry":{"type":"Point","coordinates":[76.6356,9.9386]}},{"type":"Feature","properties":{"s":"Kerala","v":3.4},"geometry":{"type":"Point","coordinates":[76.6849,9.2589]}},{"type":"Feature","properties":{"s":"Kerala","v":3.4},"geometry":{"type":"Point","coordinates":[76.3044,9.6971]}},{"type":"Feature","properties":{"s":"Kerala","v":3.4},"geometry":{"type":"Point","coordinates":[75.0531,12.5328]}},{"type":"Feature","properties":{"s":"Kerala","v":3.4},"geometry":{"type":"Point","coordinates":[76.1702,10.8149]}},{"type":"Feature","properties":{"s":"Kerala","v":3.4},"geometry":{"type":"Point","coordinates":[76.5309,10.5159]}},{"type":"Feature","properties":{"s":"Kerala","v":3.4},"geometry":{"type":"Point","coordinates":[76.8276,9.9744]}},{"type":"Feature","properties":{"s":"Kerala","v":3.4},"geometry":{"type":"Point","coordinates":[75.7363,11.4948]}},{"type":"Feature","properties":{"s":"Kerala","v":3.4},"geometry":{"type":"Point","coordinates":[75.718,11.7046]}},{"type":"Feature","properties":{"s":"Kerala","v":3.4},"geometry":{"type":"Point","coordinates":[77.1394,9.2149]}},{"type":"Feature","properties":{"s":"Kerala","v":3.4},"geometry":{"type":"Point","coordinates":[76.7989,9.3873]}},{"type":"Feature","properties":{"s":"Kerala","v":3.4},"geometry":{"type":"Point","coordinates":[76.0288,11.6476]}},{"type":"Feature","properties":{"s":"Kerala","v":3.4},"geometry":{"type":"Point","coordinates":[75.3694,12.2581]}},{"type":"Feature","properties":{"s":"Kerala","v":3.4},"geometry":{"type":"Point","coordinates":[75.7945,11.5985]}},{"type":"Feature","properties":{"s":"Kerala","v":3.4},"geometry":{"type":"Point","coordinates":[76.4269,10.1251]}},{"type":"Feature","properties":{"s":"Kerala","v":3.4},"geometry":{"type":"Point","coordinates":[77.0374,9.02]}},{"type":"Feature","properties":{"s":"Kerala","v":3.4},"geometry":{"type":"Point","coordinates":[76.1868,11.8549]}},{"type":"Feature","properties":{"s":"Kerala","v":3.4},"geometry":{"type":"Point","coordinates":[76.2828,11.3603]}},{"type":"Feature","properties":{"s":"Kerala","v":3.4},"geometry":{"type":"Point","coordinates":[76.3501,10.5213]}},{"type":"Feature","properties":{"s":"Kerala","v":3.4},"geometry":{"type":"Point","coordinates":[76.9218,8.9509]}},{"type":"Feature","properties":{"s":"Kerala","v":3.4},"geometry":{"type":"Point","coordinates":[75.5482,12.1415]}},{"type":"Feature","properties":{"s":"Kerala","v":3.4},"geometry":{"type":"Point","coordinates":[75.7778,11.962]}},{"type":"Feature","properties":{"s":"Kerala","v":3.4},"geometry":{"type":"Point","coordinates":[76.1086,10.5513]}},{"type":"Feature","properties":{"s":"Kerala","v":3.4},"geometry":{"type":"Point","coordinates":[77.1164,8.781]}},{"type":"Feature","properties":{"s":"Kerala","v":3.4},"geometry":{"type":"Point","coordinates":[76.2744,11.3033]}},{"type":"Feature","properties":{"s":"Kerala","v":3.4},"geometry":{"type":"Point","coordinates":[75.971,11.4639]}},{"type":"Feature","properties":{"s":"Kerala","v":3.4},"geometry":{"type":"Point","coordinates":[76.6145,10.5111]}},{"type":"Feature","properties":{"s":"Kerala","v":3.4},"geometry":{"type":"Point","coordinates":[76.0839,11.6352]}},{"type":"Feature","properties":{"s":"Kerala","v":3.4},"geometry":{"type":"Point","coordinates":[76.7308,9.0136]}},{"type":"Feature","properties":{"s":"Kerala","v":3.4},"geometry":{"type":"Point","coordinates":[76.649,10.0739]}},{"type":"Feature","properties":{"s":"Kerala","v":3.4},"geometry":{"type":"Point","coordinates":[76.6842,9.718]}},{"type":"Feature","properties":{"s":"Kerala","v":3.4},"geometry":{"type":"Point","coordinates":[76.0678,11.575]}},{"type":"Feature","properties":{"s":"Kerala","v":3.4},"geometry":{"type":"Point","coordinates":[75.6388,12.1082]}},{"type":"Feature","properties":{"s":"Kerala","v":3.4},"geometry":{"type":"Point","coordinates":[76.0733,11.8151]}},{"type":"Feature","properties":{"s":"Kerala","v":3.4},"geometry":{"type":"Point","coordinates":[75.962,11.5555]}},{"type":"Feature","properties":{"s":"Kerala","v":3.4},"geometry":{"type":"Point","coordinates":[76.9329,8.5737]}},{"type":"Feature","properties":{"s":"Kerala","v":3.4},"geometry":{"type":"Point","coordinates":[76.5525,10.7013]}},{"type":"Feature","properties":{"s":"Kerala","v":3.4},"geometry":{"type":"Point","coordinates":[76.4264,9.4956]}},{"type":"Feature","properties":{"s":"Kerala","v":3.4},"geometry":{"type":"Point","coordinates":[76.3274,11.736]}},{"type":"Feature","properties":{"s":"Kerala","v":3.4},"geometry":{"type":"Point","coordinates":[77.0164,10.0219]}},{"type":"Feature","properties":{"s":"Kerala","v":3.4},"geometry":{"type":"Point","coordinates":[76.8705,10.0459]}},{"type":"Feature","properties":{"s":"Kerala","v":3.4},"geometry":{"type":"Point","coordinates":[76.1483,10.6617]}},{"type":"Feature","properties":{"s":"Kerala","v":3.4},"geometry":{"type":"Point","coordinates":[76.7259,8.7478]}},{"type":"Feature","properties":{"s":"Kerala","v":3.4},"geometry":{"type":"Point","coordinates":[76.2302,11.143]}},{"type":"Feature","properties":{"s":"Kerala","v":3.4},"geometry":{"type":"Point","coordinates":[75.9475,11.0519]}},{"type":"Feature","properties":{"s":"Kerala","v":3.4},"geometry":{"type":"Point","coordinates":[76.509,10.5896]}},{"type":"Feature","properties":{"s":"Kerala","v":3.4},"geometry":{"type":"Point","coordinates":[76.2581,11.7093]}},{"type":"Feature","properties":{"s":"Kerala","v":3.4},"geometry":{"type":"Point","coordinates":[76.6573,10.2423]}},{"type":"Feature","properties":{"s":"Kerala","v":3.4},"geometry":{"type":"Point","coordinates":[75.8454,11.6774]}},{"type":"Feature","properties":{"s":"Kerala","v":3.4},"geometry":{"type":"Point","coordinates":[76.8945,9.9564]}},{"type":"Feature","properties":{"s":"Kerala","v":3.4},"geometry":{"type":"Point","coordinates":[75.9261,11.9212]}},{"type":"Feature","properties":{"s":"Kerala","v":3.4},"geometry":{"type":"Point","coordinates":[76.5747,9.4099]}},{"type":"Feature","properties":{"s":"Lakshadweep","v":4.1},"geometry":{"type":"Point","coordinates":[73.0553,8.2769]}},{"type":"Feature","properties":{"s":"Lakshadweep","v":4.1},"geometry":{"type":"Point","coordinates":[73.0624,8.2843]}},{"type":"Feature","properties":{"s":"Lakshadweep","v":4.1},"geometry":{"type":"Point","coordinates":[73.056,8.2827]}},{"type":"Feature","properties":{"s":"Lakshadweep","v":4.1},"geometry":{"type":"Point","coordinates":[73.0599,8.2876]}},{"type":"Feature","properties":{"s":"Lakshadweep","v":4.1},"geometry":{"type":"Point","coordinates":[73.0585,8.2853]}},{"type":"Feature","properties":{"s":"Lakshadweep","v":4.1},"geometry":{"type":"Point","coordinates":[73.0631,8.2933]}},{"type":"Feature","properties":{"s":"Lakshadweep","v":4.1},"geometry":{"type":"Point","coordinates":[73.0619,8.2846]}},{"type":"Feature","properties":{"s":"Lakshadweep","v":4.1},"geometry":{"type":"Point","coordinates":[73.057,8.2762]}},{"type":"Feature","properties":{"s":"Lakshadweep","v":4.1},"geometry":{"type":"Point","coordinates":[73.0502,8.2769]}},{"type":"Feature","properties":{"s":"Lakshadweep","v":4.1},"geometry":{"type":"Point","coordinates":[73.0614,8.2867]}},{"type":"Feature","properties":{"s":"Lakshadweep","v":4.1},"geometry":{"type":"Point","coordinates":[73.0606,8.2815]}},{"type":"Feature","properties":{"s":"Lakshadweep","v":4.1},"geometry":{"type":"Point","coordinates":[73.0571,8.2848]}},{"type":"Feature","properties":{"s":"Lakshadweep","v":4.1},"geometry":{"type":"Point","coordinates":[73.0561,8.2765]}},{"type":"Feature","properties":{"s":"Lakshadweep","v":4.1},"geometry":{"type":"Point","coordinates":[73.0555,8.2838]}},{"type":"Feature","properties":{"s":"Lakshadweep","v":4.1},"geometry":{"type":"Point","coordinates":[73.0558,8.2786]}},{"type":"Feature","properties":{"s":"Lakshadweep","v":4.1},"geometry":{"type":"Point","coordinates":[73.0527,8.2807]}},{"type":"Feature","properties":{"s":"Lakshadweep","v":4.1},"geometry":{"type":"Point","coordinates":[73.0549,8.2813]}},{"type":"Feature","properties":{"s":"Lakshadweep","v":4.1},"geometry":{"type":"Point","coordinates":[73.065,8.2883]}},{"type":"Feature","properties":{"s":"Lakshadweep","v":4.1},"geometry":{"type":"Point","coordinates":[73.0549,8.2747]}},{"type":"Feature","properties":{"s":"Lakshadweep","v":4.1},"geometry":{"type":"Point","coordinates":[73.054,8.2743]}},{"type":"Feature","properties":{"s":"Lakshadweep","v":4.1},"geometry":{"type":"Point","coordinates":[73.0575,8.2797]}},{"type":"Feature","properties":{"s":"Lakshadweep","v":4.1},"geometry":{"type":"Point","coordinates":[73.0563,8.2853]}},{"type":"Feature","properties":{"s":"Lakshadweep","v":4.1},"geometry":{"type":"Point","coordinates":[73.0608,8.2845]}},{"type":"Feature","properties":{"s":"Lakshadweep","v":4.1},"geometry":{"type":"Point","coordinates":[73.0555,8.2819]}},{"type":"Feature","properties":{"s":"Lakshadweep","v":4.1},"geometry":{"type":"Point","coordinates":[73.0637,8.2884]}},{"type":"Feature","properties":{"s":"Lakshadweep","v":4.1},"geometry":{"type":"Point","coordinates":[73.0524,8.2764]}},{"type":"Feature","properties":{"s":"Lakshadweep","v":4.1},"geometry":{"type":"Point","coordinates":[73.0515,8.2774]}},{"type":"Feature","properties":{"s":"Lakshadweep","v":4.1},"geometry":{"type":"Point","coordinates":[73.0624,8.2866]}},{"type":"Feature","properties":{"s":"Lakshadweep","v":4.1},"geometry":{"type":"Point","coordinates":[73.0582,8.2834]}},{"type":"Feature","properties":{"s":"Lakshadweep","v":4.1},"geometry":{"type":"Point","coordinates":[73.0607,8.2867]}},{"type":"Feature","properties":{"s":"Lakshadweep","v":4.1},"geometry":{"type":"Point","coordinates":[73.0612,8.29]}},{"type":"Feature","properties":{"s":"Lakshadweep","v":4.1},"geometry":{"type":"Point","coordinates":[73.0627,8.2822]}},{"type":"Feature","properties":{"s":"Lakshadweep","v":4.1},"geometry":{"type":"Point","coordinates":[73.0503,8.2769]}},{"type":"Feature","properties":{"s":"Lakshadweep","v":4.1},"geometry":{"type":"Point","coordinates":[73.0567,8.2847]}},{"type":"Feature","properties":{"s":"Lakshadweep","v":4.1},"geometry":{"type":"Point","coordinates":[73.0623,8.2847]}},{"type":"Feature","properties":{"s":"Lakshadweep","v":4.1},"geometry":{"type":"Point","coordinates":[73.0636,8.2886]}},{"type":"Feature","properties":{"s":"Lakshadweep","v":4.1},"geometry":{"type":"Point","coordinates":[73.0611,8.2824]}},{"type":"Feature","properties":{"s":"Lakshadweep","v":4.1},"geometry":{"type":"Point","coordinates":[73.0637,8.2859]}},{"type":"Feature","properties":{"s":"Lakshadweep","v":4.1},"geometry":{"type":"Point","coordinates":[73.0527,8.2781]}},{"type":"Feature","properties":{"s":"Lakshadweep","v":4.1},"geometry":{"type":"Point","coordinates":[73.0575,8.2815]}},{"type":"Feature","properties":{"s":"Lakshadweep","v":4.1},"geometry":{"type":"Point","coordinates":[73.0519,8.2791]}},{"type":"Feature","properties":{"s":"Lakshadweep","v":4.1},"geometry":{"type":"Point","coordinates":[73.0572,8.2838]}},{"type":"Feature","properties":{"s":"Lakshadweep","v":4.1},"geometry":{"type":"Point","coordinates":[73.0558,8.2791]}},{"type":"Feature","properties":{"s":"Lakshadweep","v":4.1},"geometry":{"type":"Point","coordinates":[73.0599,8.2791]}},{"type":"Feature","properties":{"s":"Lakshadweep","v":4.1},"geometry":{"type":"Point","coordinates":[73.0598,8.2825]}},{"type":"Feature","properties":{"s":"Lakshadweep","v":4.1},"geometry":{"type":"Point","coordinates":[73.0486,8.2754]}},{"type":"Feature","properties":{"s":"Lakshadweep","v":4.1},"geometry":{"type":"Point","coordinates":[73.0622,8.2831]}},{"type":"Feature","properties":{"s":"Lakshadweep","v":4.1},"geometry":{"type":"Point","coordinates":[73.0648,8.2845]}},{"type":"Feature","properties":{"s":"Lakshadweep","v":4.1},"geometry":{"type":"Point","coordinates":[73.0551,8.2783]}},{"type":"Feature","properties":{"s":"Lakshadweep","v":4.1},"geometry":{"type":"Point","coordinates":[73.06,8.2839]}},{"type":"Feature","properties":{"s":"Lakshadweep","v":4.1},"geometry":{"type":"Point","coordinates":[73.06,8.2888]}},{"type":"Feature","properties":{"s":"Lakshadweep","v":4.1},"geometry":{"type":"Point","coordinates":[73.0591,8.2808]}},{"type":"Feature","properties":{"s":"Lakshadweep","v":4.1},"geometry":{"type":"Point","coordinates":[73.0552,8.2758]}},{"type":"Feature","properties":{"s":"Lakshadweep","v":4.1},"geometry":{"type":"Point","coordinates":[73.0554,8.283]}},{"type":"Feature","properties":{"s":"Lakshadweep","v":4.1},"geometry":{"type":"Point","coordinates":[73.0633,8.2913]}},{"type":"Feature","properties":{"s":"Lakshadweep","v":4.1},"geometry":{"type":"Point","coordinates":[73.0643,8.2911]}},{"type":"Feature","properties":{"s":"Lakshadweep","v":4.1},"geometry":{"type":"Point","coordinates":[73.0558,8.284]}},{"type":"Feature","properties":{"s":"Lakshadweep","v":4.1},"geometry":{"type":"Point","coordinates":[73.0512,8.279]}},{"type":"Feature","properties":{"s":"Lakshadweep","v":4.1},"geometry":{"type":"Point","coordinates":[73.0567,8.2825]}},{"type":"Feature","properties":{"s":"Lakshadweep","v":4.1},"geometry":{"type":"Point","coordinates":[73.057,8.2779]}},{"type":"Feature","properties":{"s":"Lakshadweep","v":4.1},"geometry":{"type":"Point","coordinates":[73.0577,8.2775]}},{"type":"Feature","properties":{"s":"Lakshadweep","v":4.1},"geometry":{"type":"Point","coordinates":[73.0541,8.2822]}},{"type":"Feature","properties":{"s":"Lakshadweep","v":4.1},"geometry":{"type":"Point","coordinates":[73.0607,8.2869]}},{"type":"Feature","properties":{"s":"Lakshadweep","v":4.1},"geometry":{"type":"Point","coordinates":[73.0558,8.2836]}},{"type":"Feature","properties":{"s":"Lakshadweep","v":4.1},"geometry":{"type":"Point","coordinates":[73.0524,8.2751]}},{"type":"Feature","properties":{"s":"Lakshadweep","v":4.1},"geometry":{"type":"Point","coordinates":[73.0486,8.2764]}},{"type":"Feature","properties":{"s":"Lakshadweep","v":4.1},"geometry":{"type":"Point","coordinates":[73.0555,8.2754]}},{"type":"Feature","properties":{"s":"Lakshadweep","v":4.1},"geometry":{"type":"Point","coordinates":[73.0527,8.2754]}},{"type":"Feature","properties":{"s":"Lakshadweep","v":4.1},"geometry":{"type":"Point","coordinates":[73.0597,8.2791]}},{"type":"Feature","properties":{"s":"Lakshadweep","v":4.1},"geometry":{"type":"Point","coordinates":[73.0584,8.2845]}},{"type":"Feature","properties":{"s":"Lakshadweep","v":4.1},"geometry":{"type":"Point","coordinates":[73.0631,8.2827]}},{"type":"Feature","properties":{"s":"Lakshadweep","v":4.1},"geometry":{"type":"Point","coordinates":[73.0599,8.2896]}},{"type":"Feature","properties":{"s":"Lakshadweep","v":4.1},"geometry":{"type":"Point","coordinates":[73.0552,8.2749]}},{"type":"Feature","properties":{"s":"Lakshadweep","v":4.1},"geometry":{"type":"Point","coordinates":[73.0584,8.2812]}},{"type":"Feature","properties":{"s":"Madhya Pradesh","v":8.1},"geometry":{"type":"Point","coordinates":[78.0203,25.2732]}},{"type":"Feature","properties":{"s":"Madhya Pradesh","v":8.1},"geometry":{"type":"Point","coordinates":[77.8259,25.3599]}},{"type":"Feature","properties":{"s":"Madhya Pradesh","v":8.1},"geometry":{"type":"Point","coordinates":[81.1121,24.3141]}},{"type":"Feature","properties":{"s":"Madhya Pradesh","v":8.1},"geometry":{"type":"Point","coordinates":[75.9861,23.7742]}},{"type":"Feature","properties":{"s":"Madhya Pradesh","v":8.1},"geometry":{"type":"Point","coordinates":[80.4426,22.3266]}},{"type":"Feature","properties":{"s":"Madhya Pradesh","v":8.1},"geometry":{"type":"Point","coordinates":[78.0843,23.2378]}},{"type":"Feature","properties":{"s":"Madhya Pradesh","v":8.1},"geometry":{"type":"Point","coordinates":[75.0405,23.2708]}},{"type":"Feature","properties":{"s":"Madhya Pradesh","v":8.1},"geometry":{"type":"Point","coordinates":[81.2212,24.4519]}},{"type":"Feature","properties":{"s":"Madhya Pradesh","v":8.1},"geometry":{"type":"Point","coordinates":[77.6835,22.361]}},{"type":"Feature","properties":{"s":"Madhya Pradesh","v":8.1},"geometry":{"type":"Point","coordinates":[75.9722,21.7423]}},{"type":"Feature","properties":{"s":"Madhya Pradesh","v":8.1},"geometry":{"type":"Point","coordinates":[76.6749,21.9108]}},{"type":"Feature","properties":{"s":"Madhya Pradesh","v":8.1},"geometry":{"type":"Point","coordinates":[77.7559,23.2787]}},{"type":"Feature","properties":{"s":"Madhya Pradesh","v":8.1},"geometry":{"type":"Point","coordinates":[75.7656,23.8014]}},{"type":"Feature","properties":{"s":"Madhya Pradesh","v":8.1},"geometry":{"type":"Point","coordinates":[77.3614,23.0959]}},{"type":"Feature","properties":{"s":"Madhya Pradesh","v":8.1},"geometry":{"type":"Point","coordinates":[77.6571,25.2388]}},{"type":"Feature","properties":{"s":"Madhya Pradesh","v":8.1},"geometry":{"type":"Point","coordinates":[78.6076,26.4366]}},{"type":"Feature","properties":{"s":"Madhya Pradesh","v":8.1},"geometry":{"type":"Point","coordinates":[79.3072,23.5717]}},{"type":"Feature","properties":{"s":"Madhya Pradesh","v":8.1},"geometry":{"type":"Point","coordinates":[76.0618,23.3835]}},{"type":"Feature","properties":{"s":"Madhya Pradesh","v":8.1},"geometry":{"type":"Point","coordinates":[80.3978,23.2547]}},{"type":"Feature","properties":{"s":"Madhya Pradesh","v":8.1},"geometry":{"type":"Point","coordinates":[78.3137,21.9476]}},{"type":"Feature","properties":{"s":"Madhya Pradesh","v":8.1},"geometry":{"type":"Point","coordinates":[77.7098,26.4576]}},{"type":"Feature","properties":{"s":"Madhya Pradesh","v":8.1},"geometry":{"type":"Point","coordinates":[75.6046,22.4738]}},{"type":"Feature","properties":{"s":"Madhya Pradesh","v":8.1},"geometry":{"type":"Point","coordinates":[80.7432,22.034]}},{"type":"Feature","properties":{"s":"Madhya Pradesh","v":8.1},"geometry":{"type":"Point","coordinates":[79.6042,23.5672]}},{"type":"Feature","properties":{"s":"Madhya Pradesh","v":8.1},"geometry":{"type":"Point","coordinates":[77.967,23.377]}},{"type":"Feature","properties":{"s":"Madhya Pradesh","v":8.1},"geometry":{"type":"Point","coordinates":[80.1225,24.5691]}},{"type":"Feature","properties":{"s":"Madhya Pradesh","v":8.1},"geometry":{"type":"Point","coordinates":[79.9634,22.9674]}},{"type":"Feature","properties":{"s":"Madhya Pradesh","v":8.1},"geometry":{"type":"Point","coordinates":[77.3379,25.5396]}},{"type":"Feature","properties":{"s":"Madhya Pradesh","v":8.1},"geometry":{"type":"Point","coordinates":[77.3812,25.9719]}},{"type":"Feature","properties":{"s":"Madhya Pradesh","v":8.1},"geometry":{"type":"Point","coordinates":[75.314,22.5095]}},{"type":"Feature","properties":{"s":"Madhya Pradesh","v":8.1},"geometry":{"type":"Point","coordinates":[77.5031,25.324]}},{"type":"Feature","properties":{"s":"Madhya Pradesh","v":8.1},"geometry":{"type":"Point","coordinates":[78.0092,24.5971]}},{"type":"Feature","properties":{"s":"Madhya Pradesh","v":8.1},"geometry":{"type":"Point","coordinates":[76.1805,23.5259]}},{"type":"Feature","properties":{"s":"Madhya Pradesh","v":8.1},"geometry":{"type":"Point","coordinates":[77.4692,23.3534]}},{"type":"Feature","properties":{"s":"Madhya Pradesh","v":8.1},"geometry":{"type":"Point","coordinates":[74.9646,22.5512]}},{"type":"Feature","properties":{"s":"Madhya Pradesh","v":8.1},"geometry":{"type":"Point","coordinates":[75.6152,23.2903]}},{"type":"Feature","properties":{"s":"Madhya Pradesh","v":8.1},"geometry":{"type":"Point","coordinates":[78.5151,26.6929]}},{"type":"Feature","properties":{"s":"Madhya Pradesh","v":8.1},"geometry":{"type":"Point","coordinates":[78.1919,22.6753]}},{"type":"Feature","properties":{"s":"Madhya Pradesh","v":8.1},"geometry":{"type":"Point","coordinates":[75.0202,22.3784]}},{"type":"Feature","properties":{"s":"Madhya Pradesh","v":8.1},"geometry":{"type":"Point","coordinates":[79.9259,21.8573]}},{"type":"Feature","properties":{"s":"Madhya Pradesh","v":8.1},"geometry":{"type":"Point","coordinates":[77.6414,23.0062]}},{"type":"Feature","properties":{"s":"Madhya Pradesh","v":8.1},"geometry":{"type":"Point","coordinates":[80.2919,24.1684]}},{"type":"Feature","properties":{"s":"Madhya Pradesh","v":8.1},"geometry":{"type":"Point","coordinates":[77.2948,24.7524]}},{"type":"Feature","properties":{"s":"Madhya Pradesh","v":8.1},"geometry":{"type":"Point","coordinates":[77.3905,22.858]}},{"type":"Feature","properties":{"s":"Madhya Pradesh","v":8.1},"geometry":{"type":"Point","coordinates":[80.1325,22.8779]}},{"type":"Feature","properties":{"s":"Madhya Pradesh","v":8.1},"geometry":{"type":"Point","coordinates":[81.9989,23.2981]}},{"type":"Feature","properties":{"s":"Madhya Pradesh","v":8.1},"geometry":{"type":"Point","coordinates":[81.5813,24.1378]}},{"type":"Feature","properties":{"s":"Madhya Pradesh","v":8.1},"geometry":{"type":"Point","coordinates":[75.6564,21.9398]}},{"type":"Feature","properties":{"s":"Madhya Pradesh","v":8.1},"geometry":{"type":"Point","coordinates":[81.3113,24.3749]}},{"type":"Feature","properties":{"s":"Madhya Pradesh","v":8.1},"geometry":{"type":"Point","coordinates":[75.8197,23.6543]}},{"type":"Feature","properties":{"s":"Madhya Pradesh","v":8.1},"geometry":{"type":"Point","coordinates":[77.906,26.1994]}},{"type":"Feature","properties":{"s":"Madhya Pradesh","v":8.1},"geometry":{"type":"Point","coordinates":[74.5426,22.9249]}},{"type":"Feature","properties":{"s":"Madhya Pradesh","v":8.1},"geometry":{"type":"Point","coordinates":[78.3468,26.4253]}},{"type":"Feature","properties":{"s":"Madhya Pradesh","v":8.1},"geometry":{"type":"Point","coordinates":[81.4961,23.7936]}},{"type":"Feature","properties":{"s":"Madhya Pradesh","v":8.1},"geometry":{"type":"Point","coordinates":[79.4591,24.4854]}},{"type":"Feature","properties":{"s":"Madhya Pradesh","v":8.1},"geometry":{"type":"Point","coordinates":[77.8655,24.344]}},{"type":"Feature","properties":{"s":"Madhya Pradesh","v":8.1},"geometry":{"type":"Point","coordinates":[76.2104,21.3053]}},{"type":"Feature","properties":{"s":"Madhya Pradesh","v":8.1},"geometry":{"type":"Point","coordinates":[81.3799,25.0314]}},{"type":"Feature","properties":{"s":"Madhya Pradesh","v":8.1},"geometry":{"type":"Point","coordinates":[75.1076,23.5104]}},{"type":"Feature","properties":{"s":"Madhya Pradesh","v":8.1},"geometry":{"type":"Point","coordinates":[75.558,21.7617]}},{"type":"Feature","properties":{"s":"Madhya Pradesh","v":8.1},"geometry":{"type":"Point","coordinates":[75.8301,24.7073]}},{"type":"Feature","properties":{"s":"Madhya Pradesh","v":8.1},"geometry":{"type":"Point","coordinates":[77.1741,25.0691]}},{"type":"Feature","properties":{"s":"Madhya Pradesh","v":8.1},"geometry":{"type":"Point","coordinates":[82.1773,24.3808]}},{"type":"Feature","properties":{"s":"Madhya Pradesh","v":8.1},"geometry":{"type":"Point","coordinates":[76.9673,22.4423]}},{"type":"Feature","properties":{"s":"Madhya Pradesh","v":8.1},"geometry":{"type":"Point","coordinates":[75.2751,21.5358]}},{"type":"Feature","properties":{"s":"Madhya Pradesh","v":8.1},"geometry":{"type":"Point","coordinates":[77.0868,24.6543]}},{"type":"Feature","properties":{"s":"Madhya Pradesh","v":8.1},"geometry":{"type":"Point","coordinates":[77.7789,24.6452]}},{"type":"Feature","properties":{"s":"Madhya Pradesh","v":8.1},"geometry":{"type":"Point","coordinates":[77.0629,22.4499]}},{"type":"Feature","properties":{"s":"Madhya Pradesh","v":8.1},"geometry":{"type":"Point","coordinates":[80.5942,23.1622]}},{"type":"Feature","properties":{"s":"Madhya Pradesh","v":8.1},"geometry":{"type":"Point","coordinates":[77.5269,23.0168]}},{"type":"Feature","properties":{"s":"Madhya Pradesh","v":8.1},"geometry":{"type":"Point","coordinates":[78.193,24.7828]}},{"type":"Feature","properties":{"s":"Madhya Pradesh","v":8.1},"geometry":{"type":"Point","coordinates":[77.5095,26.3945]}},{"type":"Feature","properties":{"s":"Madhya Pradesh","v":8.1},"geometry":{"type":"Point","coordinates":[79.5846,22.0739]}},{"type":"Feature","properties":{"s":"Madhya Pradesh","v":8.1},"geometry":{"type":"Point","coordinates":[78.3642,23.7521]}},{"type":"Feature","properties":{"s":"Madhya Pradesh","v":8.1},"geometry":{"type":"Point","coordinates":[79.7924,22.7381]}},{"type":"Feature","properties":{"s":"Madhya Pradesh","v":8.1},"geometry":{"type":"Point","coordinates":[77.7267,25.3094]}},{"type":"Feature","properties":{"s":"Madhya Pradesh","v":8.1},"geometry":{"type":"Point","coordinates":[79.5722,23.6809]}},{"type":"Feature","properties":{"s":"Madhya Pradesh","v":8.1},"geometry":{"type":"Point","coordinates":[74.847,23.501]}},{"type":"Feature","properties":{"s":"Madhya Pradesh","v":8.1},"geometry":{"type":"Point","coordinates":[76.405,22.9869]}},{"type":"Feature","properties":{"s":"Madhya Pradesh","v":8.1},"geometry":{"type":"Point","coordinates":[77.7527,23.4117]}},{"type":"Feature","properties":{"s":"Madhya Pradesh","v":8.1},"geometry":{"type":"Point","coordinates":[81.917,24.2141]}},{"type":"Feature","properties":{"s":"Madhya Pradesh","v":8.1},"geometry":{"type":"Point","coordinates":[76.8833,23.6755]}},{"type":"Feature","properties":{"s":"Madhya Pradesh","v":8.1},"geometry":{"type":"Point","coordinates":[77.9405,22.7227]}},{"type":"Feature","properties":{"s":"Madhya Pradesh","v":8.1},"geometry":{"type":"Point","coordinates":[76.3481,22.5835]}},{"type":"Feature","properties":{"s":"Madhya Pradesh","v":8.1},"geometry":{"type":"Point","coordinates":[78.3149,24.2365]}},{"type":"Feature","properties":{"s":"Madhya Pradesh","v":8.1},"geometry":{"type":"Point","coordinates":[77.2522,24.2099]}},{"type":"Feature","properties":{"s":"Madhya Pradesh","v":8.1},"geometry":{"type":"Point","coordinates":[76.8723,23.7583]}},{"type":"Feature","properties":{"s":"Madhya Pradesh","v":8.1},"geometry":{"type":"Point","coordinates":[79.8127,23.3397]}},{"type":"Feature","properties":{"s":"Madhya Pradesh","v":8.1},"geometry":{"type":"Point","coordinates":[78.9885,24.1942]}},{"type":"Feature","properties":{"s":"Madhya Pradesh","v":8.1},"geometry":{"type":"Point","coordinates":[82.1192,24.6905]}},{"type":"Feature","properties":{"s":"Madhya Pradesh","v":8.1},"geometry":{"type":"Point","coordinates":[78.3823,26.4045]}},{"type":"Feature","properties":{"s":"Madhya Pradesh","v":8.1},"geometry":{"type":"Point","coordinates":[82.243,24.6575]}},{"type":"Feature","properties":{"s":"Madhya Pradesh","v":8.1},"geometry":{"type":"Point","coordinates":[79.2859,21.9932]}},{"type":"Feature","properties":{"s":"Madhya Pradesh","v":8.1},"geometry":{"type":"Point","coordinates":[79.6095,22.8217]}},{"type":"Feature","properties":{"s":"Madhya Pradesh","v":8.1},"geometry":{"type":"Point","coordinates":[76.2755,23.1779]}},{"type":"Feature","properties":{"s":"Madhya Pradesh","v":8.1},"geometry":{"type":"Point","coordinates":[78.4449,23.4024]}},{"type":"Feature","properties":{"s":"Madhya Pradesh","v":8.1},"geometry":{"type":"Point","coordinates":[80.3351,22.0943]}},{"type":"Feature","properties":{"s":"Madhya Pradesh","v":8.1},"geometry":{"type":"Point","coordinates":[77.8034,25.0285]}},{"type":"Feature","properties":{"s":"Madhya Pradesh","v":8.1},"geometry":{"type":"Point","coordinates":[77.6737,22.2635]}},{"type":"Feature","properties":{"s":"Madhya Pradesh","v":8.1},"geometry":{"type":"Point","coordinates":[79.4798,22.2981]}},{"type":"Feature","properties":{"s":"Madhya Pradesh","v":8.1},"geometry":{"type":"Point","coordinates":[76.6974,21.9841]}},{"type":"Feature","properties":{"s":"Madhya Pradesh","v":8.1},"geometry":{"type":"Point","coordinates":[77.5587,23.2867]}},{"type":"Feature","properties":{"s":"Madhya Pradesh","v":8.1},"geometry":{"type":"Point","coordinates":[79.3425,23.8031]}},{"type":"Feature","properties":{"s":"Madhya Pradesh","v":8.1},"geometry":{"type":"Point","coordinates":[78.9588,22.6182]}},{"type":"Feature","properties":{"s":"Madhya Pradesh","v":8.1},"geometry":{"type":"Point","coordinates":[77.0893,23.5699]}},{"type":"Feature","properties":{"s":"Madhya Pradesh","v":8.1},"geometry":{"type":"Point","coordinates":[78.1061,21.5906]}},{"type":"Feature","properties":{"s":"Madhya Pradesh","v":8.1},"geometry":{"type":"Point","coordinates":[77.9719,24.1279]}},{"type":"Feature","properties":{"s":"Madhya Pradesh","v":8.1},"geometry":{"type":"Point","coordinates":[81.6278,24.9683]}},{"type":"Feature","properties":{"s":"Madhya Pradesh","v":8.1},"geometry":{"type":"Point","coordinates":[78.0689,24.1334]}},{"type":"Feature","properties":{"s":"Madhya Pradesh","v":8.1},"geometry":{"type":"Point","coordinates":[78.5756,25.3292]}},{"type":"Feature","properties":{"s":"Madhya Pradesh","v":8.1},"geometry":{"type":"Point","coordinates":[77.7108,22.2602]}},{"type":"Feature","properties":{"s":"Madhya Pradesh","v":8.1},"geometry":{"type":"Point","coordinates":[75.5979,22.0911]}},{"type":"Feature","properties":{"s":"Madhya Pradesh","v":8.1},"geometry":{"type":"Point","coordinates":[76.6665,25.5636]}},{"type":"Feature","properties":{"s":"Madhya Pradesh","v":8.1},"geometry":{"type":"Point","coordinates":[80.5643,22.8655]}},{"type":"Feature","properties":{"s":"Madhya Pradesh","v":8.1},"geometry":{"type":"Point","coordinates":[76.7097,25.684]}},{"type":"Feature","properties":{"s":"Madhya Pradesh","v":8.1},"geometry":{"type":"Point","coordinates":[74.8563,24.6347]}},{"type":"Feature","properties":{"s":"Madhya Pradesh","v":8.1},"geometry":{"type":"Point","coordinates":[75.0152,22.4349]}},{"type":"Feature","properties":{"s":"Madhya Pradesh","v":8.1},"geometry":{"type":"Point","coordinates":[78.4358,25.7146]}},{"type":"Feature","properties":{"s":"Madhya Pradesh","v":8.1},"geometry":{"type":"Point","coordinates":[81.0849,22.9165]}},{"type":"Feature","properties":{"s":"Madhya Pradesh","v":8.1},"geometry":{"type":"Point","coordinates":[77.6104,22.0692]}},{"type":"Feature","properties":{"s":"Madhya Pradesh","v":8.1},"geometry":{"type":"Point","coordinates":[75.7144,21.9238]}},{"type":"Feature","properties":{"s":"Madhya Pradesh","v":8.1},"geometry":{"type":"Point","coordinates":[80.2483,23.8222]}},{"type":"Feature","properties":{"s":"Madhya Pradesh","v":8.1},"geometry":{"type":"Point","coordinates":[77.8108,25.2689]}},{"type":"Feature","properties":{"s":"Madhya Pradesh","v":8.1},"geometry":{"type":"Point","coordinates":[75.4241,24.5435]}},{"type":"Feature","properties":{"s":"Madhya Pradesh","v":8.1},"geometry":{"type":"Point","coordinates":[79.1362,22.5204]}},{"type":"Feature","properties":{"s":"Madhya Pradesh","v":8.1},"geometry":{"type":"Point","coordinates":[75.184,24.1395]}},{"type":"Feature","properties":{"s":"Madhya Pradesh","v":8.1},"geometry":{"type":"Point","coordinates":[76.6267,25.851]}},{"type":"Feature","properties":{"s":"Madhya Pradesh","v":8.1},"geometry":{"type":"Point","coordinates":[74.5252,22.9857]}},{"type":"Feature","properties":{"s":"Madhya Pradesh","v":8.1},"geometry":{"type":"Point","coordinates":[75.2464,22.8909]}},{"type":"Feature","properties":{"s":"Madhya Pradesh","v":8.1},"geometry":{"type":"Point","coordinates":[77.9195,24.1376]}},{"type":"Feature","properties":{"s":"Madhya Pradesh","v":8.1},"geometry":{"type":"Point","coordinates":[81.4988,22.9267]}},{"type":"Feature","properties":{"s":"Madhya Pradesh","v":8.1},"geometry":{"type":"Point","coordinates":[81.5466,22.5903]}},{"type":"Feature","properties":{"s":"Madhya Pradesh","v":8.1},"geometry":{"type":"Point","coordinates":[81.1506,22.5426]}},{"type":"Feature","properties":{"s":"Madhya Pradesh","v":8.1},"geometry":{"type":"Point","coordinates":[75.1407,22.4726]}},{"type":"Feature","properties":{"s":"Madhya Pradesh","v":8.1},"geometry":{"type":"Point","coordinates":[76.2712,21.2401]}},{"type":"Feature","properties":{"s":"Madhya Pradesh","v":8.1},"geometry":{"type":"Point","coordinates":[80.8928,24.7054]}},{"type":"Feature","properties":{"s":"Madhya Pradesh","v":8.1},"geometry":{"type":"Point","coordinates":[80.6501,21.8412]}},{"type":"Feature","properties":{"s":"Madhya Pradesh","v":8.1},"geometry":{"type":"Point","coordinates":[75.4582,23.2072]}},{"type":"Feature","properties":{"s":"Madhya Pradesh","v":8.1},"geometry":{"type":"Point","coordinates":[75.9102,22.6168]}},{"type":"Feature","properties":{"s":"Madhya Pradesh","v":8.1},"geometry":{"type":"Point","coordinates":[78.3275,25.8874]}},{"type":"Feature","properties":{"s":"Madhya Pradesh","v":8.1},"geometry":{"type":"Point","coordinates":[80.3369,24.9498]}},{"type":"Feature","properties":{"s":"Madhya Pradesh","v":8.1},"geometry":{"type":"Point","coordinates":[81.6238,23.0442]}},{"type":"Feature","properties":{"s":"Madhya Pradesh","v":8.1},"geometry":{"type":"Point","coordinates":[81.9991,23.9358]}},{"type":"Feature","properties":{"s":"Madhya Pradesh","v":8.1},"geometry":{"type":"Point","coordinates":[79.7769,22.5853]}},{"type":"Feature","properties":{"s":"Madhya Pradesh","v":8.1},"geometry":{"type":"Point","coordinates":[79.0258,22.1705]}},{"type":"Feature","properties":{"s":"Madhya Pradesh","v":8.1},"geometry":{"type":"Point","coordinates":[81.5541,23.5676]}},{"type":"Feature","properties":{"s":"Odisha","v":5.5},"geometry":{"type":"Point","coordinates":[84.4299,18.9648]}},{"type":"Feature","properties":{"s":"Odisha","v":5.5},"geometry":{"type":"Point","coordinates":[84.0807,21.8289]}},{"type":"Feature","properties":{"s":"Odisha","v":5.5},"geometry":{"type":"Point","coordinates":[83.4443,21.065]}},{"type":"Feature","properties":{"s":"Odisha","v":5.5},"geometry":{"type":"Point","coordinates":[84.0752,19.5591]}},{"type":"Feature","properties":{"s":"Odisha","v":5.5},"geometry":{"type":"Point","coordinates":[86.1902,20.106]}},{"type":"Feature","properties":{"s":"Odisha","v":5.5},"geometry":{"type":"Point","coordinates":[82.2194,19.3977]}},{"type":"Feature","properties":{"s":"Odisha","v":5.5},"geometry":{"type":"Point","coordinates":[83.0433,19.4429]}},{"type":"Feature","properties":{"s":"Odisha","v":5.5},"geometry":{"type":"Point","coordinates":[82.7748,19.6782]}},{"type":"Feature","properties":{"s":"Odisha","v":5.5},"geometry":{"type":"Point","coordinates":[84.0605,20.0092]}},{"type":"Feature","properties":{"s":"Odisha","v":5.5},"geometry":{"type":"Point","coordinates":[83.761,21.6878]}},{"type":"Feature","properties":{"s":"Odisha","v":5.5},"geometry":{"type":"Point","coordinates":[83.0485,20.1403]}},{"type":"Feature","properties":{"s":"Odisha","v":5.5},"geometry":{"type":"Point","coordinates":[83.0101,20.9964]}},{"type":"Feature","properties":{"s":"Odisha","v":5.5},"geometry":{"type":"Point","coordinates":[82.968,19.4744]}},{"type":"Feature","properties":{"s":"Odisha","v":5.5},"geometry":{"type":"Point","coordinates":[85.4581,20.6229]}},{"type":"Feature","properties":{"s":"Odisha","v":5.5},"geometry":{"type":"Point","coordinates":[86.3864,20.3244]}},{"type":"Feature","properties":{"s":"Odisha","v":5.5},"geometry":{"type":"Point","coordinates":[82.3718,18.3696]}},{"type":"Feature","properties":{"s":"Odisha","v":5.5},"geometry":{"type":"Point","coordinates":[86.3077,22.2764]}},{"type":"Feature","properties":{"s":"Odisha","v":5.5},"geometry":{"type":"Point","coordinates":[84.9771,20.3334]}},{"type":"Feature","properties":{"s":"Odisha","v":5.5},"geometry":{"type":"Point","coordinates":[83.4458,21.1285]}},{"type":"Feature","properties":{"s":"Odisha","v":5.5},"geometry":{"type":"Point","coordinates":[87.2375,21.6732]}},{"type":"Feature","properties":{"s":"Odisha","v":5.5},"geometry":{"type":"Point","coordinates":[86.7776,20.8019]}},{"type":"Feature","properties":{"s":"Odisha","v":5.5},"geometry":{"type":"Point","coordinates":[86.0461,20.3698]}},{"type":"Feature","properties":{"s":"Odisha","v":5.5},"geometry":{"type":"Point","coordinates":[84.3409,22.0516]}},{"type":"Feature","properties":{"s":"Odisha","v":5.5},"geometry":{"type":"Point","coordinates":[83.4332,19.5853]}},{"type":"Feature","properties":{"s":"Odisha","v":5.5},"geometry":{"type":"Point","coordinates":[83.7131,21.091]}},{"type":"Feature","properties":{"s":"Odisha","v":5.5},"geometry":{"type":"Point","coordinates":[86.638,21.3261]}},{"type":"Feature","properties":{"s":"Odisha","v":5.5},"geometry":{"type":"Point","coordinates":[86.1789,21.3712]}},{"type":"Feature","properties":{"s":"Odisha","v":5.5},"geometry":{"type":"Point","coordinates":[85.7793,21.5049]}},{"type":"Feature","properties":{"s":"Odisha","v":5.5},"geometry":{"type":"Point","coordinates":[87.072,21.6556]}},{"type":"Feature","properties":{"s":"Odisha","v":5.5},"geometry":{"type":"Point","coordinates":[86.3807,20.5194]}},{"type":"Feature","properties":{"s":"Odisha","v":5.5},"geometry":{"type":"Point","coordinates":[86.3099,20.8852]}},{"type":"Feature","properties":{"s":"Odisha","v":5.5},"geometry":{"type":"Point","coordinates":[83.1121,20.2478]}},{"type":"Feature","properties":{"s":"Odisha","v":5.5},"geometry":{"type":"Point","coordinates":[82.5322,20.6437]}},{"type":"Feature","properties":{"s":"Odisha","v":5.5},"geometry":{"type":"Point","coordinates":[86.4018,21.5083]}},{"type":"Feature","properties":{"s":"Odisha","v":5.5},"geometry":{"type":"Point","coordinates":[84.2266,19.6585]}},{"type":"Feature","properties":{"s":"Odisha","v":5.5},"geometry":{"type":"Point","coordinates":[84.541,19.225]}},{"type":"Feature","properties":{"s":"Odisha","v":5.5},"geometry":{"type":"Point","coordinates":[84.1796,22.2864]}},{"type":"Feature","properties":{"s":"Odisha","v":5.5},"geometry":{"type":"Point","coordinates":[84.4803,22.2547]}},{"type":"Feature","properties":{"s":"Odisha","v":5.5},"geometry":{"type":"Point","coordinates":[84.8821,20.2452]}},{"type":"Feature","properties":{"s":"Odisha","v":5.5},"geometry":{"type":"Point","coordinates":[83.1239,19.555]}},{"type":"Feature","properties":{"s":"Odisha","v":5.5},"geometry":{"type":"Point","coordinates":[84.5341,19.135]}},{"type":"Feature","properties":{"s":"Odisha","v":5.5},"geometry":{"type":"Point","coordinates":[84.1564,19.7389]}},{"type":"Feature","properties":{"s":"Odisha","v":5.5},"geometry":{"type":"Point","coordinates":[84.4466,21.8358]}},{"type":"Feature","properties":{"s":"Odisha","v":5.5},"geometry":{"type":"Point","coordinates":[82.6354,20.7477]}},{"type":"Feature","properties":{"s":"Odisha","v":5.5},"geometry":{"type":"Point","coordinates":[85.2956,20.5433]}},{"type":"Feature","properties":{"s":"Odisha","v":5.5},"geometry":{"type":"Point","coordinates":[84.9201,20.5164]}},{"type":"Feature","properties":{"s":"Odisha","v":5.5},"geometry":{"type":"Point","coordinates":[83.9203,20.1139]}},{"type":"Feature","properties":{"s":"Odisha","v":5.5},"geometry":{"type":"Point","coordinates":[86.2716,21.7689]}},{"type":"Feature","properties":{"s":"Odisha","v":5.5},"geometry":{"type":"Point","coordinates":[84.7177,22.057]}},{"type":"Feature","properties":{"s":"Odisha","v":5.5},"geometry":{"type":"Point","coordinates":[82.2105,18.2651]}},{"type":"Feature","properties":{"s":"Odisha","v":5.5},"geometry":{"type":"Point","coordinates":[82.8462,19.1149]}},{"type":"Feature","properties":{"s":"Odisha","v":5.5},"geometry":{"type":"Point","coordinates":[82.3297,18.8383]}},{"type":"Feature","properties":{"s":"Odisha","v":5.5},"geometry":{"type":"Point","coordinates":[83.6771,19.4038]}},{"type":"Feature","properties":{"s":"Odisha","v":5.5},"geometry":{"type":"Point","coordinates":[84.1954,21.2457]}},{"type":"Feature","properties":{"s":"Odisha","v":5.5},"geometry":{"type":"Point","coordinates":[83.3547,21.0838]}},{"type":"Feature","properties":{"s":"Odisha","v":5.5},"geometry":{"type":"Point","coordinates":[86.3936,21.526]}},{"type":"Feature","properties":{"s":"Odisha","v":5.5},"geometry":{"type":"Point","coordinates":[84.6401,19.9406]}},{"type":"Feature","properties":{"s":"Odisha","v":5.5},"geometry":{"type":"Point","coordinates":[82.3027,19.9084]}},{"type":"Feature","properties":{"s":"Odisha","v":5.5},"geometry":{"type":"Point","coordinates":[85.6221,21.5805]}},{"type":"Feature","properties":{"s":"Odisha","v":5.5},"geometry":{"type":"Point","coordinates":[85.3827,20.447]}},{"type":"Feature","properties":{"s":"Odisha","v":5.5},"geometry":{"type":"Point","coordinates":[84.3664,21.0756]}},{"type":"Feature","properties":{"s":"Odisha","v":5.5},"geometry":{"type":"Point","coordinates":[84.608,20.1031]}},{"type":"Feature","properties":{"s":"Odisha","v":5.5},"geometry":{"type":"Point","coordinates":[83.2396,21.0884]}},{"type":"Feature","properties":{"s":"Odisha","v":5.5},"geometry":{"type":"Point","coordinates":[84.9394,21.4945]}},{"type":"Feature","properties":{"s":"Odisha","v":5.5},"geometry":{"type":"Point","coordinates":[82.5901,20.6702]}},{"type":"Feature","properties":{"s":"Odisha","v":5.5},"geometry":{"type":"Point","coordinates":[82.6989,19.1154]}},{"type":"Feature","properties":{"s":"Odisha","v":5.5},"geometry":{"type":"Point","coordinates":[86.2576,22.2094]}},{"type":"Feature","properties":{"s":"Odisha","v":5.5},"geometry":{"type":"Point","coordinates":[83.8442,20.6898]}},{"type":"Feature","properties":{"s":"Odisha","v":5.5},"geometry":{"type":"Point","coordinates":[84.3441,19.0089]}},{"type":"Feature","properties":{"s":"Odisha","v":5.5},"geometry":{"type":"Point","coordinates":[85.6586,19.8778]}},{"type":"Feature","properties":{"s":"Odisha","v":5.5},"geometry":{"type":"Point","coordinates":[84.7909,21.8991]}},{"type":"Feature","properties":{"s":"Odisha","v":5.5},"geometry":{"type":"Point","coordinates":[83.1668,20.032]}},{"type":"Feature","properties":{"s":"Odisha","v":5.5},"geometry":{"type":"Point","coordinates":[83.8909,21.3626]}},{"type":"Feature","properties":{"s":"Odisha","v":5.5},"geometry":{"type":"Point","coordinates":[82.2029,19.7539]}},{"type":"Feature","properties":{"s":"Odisha","v":5.5},"geometry":{"type":"Point","coordinates":[83.8706,20.8142]}},{"type":"Feature","properties":{"s":"Odisha","v":5.5},"geometry":{"type":"Point","coordinates":[83.9219,21.8752]}},{"type":"Feature","properties":{"s":"Odisha","v":5.5},"geometry":{"type":"Point","coordinates":[87.1643,21.7173]}},{"type":"Feature","properties":{"s":"Odisha","v":5.5},"geometry":{"type":"Point","coordinates":[83.8553,21.4471]}},{"type":"Feature","properties":{"s":"Odisha","v":5.5},"geometry":{"type":"Point","coordinates":[84.5921,20.8468]}},{"type":"Feature","properties":{"s":"Odisha","v":5.5},"geometry":{"type":"Point","coordinates":[83.7682,21.1165]}},{"type":"Feature","properties":{"s":"Odisha","v":5.5},"geometry":{"type":"Point","coordinates":[82.9116,19.1347]}},{"type":"Feature","properties":{"s":"Odisha","v":5.5},"geometry":{"type":"Point","coordinates":[83.5536,19.4999]}},{"type":"Feature","properties":{"s":"Odisha","v":5.5},"geometry":{"type":"Point","coordinates":[84.2497,20.2297]}},{"type":"Feature","properties":{"s":"Odisha","v":5.5},"geometry":{"type":"Point","coordinates":[85.7056,20.8151]}},{"type":"Feature","properties":{"s":"Odisha","v":5.5},"geometry":{"type":"Point","coordinates":[82.6136,18.4541]}},{"type":"Feature","properties":{"s":"Odisha","v":5.5},"geometry":{"type":"Point","coordinates":[84.6852,20.0343]}},{"type":"Feature","properties":{"s":"Odisha","v":5.5},"geometry":{"type":"Point","coordinates":[86.4355,20.3806]}},{"type":"Feature","properties":{"s":"Odisha","v":5.5},"geometry":{"type":"Point","coordinates":[82.9219,19.0317]}},{"type":"Feature","properties":{"s":"Odisha","v":5.5},"geometry":{"type":"Point","coordinates":[84.7926,19.7243]}},{"type":"Feature","properties":{"s":"Odisha","v":5.5},"geometry":{"type":"Point","coordinates":[84.5706,20.5758]}},{"type":"Feature","properties":{"s":"Odisha","v":5.5},"geometry":{"type":"Point","coordinates":[84.0304,21.6751]}},{"type":"Feature","properties":{"s":"Odisha","v":5.5},"geometry":{"type":"Point","coordinates":[82.8955,19.3686]}},{"type":"Feature","properties":{"s":"Odisha","v":5.5},"geometry":{"type":"Point","coordinates":[82.7465,19.9375]}},{"type":"Feature","properties":{"s":"Odisha","v":5.5},"geometry":{"type":"Point","coordinates":[84.4256,20.8027]}},{"type":"Feature","properties":{"s":"Odisha","v":5.5},"geometry":{"type":"Point","coordinates":[84.4826,19.1031]}},{"type":"Feature","properties":{"s":"Odisha","v":5.5},"geometry":{"type":"Point","coordinates":[86.0286,19.9184]}},{"type":"Feature","properties":{"s":"Odisha","v":5.5},"geometry":{"type":"Point","coordinates":[82.0605,19.6576]}},{"type":"Feature","properties":{"s":"Odisha","v":5.5},"geometry":{"type":"Point","coordinates":[86.8185,22.0103]}},{"type":"Feature","properties":{"s":"Odisha","v":5.5},"geometry":{"type":"Point","coordinates":[87.2272,21.7641]}},{"type":"Feature","properties":{"s":"Tamil Nadu","v":1.8},"geometry":{"type":"Point","coordinates":[77.9078,8.8592]}},{"type":"Feature","properties":{"s":"Tamil Nadu","v":1.8},"geometry":{"type":"Point","coordinates":[77.0892,11.119]}},{"type":"Feature","properties":{"s":"Tamil Nadu","v":1.8},"geometry":{"type":"Point","coordinates":[79.4232,11.0031]}},{"type":"Feature","properties":{"s":"Tamil Nadu","v":1.8},"geometry":{"type":"Point","coordinates":[77.8356,11.2536]}},{"type":"Feature","properties":{"s":"Tamil Nadu","v":1.8},"geometry":{"type":"Point","coordinates":[76.6772,11.5691]}},{"type":"Feature","properties":{"s":"Tamil Nadu","v":1.8},"geometry":{"type":"Point","coordinates":[78.6335,12.8184]}},{"type":"Feature","properties":{"s":"Tamil Nadu","v":1.8},"geometry":{"type":"Point","coordinates":[78.7157,9.7386]}},{"type":"Feature","properties":{"s":"Tamil Nadu","v":1.8},"geometry":{"type":"Point","coordinates":[78.0004,8.4607]}},{"type":"Feature","properties":{"s":"Tamil Nadu","v":1.8},"geometry":{"type":"Point","coordinates":[78.1205,10.3293]}},{"type":"Feature","properties":{"s":"Tamil Nadu","v":1.8},"geometry":{"type":"Point","coordinates":[78.7293,12.4134]}},{"type":"Feature","properties":{"s":"Tamil Nadu","v":1.8},"geometry":{"type":"Point","coordinates":[78.2072,9.407]}},{"type":"Feature","properties":{"s":"Tamil Nadu","v":1.8},"geometry":{"type":"Point","coordinates":[78.8396,10.0408]}},{"type":"Feature","properties":{"s":"Tamil Nadu","v":1.8},"geometry":{"type":"Point","coordinates":[77.3887,11.4906]}},{"type":"Feature","properties":{"s":"Tamil Nadu","v":1.8},"geometry":{"type":"Point","coordinates":[78.7207,11.5089]}},{"type":"Feature","properties":{"s":"Tamil Nadu","v":1.8},"geometry":{"type":"Point","coordinates":[77.7589,10.4228]}},{"type":"Feature","properties":{"s":"Tamil Nadu","v":1.8},"geometry":{"type":"Point","coordinates":[78.2433,12.3669]}},{"type":"Feature","properties":{"s":"Tamil Nadu","v":1.8},"geometry":{"type":"Point","coordinates":[77.7935,12.4069]}},{"type":"Feature","properties":{"s":"Tamil Nadu","v":1.8},"geometry":{"type":"Point","coordinates":[77.985,12.2395]}},{"type":"Feature","properties":{"s":"Tamil Nadu","v":1.8},"geometry":{"type":"Point","coordinates":[79.5809,12.2308]}},{"type":"Feature","properties":{"s":"Tamil Nadu","v":1.8},"geometry":{"type":"Point","coordinates":[77.8826,10.9549]}},{"type":"Feature","properties":{"s":"Tamil Nadu","v":1.8},"geometry":{"type":"Point","coordinates":[77.5809,9.5243]}},{"type":"Feature","properties":{"s":"Tamil Nadu","v":1.8},"geometry":{"type":"Point","coordinates":[78.6627,12.403]}},{"type":"Feature","properties":{"s":"Tamil Nadu","v":1.8},"geometry":{"type":"Point","coordinates":[78.1389,11.8687]}},{"type":"Feature","properties":{"s":"Tamil Nadu","v":1.8},"geometry":{"type":"Point","coordinates":[79.0636,10.1696]}},{"type":"Feature","properties":{"s":"Tamil Nadu","v":1.8},"geometry":{"type":"Point","coordinates":[77.4444,9.7194]}},{"type":"Feature","properties":{"s":"Tamil Nadu","v":1.8},"geometry":{"type":"Point","coordinates":[78.4726,11.8797]}},{"type":"Feature","properties":{"s":"Tamil Nadu","v":1.8},"geometry":{"type":"Point","coordinates":[78.2683,12.3146]}},{"type":"Feature","properties":{"s":"Tamil Nadu","v":1.8},"geometry":{"type":"Point","coordinates":[77.8005,11.4601]}},{"type":"Feature","properties":{"s":"Tamil Nadu","v":1.8},"geometry":{"type":"Point","coordinates":[77.3975,8.5636]}},{"type":"Feature","properties":{"s":"Tamil Nadu","v":1.8},"geometry":{"type":"Point","coordinates":[78.3429,12.6258]}},{"type":"Feature","properties":{"s":"Tamil Nadu","v":1.8},"geometry":{"type":"Point","coordinates":[79.2314,11.6801]}},{"type":"Feature","properties":{"s":"Tamil Nadu","v":1.8},"geometry":{"type":"Point","coordinates":[77.7306,9.1924]}},{"type":"Feature","properties":{"s":"Uttar Pradesh","v":19.1},"geometry":{"type":"Point","coordinates":[79.7756,28.2868]}},{"type":"Feature","properties":{"s":"Uttar Pradesh","v":19.1},"geometry":{"type":"Point","coordinates":[81.6136,27.3788]}},{"type":"Feature","properties":{"s":"Uttar Pradesh","v":19.1},"geometry":{"type":"Point","coordinates":[81.8807,25.683]}},{"type":"Feature","properties":{"s":"Uttar Pradesh","v":19.1},"geometry":{"type":"Point","coordinates":[77.671,28.639]}},{"type":"Feature","properties":{"s":"Uttar Pradesh","v":19.1},"geometry":{"type":"Point","coordinates":[82.6514,24.7958]}},{"type":"Feature","properties":{"s":"Uttar Pradesh","v":19.1},"geometry":{"type":"Point","coordinates":[80.9218,28.197]}},{"type":"Feature","properties":{"s":"Uttar Pradesh","v":19.1},"geometry":{"type":"Point","coordinates":[80.3104,26.437]}},{"type":"Feature","properties":{"s":"Uttar Pradesh","v":19.1},"geometry":{"type":"Point","coordinates":[80.7851,27.4202]}},{"type":"Feature","properties":{"s":"Uttar Pradesh","v":19.1},"geometry":{"type":"Point","coordinates":[80.1566,25.6866]}},{"type":"Feature","properties":{"s":"Uttar Pradesh","v":19.1},"geometry":{"type":"Point","coordinates":[79.1969,26.7128]}},{"type":"Feature","properties":{"s":"Uttar Pradesh","v":19.1},"geometry":{"type":"Point","coordinates":[82.3949,26.9968]}},{"type":"Feature","properties":{"s":"Uttar Pradesh","v":19.1},"geometry":{"type":"Point","coordinates":[82.2846,27.4027]}},{"type":"Feature","properties":{"s":"Uttar Pradesh","v":19.1},"geometry":{"type":"Point","coordinates":[82.4767,26.8999]}},{"type":"Feature","properties":{"s":"Uttar Pradesh","v":19.1},"geometry":{"type":"Point","coordinates":[80.8904,26.8931]}},{"type":"Feature","properties":{"s":"Uttar Pradesh","v":19.1},"geometry":{"type":"Point","coordinates":[80.562,27.5249]}},{"type":"Feature","properties":{"s":"Uttar Pradesh","v":19.1},"geometry":{"type":"Point","coordinates":[77.5527,29.4029]}},{"type":"Feature","properties":{"s":"Uttar Pradesh","v":19.1},"geometry":{"type":"Point","coordinates":[82.6623,25.4703]}},{"type":"Feature","properties":{"s":"Uttar Pradesh","v":19.1},"geometry":{"type":"Point","coordinates":[82.7991,26.5178]}},{"type":"Feature","properties":{"s":"Uttar Pradesh","v":19.1},"geometry":{"type":"Point","coordinates":[83.5796,26.98]}},{"type":"Feature","properties":{"s":"Uttar Pradesh","v":19.1},"geometry":{"type":"Point","coordinates":[84.2044,26.7348]}},{"type":"Feature","properties":{"s":"Uttar Pradesh","v":19.1},"geometry":{"type":"Point","coordinates":[77.86,28.6265]}},{"type":"Feature","properties":{"s":"Uttar Pradesh","v":19.1},"geometry":{"type":"Point","coordinates":[82.942,27.0401]}},{"type":"Feature","properties":{"s":"Uttar Pradesh","v":19.1},"geometry":{"type":"Point","coordinates":[83.7611,25.9095]}},{"type":"Feature","properties":{"s":"Uttar Pradesh","v":19.1},"geometry":{"type":"Point","coordinates":[82.4165,24.8983]}},{"type":"Feature","properties":{"s":"Uttar Pradesh","v":19.1},"geometry":{"type":"Point","coordinates":[79.1231,28.6304]}},{"type":"Feature","properties":{"s":"Uttar Pradesh","v":19.1},"geometry":{"type":"Point","coordinates":[78.2925,24.5701]}},{"type":"Feature","properties":{"s":"Uttar Pradesh","v":19.1},"geometry":{"type":"Point","coordinates":[81.2182,27.4849]}},{"type":"Feature","properties":{"s":"Uttar Pradesh","v":19.1},"geometry":{"type":"Point","coordinates":[81.0737,25.316]}},{"type":"Feature","properties":{"s":"Uttar Pradesh","v":19.1},"geometry":{"type":"Point","coordinates":[80.6917,27.1531]}},{"type":"Feature","properties":{"s":"Uttar Pradesh","v":19.1},"geometry":{"type":"Point","coordinates":[81.0384,26.6759]}},{"type":"Feature","properties":{"s":"Uttar Pradesh","v":19.1},"geometry":{"type":"Point","coordinates":[79.7739,28.299]}},{"type":"Feature","properties":{"s":"Uttar Pradesh","v":19.1},"geometry":{"type":"Point","coordinates":[78.567,25.5395]}},{"type":"Feature","properties":{"s":"Uttar Pradesh","v":19.1},"geometry":{"type":"Point","coordinates":[82.4095,26.6001]}},{"type":"Feature","properties":{"s":"Uttar Pradesh","v":19.1},"geometry":{"type":"Point","coordinates":[80.093,28.4541]}},{"type":"Feature","properties":{"s":"Uttar Pradesh","v":19.1},"geometry":{"type":"Point","coordinates":[78.1779,28.186]}},{"type":"Feature","properties":{"s":"Uttar Pradesh","v":19.1},"geometry":{"type":"Point","coordinates":[77.4629,30.0403]}},{"type":"Feature","properties":{"s":"Uttar Pradesh","v":19.1},"geometry":{"type":"Point","coordinates":[83.844,26.7567]}},{"type":"Feature","properties":{"s":"Uttar Pradesh","v":19.1},"geometry":{"type":"Point","coordinates":[83.0527,27.4442]}},{"type":"Feature","properties":{"s":"Uttar Pradesh","v":19.1},"geometry":{"type":"Point","coordinates":[78.5485,28.7909]}},{"type":"Feature","properties":{"s":"Uttar Pradesh","v":19.1},"geometry":{"type":"Point","coordinates":[82.1953,25.1332]}},{"type":"Feature","properties":{"s":"Uttar Pradesh","v":19.1},"geometry":{"type":"Point","coordinates":[83.2328,24.5389]}},{"type":"Feature","properties":{"s":"Uttar Pradesh","v":19.1},"geometry":{"type":"Point","coordinates":[79.6893,26.9731]}},{"type":"Feature","properties":{"s":"Uttar Pradesh","v":19.1},"geometry":{"type":"Point","coordinates":[79.747,25.9394]}},{"type":"Feature","properties":{"s":"Uttar Pradesh","v":19.1},"geometry":{"type":"Point","coordinates":[79.1469,27.8073]}},{"type":"Feature","properties":{"s":"Uttar Pradesh","v":19.1},"geometry":{"type":"Point","coordinates":[81.5294,26.3327]}},{"type":"Feature","properties":{"s":"Uttar Pradesh","v":19.1},"geometry":{"type":"Point","coordinates":[79.4332,26.0506]}},{"type":"Feature","properties":{"s":"Uttar Pradesh","v":19.1},"geometry":{"type":"Point","coordinates":[78.8406,25.7694]}},{"type":"Feature","properties":{"s":"Uttar Pradesh","v":19.1},"geometry":{"type":"Point","coordinates":[78.3882,26.959]}},{"type":"Feature","properties":{"s":"Uttar Pradesh","v":19.1},"geometry":{"type":"Point","coordinates":[82.1087,26.5244]}},{"type":"Feature","properties":{"s":"Uttar Pradesh","v":19.1},"geometry":{"type":"Point","coordinates":[78.8082,27.68]}},{"type":"Feature","properties":{"s":"Uttar Pradesh","v":19.1},"geometry":{"type":"Point","coordinates":[81.668,25.3882]}},{"type":"Feature","properties":{"s":"Uttar Pradesh","v":19.1},"geometry":{"type":"Point","coordinates":[79.334,25.618]}},{"type":"Feature","properties":{"s":"Uttar Pradesh","v":19.1},"geometry":{"type":"Point","coordinates":[78.3847,28.1744]}},{"type":"Feature","properties":{"s":"Uttar Pradesh","v":19.1},"geometry":{"type":"Point","coordinates":[79.8628,28.5302]}},{"type":"Feature","properties":{"s":"Uttar Pradesh","v":19.1},"geometry":{"type":"Point","coordinates":[83.864,26.8262]}},{"type":"Feature","properties":{"s":"Uttar Pradesh","v":19.1},"geometry":{"type":"Point","coordinates":[83.7612,25.9058]}},{"type":"Feature","properties":{"s":"Uttar Pradesh","v":19.1},"geometry":{"type":"Point","coordinates":[78.7763,27.0077]}},{"type":"Feature","properties":{"s":"Uttar Pradesh","v":19.1},"geometry":{"type":"Point","coordinates":[78.2819,28.0744]}},{"type":"Feature","properties":{"s":"Uttar Pradesh","v":19.1},"geometry":{"type":"Point","coordinates":[83.6404,25.5893]}},{"type":"Feature","properties":{"s":"Uttar Pradesh","v":19.1},"geometry":{"type":"Point","coordinates":[79.2152,26.7331]}},{"type":"Feature","properties":{"s":"Uttar Pradesh","v":19.1},"geometry":{"type":"Point","coordinates":[81.7804,26.333]}},{"type":"Feature","properties":{"s":"Uttar Pradesh","v":19.1},"geometry":{"type":"Point","coordinates":[82.9468,26.465]}},{"type":"Feature","properties":{"s":"Uttar Pradesh","v":19.1},"geometry":{"type":"Point","coordinates":[79.538,25.4183]}},{"type":"Feature","properties":{"s":"Uttar Pradesh","v":19.1},"geometry":{"type":"Point","coordinates":[79.6524,27.6525]}},{"type":"Feature","properties":{"s":"Uttar Pradesh","v":19.1},"geometry":{"type":"Point","coordinates":[83.1675,27.0912]}},{"type":"Feature","properties":{"s":"Uttar Pradesh","v":19.1},"geometry":{"type":"Point","coordinates":[79.3247,28.4681]}},{"type":"Feature","properties":{"s":"Uttar Pradesh","v":19.1},"geometry":{"type":"Point","coordinates":[78.9003,24.5802]}},{"type":"Feature","properties":{"s":"Uttar Pradesh","v":19.1},"geometry":{"type":"Point","coordinates":[78.5319,28.4366]}},{"type":"Feature","properties":{"s":"Uttar Pradesh","v":19.1},"geometry":{"type":"Point","coordinates":[79.5686,26.4073]}},{"type":"Feature","properties":{"s":"Uttar Pradesh","v":19.1},"geometry":{"type":"Point","coordinates":[83.2733,25.032]}},{"type":"Feature","properties":{"s":"Uttar Pradesh","v":19.1},"geometry":{"type":"Point","coordinates":[82.1819,26.5351]}},{"type":"Feature","properties":{"s":"Uttar Pradesh","v":19.1},"geometry":{"type":"Point","coordinates":[79.7067,26.3839]}},{"type":"Feature","properties":{"s":"Uttar Pradesh","v":19.1},"geometry":{"type":"Point","coordinates":[81.3858,27.473]}},{"type":"Feature","properties":{"s":"Uttar Pradesh","v":19.1},"geometry":{"type":"Point","coordinates":[82.3205,27.4893]}},{"type":"Feature","properties":{"s":"Uttar Pradesh","v":19.1},"geometry":{"type":"Point","coordinates":[82.6495,25.7414]}},{"type":"Feature","properties":{"s":"Uttar Pradesh","v":19.1},"geometry":{"type":"Point","coordinates":[83.2663,25.8295]}},{"type":"Feature","properties":{"s":"Uttar Pradesh","v":19.1},"geometry":{"type":"Point","coordinates":[77.9189,27.6323]}},{"type":"Feature","properties":{"s":"Uttar Pradesh","v":19.1},"geometry":{"type":"Point","coordinates":[79.7683,25.6672]}},{"type":"Feature","properties":{"s":"Uttar Pradesh","v":19.1},"geometry":{"type":"Point","coordinates":[79.2639,27.775]}},{"type":"Feature","properties":{"s":"Uttar Pradesh","v":19.1},"geometry":{"type":"Point","coordinates":[81.5796,26.5749]}},{"type":"Feature","properties":{"s":"Uttar Pradesh","v":19.1},"geometry":{"type":"Point","coordinates":[78.5648,27.3502]}},{"type":"Feature","properties":{"s":"Uttar Pradesh","v":19.1},"geometry":{"type":"Point","coordinates":[80.1703,27.5923]}},{"type":"Feature","properties":{"s":"Uttar Pradesh","v":19.1},"geometry":{"type":"Point","coordinates":[81.9662,26.1062]}},{"type":"Feature","properties":{"s":"Uttar Pradesh","v":19.1},"geometry":{"type":"Point","coordinates":[83.2667,26.7636]}},{"type":"Feature","properties":{"s":"Uttar Pradesh","v":19.1},"geometry":{"type":"Point","coordinates":[80.0039,27.1562]}},{"type":"Feature","properties":{"s":"Uttar Pradesh","v":19.1},"geometry":{"type":"Point","coordinates":[82.5279,25.833]}},{"type":"Feature","properties":{"s":"Uttar Pradesh","v":19.1},"geometry":{"type":"Point","coordinates":[83.0328,27.1842]}},{"type":"Feature","properties":{"s":"Uttar Pradesh","v":19.1},"geometry":{"type":"Point","coordinates":[82.0596,25.4047]}},{"type":"Feature","properties":{"s":"Uttar Pradesh","v":19.1},"geometry":{"type":"Point","coordinates":[81.5802,25.3945]}},{"type":"Feature","properties":{"s":"Uttar Pradesh","v":19.1},"geometry":{"type":"Point","coordinates":[78.7577,24.4367]}},{"type":"Feature","properties":{"s":"Uttar Pradesh","v":19.1},"geometry":{"type":"Point","coordinates":[78.17,29.4098]}},{"type":"Feature","properties":{"s":"Uttar Pradesh","v":19.1},"geometry":{"type":"Point","coordinates":[79.94,28.3056]}},{"type":"Feature","properties":{"s":"Uttar Pradesh","v":19.1},"geometry":{"type":"Point","coordinates":[81.2452,25.5691]}},{"type":"Feature","properties":{"s":"Uttar Pradesh","v":19.1},"geometry":{"type":"Point","coordinates":[78.5006,28.0717]}},{"type":"Feature","properties":{"s":"Uttar Pradesh","v":19.1},"geometry":{"type":"Point","coordinates":[77.3829,27.7032]}},{"type":"Feature","properties":{"s":"Uttar Pradesh","v":19.1},"geometry":{"type":"Point","coordinates":[83.4494,27.2829]}},{"type":"Feature","properties":{"s":"Uttar Pradesh","v":19.1},"geometry":{"type":"Point","coordinates":[79.6677,25.7469]}},{"type":"Feature","properties":{"s":"Uttar Pradesh","v":19.1},"geometry":{"type":"Point","coordinates":[79.7967,27.9166]}},{"type":"Feature","properties":{"s":"Uttar Pradesh","v":19.1},"geometry":{"type":"Point","coordinates":[80.603,28.4874]}},{"type":"Feature","properties":{"s":"Uttar Pradesh","v":19.1},"geometry":{"type":"Point","coordinates":[80.0997,25.581]}},{"type":"Feature","properties":{"s":"Uttar Pradesh","v":19.1},"geometry":{"type":"Point","coordinates":[79.2211,28.1949]}},{"type":"Feature","properties":{"s":"Uttar Pradesh","v":19.1},"geometry":{"type":"Point","coordinates":[81.3221,27.2922]}},{"type":"Feature","properties":{"s":"Uttar Pradesh","v":19.1},"geometry":{"type":"Point","coordinates":[78.1339,27.9617]}},{"type":"Feature","properties":{"s":"Uttar Pradesh","v":19.1},"geometry":{"type":"Point","coordinates":[78.8616,24.2903]}},{"type":"Feature","properties":{"s":"Uttar Pradesh","v":19.1},"geometry":{"type":"Point","coordinates":[80.4461,26.2683]}},{"type":"Feature","properties":{"s":"Uttar Pradesh","v":19.1},"geometry":{"type":"Point","coordinates":[77.5529,28.9722]}},{"type":"Feature","properties":{"s":"Uttar Pradesh","v":19.1},"geometry":{"type":"Point","coordinates":[84.1988,25.9703]}},{"type":"Feature","properties":{"s":"Uttar Pradesh","v":19.1},"geometry":{"type":"Point","coordinates":[79.0126,25.5111]}},{"type":"Feature","properties":{"s":"Uttar Pradesh","v":19.1},"geometry":{"type":"Point","coordinates":[78.5206,25.1789]}},{"type":"Feature","properties":{"s":"Uttar Pradesh","v":19.1},"geometry":{"type":"Point","coordinates":[82.348,25.1001]}},{"type":"Feature","properties":{"s":"Uttar Pradesh","v":19.1},"geometry":{"type":"Point","coordinates":[83.764,25.6788]}},{"type":"Feature","properties":{"s":"Uttar Pradesh","v":19.1},"geometry":{"type":"Point","coordinates":[79.2654,25.3765]}},{"type":"Feature","properties":{"s":"Uttar Pradesh","v":19.1},"geometry":{"type":"Point","coordinates":[82.5522,27.5182]}},{"type":"Feature","properties":{"s":"Uttar Pradesh","v":19.1},"geometry":{"type":"Point","coordinates":[84.0389,25.9517]}},{"type":"Feature","properties":{"s":"Uttar Pradesh","v":19.1},"geometry":{"type":"Point","coordinates":[79.9188,28.6695]}},{"type":"Feature","properties":{"s":"Uttar Pradesh","v":19.1},"geometry":{"type":"Point","coordinates":[79.3541,28.3572]}},{"type":"Feature","properties":{"s":"Uttar Pradesh","v":19.1},"geometry":{"type":"Point","coordinates":[82.9313,26.0947]}},{"type":"Feature","properties":{"s":"Uttar Pradesh","v":19.1},"geometry":{"type":"Point","coordinates":[78.4217,28.6831]}},{"type":"Feature","properties":{"s":"Uttar Pradesh","v":19.1},"geometry":{"type":"Point","coordinates":[78.9618,27.0986]}},{"type":"Feature","properties":{"s":"Uttar Pradesh","v":19.1},"geometry":{"type":"Point","coordinates":[80.3129,27.5311]}},{"type":"Feature","properties":{"s":"Uttar Pradesh","v":19.1},"geometry":{"type":"Point","coordinates":[83.2282,26.1158]}},{"type":"Feature","properties":{"s":"Uttar Pradesh","v":19.1},"geometry":{"type":"Point","coordinates":[82.7183,26.6114]}},{"type":"Feature","properties":{"s":"Uttar Pradesh","v":19.1},"geometry":{"type":"Point","coordinates":[79.9162,26.5148]}},{"type":"Feature","properties":{"s":"Uttar Pradesh","v":19.1},"geometry":{"type":"Point","coordinates":[83.7312,26.9259]}},{"type":"Feature","properties":{"s":"Uttar Pradesh","v":19.1},"geometry":{"type":"Point","coordinates":[80.982,27.1564]}},{"type":"Feature","properties":{"s":"Uttar Pradesh","v":19.1},"geometry":{"type":"Point","coordinates":[82.2895,26.771]}},{"type":"Feature","properties":{"s":"Uttar Pradesh","v":19.1},"geometry":{"type":"Point","coordinates":[79.8749,28.0735]}},{"type":"Feature","properties":{"s":"Uttar Pradesh","v":19.1},"geometry":{"type":"Point","coordinates":[80.5387,25.325]}},{"type":"Feature","properties":{"s":"Uttar Pradesh","v":19.1},"geometry":{"type":"Point","coordinates":[83.2816,25.2651]}},{"type":"Feature","properties":{"s":"Uttar Pradesh","v":19.1},"geometry":{"type":"Point","coordinates":[77.386,28.4858]}},{"type":"Feature","properties":{"s":"Uttar Pradesh","v":19.1},"geometry":{"type":"Point","coordinates":[80.054,25.4935]}},{"type":"Feature","properties":{"s":"Uttar Pradesh","v":19.1},"geometry":{"type":"Point","coordinates":[83.0953,27.274]}},{"type":"Feature","properties":{"s":"Uttar Pradesh","v":19.1},"geometry":{"type":"Point","coordinates":[79.9728,26.0966]}},{"type":"Feature","properties":{"s":"Uttar Pradesh","v":19.1},"geometry":{"type":"Point","coordinates":[78.2995,28.46]}},{"type":"Feature","properties":{"s":"Uttar Pradesh","v":19.1},"geometry":{"type":"Point","coordinates":[81.8815,26.5512]}},{"type":"Feature","properties":{"s":"Uttar Pradesh","v":19.1},"geometry":{"type":"Point","coordinates":[82.9078,26.5818]}},{"type":"Feature","properties":{"s":"Uttar Pradesh","v":19.1},"geometry":{"type":"Point","coordinates":[79.5529,25.2686]}},{"type":"Feature","properties":{"s":"Uttar Pradesh","v":19.1},"geometry":{"type":"Point","coordinates":[82.8524,24.1672]}},{"type":"Feature","properties":{"s":"Uttar Pradesh","v":19.1},"geometry":{"type":"Point","coordinates":[79.0035,28.1953]}},{"type":"Feature","properties":{"s":"Uttar Pradesh","v":19.1},"geometry":{"type":"Point","coordinates":[79.8786,27.4973]}},{"type":"Feature","properties":{"s":"Uttar Pradesh","v":19.1},"geometry":{"type":"Point","coordinates":[81.2055,27.7855]}},{"type":"Feature","properties":{"s":"Uttar Pradesh","v":19.1},"geometry":{"type":"Point","coordinates":[79.0167,26.6935]}},{"type":"Feature","properties":{"s":"Uttar Pradesh","v":19.1},"geometry":{"type":"Point","coordinates":[79.6334,27.5005]}},{"type":"Feature","properties":{"s":"Uttar Pradesh","v":19.1},"geometry":{"type":"Point","coordinates":[80.9599,26.8257]}},{"type":"Feature","properties":{"s":"Uttar Pradesh","v":19.1},"geometry":{"type":"Point","coordinates":[80.8819,25.7782]}},{"type":"Feature","properties":{"s":"Uttar Pradesh","v":19.1},"geometry":{"type":"Point","coordinates":[80.094,28.3016]}},{"type":"Feature","properties":{"s":"Uttar Pradesh","v":19.1},"geometry":{"type":"Point","coordinates":[77.4349,30.0216]}},{"type":"Feature","properties":{"s":"Uttar Pradesh","v":19.1},"geometry":{"type":"Point","coordinates":[83.2643,25.1179]}},{"type":"Feature","properties":{"s":"Uttar Pradesh","v":19.1},"geometry":{"type":"Point","coordinates":[78.4788,25.3268]}},{"type":"Feature","properties":{"s":"Uttar Pradesh","v":19.1},"geometry":{"type":"Point","coordinates":[82.8471,24.0443]}},{"type":"Feature","properties":{"s":"Uttar Pradesh","v":19.1},"geometry":{"type":"Point","coordinates":[79.2999,26.7654]}},{"type":"Feature","properties":{"s":"Uttar Pradesh","v":19.1},"geometry":{"type":"Point","coordinates":[83.9273,26.8127]}},{"type":"Feature","properties":{"s":"Uttar Pradesh","v":19.1},"geometry":{"type":"Point","coordinates":[83.6073,25.7343]}},{"type":"Feature","properties":{"s":"Uttar Pradesh","v":19.1},"geometry":{"type":"Point","coordinates":[82.8999,25.3049]}},{"type":"Feature","properties":{"s":"Uttar Pradesh","v":19.1},"geometry":{"type":"Point","coordinates":[78.6144,24.6786]}},{"type":"Feature","properties":{"s":"Uttar Pradesh","v":19.1},"geometry":{"type":"Point","coordinates":[83.8506,27.0768]}},{"type":"Feature","properties":{"s":"Uttar Pradesh","v":19.1},"geometry":{"type":"Point","coordinates":[83.4551,26.4508]}},{"type":"Feature","properties":{"s":"Uttar Pradesh","v":19.1},"geometry":{"type":"Point","coordinates":[80.1296,25.355]}},{"type":"Feature","properties":{"s":"Uttar Pradesh","v":19.1},"geometry":{"type":"Point","coordinates":[81.3304,26.7114]}},{"type":"Feature","properties":{"s":"Uttar Pradesh","v":19.1},"geometry":{"type":"Point","coordinates":[83.3884,26.893]}},{"type":"Feature","properties":{"s":"Uttar Pradesh","v":19.1},"geometry":{"type":"Point","coordinates":[80.3406,28.2699]}},{"type":"Feature","properties":{"s":"Uttar Pradesh","v":19.1},"geometry":{"type":"Point","coordinates":[78.3212,27.3908]}},{"type":"Feature","properties":{"s":"Uttar Pradesh","v":19.1},"geometry":{"type":"Point","coordinates":[79.5425,27.868]}},{"type":"Feature","properties":{"s":"Uttar Pradesh","v":19.1},"geometry":{"type":"Point","coordinates":[83.178,26.3671]}},{"type":"Feature","properties":{"s":"Uttar Pradesh","v":19.1},"geometry":{"type":"Point","coordinates":[77.9701,27.6517]}},{"type":"Feature","properties":{"s":"Uttar Pradesh","v":19.1},"geometry":{"type":"Point","coordinates":[83.1234,25.7406]}},{"type":"Feature","properties":{"s":"Uttar Pradesh","v":19.1},"geometry":{"type":"Point","coordinates":[83.1762,25.2197]}},{"type":"Feature","properties":{"s":"Uttar Pradesh","v":19.1},"geometry":{"type":"Point","coordinates":[78.2555,29.0824]}},{"type":"Feature","properties":{"s":"Uttar Pradesh","v":19.1},"geometry":{"type":"Point","coordinates":[81.5892,26.2057]}},{"type":"Feature","properties":{"s":"Uttar Pradesh","v":19.1},"geometry":{"type":"Point","coordinates":[83.4625,26.0458]}},{"type":"Feature","properties":{"s":"Uttar Pradesh","v":19.1},"geometry":{"type":"Point","coordinates":[82.1801,25.5367]}},{"type":"Feature","properties":{"s":"Uttar Pradesh","v":19.1},"geometry":{"type":"Point","coordinates":[81.9694,25.1475]}},{"type":"Feature","properties":{"s":"Uttar Pradesh","v":19.1},"geometry":{"type":"Point","coordinates":[80.084,28.5482]}},{"type":"Feature","properties":{"s":"Uttar Pradesh","v":19.1},"geometry":{"type":"Point","coordinates":[82.8691,27.4034]}},{"type":"Feature","properties":{"s":"Uttar Pradesh","v":19.1},"geometry":{"type":"Point","coordinates":[77.5099,29.751]}},{"type":"Feature","properties":{"s":"Uttar Pradesh","v":19.1},"geometry":{"type":"Point","coordinates":[79.2754,25.2628]}},{"type":"Feature","properties":{"s":"Uttar Pradesh","v":19.1},"geometry":{"type":"Point","coordinates":[84.0038,26.9253]}},{"type":"Feature","properties":{"s":"Uttar Pradesh","v":19.1},"geometry":{"type":"Point","coordinates":[83.3038,24.5786]}},{"type":"Feature","properties":{"s":"Uttar Pradesh","v":19.1},"geometry":{"type":"Point","coordinates":[77.8278,29.2989]}},{"type":"Feature","properties":{"s":"Uttar Pradesh","v":19.1},"geometry":{"type":"Point","coordinates":[82.9357,24.6175]}},{"type":"Feature","properties":{"s":"Uttar Pradesh","v":19.1},"geometry":{"type":"Point","coordinates":[82.9955,25.3874]}},{"type":"Feature","properties":{"s":"Uttar Pradesh","v":19.1},"geometry":{"type":"Point","coordinates":[79.159,25.5744]}},{"type":"Feature","properties":{"s":"Uttar Pradesh","v":19.1},"geometry":{"type":"Point","coordinates":[81.2224,27.4278]}},{"type":"Feature","properties":{"s":"Uttar Pradesh","v":19.1},"geometry":{"type":"Point","coordinates":[79.1815,28.1951]}},{"type":"Feature","properties":{"s":"Uttar Pradesh","v":19.1},"geometry":{"type":"Point","coordinates":[81.4816,26.8645]}},{"type":"Feature","properties":{"s":"Uttar Pradesh","v":19.1},"geometry":{"type":"Point","coordinates":[78.8492,29.064]}},{"type":"Feature","properties":{"s":"Uttar Pradesh","v":19.1},"geometry":{"type":"Point","coordinates":[81.2129,27.4537]}},{"type":"Feature","properties":{"s":"Uttar Pradesh","v":19.1},"geometry":{"type":"Point","coordinates":[79.5551,26.8418]}},{"type":"Feature","properties":{"s":"Uttar Pradesh","v":19.1},"geometry":{"type":"Point","coordinates":[80.2783,27.0852]}},{"type":"Feature","properties":{"s":"Uttar Pradesh","v":19.1},"geometry":{"type":"Point","coordinates":[79.1798,28.3]}},{"type":"Feature","properties":{"s":"Uttar Pradesh","v":19.1},"geometry":{"type":"Point","coordinates":[78.552,25.342]}},{"type":"Feature","properties":{"s":"Uttar Pradesh","v":19.1},"geometry":{"type":"Point","coordinates":[79.1631,25.7948]}},{"type":"Feature","properties":{"s":"Uttar Pradesh","v":19.1},"geometry":{"type":"Point","coordinates":[80.0468,26.3137]}},{"type":"Feature","properties":{"s":"Uttar Pradesh","v":19.1},"geometry":{"type":"Point","coordinates":[81.2381,26.5089]}},{"type":"Feature","properties":{"s":"Uttar Pradesh","v":19.1},"geometry":{"type":"Point","coordinates":[82.0526,26.8888]}},{"type":"Feature","properties":{"s":"Uttar Pradesh","v":19.1},"geometry":{"type":"Point","coordinates":[79.9453,28.5713]}},{"type":"Feature","properties":{"s":"Uttar Pradesh","v":19.1},"geometry":{"type":"Point","coordinates":[81.0879,26.386]}},{"type":"Feature","properties":{"s":"Uttar Pradesh","v":19.1},"geometry":{"type":"Point","coordinates":[80.923,27.1961]}},{"type":"Feature","properties":{"s":"Uttar Pradesh","v":19.1},"geometry":{"type":"Point","coordinates":[83.9095,25.8194]}},{"type":"Feature","properties":{"s":"Uttar Pradesh","v":19.1},"geometry":{"type":"Point","coordinates":[81.6855,27.0713]}},{"type":"Feature","properties":{"s":"Uttar Pradesh","v":19.1},"geometry":{"type":"Point","coordinates":[77.7707,28.6374]}},{"type":"Feature","properties":{"s":"Uttar Pradesh","v":19.1},"geometry":{"type":"Point","coordinates":[78.0014,27.8313]}},{"type":"Feature","properties":{"s":"Uttar Pradesh","v":19.1},"geometry":{"type":"Point","coordinates":[78.0004,28.1501]}},{"type":"Feature","properties":{"s":"Uttar Pradesh","v":19.1},"geometry":{"type":"Point","coordinates":[78.1287,28.8767]}},{"type":"Feature","properties":{"s":"Uttar Pradesh","v":19.1},"geometry":{"type":"Point","coordinates":[82.922,24.6018]}},{"type":"Feature","properties":{"s":"Uttar Pradesh","v":19.1},"geometry":{"type":"Point","coordinates":[80.6396,25.7316]}},{"type":"Feature","properties":{"s":"Uttar Pradesh","v":19.1},"geometry":{"type":"Point","coordinates":[80.6647,25.9967]}},{"type":"Feature","properties":{"s":"Uttar Pradesh","v":19.1},"geometry":{"type":"Point","coordinates":[80.2017,25.9588]}},{"type":"Feature","properties":{"s":"Uttar Pradesh","v":19.1},"geometry":{"type":"Point","coordinates":[78.655,24.7816]}},{"type":"Feature","properties":{"s":"Uttar Pradesh","v":19.1},"geometry":{"type":"Point","coordinates":[80.6096,26.3137]}},{"type":"Feature","properties":{"s":"Uttar Pradesh","v":19.1},"geometry":{"type":"Point","coordinates":[82.9735,26.8665]}},{"type":"Feature","properties":{"s":"Uttar Pradesh","v":19.1},"geometry":{"type":"Point","coordinates":[80.8812,25.5214]}},{"type":"Feature","properties":{"s":"Uttar Pradesh","v":19.1},"geometry":{"type":"Point","coordinates":[80.5088,26.8472]}},{"type":"Feature","properties":{"s":"Uttar Pradesh","v":19.1},"geometry":{"type":"Point","coordinates":[79.3209,27.3938]}},{"type":"Feature","properties":{"s":"Uttar Pradesh","v":19.1},"geometry":{"type":"Point","coordinates":[81.0216,27.2494]}},{"type":"Feature","properties":{"s":"Uttar Pradesh","v":19.1},"geometry":{"type":"Point","coordinates":[80.4766,26.6062]}},{"type":"Feature","properties":{"s":"Uttar Pradesh","v":19.1},"geometry":{"type":"Point","coordinates":[78.3513,28.1671]}},{"type":"Feature","properties":{"s":"Uttar Pradesh","v":19.1},"geometry":{"type":"Point","coordinates":[83.9446,26.3633]}},{"type":"Feature","properties":{"s":"Uttar Pradesh","v":19.1},"geometry":{"type":"Point","coordinates":[83.4444,24.6152]}},{"type":"Feature","properties":{"s":"Uttar Pradesh","v":19.1},"geometry":{"type":"Point","coordinates":[79.647,26.2269]}},{"type":"Feature","properties":{"s":"Uttar Pradesh","v":19.1},"geometry":{"type":"Point","coordinates":[79.4501,28.658]}},{"type":"Feature","properties":{"s":"Uttar Pradesh","v":19.1},"geometry":{"type":"Point","coordinates":[82.3422,24.6685]}},{"type":"Feature","properties":{"s":"Uttar Pradesh","v":19.1},"geometry":{"type":"Point","coordinates":[77.6102,28.4474]}},{"type":"Feature","properties":{"s":"Uttar Pradesh","v":19.1},"geometry":{"type":"Point","coordinates":[78.5432,28.1118]}},{"type":"Feature","properties":{"s":"Uttar Pradesh","v":19.1},"geometry":{"type":"Point","coordinates":[77.4849,27.5332]}},{"type":"Feature","properties":{"s":"Uttar Pradesh","v":19.1},"geometry":{"type":"Point","coordinates":[78.4698,29.5539]}},{"type":"Feature","properties":{"s":"Uttar Pradesh","v":19.1},"geometry":{"type":"Point","coordinates":[78.743,29.3057]}},{"type":"Feature","properties":{"s":"Uttar Pradesh","v":19.1},"geometry":{"type":"Point","coordinates":[78.844,27.9475]}},{"type":"Feature","properties":{"s":"Uttar Pradesh","v":19.1},"geometry":{"type":"Point","coordinates":[80.2571,28.5791]}},{"type":"Feature","properties":{"s":"Uttar Pradesh","v":19.1},"geometry":{"type":"Point","coordinates":[79.1076,28.07]}},{"type":"Feature","properties":{"s":"Uttar Pradesh","v":19.1},"geometry":{"type":"Point","coordinates":[80.7268,25.3695]}},{"type":"Feature","properties":{"s":"Uttar Pradesh","v":19.1},"geometry":{"type":"Point","coordinates":[82.6554,24.7305]}},{"type":"Feature","properties":{"s":"Uttar Pradesh","v":19.1},"geometry":{"type":"Point","coordinates":[79.5447,26.2047]}},{"type":"Feature","properties":{"s":"Uttar Pradesh","v":19.1},"geometry":{"type":"Point","coordinates":[78.4915,27.2464]}},{"type":"Feature","properties":{"s":"Uttar Pradesh","v":19.1},"geometry":{"type":"Point","coordinates":[80.537,27.4118]}},{"type":"Feature","properties":{"s":"Uttar Pradesh","v":19.1},"geometry":{"type":"Point","coordinates":[81.2289,25.2307]}},{"type":"Feature","properties":{"s":"Uttar Pradesh","v":19.1},"geometry":{"type":"Point","coordinates":[78.2716,28.9291]}},{"type":"Feature","properties":{"s":"Uttar Pradesh","v":19.1},"geometry":{"type":"Point","coordinates":[77.5235,29.9617]}},{"type":"Feature","properties":{"s":"Uttar Pradesh","v":19.1},"geometry":{"type":"Point","coordinates":[83.8579,25.7555]}},{"type":"Feature","properties":{"s":"Uttar Pradesh","v":19.1},"geometry":{"type":"Point","coordinates":[82.8232,24.9071]}},{"type":"Feature","properties":{"s":"Uttar Pradesh","v":19.1},"geometry":{"type":"Point","coordinates":[84.1755,26.7424]}},{"type":"Feature","properties":{"s":"Uttar Pradesh","v":19.1},"geometry":{"type":"Point","coordinates":[79.5648,28.7065]}},{"type":"Feature","properties":{"s":"Uttar Pradesh","v":19.1},"geometry":{"type":"Point","coordinates":[80.9348,28.3936]}},{"type":"Feature","properties":{"s":"Uttar Pradesh","v":19.1},"geometry":{"type":"Point","coordinates":[81.0637,28.2155]}},{"type":"Feature","properties":{"s":"Uttar Pradesh","v":19.1},"geometry":{"type":"Point","coordinates":[80.1943,28.0848]}},{"type":"Feature","properties":{"s":"Uttar Pradesh","v":19.1},"geometry":{"type":"Point","coordinates":[83.1124,26.4791]}},{"type":"Feature","properties":{"s":"Uttar Pradesh","v":19.1},"geometry":{"type":"Point","coordinates":[82.3405,24.6645]}},{"type":"Feature","properties":{"s":"Uttar Pradesh","v":19.1},"geometry":{"type":"Point","coordinates":[83.2505,26.5922]}},{"type":"Feature","properties":{"s":"Uttar Pradesh","v":19.1},"geometry":{"type":"Point","coordinates":[80.1903,27.0273]}},{"type":"Feature","properties":{"s":"Uttar Pradesh","v":19.1},"geometry":{"type":"Point","coordinates":[81.1708,26.1592]}},{"type":"Feature","properties":{"s":"Uttar Pradesh","v":19.1},"geometry":{"type":"Point","coordinates":[79.9944,28.377]}},{"type":"Feature","properties":{"s":"Uttar Pradesh","v":19.1},"geometry":{"type":"Point","coordinates":[83.5115,27.3326]}},{"type":"Feature","properties":{"s":"Uttar Pradesh","v":19.1},"geometry":{"type":"Point","coordinates":[82.8863,26.5836]}},{"type":"Feature","properties":{"s":"Uttar Pradesh","v":19.1},"geometry":{"type":"Point","coordinates":[79.1825,27.6497]}},{"type":"Feature","properties":{"s":"Uttar Pradesh","v":19.1},"geometry":{"type":"Point","coordinates":[82.5375,26.4203]}},{"type":"Feature","properties":{"s":"Uttar Pradesh","v":19.1},"geometry":{"type":"Point","coordinates":[82.6757,25.3488]}},{"type":"Feature","properties":{"s":"Uttar Pradesh","v":19.1},"geometry":{"type":"Point","coordinates":[81.2816,26.7657]}},{"type":"Feature","properties":{"s":"Uttar Pradesh","v":19.1},"geometry":{"type":"Point","coordinates":[81.6379,25.9919]}},{"type":"Feature","properties":{"s":"Uttar Pradesh","v":19.1},"geometry":{"type":"Point","coordinates":[79.4149,25.7081]}},{"type":"Feature","properties":{"s":"Uttar Pradesh","v":19.1},"geometry":{"type":"Point","coordinates":[77.7568,28.0156]}},{"type":"Feature","properties":{"s":"Uttar Pradesh","v":19.1},"geometry":{"type":"Point","coordinates":[83.8285,26.7515]}},{"type":"Feature","properties":{"s":"Uttar Pradesh","v":19.1},"geometry":{"type":"Point","coordinates":[80.2555,28.1449]}},{"type":"Feature","properties":{"s":"Uttar Pradesh","v":19.1},"geometry":{"type":"Point","coordinates":[83.1308,25.193]}},{"type":"Feature","properties":{"s":"Uttar Pradesh","v":19.1},"geometry":{"type":"Point","coordinates":[82.6247,24.809]}},{"type":"Feature","properties":{"s":"Uttar Pradesh","v":19.1},"geometry":{"type":"Point","coordinates":[77.3936,29.6988]}},{"type":"Feature","properties":{"s":"Uttar Pradesh","v":19.1},"geometry":{"type":"Point","coordinates":[77.4812,27.5031]}},{"type":"Feature","properties":{"s":"Uttar Pradesh","v":19.1},"geometry":{"type":"Point","coordinates":[82.7116,25.4891]}},{"type":"Feature","properties":{"s":"Uttar Pradesh","v":19.1},"geometry":{"type":"Point","coordinates":[81.1572,28.1117]}},{"type":"Feature","properties":{"s":"Uttar Pradesh","v":19.1},"geometry":{"type":"Point","coordinates":[80.4982,25.0629]}},{"type":"Feature","properties":{"s":"Uttar Pradesh","v":19.1},"geometry":{"type":"Point","coordinates":[83.4296,26.9889]}},{"type":"Feature","properties":{"s":"Uttar Pradesh","v":19.1},"geometry":{"type":"Point","coordinates":[78.3873,24.2744]}},{"type":"Feature","properties":{"s":"Uttar Pradesh","v":19.1},"geometry":{"type":"Point","coordinates":[82.0475,27.4167]}},{"type":"Feature","properties":{"s":"Uttar Pradesh","v":19.1},"geometry":{"type":"Point","coordinates":[79.9062,26.0495]}},{"type":"Feature","properties":{"s":"Uttar Pradesh","v":19.1},"geometry":{"type":"Point","coordinates":[83.3647,25.8963]}},{"type":"Feature","properties":{"s":"Uttar Pradesh","v":19.1},"geometry":{"type":"Point","coordinates":[80.7179,27.224]}},{"type":"Feature","properties":{"s":"Uttar Pradesh","v":19.1},"geometry":{"type":"Point","coordinates":[78.0431,28.2643]}},{"type":"Feature","properties":{"s":"Uttar Pradesh","v":19.1},"geometry":{"type":"Point","coordinates":[80.8203,28.4599]}},{"type":"Feature","properties":{"s":"Uttar Pradesh","v":19.1},"geometry":{"type":"Point","coordinates":[80.9639,26.0048]}},{"type":"Feature","properties":{"s":"Uttar Pradesh","v":19.1},"geometry":{"type":"Point","coordinates":[80.1372,27.3169]}},{"type":"Feature","properties":{"s":"Uttar Pradesh","v":19.1},"geometry":{"type":"Point","coordinates":[77.9716,29.4362]}},{"type":"Feature","properties":{"s":"Uttar Pradesh","v":19.1},"geometry":{"type":"Point","coordinates":[77.7755,27.1911]}},{"type":"Feature","properties":{"s":"Uttar Pradesh","v":19.1},"geometry":{"type":"Point","coordinates":[81.0199,27.7335]}},{"type":"Feature","properties":{"s":"Uttar Pradesh","v":19.1},"geometry":{"type":"Point","coordinates":[80.2633,28.0236]}},{"type":"Feature","properties":{"s":"Uttar Pradesh","v":19.1},"geometry":{"type":"Point","coordinates":[82.9516,24.8918]}},{"type":"Feature","properties":{"s":"Uttar Pradesh","v":19.1},"geometry":{"type":"Point","coordinates":[81.8252,27.6312]}},{"type":"Feature","properties":{"s":"Uttar Pradesh","v":19.1},"geometry":{"type":"Point","coordinates":[79.198,28.2007]}},{"type":"Feature","properties":{"s":"Uttar Pradesh","v":19.1},"geometry":{"type":"Point","coordinates":[78.804,27.3195]}},{"type":"Feature","properties":{"s":"Uttar Pradesh","v":19.1},"geometry":{"type":"Point","coordinates":[78.9676,25.7076]}},{"type":"Feature","properties":{"s":"Uttar Pradesh","v":19.1},"geometry":{"type":"Point","coordinates":[78.2606,28.5631]}},{"type":"Feature","properties":{"s":"Uttar Pradesh","v":19.1},"geometry":{"type":"Point","coordinates":[80.6557,25.1569]}},{"type":"Feature","properties":{"s":"Uttar Pradesh","v":19.1},"geometry":{"type":"Point","coordinates":[80.5176,25.7339]}},{"type":"Feature","properties":{"s":"Uttar Pradesh","v":19.1},"geometry":{"type":"Point","coordinates":[79.1357,28.9977]}},{"type":"Feature","properties":{"s":"Uttar Pradesh","v":19.1},"geometry":{"type":"Point","coordinates":[80.881,27.9506]}},{"type":"Feature","properties":{"s":"Uttar Pradesh","v":19.1},"geometry":{"type":"Point","coordinates":[80.5426,26.7076]}},{"type":"Feature","properties":{"s":"Uttar Pradesh","v":19.1},"geometry":{"type":"Point","coordinates":[78.0486,27.4216]}},{"type":"Feature","properties":{"s":"Uttar Pradesh","v":19.1},"geometry":{"type":"Point","coordinates":[80.416,27.8419]}},{"type":"Feature","properties":{"s":"Uttar Pradesh","v":19.1},"geometry":{"type":"Point","coordinates":[82.7865,24.6243]}},{"type":"Feature","properties":{"s":"Uttar Pradesh","v":19.1},"geometry":{"type":"Point","coordinates":[83.513,25.4022]}},{"type":"Feature","properties":{"s":"Uttar Pradesh","v":19.1},"geometry":{"type":"Point","coordinates":[80.3359,25.8223]}},{"type":"Feature","properties":{"s":"Uttar Pradesh","v":19.1},"geometry":{"type":"Point","coordinates":[79.4985,25.9743]}},{"type":"Feature","properties":{"s":"Uttar Pradesh","v":19.1},"geometry":{"type":"Point","coordinates":[78.0523,27.9094]}},{"type":"Feature","properties":{"s":"Uttar Pradesh","v":19.1},"geometry":{"type":"Point","coordinates":[83.9102,26.8704]}},{"type":"Feature","properties":{"s":"Uttar Pradesh","v":19.1},"geometry":{"type":"Point","coordinates":[80.8414,27.2234]}},{"type":"Feature","properties":{"s":"Uttar Pradesh","v":19.1},"geometry":{"type":"Point","coordinates":[77.3474,29.5932]}},{"type":"Feature","properties":{"s":"Uttar Pradesh","v":19.1},"geometry":{"type":"Point","coordinates":[79.2097,26.654]}},{"type":"Feature","properties":{"s":"Uttar Pradesh","v":19.1},"geometry":{"type":"Point","coordinates":[78.1811,28.115]}},{"type":"Feature","properties":{"s":"Uttar Pradesh","v":19.1},"geometry":{"type":"Point","coordinates":[81.6191,26.3915]}},{"type":"Feature","properties":{"s":"Uttar Pradesh","v":19.1},"geometry":{"type":"Point","coordinates":[79.4865,27.4245]}},{"type":"Feature","properties":{"s":"Uttar Pradesh","v":19.1},"geometry":{"type":"Point","coordinates":[80.5107,26.5824]}},{"type":"Feature","properties":{"s":"Uttar Pradesh","v":19.1},"geometry":{"type":"Point","coordinates":[81.4654,27.5794]}},{"type":"Feature","properties":{"s":"Uttar Pradesh","v":19.1},"geometry":{"type":"Point","coordinates":[81.9862,26.2677]}},{"type":"Feature","properties":{"s":"Uttar Pradesh","v":19.1},"geometry":{"type":"Point","coordinates":[80.6678,27.1432]}},{"type":"Feature","properties":{"s":"Uttar Pradesh","v":19.1},"geometry":{"type":"Point","coordinates":[78.1848,28.3973]}},{"type":"Feature","properties":{"s":"Uttar Pradesh","v":19.1},"geometry":{"type":"Point","coordinates":[83.0188,26.051]}},{"type":"Feature","properties":{"s":"Uttar Pradesh","v":19.1},"geometry":{"type":"Point","coordinates":[78.0835,28.2464]}},{"type":"Feature","properties":{"s":"Uttar Pradesh","v":19.1},"geometry":{"type":"Point","coordinates":[77.6869,28.5777]}},{"type":"Feature","properties":{"s":"Uttar Pradesh","v":19.1},"geometry":{"type":"Point","coordinates":[78.4589,25.3855]}},{"type":"Feature","properties":{"s":"Uttar Pradesh","v":19.1},"geometry":{"type":"Point","coordinates":[79.4203,25.6198]}},{"type":"Feature","properties":{"s":"Uttar Pradesh","v":19.1},"geometry":{"type":"Point","coordinates":[77.3966,28.6328]}},{"type":"Feature","properties":{"s":"Uttar Pradesh","v":19.1},"geometry":{"type":"Point","coordinates":[79.2142,25.8773]}},{"type":"Feature","properties":{"s":"Uttar Pradesh","v":19.1},"geometry":{"type":"Point","coordinates":[82.084,27.6275]}},{"type":"Feature","properties":{"s":"Uttar Pradesh","v":19.1},"geometry":{"type":"Point","coordinates":[83.3937,26.1938]}},{"type":"Feature","properties":{"s":"Uttar Pradesh","v":19.1},"geometry":{"type":"Point","coordinates":[82.075,25.536]}},{"type":"Feature","properties":{"s":"Uttar Pradesh","v":19.1},"geometry":{"type":"Point","coordinates":[79.8515,28.6441]}},{"type":"Feature","properties":{"s":"Uttar Pradesh","v":19.1},"geometry":{"type":"Point","coordinates":[83.6252,26.798]}},{"type":"Feature","properties":{"s":"Uttar Pradesh","v":19.1},"geometry":{"type":"Point","coordinates":[83.8266,27.2473]}},{"type":"Feature","properties":{"s":"Uttar Pradesh","v":19.1},"geometry":{"type":"Point","coordinates":[82.8808,25.9426]}},{"type":"Feature","properties":{"s":"Uttar Pradesh","v":19.1},"geometry":{"type":"Point","coordinates":[82.4591,24.9672]}},{"type":"Feature","properties":{"s":"Uttar Pradesh","v":19.1},"geometry":{"type":"Point","coordinates":[80.9484,27.6711]}},{"type":"Feature","properties":{"s":"Uttar Pradesh","v":19.1},"geometry":{"type":"Point","coordinates":[83.0108,25.2676]}},{"type":"Feature","properties":{"s":"Uttar Pradesh","v":19.1},"geometry":{"type":"Point","coordinates":[83.2722,25.5855]}},{"type":"Feature","properties":{"s":"Uttar Pradesh","v":19.1},"geometry":{"type":"Point","coordinates":[82.982,25.67]}},{"type":"Feature","properties":{"s":"Uttar Pradesh","v":19.1},"geometry":{"type":"Point","coordinates":[79.33,26.1185]}},{"type":"Feature","properties":{"s":"Uttar Pradesh","v":19.1},"geometry":{"type":"Point","coordinates":[81.8845,26.3706]}},{"type":"Feature","properties":{"s":"Uttar Pradesh","v":19.1},"geometry":{"type":"Point","coordinates":[82.517,27.063]}},{"type":"Feature","properties":{"s":"Uttar Pradesh","v":19.1},"geometry":{"type":"Point","coordinates":[80.8321,27.6522]}},{"type":"Feature","properties":{"s":"Uttar Pradesh","v":19.1},"geometry":{"type":"Point","coordinates":[83.2615,24.2398]}},{"type":"Feature","properties":{"s":"Uttar Pradesh","v":19.1},"geometry":{"type":"Point","coordinates":[79.2572,26.0045]}},{"type":"Feature","properties":{"s":"Uttar Pradesh","v":19.1},"geometry":{"type":"Point","coordinates":[81.6279,25.2145]}},{"type":"Feature","properties":{"s":"Uttar Pradesh","v":19.1},"geometry":{"type":"Point","coordinates":[82.1072,25.8823]}},{"type":"Feature","properties":{"s":"Uttar Pradesh","v":19.1},"geometry":{"type":"Point","coordinates":[80.6329,26.0247]}},{"type":"Feature","properties":{"s":"Uttar Pradesh","v":19.1},"geometry":{"type":"Point","coordinates":[83.5819,25.3731]}},{"type":"Feature","properties":{"s":"Uttar Pradesh","v":19.1},"geometry":{"type":"Point","coordinates":[82.3375,27.6694]}},{"type":"Feature","properties":{"s":"Uttar Pradesh","v":19.1},"geometry":{"type":"Point","coordinates":[82.2234,26.681]}},{"type":"Feature","properties":{"s":"West Bengal","v":7},"geometry":{"type":"Point","coordinates":[87.6083,22.3215]}},{"type":"Feature","properties":{"s":"West Bengal","v":7},"geometry":{"type":"Point","coordinates":[88.7697,22.7947]}},{"type":"Feature","properties":{"s":"West Bengal","v":7},"geometry":{"type":"Point","coordinates":[88.3543,23.7162]}},{"type":"Feature","properties":{"s":"West Bengal","v":7},"geometry":{"type":"Point","coordinates":[88.4519,26.4338]}},{"type":"Feature","properties":{"s":"West Bengal","v":7},"geometry":{"type":"Point","coordinates":[88.3675,22.7294]}},{"type":"Feature","properties":{"s":"West Bengal","v":7},"geometry":{"type":"Point","coordinates":[86.9632,23.2862]}},{"type":"Feature","properties":{"s":"West Bengal","v":7},"geometry":{"type":"Point","coordinates":[87.4585,22.0702]}},{"type":"Feature","properties":{"s":"West Bengal","v":7},"geometry":{"type":"Point","coordinates":[86.5984,22.8577]}},{"type":"Feature","properties":{"s":"West Bengal","v":7},"geometry":{"type":"Point","coordinates":[88.4053,24.9922]}},{"type":"Feature","properties":{"s":"West Bengal","v":7},"geometry":{"type":"Point","coordinates":[87.6874,22.8323]}},{"type":"Feature","properties":{"s":"West Bengal","v":7},"geometry":{"type":"Point","coordinates":[87.8064,21.9248]}},{"type":"Feature","properties":{"s":"West Bengal","v":7},"geometry":{"type":"Point","coordinates":[88.434,25.3877]}},{"type":"Feature","properties":{"s":"West Bengal","v":7},"geometry":{"type":"Point","coordinates":[87.8597,22.6055]}},{"type":"Feature","properties":{"s":"West Bengal","v":7},"geometry":{"type":"Point","coordinates":[88.1399,22.7757]}},{"type":"Feature","properties":{"s":"West Bengal","v":7},"geometry":{"type":"Point","coordinates":[88.7299,27.0137]}},{"type":"Feature","properties":{"s":"West Bengal","v":7},"geometry":{"type":"Point","coordinates":[88.2034,23.022]}},{"type":"Feature","properties":{"s":"West Bengal","v":7},"geometry":{"type":"Point","coordinates":[86.933,23.156]}},{"type":"Feature","properties":{"s":"West Bengal","v":7},"geometry":{"type":"Point","coordinates":[87.1594,22.8142]}},{"type":"Feature","properties":{"s":"West Bengal","v":7},"geometry":{"type":"Point","coordinates":[88.137,22.7738]}},{"type":"Feature","properties":{"s":"West Bengal","v":7},"geometry":{"type":"Point","coordinates":[88.384,23.807]}},{"type":"Feature","properties":{"s":"West Bengal","v":7},"geometry":{"type":"Point","coordinates":[88.7083,24.0875]}},{"type":"Feature","properties":{"s":"West Bengal","v":7},"geometry":{"type":"Point","coordinates":[87.4104,23.6603]}},{"type":"Feature","properties":{"s":"West Bengal","v":7},"geometry":{"type":"Point","coordinates":[88.174,23.4048]}},{"type":"Feature","properties":{"s":"West Bengal","v":7},"geometry":{"type":"Point","coordinates":[86.8689,23.6953]}},{"type":"Feature","properties":{"s":"West Bengal","v":7},"geometry":{"type":"Point","coordinates":[89.8302,26.6428]}},{"type":"Feature","properties":{"s":"West Bengal","v":7},"geometry":{"type":"Point","coordinates":[88.4579,24.0079]}},{"type":"Feature","properties":{"s":"West Bengal","v":7},"geometry":{"type":"Point","coordinates":[89.4553,26.6058]}},{"type":"Feature","properties":{"s":"West Bengal","v":7},"geometry":{"type":"Point","coordinates":[87.8643,25.8962]}},{"type":"Feature","properties":{"s":"West Bengal","v":7},"geometry":{"type":"Point","coordinates":[86.263,23.0027]}},{"type":"Feature","properties":{"s":"West Bengal","v":7},"geometry":{"type":"Point","coordinates":[88.6671,26.8532]}},{"type":"Feature","properties":{"s":"West Bengal","v":7},"geometry":{"type":"Point","coordinates":[87.3737,21.8727]}},{"type":"Feature","properties":{"s":"West Bengal","v":7},"geometry":{"type":"Point","coordinates":[88.614,23.0121]}},{"type":"Feature","properties":{"s":"West Bengal","v":7},"geometry":{"type":"Point","coordinates":[88.4997,23.0724]}},{"type":"Feature","properties":{"s":"West Bengal","v":7},"geometry":{"type":"Point","coordinates":[88.6608,22.0462]}},{"type":"Feature","properties":{"s":"West Bengal","v":7},"geometry":{"type":"Point","coordinates":[88.9877,26.9133]}},{"type":"Feature","properties":{"s":"West Bengal","v":7},"geometry":{"type":"Point","coordinates":[88.608,22.2602]}},{"type":"Feature","properties":{"s":"West Bengal","v":7},"geometry":{"type":"Point","coordinates":[86.1798,23.1786]}},{"type":"Feature","properties":{"s":"West Bengal","v":7},"geometry":{"type":"Point","coordinates":[88.464,26.4372]}},{"type":"Feature","properties":{"s":"West Bengal","v":7},"geometry":{"type":"Point","coordinates":[87.712,22.5552]}},{"type":"Feature","properties":{"s":"West Bengal","v":7},"geometry":{"type":"Point","coordinates":[87.1006,23.3138]}},{"type":"Feature","properties":{"s":"West Bengal","v":7},"geometry":{"type":"Point","coordinates":[89.522,26.426]}},{"type":"Feature","properties":{"s":"West Bengal","v":7},"geometry":{"type":"Point","coordinates":[87.8882,24.4108]}},{"type":"Feature","properties":{"s":"West Bengal","v":7},"geometry":{"type":"Point","coordinates":[89.051,21.9967]}},{"type":"Feature","properties":{"s":"West Bengal","v":7},"geometry":{"type":"Point","coordinates":[88.3781,23.2768]}},{"type":"Feature","properties":{"s":"West Bengal","v":7},"geometry":{"type":"Point","coordinates":[88.6723,22.7701]}},{"type":"Feature","properties":{"s":"West Bengal","v":7},"geometry":{"type":"Point","coordinates":[88.8612,22.1953]}},{"type":"Feature","properties":{"s":"West Bengal","v":7},"geometry":{"type":"Point","coordinates":[88.4244,25.1052]}},{"type":"Feature","properties":{"s":"West Bengal","v":7},"geometry":{"type":"Point","coordinates":[88.045,22.2115]}},{"type":"Feature","properties":{"s":"West Bengal","v":7},"geometry":{"type":"Point","coordinates":[89.7212,26.5217]}},{"type":"Feature","properties":{"s":"West Bengal","v":7},"geometry":{"type":"Point","coordinates":[87.4198,22.7822]}},{"type":"Feature","properties":{"s":"West Bengal","v":7},"geometry":{"type":"Point","coordinates":[89.4364,26.3452]}},{"type":"Feature","properties":{"s":"West Bengal","v":7},"geometry":{"type":"Point","coordinates":[87.7392,22.9873]}},{"type":"Feature","properties":{"s":"West Bengal","v":7},"geometry":{"type":"Point","coordinates":[89.1587,26.4254]}},{"type":"Feature","properties":{"s":"West Bengal","v":7},"geometry":{"type":"Point","coordinates":[87.5351,21.7034]}},{"type":"Feature","properties":{"s":"West Bengal","v":7},"geometry":{"type":"Point","coordinates":[87.0944,22.6839]}},{"type":"Feature","properties":{"s":"West Bengal","v":7},"geometry":{"type":"Point","coordinates":[86.8466,22.4919]}},{"type":"Feature","properties":{"s":"West Bengal","v":7},"geometry":{"type":"Point","coordinates":[87.6102,21.6731]}},{"type":"Feature","properties":{"s":"West Bengal","v":7},"geometry":{"type":"Point","coordinates":[87.6587,23.4647]}},{"type":"Feature","properties":{"s":"West Bengal","v":7},"geometry":{"type":"Point","coordinates":[87.557,22.0992]}},{"type":"Feature","properties":{"s":"West Bengal","v":7},"geometry":{"type":"Point","coordinates":[88.3653,25.6517]}},{"type":"Feature","properties":{"s":"West Bengal","v":7},"geometry":{"type":"Point","coordinates":[88.2762,22.7377]}},{"type":"Feature","properties":{"s":"West Bengal","v":7},"geometry":{"type":"Point","coordinates":[89.8535,26.5167]}},{"type":"Feature","properties":{"s":"West Bengal","v":7},"geometry":{"type":"Point","coordinates":[87.8427,24.3249]}},{"type":"Feature","properties":{"s":"West Bengal","v":7},"geometry":{"type":"Point","coordinates":[88.3001,25.1211]}},{"type":"Feature","properties":{"s":"West Bengal","v":7},"geometry":{"type":"Point","coordinates":[88.6063,22.4083]}},{"type":"Feature","properties":{"s":"West Bengal","v":7},"geometry":{"type":"Point","coordinates":[88.3836,25.482]}},{"type":"Feature","properties":{"s":"West Bengal","v":7},"geometry":{"type":"Point","coordinates":[86.0838,23.4319]}},{"type":"Feature","properties":{"s":"West Bengal","v":7},"geometry":{"type":"Point","coordinates":[86.9223,22.9253]}},{"type":"Feature","properties":{"s":"West Bengal","v":7},"geometry":{"type":"Point","coordinates":[87.3504,23.5666]}},{"type":"Feature","properties":{"s":"West Bengal","v":7},"geometry":{"type":"Point","coordinates":[86.9341,23.8177]}},{"type":"Feature","properties":{"s":"West Bengal","v":7},"geometry":{"type":"Point","coordinates":[88.7815,25.5149]}},{"type":"Feature","properties":{"s":"West Bengal","v":7},"geometry":{"type":"Point","coordinates":[87.0187,22.7554]}},{"type":"Feature","properties":{"s":"West Bengal","v":7},"geometry":{"type":"Point","coordinates":[88.3169,26.8631]}},{"type":"Feature","properties":{"s":"West Bengal","v":7},"geometry":{"type":"Point","coordinates":[89.7627,26.6523]}},{"type":"Feature","properties":{"s":"West Bengal","v":7},"geometry":{"type":"Point","coordinates":[88.1026,25.4218]}},{"type":"Feature","properties":{"s":"West Bengal","v":7},"geometry":{"type":"Point","coordinates":[87.7626,25.2606]}},{"type":"Feature","properties":{"s":"West Bengal","v":7},"geometry":{"type":"Point","coordinates":[87.862,23.6864]}},{"type":"Feature","properties":{"s":"West Bengal","v":7},"geometry":{"type":"Point","coordinates":[86.7491,23.2107]}},{"type":"Feature","properties":{"s":"West Bengal","v":7},"geometry":{"type":"Point","coordinates":[87.1774,22.3749]}},{"type":"Feature","properties":{"s":"West Bengal","v":7},"geometry":{"type":"Point","coordinates":[86.9371,22.2033]}},{"type":"Feature","properties":{"s":"West Bengal","v":7},"geometry":{"type":"Point","coordinates":[88.4111,25.6568]}},{"type":"Feature","properties":{"s":"West Bengal","v":7},"geometry":{"type":"Point","coordinates":[88.0158,24.29]}},{"type":"Feature","properties":{"s":"West Bengal","v":7},"geometry":{"type":"Point","coordinates":[88.3247,22.5055]}},{"type":"Feature","properties":{"s":"West Bengal","v":7},"geometry":{"type":"Point","coordinates":[87.3816,23.5661]}},{"type":"Feature","properties":{"s":"West Bengal","v":7},"geometry":{"type":"Point","coordinates":[86.3818,23.0967]}},{"type":"Feature","properties":{"s":"West Bengal","v":7},"geometry":{"type":"Point","coordinates":[86.6021,23.3865]}},{"type":"Feature","properties":{"s":"West Bengal","v":7},"geometry":{"type":"Point","coordinates":[86.6605,22.7618]}},{"type":"Feature","properties":{"s":"West Bengal","v":7},"geometry":{"type":"Point","coordinates":[86.0503,23.4821]}},{"type":"Feature","properties":{"s":"West Bengal","v":7},"geometry":{"type":"Point","coordinates":[87.461,21.8357]}},{"type":"Feature","properties":{"s":"West Bengal","v":7},"geometry":{"type":"Point","coordinates":[88.706,26.8468]}},{"type":"Feature","properties":{"s":"West Bengal","v":7},"geometry":{"type":"Point","coordinates":[88.605,26.4638]}},{"type":"Feature","properties":{"s":"West Bengal","v":7},"geometry":{"type":"Point","coordinates":[87.0747,23.1864]}},{"type":"Feature","properties":{"s":"West Bengal","v":7},"geometry":{"type":"Point","coordinates":[89.2127,26.4315]}},{"type":"Feature","properties":{"s":"West Bengal","v":7},"geometry":{"type":"Point","coordinates":[88.328,23.7424]}},{"type":"Feature","properties":{"s":"West Bengal","v":7},"geometry":{"type":"Point","coordinates":[87.0215,22.6486]}},{"type":"Feature","properties":{"s":"West Bengal","v":7},"geometry":{"type":"Point","coordinates":[86.2233,23.3308]}},{"type":"Feature","properties":{"s":"West Bengal","v":7},"geometry":{"type":"Point","coordinates":[87.412,22.6111]}},{"type":"Feature","properties":{"s":"West Bengal","v":7},"geometry":{"type":"Point","coordinates":[89.7615,26.3343]}},{"type":"Feature","properties":{"s":"West Bengal","v":7},"geometry":{"type":"Point","coordinates":[87.3813,23.1946]}},{"type":"Feature","properties":{"s":"West Bengal","v":7},"geometry":{"type":"Point","coordinates":[87.4064,22.4771]}},{"type":"Feature","properties":{"s":"West Bengal","v":7},"geometry":{"type":"Point","coordinates":[88.5876,22.6733]}},{"type":"Feature","properties":{"s":"West Bengal","v":7},"geometry":{"type":"Point","coordinates":[88.4076,23.2957]}},{"type":"Feature","properties":{"s":"West Bengal","v":7},"geometry":{"type":"Point","coordinates":[87.8265,23.8821]}},{"type":"Feature","properties":{"s":"West Bengal","v":7},"geometry":{"type":"Point","coordinates":[88.2542,23.4899]}},{"type":"Feature","properties":{"s":"West Bengal","v":7},"geometry":{"type":"Point","coordinates":[87.6933,22.1178]}},{"type":"Feature","properties":{"s":"West Bengal","v":7},"geometry":{"type":"Point","coordinates":[88.1029,22.2985]}},{"type":"Feature","properties":{"s":"West Bengal","v":7},"geometry":{"type":"Point","coordinates":[86.9832,22.3299]}},{"type":"Feature","properties":{"s":"West Bengal","v":7},"geometry":{"type":"Point","coordinates":[86.8444,23.6169]}},{"type":"Feature","properties":{"s":"West Bengal","v":7},"geometry":{"type":"Point","coordinates":[88.1861,22.615]}},{"type":"Feature","properties":{"s":"West Bengal","v":7},"geometry":{"type":"Point","coordinates":[88.0418,23.4178]}},{"type":"Feature","properties":{"s":"West Bengal","v":7},"geometry":{"type":"Point","coordinates":[87.8418,22.1067]}},{"type":"Feature","properties":{"s":"West Bengal","v":7},"geometry":{"type":"Point","coordinates":[88.2722,25.5059]}},{"type":"Feature","properties":{"s":"West Bengal","v":7},"geometry":{"type":"Point","coordinates":[88.326,22.8589]}},{"type":"Feature","properties":{"s":"West Bengal","v":7},"geometry":{"type":"Point","coordinates":[87.3476,23.6462]}},{"type":"Feature","properties":{"s":"West Bengal","v":7},"geometry":{"type":"Point","coordinates":[87.7048,22.9906]}},{"type":"Feature","properties":{"s":"West Bengal","v":7},"geometry":{"type":"Point","coordinates":[87.8604,23.7943]}},{"type":"Feature","properties":{"s":"West Bengal","v":7},"geometry":{"type":"Point","coordinates":[88.5872,21.9443]}},{"type":"Feature","properties":{"s":"West Bengal","v":7},"geometry":{"type":"Point","coordinates":[89.7603,26.4723]}},{"type":"Feature","properties":{"s":"West Bengal","v":7},"geometry":{"type":"Point","coordinates":[88.0408,25.2667]}},{"type":"Feature","properties":{"s":"West Bengal","v":7},"geometry":{"type":"Point","coordinates":[87.2135,23.0268]}},{"type":"Feature","properties":{"s":"West Bengal","v":7},"geometry":{"type":"Point","coordinates":[87.1119,23.0097]}},{"type":"Feature","properties":{"s":"West Bengal","v":7},"geometry":{"type":"Point","coordinates":[88.2719,26.9773]}},{"type":"Feature","properties":{"s":"West Bengal","v":7},"geometry":{"type":"Point","coordinates":[87.1704,23.5334]}},{"type":"Feature","properties":{"s":"West Bengal","v":7},"geometry":{"type":"Point","coordinates":[88.5641,26.781]}},{"type":"Feature","properties":{"s":"West Bengal","v":7},"geometry":{"type":"Point","coordinates":[87.4215,22.3234]}},{"type":"Feature","properties":{"s":"West Bengal","v":7},"geometry":{"type":"Point","coordinates":[87.4703,22.8301]}},{"type":"Feature","properties":{"s":"Andhra Pradesh","v":0.5},"geometry":{"type":"Point","coordinates":[79.4602,15.3584]}},{"type":"Feature","properties":{"s":"Andhra Pradesh","v":0.5},"geometry":{"type":"Point","coordinates":[79.2841,13.259]}},{"type":"Feature","properties":{"s":"Andhra Pradesh","v":0.5},"geometry":{"type":"Point","coordinates":[78.9672,15.4905]}},{"type":"Feature","properties":{"s":"Andhra Pradesh","v":0.5},"geometry":{"type":"Point","coordinates":[79.9945,16.3227]}},{"type":"Feature","properties":{"s":"Andhra Pradesh","v":0.5},"geometry":{"type":"Point","coordinates":[83.1385,18.6011]}},{"type":"Feature","properties":{"s":"Andhra Pradesh","v":0.5},"geometry":{"type":"Point","coordinates":[78.8896,14.9489]}},{"type":"Feature","properties":{"s":"Andhra Pradesh","v":0.5},"geometry":{"type":"Point","coordinates":[82.8268,17.9746]}},{"type":"Feature","properties":{"s":"Andhra Pradesh","v":0.5},"geometry":{"type":"Point","coordinates":[78.0479,15.4797]}},{"type":"Feature","properties":{"s":"Andhra Pradesh","v":0.5},"geometry":{"type":"Point","coordinates":[81.4741,16.3784]}},{"type":"Feature","properties":{"s":"Puducherry","v":5},"geometry":{"type":"Point","coordinates":[79.7593,10.9191]}},{"type":"Feature","properties":{"s":"Puducherry","v":5},"geometry":{"type":"Point","coordinates":[79.8085,10.8998]}},{"type":"Feature","properties":{"s":"Puducherry","v":5},"geometry":{"type":"Point","coordinates":[79.8178,11.9037]}},{"type":"Feature","properties":{"s":"Puducherry","v":5},"geometry":{"type":"Point","coordinates":[79.8514,10.9765]}},{"type":"Feature","properties":{"s":"Puducherry","v":5},"geometry":{"type":"Point","coordinates":[79.7727,11.9265]}},{"type":"Feature","properties":{"s":"Puducherry","v":5},"geometry":{"type":"Point","coordinates":[79.8063,11.8959]}},{"type":"Feature","properties":{"s":"Puducherry","v":5},"geometry":{"type":"Point","coordinates":[79.7968,11.8864]}},{"type":"Feature","properties":{"s":"Puducherry","v":5},"geometry":{"type":"Point","coordinates":[79.7789,10.9537]}},{"type":"Feature","properties":{"s":"Puducherry","v":5},"geometry":{"type":"Point","coordinates":[79.8472,10.9055]}},{"type":"Feature","properties":{"s":"Puducherry","v":5},"geometry":{"type":"Point","coordinates":[79.8173,10.9453]}},{"type":"Feature","properties":{"s":"Puducherry","v":5},"geometry":{"type":"Point","coordinates":[79.7978,10.9351]}},{"type":"Feature","properties":{"s":"Puducherry","v":5},"geometry":{"type":"Point","coordinates":[79.8233,11.955]}},{"type":"Feature","properties":{"s":"Puducherry","v":5},"geometry":{"type":"Point","coordinates":[79.801,11.919]}},{"type":"Feature","properties":{"s":"Puducherry","v":5},"geometry":{"type":"Point","coordinates":[79.801,11.8461]}},{"type":"Feature","properties":{"s":"Puducherry","v":5},"geometry":{"type":"Point","coordinates":[79.7558,11.9199]}},{"type":"Feature","properties":{"s":"Puducherry","v":5},"geometry":{"type":"Point","coordinates":[79.8217,10.8962]}},{"type":"Feature","properties":{"s":"Puducherry","v":5},"geometry":{"type":"Point","coordinates":[79.7792,11.8552]}},{"type":"Feature","properties":{"s":"Puducherry","v":5},"geometry":{"type":"Point","coordinates":[79.831,11.9291]}},{"type":"Feature","properties":{"s":"Puducherry","v":5},"geometry":{"type":"Point","coordinates":[79.8192,10.9244]}},{"type":"Feature","properties":{"s":"Puducherry","v":5},"geometry":{"type":"Point","coordinates":[79.7961,10.9472]}},{"type":"Feature","properties":{"s":"Puducherry","v":5},"geometry":{"type":"Point","coordinates":[79.7381,11.8971]}},{"type":"Feature","properties":{"s":"Puducherry","v":5},"geometry":{"type":"Point","coordinates":[79.7692,10.9244]}},{"type":"Feature","properties":{"s":"Puducherry","v":5},"geometry":{"type":"Point","coordinates":[79.8402,10.9333]}},{"type":"Feature","properties":{"s":"Puducherry","v":5},"geometry":{"type":"Point","coordinates":[79.8364,10.8751]}},{"type":"Feature","properties":{"s":"Puducherry","v":5},"geometry":{"type":"Point","coordinates":[79.822,10.9023]}},{"type":"Feature","properties":{"s":"Puducherry","v":5},"geometry":{"type":"Point","coordinates":[79.8036,11.9461]}},{"type":"Feature","properties":{"s":"Puducherry","v":5},"geometry":{"type":"Point","coordinates":[79.7707,10.9542]}},{"type":"Feature","properties":{"s":"Puducherry","v":5},"geometry":{"type":"Point","coordinates":[79.8104,11.9152]}},{"type":"Feature","properties":{"s":"Puducherry","v":5},"geometry":{"type":"Point","coordinates":[79.7553,10.9474]}},{"type":"Feature","properties":{"s":"Puducherry","v":5},"geometry":{"type":"Point","coordinates":[79.8014,11.8748]}},{"type":"Feature","properties":{"s":"Puducherry","v":5},"geometry":{"type":"Point","coordinates":[79.7692,11.935]}},{"type":"Feature","properties":{"s":"Puducherry","v":5},"geometry":{"type":"Point","coordinates":[79.78,11.912]}},{"type":"Feature","properties":{"s":"Puducherry","v":5},"geometry":{"type":"Point","coordinates":[79.8298,10.8822]}},{"type":"Feature","properties":{"s":"Puducherry","v":5},"geometry":{"type":"Point","coordinates":[79.8038,10.9278]}},{"type":"Feature","properties":{"s":"Puducherry","v":5},"geometry":{"type":"Point","coordinates":[79.7815,10.909]}},{"type":"Feature","properties":{"s":"Puducherry","v":5},"geometry":{"type":"Point","coordinates":[79.7438,11.895]}},{"type":"Feature","properties":{"s":"Puducherry","v":5},"geometry":{"type":"Point","coordinates":[79.832,11.9618]}},{"type":"Feature","properties":{"s":"Puducherry","v":5},"geometry":{"type":"Point","coordinates":[79.7266,10.9306]}},{"type":"Feature","properties":{"s":"Puducherry","v":5},"geometry":{"type":"Point","coordinates":[79.7955,10.9116]}},{"type":"Feature","properties":{"s":"Puducherry","v":5},"geometry":{"type":"Point","coordinates":[79.791,11.9464]}},{"type":"Feature","properties":{"s":"Puducherry","v":5},"geometry":{"type":"Point","coordinates":[79.8051,11.8928]}},{"type":"Feature","properties":{"s":"Puducherry","v":5},"geometry":{"type":"Point","coordinates":[79.8114,10.9196]}},{"type":"Feature","properties":{"s":"Puducherry","v":5},"geometry":{"type":"Point","coordinates":[79.8041,11.9131]}},{"type":"Feature","properties":{"s":"Puducherry","v":5},"geometry":{"type":"Point","coordinates":[79.8076,10.9405]}},{"type":"Feature","properties":{"s":"Puducherry","v":5},"geometry":{"type":"Point","coordinates":[79.7642,10.9262]}},{"type":"Feature","properties":{"s":"Puducherry","v":5},"geometry":{"type":"Point","coordinates":[79.7787,10.9191]}},{"type":"Feature","properties":{"s":"Puducherry","v":5},"geometry":{"type":"Point","coordinates":[79.8146,10.9865]}},{"type":"Feature","properties":{"s":"Puducherry","v":5},"geometry":{"type":"Point","coordinates":[79.7823,10.9375]}},{"type":"Feature","properties":{"s":"Puducherry","v":5},"geometry":{"type":"Point","coordinates":[79.8245,10.9543]}},{"type":"Feature","properties":{"s":"Puducherry","v":5},"geometry":{"type":"Point","coordinates":[79.7733,10.9609]}},{"type":"Feature","properties":{"s":"Puducherry","v":5},"geometry":{"type":"Point","coordinates":[79.7528,10.9276]}},{"type":"Feature","properties":{"s":"Puducherry","v":5},"geometry":{"type":"Point","coordinates":[79.8325,10.8698]}},{"type":"Feature","properties":{"s":"Puducherry","v":5},"geometry":{"type":"Point","coordinates":[79.8299,10.9255]}},{"type":"Feature","properties":{"s":"Puducherry","v":5},"geometry":{"type":"Point","coordinates":[79.8453,10.9352]}},{"type":"Feature","properties":{"s":"Puducherry","v":5},"geometry":{"type":"Point","coordinates":[79.8449,10.9735]}},{"type":"Feature","properties":{"s":"Puducherry","v":5},"geometry":{"type":"Point","coordinates":[79.7435,11.8952]}},{"type":"Feature","properties":{"s":"Puducherry","v":5},"geometry":{"type":"Point","coordinates":[79.7986,11.9585]}},{"type":"Feature","properties":{"s":"Puducherry","v":5},"geometry":{"type":"Point","coordinates":[79.8071,10.9542]}},{"type":"Feature","properties":{"s":"Puducherry","v":5},"geometry":{"type":"Point","coordinates":[79.7718,10.9605]}},{"type":"Feature","properties":{"s":"Puducherry","v":5},"geometry":{"type":"Point","coordinates":[79.8191,10.9483]}},{"type":"Feature","properties":{"s":"Puducherry","v":5},"geometry":{"type":"Point","coordinates":[79.8474,10.9022]}},{"type":"Feature","properties":{"s":"Puducherry","v":5},"geometry":{"type":"Point","coordinates":[79.8151,10.9383]}},{"type":"Feature","properties":{"s":"Puducherry","v":5},"geometry":{"type":"Point","coordinates":[79.802,10.9383]}},{"type":"Feature","properties":{"s":"Puducherry","v":5},"geometry":{"type":"Point","coordinates":[79.7651,10.9489]}},{"type":"Feature","properties":{"s":"Puducherry","v":5},"geometry":{"type":"Point","coordinates":[79.8044,11.8726]}},{"type":"Feature","properties":{"s":"Puducherry","v":5},"geometry":{"type":"Point","coordinates":[79.7563,10.9667]}},{"type":"Feature","properties":{"s":"Puducherry","v":5},"geometry":{"type":"Point","coordinates":[79.7796,11.8625]}},{"type":"Feature","properties":{"s":"Puducherry","v":5},"geometry":{"type":"Point","coordinates":[79.7874,11.85]}},{"type":"Feature","properties":{"s":"Puducherry","v":5},"geometry":{"type":"Point","coordinates":[79.8151,11.9225]}},{"type":"Feature","properties":{"s":"Puducherry","v":5},"geometry":{"type":"Point","coordinates":[79.8369,10.904]}},{"type":"Feature","properties":{"s":"Puducherry","v":5},"geometry":{"type":"Point","coordinates":[79.7908,11.9531]}},{"type":"Feature","properties":{"s":"Puducherry","v":5},"geometry":{"type":"Point","coordinates":[79.8405,10.8375]}},{"type":"Feature","properties":{"s":"Puducherry","v":5},"geometry":{"type":"Point","coordinates":[79.7868,10.9219]}},{"type":"Feature","properties":{"s":"Puducherry","v":5},"geometry":{"type":"Point","coordinates":[79.7936,11.8506]}},{"type":"Feature","properties":{"s":"Puducherry","v":5},"geometry":{"type":"Point","coordinates":[79.7444,10.9309]}},{"type":"Feature","properties":{"s":"Puducherry","v":5},"geometry":{"type":"Point","coordinates":[79.8045,10.9301]}},{"type":"Feature","properties":{"s":"Puducherry","v":5},"geometry":{"type":"Point","coordinates":[79.7668,10.9649]}},{"type":"Feature","properties":{"s":"Puducherry","v":5},"geometry":{"type":"Point","coordinates":[79.7945,11.8902]}},{"type":"Feature","properties":{"s":"Puducherry","v":5},"geometry":{"type":"Point","coordinates":[79.8467,10.9804]}},{"type":"Feature","properties":{"s":"Puducherry","v":5},"geometry":{"type":"Point","coordinates":[79.769,10.9679]}},{"type":"Feature","properties":{"s":"Puducherry","v":5},"geometry":{"type":"Point","coordinates":[79.7498,10.966]}},{"type":"Feature","properties":{"s":"Puducherry","v":5},"geometry":{"type":"Point","coordinates":[79.8061,11.872]}},{"type":"Feature","properties":{"s":"Puducherry","v":5},"geometry":{"type":"Point","coordinates":[79.8296,10.8893]}},{"type":"Feature","properties":{"s":"Puducherry","v":5},"geometry":{"type":"Point","coordinates":[79.8244,10.95]}},{"type":"Feature","properties":{"s":"Puducherry","v":5},"geometry":{"type":"Point","coordinates":[79.8132,11.8895]}},{"type":"Feature","properties":{"s":"Puducherry","v":5},"geometry":{"type":"Point","coordinates":[79.7792,11.8965]}},{"type":"Feature","properties":{"s":"Puducherry","v":5},"geometry":{"type":"Point","coordinates":[79.816,10.9056]}},{"type":"Feature","properties":{"s":"Puducherry","v":5},"geometry":{"type":"Point","coordinates":[79.7788,11.9163]}},{"type":"Feature","properties":{"s":"Puducherry","v":5},"geometry":{"type":"Point","coordinates":[79.7333,10.9357]}},{"type":"Feature","properties":{"s":"Puducherry","v":5},"geometry":{"type":"Point","coordinates":[79.8035,10.9688]}},{"type":"Feature","properties":{"s":"Maharashtra","v":10.2},"geometry":{"type":"Point","coordinates":[74.4722,21.8588]}},{"type":"Feature","properties":{"s":"Maharashtra","v":10.2},"geometry":{"type":"Point","coordinates":[73.4502,18.3861]}},{"type":"Feature","properties":{"s":"Maharashtra","v":10.2},"geometry":{"type":"Point","coordinates":[79.8534,19.731]}},{"type":"Feature","properties":{"s":"Maharashtra","v":10.2},"geometry":{"type":"Point","coordinates":[79.1468,20.6231]}},{"type":"Feature","properties":{"s":"Maharashtra","v":10.2},"geometry":{"type":"Point","coordinates":[74.8952,20.0138]}},{"type":"Feature","properties":{"s":"Maharashtra","v":10.2},"geometry":{"type":"Point","coordinates":[73.2392,18.5801]}},{"type":"Feature","properties":{"s":"Maharashtra","v":10.2},"geometry":{"type":"Point","coordinates":[74.8757,20.9163]}},{"type":"Feature","properties":{"s":"Maharashtra","v":10.2},"geometry":{"type":"Point","coordinates":[76.5456,18.4537]}},{"type":"Feature","properties":{"s":"Maharashtra","v":10.2},"geometry":{"type":"Point","coordinates":[77.2857,20.8052]}},{"type":"Feature","properties":{"s":"Maharashtra","v":10.2},"geometry":{"type":"Point","coordinates":[75.809,19.1897]}},{"type":"Feature","properties":{"s":"Maharashtra","v":10.2},"geometry":{"type":"Point","coordinates":[80.1575,20.5987]}},{"type":"Feature","properties":{"s":"Maharashtra","v":10.2},"geometry":{"type":"Point","coordinates":[73.8918,16.222]}},{"type":"Feature","properties":{"s":"Maharashtra","v":10.2},"geometry":{"type":"Point","coordinates":[75.9482,21.1947]}},{"type":"Feature","properties":{"s":"Maharashtra","v":10.2},"geometry":{"type":"Point","coordinates":[73.2422,19.5055]}},{"type":"Feature","properties":{"s":"Maharashtra","v":10.2},"geometry":{"type":"Point","coordinates":[74.0336,20.4804]}},{"type":"Feature","properties":{"s":"Maharashtra","v":10.2},"geometry":{"type":"Point","coordinates":[79.7708,20.9717]}},{"type":"Feature","properties":{"s":"Maharashtra","v":10.2},"geometry":{"type":"Point","coordinates":[75.8933,19.7894]}},{"type":"Feature","properties":{"s":"Maharashtra","v":10.2},"geometry":{"type":"Point","coordinates":[77.385,21.4418]}},{"type":"Feature","properties":{"s":"Maharashtra","v":10.2},"geometry":{"type":"Point","coordinates":[76.9208,19.8125]}},{"type":"Feature","properties":{"s":"Maharashtra","v":10.2},"geometry":{"type":"Point","coordinates":[73.534,20.3449]}},{"type":"Feature","properties":{"s":"Maharashtra","v":10.2},"geometry":{"type":"Point","coordinates":[76.1725,17.3889]}},{"type":"Feature","properties":{"s":"Maharashtra","v":10.2},"geometry":{"type":"Point","coordinates":[76.882,18.6031]}},{"type":"Feature","properties":{"s":"Maharashtra","v":10.2},"geometry":{"type":"Point","coordinates":[75.4661,20.3169]}},{"type":"Feature","properties":{"s":"Maharashtra","v":10.2},"geometry":{"type":"Point","coordinates":[78.2516,20.9442]}},{"type":"Feature","properties":{"s":"Maharashtra","v":10.2},"geometry":{"type":"Point","coordinates":[73.3079,20.149]}},{"type":"Feature","properties":{"s":"Maharashtra","v":10.2},"geometry":{"type":"Point","coordinates":[77.4756,20.4199]}},{"type":"Feature","properties":{"s":"Maharashtra","v":10.2},"geometry":{"type":"Point","coordinates":[77.911,21.3205]}},{"type":"Feature","properties":{"s":"Maharashtra","v":10.2},"geometry":{"type":"Point","coordinates":[77.3258,20.8153]}},{"type":"Feature","properties":{"s":"Maharashtra","v":10.2},"geometry":{"type":"Point","coordinates":[74.5042,21.3356]}},{"type":"Feature","properties":{"s":"Maharashtra","v":10.2},"geometry":{"type":"Point","coordinates":[78.8716,20.4328]}},{"type":"Feature","properties":{"s":"Maharashtra","v":10.2},"geometry":{"type":"Point","coordinates":[76.9993,20.3535]}},{"type":"Feature","properties":{"s":"Maharashtra","v":10.2},"geometry":{"type":"Point","coordinates":[75.1586,19.6643]}},{"type":"Feature","properties":{"s":"Maharashtra","v":10.2},"geometry":{"type":"Point","coordinates":[76.0813,19.8752]}},{"type":"Feature","properties":{"s":"Maharashtra","v":10.2},"geometry":{"type":"Point","coordinates":[73.9252,20.999]}},{"type":"Feature","properties":{"s":"Maharashtra","v":10.2},"geometry":{"type":"Point","coordinates":[74.1073,21.3923]}},{"type":"Feature","properties":{"s":"Maharashtra","v":10.2},"geometry":{"type":"Point","coordinates":[78.8655,20.3741]}},{"type":"Feature","properties":{"s":"Maharashtra","v":10.2},"geometry":{"type":"Point","coordinates":[78.0713,20.6435]}},{"type":"Feature","properties":{"s":"Maharashtra","v":10.2},"geometry":{"type":"Point","coordinates":[75.8004,20.1407]}},{"type":"Feature","properties":{"s":"Maharashtra","v":10.2},"geometry":{"type":"Point","coordinates":[73.6323,20.4645]}},{"type":"Feature","properties":{"s":"Maharashtra","v":10.2},"geometry":{"type":"Point","coordinates":[73.281,18.0849]}},{"type":"Feature","properties":{"s":"Maharashtra","v":10.2},"geometry":{"type":"Point","coordinates":[80.2994,19.5116]}},{"type":"Feature","properties":{"s":"Maharashtra","v":10.2},"geometry":{"type":"Point","coordinates":[79.6448,19.9523]}},{"type":"Feature","properties":{"s":"Maharashtra","v":10.2},"geometry":{"type":"Point","coordinates":[73.7975,17.8519]}},{"type":"Feature","properties":{"s":"Maharashtra","v":10.2},"geometry":{"type":"Point","coordinates":[75.1387,17.7041]}},{"type":"Feature","properties":{"s":"Maharashtra","v":10.2},"geometry":{"type":"Point","coordinates":[74.1254,19.0354]}},{"type":"Feature","properties":{"s":"Maharashtra","v":10.2},"geometry":{"type":"Point","coordinates":[78.8713,20.7479]}},{"type":"Feature","properties":{"s":"Maharashtra","v":10.2},"geometry":{"type":"Point","coordinates":[73.5599,15.9377]}},{"type":"Feature","properties":{"s":"Maharashtra","v":10.2},"geometry":{"type":"Point","coordinates":[73.9626,18.9274]}},{"type":"Feature","properties":{"s":"Maharashtra","v":10.2},"geometry":{"type":"Point","coordinates":[75.8628,20.2144]}},{"type":"Feature","properties":{"s":"Maharashtra","v":10.2},"geometry":{"type":"Point","coordinates":[74.3356,17.7778]}},{"type":"Feature","properties":{"s":"Maharashtra","v":10.2},"geometry":{"type":"Point","coordinates":[74.5665,20.4615]}},{"type":"Feature","properties":{"s":"Maharashtra","v":10.2},"geometry":{"type":"Point","coordinates":[80.0835,19.3399]}},{"type":"Feature","properties":{"s":"Maharashtra","v":10.2},"geometry":{"type":"Point","coordinates":[76.3446,19.918]}},{"type":"Feature","properties":{"s":"Maharashtra","v":10.2},"geometry":{"type":"Point","coordinates":[74.7739,21.0494]}},{"type":"Feature","properties":{"s":"Maharashtra","v":10.2},"geometry":{"type":"Point","coordinates":[74.9021,17.0674]}},{"type":"Feature","properties":{"s":"Maharashtra","v":10.2},"geometry":{"type":"Point","coordinates":[73.7052,17.6396]}},{"type":"Feature","properties":{"s":"Maharashtra","v":10.2},"geometry":{"type":"Point","coordinates":[79.8882,20.8173]}},{"type":"Feature","properties":{"s":"Maharashtra","v":10.2},"geometry":{"type":"Point","coordinates":[73.9026,19.2105]}},{"type":"Feature","properties":{"s":"Maharashtra","v":10.2},"geometry":{"type":"Point","coordinates":[73.8502,16.1334]}},{"type":"Feature","properties":{"s":"Maharashtra","v":10.2},"geometry":{"type":"Point","coordinates":[72.8042,19.9468]}},{"type":"Feature","properties":{"s":"Maharashtra","v":10.2},"geometry":{"type":"Point","coordinates":[73.7447,18.6698]}},{"type":"Feature","properties":{"s":"Maharashtra","v":10.2},"geometry":{"type":"Point","coordinates":[79.9734,21.0088]}},{"type":"Feature","properties":{"s":"Maharashtra","v":10.2},"geometry":{"type":"Point","coordinates":[78.8267,20.9475]}},{"type":"Feature","properties":{"s":"Maharashtra","v":10.2},"geometry":{"type":"Point","coordinates":[76.3218,17.7506]}},{"type":"Feature","properties":{"s":"Maharashtra","v":10.2},"geometry":{"type":"Point","coordinates":[76.6614,20.3522]}},{"type":"Feature","properties":{"s":"Maharashtra","v":10.2},"geometry":{"type":"Point","coordinates":[73.7743,16.2901]}},{"type":"Feature","properties":{"s":"Maharashtra","v":10.2},"geometry":{"type":"Point","coordinates":[78.0951,20.1628]}},{"type":"Feature","properties":{"s":"Maharashtra","v":10.2},"geometry":{"type":"Point","coordinates":[76.8868,18.1005]}},{"type":"Feature","properties":{"s":"Maharashtra","v":10.2},"geometry":{"type":"Point","coordinates":[75.0936,18.0959]}},{"type":"Feature","properties":{"s":"Maharashtra","v":10.2},"geometry":{"type":"Point","coordinates":[74.8861,17.7354]}},{"type":"Feature","properties":{"s":"Maharashtra","v":10.2},"geometry":{"type":"Point","coordinates":[74.1568,21.7726]}},{"type":"Feature","properties":{"s":"Maharashtra","v":10.2},"geometry":{"type":"Point","coordinates":[75.8671,17.953]}},{"type":"Feature","properties":{"s":"Maharashtra","v":10.2},"geometry":{"type":"Point","coordinates":[79.0442,19.5503]}},{"type":"Feature","properties":{"s":"Maharashtra","v":10.2},"geometry":{"type":"Point","coordinates":[77.1282,19.6954]}},{"type":"Feature","properties":{"s":"Maharashtra","v":10.2},"geometry":{"type":"Point","coordinates":[74.0649,19.5218]}},{"type":"Feature","properties":{"s":"Maharashtra","v":10.2},"geometry":{"type":"Point","coordinates":[75.5761,18.2716]}},{"type":"Feature","properties":{"s":"Maharashtra","v":10.2},"geometry":{"type":"Point","coordinates":[78.4327,20.0135]}},{"type":"Feature","properties":{"s":"Maharashtra","v":10.2},"geometry":{"type":"Point","coordinates":[74.8113,21.3776]}},{"type":"Feature","properties":{"s":"Maharashtra","v":10.2},"geometry":{"type":"Point","coordinates":[76.9642,18.8008]}},{"type":"Feature","properties":{"s":"Maharashtra","v":10.2},"geometry":{"type":"Point","coordinates":[77.0164,21.3134]}},{"type":"Feature","properties":{"s":"Maharashtra","v":10.2},"geometry":{"type":"Point","coordinates":[80.1195,19.2946]}},{"type":"Feature","properties":{"s":"Maharashtra","v":10.2},"geometry":{"type":"Point","coordinates":[73.7634,19.4524]}},{"type":"Feature","properties":{"s":"Maharashtra","v":10.2},"geometry":{"type":"Point","coordinates":[77.1762,19.5763]}},{"type":"Feature","properties":{"s":"Maharashtra","v":10.2},"geometry":{"type":"Point","coordinates":[75.1086,18.9059]}},{"type":"Feature","properties":{"s":"Maharashtra","v":10.2},"geometry":{"type":"Point","coordinates":[78.5992,20.1707]}},{"type":"Feature","properties":{"s":"Maharashtra","v":10.2},"geometry":{"type":"Point","coordinates":[75.5383,17.5309]}},{"type":"Feature","properties":{"s":"Maharashtra","v":10.2},"geometry":{"type":"Point","coordinates":[75.5759,21.3605]}},{"type":"Feature","properties":{"s":"Maharashtra","v":10.2},"geometry":{"type":"Point","coordinates":[76.3624,19.2589]}},{"type":"Feature","properties":{"s":"Maharashtra","v":10.2},"geometry":{"type":"Point","coordinates":[76.0984,18.4641]}},{"type":"Feature","properties":{"s":"Maharashtra","v":10.2},"geometry":{"type":"Point","coordinates":[73.1094,20.0106]}},{"type":"Feature","properties":{"s":"Maharashtra","v":10.2},"geometry":{"type":"Point","coordinates":[74.048,16.5276]}},{"type":"Feature","properties":{"s":"Maharashtra","v":10.2},"geometry":{"type":"Point","coordinates":[75.6734,18.469]}},{"type":"Feature","properties":{"s":"Maharashtra","v":10.2},"geometry":{"type":"Point","coordinates":[73.3515,17.0949]}},{"type":"Feature","properties":{"s":"Maharashtra","v":10.2},"geometry":{"type":"Point","coordinates":[76.0219,19.3301]}},{"type":"Feature","properties":{"s":"Maharashtra","v":10.2},"geometry":{"type":"Point","coordinates":[73.6707,16.3673]}},{"type":"Feature","properties":{"s":"Maharashtra","v":10.2},"geometry":{"type":"Point","coordinates":[73.1369,19.3074]}},{"type":"Feature","properties":{"s":"Maharashtra","v":10.2},"geometry":{"type":"Point","coordinates":[74.1825,20.8524]}},{"type":"Feature","properties":{"s":"Maharashtra","v":10.2},"geometry":{"type":"Point","coordinates":[79.9945,20.4206]}},{"type":"Feature","properties":{"s":"Maharashtra","v":10.2},"geometry":{"type":"Point","coordinates":[80.0956,20.9681]}},{"type":"Feature","properties":{"s":"Maharashtra","v":10.2},"geometry":{"type":"Point","coordinates":[73.9369,17.7963]}},{"type":"Feature","properties":{"s":"Maharashtra","v":10.2},"geometry":{"type":"Point","coordinates":[73.8387,18.1501]}},{"type":"Feature","properties":{"s":"Maharashtra","v":10.2},"geometry":{"type":"Point","coordinates":[78.6256,20.2834]}},{"type":"Feature","properties":{"s":"Maharashtra","v":10.2},"geometry":{"type":"Point","coordinates":[75.569,20.7591]}},{"type":"Feature","properties":{"s":"Maharashtra","v":10.2},"geometry":{"type":"Point","coordinates":[78.8944,20.1852]}},{"type":"Feature","properties":{"s":"Maharashtra","v":10.2},"geometry":{"type":"Point","coordinates":[75.3114,19.2233]}},{"type":"Feature","properties":{"s":"Maharashtra","v":10.2},"geometry":{"type":"Point","coordinates":[74.1141,17.6685]}},{"type":"Feature","properties":{"s":"Maharashtra","v":10.2},"geometry":{"type":"Point","coordinates":[78.1722,20.64]}},{"type":"Feature","properties":{"s":"Maharashtra","v":10.2},"geometry":{"type":"Point","coordinates":[74.0191,15.7826]}},{"type":"Feature","properties":{"s":"Maharashtra","v":10.2},"geometry":{"type":"Point","coordinates":[77.5629,18.5841]}},{"type":"Feature","properties":{"s":"Maharashtra","v":10.2},"geometry":{"type":"Point","coordinates":[73.7758,16.1528]}},{"type":"Feature","properties":{"s":"Maharashtra","v":10.2},"geometry":{"type":"Point","coordinates":[75.3018,20.2198]}},{"type":"Feature","properties":{"s":"Maharashtra","v":10.2},"geometry":{"type":"Point","coordinates":[79.4153,20.9775]}},{"type":"Feature","properties":{"s":"Maharashtra","v":10.2},"geometry":{"type":"Point","coordinates":[78.0934,20.7623]}},{"type":"Feature","properties":{"s":"Maharashtra","v":10.2},"geometry":{"type":"Point","coordinates":[75.2591,21.2101]}},{"type":"Feature","properties":{"s":"Maharashtra","v":10.2},"geometry":{"type":"Point","coordinates":[74.8407,17.2409]}},{"type":"Feature","properties":{"s":"Maharashtra","v":10.2},"geometry":{"type":"Point","coordinates":[76.726,19.6705]}},{"type":"Feature","properties":{"s":"Maharashtra","v":10.2},"geometry":{"type":"Point","coordinates":[75.5249,18.6572]}},{"type":"Feature","properties":{"s":"Maharashtra","v":10.2},"geometry":{"type":"Point","coordinates":[73.0347,19.105]}},{"type":"Feature","properties":{"s":"Maharashtra","v":10.2},"geometry":{"type":"Point","coordinates":[73.7304,17.1842]}},{"type":"Feature","properties":{"s":"Maharashtra","v":10.2},"geometry":{"type":"Point","coordinates":[74.5655,17.17]}},{"type":"Feature","properties":{"s":"Maharashtra","v":10.2},"geometry":{"type":"Point","coordinates":[80.6302,19.5449]}},{"type":"Feature","properties":{"s":"Maharashtra","v":10.2},"geometry":{"type":"Point","coordinates":[80.173,20.6642]}},{"type":"Feature","properties":{"s":"Maharashtra","v":10.2},"geometry":{"type":"Point","coordinates":[74.6696,21.3346]}},{"type":"Feature","properties":{"s":"Maharashtra","v":10.2},"geometry":{"type":"Point","coordinates":[74.1032,18.7667]}},{"type":"Feature","properties":{"s":"Maharashtra","v":10.2},"geometry":{"type":"Point","coordinates":[79.1737,21.0218]}},{"type":"Feature","properties":{"s":"Maharashtra","v":10.2},"geometry":{"type":"Point","coordinates":[79.1916,20.9943]}},{"type":"Feature","properties":{"s":"Maharashtra","v":10.2},"geometry":{"type":"Point","coordinates":[76.1686,20.5156]}},{"type":"Feature","properties":{"s":"Maharashtra","v":10.2},"geometry":{"type":"Point","coordinates":[79.7061,19.939]}},{"type":"Feature","properties":{"s":"Maharashtra","v":10.2},"geometry":{"type":"Point","coordinates":[75.3113,18.1957]}},{"type":"Feature","properties":{"s":"Maharashtra","v":10.2},"geometry":{"type":"Point","coordinates":[74.1507,17.8744]}},{"type":"Feature","properties":{"s":"Maharashtra","v":10.2},"geometry":{"type":"Point","coordinates":[78.9773,19.8182]}},{"type":"Feature","properties":{"s":"Maharashtra","v":10.2},"geometry":{"type":"Point","coordinates":[73.2351,19.8896]}},{"type":"Feature","properties":{"s":"Maharashtra","v":10.2},"geometry":{"type":"Point","coordinates":[80.0663,19.3768]}},{"type":"Feature","properties":{"s":"Maharashtra","v":10.2},"geometry":{"type":"Point","coordinates":[73.2021,18.1463]}},{"type":"Feature","properties":{"s":"Maharashtra","v":10.2},"geometry":{"type":"Point","coordinates":[73.7871,17.534]}},{"type":"Feature","properties":{"s":"Maharashtra","v":10.2},"geometry":{"type":"Point","coordinates":[74.3513,17.8276]}},{"type":"Feature","properties":{"s":"Maharashtra","v":10.2},"geometry":{"type":"Point","coordinates":[75.4032,19.7901]}},{"type":"Feature","properties":{"s":"Maharashtra","v":10.2},"geometry":{"type":"Point","coordinates":[76.9314,19.4491]}},{"type":"Feature","properties":{"s":"Maharashtra","v":10.2},"geometry":{"type":"Point","coordinates":[75.5367,19.0154]}},{"type":"Feature","properties":{"s":"Maharashtra","v":10.2},"geometry":{"type":"Point","coordinates":[74.5896,20.2319]}},{"type":"Feature","properties":{"s":"Maharashtra","v":10.2},"geometry":{"type":"Point","coordinates":[73.7473,19.628]}},{"type":"Feature","properties":{"s":"Maharashtra","v":10.2},"geometry":{"type":"Point","coordinates":[74.3013,19.098]}},{"type":"Feature","properties":{"s":"Maharashtra","v":10.2},"geometry":{"type":"Point","coordinates":[74.8046,17.5475]}},{"type":"Feature","properties":{"s":"Maharashtra","v":10.2},"geometry":{"type":"Point","coordinates":[75.7405,18.8374]}},{"type":"Feature","properties":{"s":"Maharashtra","v":10.2},"geometry":{"type":"Point","coordinates":[75.9365,17.7522]}},{"type":"Feature","properties":{"s":"Maharashtra","v":10.2},"geometry":{"type":"Point","coordinates":[79.678,19.6024]}},{"type":"Feature","properties":{"s":"Maharashtra","v":10.2},"geometry":{"type":"Point","coordinates":[76.6033,20.456]}},{"type":"Feature","properties":{"s":"Maharashtra","v":10.2},"geometry":{"type":"Point","coordinates":[76.7921,18.0584]}},{"type":"Feature","properties":{"s":"Maharashtra","v":10.2},"geometry":{"type":"Point","coordinates":[73.487,16.8785]}},{"type":"Feature","properties":{"s":"Maharashtra","v":10.2},"geometry":{"type":"Point","coordinates":[78.7203,21.083]}},{"type":"Feature","properties":{"s":"Maharashtra","v":10.2},"geometry":{"type":"Point","coordinates":[76.1435,19.3129]}},{"type":"Feature","properties":{"s":"Maharashtra","v":10.2},"geometry":{"type":"Point","coordinates":[79.8451,20.6751]}},{"type":"Feature","properties":{"s":"Maharashtra","v":10.2},"geometry":{"type":"Point","coordinates":[74.5769,19.3998]}},{"type":"Feature","properties":{"s":"Maharashtra","v":10.2},"geometry":{"type":"Point","coordinates":[73.5002,17.6866]}},{"type":"Feature","properties":{"s":"Maharashtra","v":10.2},"geometry":{"type":"Point","coordinates":[74.8878,16.9529]}},{"type":"Feature","properties":{"s":"Maharashtra","v":10.2},"geometry":{"type":"Point","coordinates":[78.1243,20.0967]}},{"type":"Feature","properties":{"s":"Maharashtra","v":10.2},"geometry":{"type":"Point","coordinates":[74.9104,17.5208]}},{"type":"Feature","properties":{"s":"Maharashtra","v":10.2},"geometry":{"type":"Point","coordinates":[73.6684,20.4833]}},{"type":"Feature","properties":{"s":"Maharashtra","v":10.2},"geometry":{"type":"Point","coordinates":[76.9386,20.4352]}},{"type":"Feature","properties":{"s":"Maharashtra","v":10.2},"geometry":{"type":"Point","coordinates":[77.4262,20.0649]}},{"type":"Feature","properties":{"s":"Maharashtra","v":10.2},"geometry":{"type":"Point","coordinates":[74.2743,18.0662]}},{"type":"Feature","properties":{"s":"Maharashtra","v":10.2},"geometry":{"type":"Point","coordinates":[76.4769,19.7317]}},{"type":"Feature","properties":{"s":"Maharashtra","v":10.2},"geometry":{"type":"Point","coordinates":[73.7399,18.7426]}},{"type":"Feature","properties":{"s":"Maharashtra","v":10.2},"geometry":{"type":"Point","coordinates":[75.69,21.0798]}},{"type":"Feature","properties":{"s":"Maharashtra","v":10.2},"geometry":{"type":"Point","coordinates":[74.0608,16.4434]}},{"type":"Feature","properties":{"s":"Maharashtra","v":10.2},"geometry":{"type":"Point","coordinates":[73.5871,18.0982]}},{"type":"Feature","properties":{"s":"Maharashtra","v":10.2},"geometry":{"type":"Point","coordinates":[79.2385,20.2734]}},{"type":"Feature","properties":{"s":"Maharashtra","v":10.2},"geometry":{"type":"Point","coordinates":[76.7323,20.3727]}},{"type":"Feature","properties":{"s":"Maharashtra","v":10.2},"geometry":{"type":"Point","coordinates":[80.5559,20.5743]}},{"type":"Feature","properties":{"s":"Maharashtra","v":10.2},"geometry":{"type":"Point","coordinates":[74.3461,16.7418]}},{"type":"Feature","properties":{"s":"Maharashtra","v":10.2},"geometry":{"type":"Point","coordinates":[80.1939,19.3932]}},{"type":"Feature","properties":{"s":"Maharashtra","v":10.2},"geometry":{"type":"Point","coordinates":[75.5418,16.9967]}},{"type":"Feature","properties":{"s":"Maharashtra","v":10.2},"geometry":{"type":"Point","coordinates":[74.6366,18.1001]}},{"type":"Feature","properties":{"s":"Maharashtra","v":10.2},"geometry":{"type":"Point","coordinates":[79.1977,20.0409]}},{"type":"Feature","properties":{"s":"Maharashtra","v":10.2},"geometry":{"type":"Point","coordinates":[76.9377,18.6232]}},{"type":"Feature","properties":{"s":"Maharashtra","v":10.2},"geometry":{"type":"Point","coordinates":[73.8699,20.2543]}},{"type":"Feature","properties":{"s":"Maharashtra","v":10.2},"geometry":{"type":"Point","coordinates":[80.1005,19.7067]}},{"type":"Feature","properties":{"s":"Maharashtra","v":10.2},"geometry":{"type":"Point","coordinates":[74.5722,20.393]}},{"type":"Feature","properties":{"s":"Maharashtra","v":10.2},"geometry":{"type":"Point","coordinates":[76.2456,17.5727]}},{"type":"Feature","properties":{"s":"Maharashtra","v":10.2},"geometry":{"type":"Point","coordinates":[79.572,19.5636]}},{"type":"Feature","properties":{"s":"Maharashtra","v":10.2},"geometry":{"type":"Point","coordinates":[75.5881,20.9108]}},{"type":"Feature","properties":{"s":"Maharashtra","v":10.2},"geometry":{"type":"Point","coordinates":[75.7864,18.1639]}},{"type":"Feature","properties":{"s":"Maharashtra","v":10.2},"geometry":{"type":"Point","coordinates":[73.8416,20.4075]}},{"type":"Feature","properties":{"s":"Maharashtra","v":10.2},"geometry":{"type":"Point","coordinates":[74.5137,18.5365]}},{"type":"Feature","properties":{"s":"Daman & Diu","v":11.7},"geometry":{"type":"Point","coordinates":[72.8455,20.4067]}},{"type":"Feature","properties":{"s":"Daman & Diu","v":11.7},"geometry":{"type":"Point","coordinates":[72.8549,20.4246]}},{"type":"Feature","properties":{"s":"Daman & Diu","v":11.7},"geometry":{"type":"Point","coordinates":[72.8347,20.4039]}},{"type":"Feature","properties":{"s":"Daman & Diu","v":11.7},"geometry":{"type":"Point","coordinates":[72.8554,20.4296]}},{"type":"Feature","properties":{"s":"Daman & Diu","v":11.7},"geometry":{"type":"Point","coordinates":[72.8521,20.4419]}},{"type":"Feature","properties":{"s":"Daman & Diu","v":11.7},"geometry":{"type":"Point","coordinates":[72.8401,20.416]}},{"type":"Feature","properties":{"s":"Daman & Diu","v":11.7},"geometry":{"type":"Point","coordinates":[72.8544,20.448]}},{"type":"Feature","properties":{"s":"Daman & Diu","v":11.7},"geometry":{"type":"Point","coordinates":[72.8501,20.4273]}},{"type":"Feature","properties":{"s":"Daman & Diu","v":11.7},"geometry":{"type":"Point","coordinates":[72.8396,20.4031]}},{"type":"Feature","properties":{"s":"Daman & Diu","v":11.7},"geometry":{"type":"Point","coordinates":[72.8313,20.3962]}},{"type":"Feature","properties":{"s":"Daman & Diu","v":11.7},"geometry":{"type":"Point","coordinates":[72.8376,20.3922]}},{"type":"Feature","properties":{"s":"Daman & Diu","v":11.7},"geometry":{"type":"Point","coordinates":[72.8426,20.4078]}},{"type":"Feature","properties":{"s":"Daman & Diu","v":11.7},"geometry":{"type":"Point","coordinates":[72.8442,20.4129]}},{"type":"Feature","properties":{"s":"Daman & Diu","v":11.7},"geometry":{"type":"Point","coordinates":[72.8556,20.4311]}},{"type":"Feature","properties":{"s":"Daman & Diu","v":11.7},"geometry":{"type":"Point","coordinates":[72.8542,20.4379]}},{"type":"Feature","properties":{"s":"Daman & Diu","v":11.7},"geometry":{"type":"Point","coordinates":[72.837,20.4041]}},{"type":"Feature","properties":{"s":"Daman & Diu","v":11.7},"geometry":{"type":"Point","coordinates":[72.851,20.4527]}},{"type":"Feature","properties":{"s":"Daman & Diu","v":11.7},"geometry":{"type":"Point","coordinates":[72.8522,20.4536]}},{"type":"Feature","properties":{"s":"Daman & Diu","v":11.7},"geometry":{"type":"Point","coordinates":[72.8503,20.4098]}},{"type":"Feature","properties":{"s":"Daman & Diu","v":11.7},"geometry":{"type":"Point","coordinates":[72.8561,20.4401]}},{"type":"Feature","properties":{"s":"Daman & Diu","v":11.7},"geometry":{"type":"Point","coordinates":[72.8428,20.4092]}},{"type":"Feature","properties":{"s":"Daman & Diu","v":11.7},"geometry":{"type":"Point","coordinates":[72.8495,20.4297]}},{"type":"Feature","properties":{"s":"Daman & Diu","v":11.7},"geometry":{"type":"Point","coordinates":[72.83,20.3897]}},{"type":"Feature","properties":{"s":"Daman & Diu","v":11.7},"geometry":{"type":"Point","coordinates":[72.8462,20.4082]}},{"type":"Feature","properties":{"s":"Daman & Diu","v":11.7},"geometry":{"type":"Point","coordinates":[72.8465,20.4143]}},{"type":"Feature","properties":{"s":"Daman & Diu","v":11.7},"geometry":{"type":"Point","coordinates":[72.8444,20.4129]}},{"type":"Feature","properties":{"s":"Daman & Diu","v":11.7},"geometry":{"type":"Point","coordinates":[72.8479,20.4453]}},{"type":"Feature","properties":{"s":"Daman & Diu","v":11.7},"geometry":{"type":"Point","coordinates":[72.8522,20.4199]}},{"type":"Feature","properties":{"s":"Daman & Diu","v":11.7},"geometry":{"type":"Point","coordinates":[72.8435,20.4192]}},{"type":"Feature","properties":{"s":"Daman & Diu","v":11.7},"geometry":{"type":"Point","coordinates":[72.8357,20.4009]}},{"type":"Feature","properties":{"s":"Daman & Diu","v":11.7},"geometry":{"type":"Point","coordinates":[72.8512,20.4332]}},{"type":"Feature","properties":{"s":"Daman & Diu","v":11.7},"geometry":{"type":"Point","coordinates":[72.8521,20.4286]}},{"type":"Feature","properties":{"s":"Daman & Diu","v":11.7},"geometry":{"type":"Point","coordinates":[72.8537,20.456]}},{"type":"Feature","properties":{"s":"Daman & Diu","v":11.7},"geometry":{"type":"Point","coordinates":[72.8481,20.421]}},{"type":"Feature","properties":{"s":"Daman & Diu","v":11.7},"geometry":{"type":"Point","coordinates":[72.8515,20.4255]}},{"type":"Feature","properties":{"s":"Daman & Diu","v":11.7},"geometry":{"type":"Point","coordinates":[72.8449,20.4088]}},{"type":"Feature","properties":{"s":"Daman & Diu","v":11.7},"geometry":{"type":"Point","coordinates":[72.8503,20.4229]}},{"type":"Feature","properties":{"s":"Daman & Diu","v":11.7},"geometry":{"type":"Point","coordinates":[72.8327,20.3957]}},{"type":"Feature","properties":{"s":"Daman & Diu","v":11.7},"geometry":{"type":"Point","coordinates":[72.8314,20.3928]}},{"type":"Feature","properties":{"s":"Daman & Diu","v":11.7},"geometry":{"type":"Point","coordinates":[72.8417,20.4237]}},{"type":"Feature","properties":{"s":"Daman & Diu","v":11.7},"geometry":{"type":"Point","coordinates":[72.8474,20.4288]}},{"type":"Feature","properties":{"s":"Daman & Diu","v":11.7},"geometry":{"type":"Point","coordinates":[72.8299,20.3844]}},{"type":"Feature","properties":{"s":"Daman & Diu","v":11.7},"geometry":{"type":"Point","coordinates":[72.8449,20.4053]}},{"type":"Feature","properties":{"s":"Daman & Diu","v":11.7},"geometry":{"type":"Point","coordinates":[72.8554,20.4317]}},{"type":"Feature","properties":{"s":"Daman & Diu","v":11.7},"geometry":{"type":"Point","coordinates":[72.8436,20.4187]}},{"type":"Feature","properties":{"s":"Daman & Diu","v":11.7},"geometry":{"type":"Point","coordinates":[72.8495,20.4183]}},{"type":"Feature","properties":{"s":"Daman & Diu","v":11.7},"geometry":{"type":"Point","coordinates":[72.8534,20.4218]}},{"type":"Feature","properties":{"s":"Daman & Diu","v":11.7},"geometry":{"type":"Point","coordinates":[72.843,20.41]}},{"type":"Feature","properties":{"s":"Daman & Diu","v":11.7},"geometry":{"type":"Point","coordinates":[72.8452,20.4159]}},{"type":"Feature","properties":{"s":"Daman & Diu","v":11.7},"geometry":{"type":"Point","coordinates":[72.8481,20.4393]}},{"type":"Feature","properties":{"s":"Daman & Diu","v":11.7},"geometry":{"type":"Point","coordinates":[72.8535,20.4545]}},{"type":"Feature","properties":{"s":"Daman & Diu","v":11.7},"geometry":{"type":"Point","coordinates":[72.854,20.438]}},{"type":"Feature","properties":{"s":"Daman & Diu","v":11.7},"geometry":{"type":"Point","coordinates":[72.8401,20.3981]}},{"type":"Feature","properties":{"s":"Daman & Diu","v":11.7},"geometry":{"type":"Point","coordinates":[72.8349,20.3937]}},{"type":"Feature","properties":{"s":"Daman & Diu","v":11.7},"geometry":{"type":"Point","coordinates":[72.8434,20.4249]}},{"type":"Feature","properties":{"s":"Daman & Diu","v":11.7},"geometry":{"type":"Point","coordinates":[72.8346,20.4048]}},{"type":"Feature","properties":{"s":"Daman & Diu","v":11.7},"geometry":{"type":"Point","coordinates":[72.855,20.4565]}},{"type":"Feature","properties":{"s":"Daman & Diu","v":11.7},"geometry":{"type":"Point","coordinates":[72.8409,20.4135]}},{"type":"Feature","properties":{"s":"Daman & Diu","v":11.7},"geometry":{"type":"Point","coordinates":[72.8456,20.4208]}},{"type":"Feature","properties":{"s":"Daman & Diu","v":11.7},"geometry":{"type":"Point","coordinates":[72.8546,20.4247]}},{"type":"Feature","properties":{"s":"Daman & Diu","v":11.7},"geometry":{"type":"Point","coordinates":[72.84,20.4135]}},{"type":"Feature","properties":{"s":"Daman & Diu","v":11.7},"geometry":{"type":"Point","coordinates":[72.8512,20.4291]}},{"type":"Feature","properties":{"s":"Daman & Diu","v":11.7},"geometry":{"type":"Point","coordinates":[72.8541,20.4175]}},{"type":"Feature","properties":{"s":"Daman & Diu","v":11.7},"geometry":{"type":"Point","coordinates":[72.8487,20.4145]}},{"type":"Feature","properties":{"s":"Daman & Diu","v":11.7},"geometry":{"type":"Point","coordinates":[72.854,20.4564]}},{"type":"Feature","properties":{"s":"Daman & Diu","v":11.7},"geometry":{"type":"Point","coordinates":[72.8305,20.3878]}},{"type":"Feature","properties":{"s":"Daman & Diu","v":11.7},"geometry":{"type":"Point","coordinates":[72.8484,20.418]}},{"type":"Feature","properties":{"s":"Daman & Diu","v":11.7},"geometry":{"type":"Point","coordinates":[72.8495,20.4204]}},{"type":"Feature","properties":{"s":"Daman & Diu","v":11.7},"geometry":{"type":"Point","coordinates":[72.8388,20.4125]}},{"type":"Feature","properties":{"s":"Daman & Diu","v":11.7},"geometry":{"type":"Point","coordinates":[72.844,20.4097]}},{"type":"Feature","properties":{"s":"Daman & Diu","v":11.7},"geometry":{"type":"Point","coordinates":[72.8317,20.3963]}},{"type":"Feature","properties":{"s":"Daman & Diu","v":11.7},"geometry":{"type":"Point","coordinates":[72.8517,20.4374]}},{"type":"Feature","properties":{"s":"Daman & Diu","v":11.7},"geometry":{"type":"Point","coordinates":[72.8402,20.4084]}},{"type":"Feature","properties":{"s":"Daman & Diu","v":11.7},"geometry":{"type":"Point","coordinates":[72.8314,20.3845]}},{"type":"Feature","properties":{"s":"Daman & Diu","v":11.7},"geometry":{"type":"Point","coordinates":[72.8524,20.4369]}},{"type":"Feature","properties":{"s":"Daman & Diu","v":11.7},"geometry":{"type":"Point","coordinates":[72.8492,20.4091]}},{"type":"Feature","properties":{"s":"Daman & Diu","v":11.7},"geometry":{"type":"Point","coordinates":[72.8515,20.4354]}},{"type":"Feature","properties":{"s":"Daman & Diu","v":11.7},"geometry":{"type":"Point","coordinates":[72.8313,20.3893]}},{"type":"Feature","properties":{"s":"Daman & Diu","v":11.7},"geometry":{"type":"Point","coordinates":[72.8495,20.4404]}},{"type":"Feature","properties":{"s":"Daman & Diu","v":11.7},"geometry":{"type":"Point","coordinates":[72.8498,20.4156]}},{"type":"Feature","properties":{"s":"Daman & Diu","v":11.7},"geometry":{"type":"Point","coordinates":[72.8454,20.4074]}},{"type":"Feature","properties":{"s":"Daman & Diu","v":11.7},"geometry":{"type":"Point","coordinates":[72.8553,20.4239]}},{"type":"Feature","properties":{"s":"Daman & Diu","v":11.7},"geometry":{"type":"Point","coordinates":[72.8474,20.4052]}},{"type":"Feature","properties":{"s":"Daman & Diu","v":11.7},"geometry":{"type":"Point","coordinates":[72.8331,20.395]}},{"type":"Feature","properties":{"s":"Daman & Diu","v":11.7},"geometry":{"type":"Point","coordinates":[72.8514,20.4268]}},{"type":"Feature","properties":{"s":"Daman & Diu","v":11.7},"geometry":{"type":"Point","coordinates":[72.828,20.3797]}},{"type":"Feature","properties":{"s":"Daman & Diu","v":11.7},"geometry":{"type":"Point","coordinates":[72.8547,20.4267]}},{"type":"Feature","properties":{"s":"Daman & Diu","v":11.7},"geometry":{"type":"Point","coordinates":[72.8375,20.4008]}},{"type":"Feature","properties":{"s":"Daman & Diu","v":11.7},"geometry":{"type":"Point","coordinates":[72.8456,20.4067]}},{"type":"Feature","properties":{"s":"Daman & Diu","v":11.7},"geometry":{"type":"Point","coordinates":[72.84,20.4115]}},{"type":"Feature","properties":{"s":"Daman & Diu","v":11.7},"geometry":{"type":"Point","coordinates":[72.846,20.4329]}},{"type":"Feature","properties":{"s":"Daman & Diu","v":11.7},"geometry":{"type":"Point","coordinates":[72.8499,20.4454]}},{"type":"Feature","properties":{"s":"Daman & Diu","v":11.7},"geometry":{"type":"Point","coordinates":[72.8397,20.4046]}},{"type":"Feature","properties":{"s":"Daman & Diu","v":11.7},"geometry":{"type":"Point","coordinates":[72.8479,20.4275]}},{"type":"Feature","properties":{"s":"Daman & Diu","v":11.7},"geometry":{"type":"Point","coordinates":[72.8376,20.4091]}},{"type":"Feature","properties":{"s":"Daman & Diu","v":11.7},"geometry":{"type":"Point","coordinates":[72.832,20.3893]}},{"type":"Feature","properties":{"s":"Daman & Diu","v":11.7},"geometry":{"type":"Point","coordinates":[72.8305,20.3819]}},{"type":"Feature","properties":{"s":"Daman & Diu","v":11.7},"geometry":{"type":"Point","coordinates":[72.8408,20.4084]}},{"type":"Feature","properties":{"s":"Daman & Diu","v":11.7},"geometry":{"type":"Point","coordinates":[72.8423,20.4228]}},{"type":"Feature","properties":{"s":"Daman & Diu","v":11.7},"geometry":{"type":"Point","coordinates":[72.839,20.4187]}},{"type":"Feature","properties":{"s":"Daman & Diu","v":11.7},"geometry":{"type":"Point","coordinates":[72.8543,20.4211]}},{"type":"Feature","properties":{"s":"Daman & Diu","v":11.7},"geometry":{"type":"Point","coordinates":[72.84,20.4181]}},{"type":"Feature","properties":{"s":"Daman & Diu","v":11.7},"geometry":{"type":"Point","coordinates":[72.8456,20.4263]}},{"type":"Feature","properties":{"s":"Daman & Diu","v":11.7},"geometry":{"type":"Point","coordinates":[72.8318,20.3929]}},{"type":"Feature","properties":{"s":"Daman & Diu","v":11.7},"geometry":{"type":"Point","coordinates":[72.8514,20.43]}},{"type":"Feature","properties":{"s":"Daman & Diu","v":11.7},"geometry":{"type":"Point","coordinates":[72.8508,20.413]}},{"type":"Feature","properties":{"s":"Daman & Diu","v":11.7},"geometry":{"type":"Point","coordinates":[72.8475,20.4146]}},{"type":"Feature","properties":{"s":"Daman & Diu","v":11.7},"geometry":{"type":"Point","coordinates":[72.8535,20.4202]}},{"type":"Feature","properties":{"s":"Daman & Diu","v":11.7},"geometry":{"type":"Point","coordinates":[72.8554,20.4249]}},{"type":"Feature","properties":{"s":"Daman & Diu","v":11.7},"geometry":{"type":"Point","coordinates":[72.8337,20.3931]}},{"type":"Feature","properties":{"s":"Daman & Diu","v":11.7},"geometry":{"type":"Point","coordinates":[72.8324,20.4]}},{"type":"Feature","properties":{"s":"Daman & Diu","v":11.7},"geometry":{"type":"Point","coordinates":[72.855,20.4171]}},{"type":"Feature","properties":{"s":"Daman & Diu","v":11.7},"geometry":{"type":"Point","coordinates":[72.8449,20.4154]}},{"type":"Feature","properties":{"s":"Daman & Diu","v":11.7},"geometry":{"type":"Point","coordinates":[72.8372,20.4075]}},{"type":"Feature","properties":{"s":"Daman & Diu","v":11.7},"geometry":{"type":"Point","coordinates":[72.8516,20.441]}},{"type":"Feature","properties":{"s":"Daman & Diu","v":11.7},"geometry":{"type":"Point","coordinates":[72.8326,20.3838]}},{"type":"Feature","properties":{"s":"Daman & Diu","v":11.7},"geometry":{"type":"Point","coordinates":[72.8531,20.4302]}},{"type":"Feature","properties":{"s":"Daman & Diu","v":11.7},"geometry":{"type":"Point","coordinates":[72.8477,20.436]}},{"type":"Feature","properties":{"s":"Daman & Diu","v":11.7},"geometry":{"type":"Point","coordinates":[72.8281,20.378]}},{"type":"Feature","properties":{"s":"Daman & Diu","v":11.7},"geometry":{"type":"Point","coordinates":[72.838,20.4025]}},{"type":"Feature","properties":{"s":"Daman & Diu","v":11.7},"geometry":{"type":"Point","coordinates":[72.8559,20.4249]}},{"type":"Feature","properties":{"s":"Daman & Diu","v":11.7},"geometry":{"type":"Point","coordinates":[72.8543,20.4618]}},{"type":"Feature","properties":{"s":"Daman & Diu","v":11.7},"geometry":{"type":"Point","coordinates":[72.849,20.4148]}},{"type":"Feature","properties":{"s":"Daman & Diu","v":11.7},"geometry":{"type":"Point","coordinates":[72.8508,20.4197]}},{"type":"Feature","properties":{"s":"Daman & Diu","v":11.7},"geometry":{"type":"Point","coordinates":[72.8341,20.3941]}},{"type":"Feature","properties":{"s":"Daman & Diu","v":11.7},"geometry":{"type":"Point","coordinates":[72.8506,20.4229]}},{"type":"Feature","properties":{"s":"Daman & Diu","v":11.7},"geometry":{"type":"Point","coordinates":[72.8503,20.4446]}},{"type":"Feature","properties":{"s":"Daman & Diu","v":11.7},"geometry":{"type":"Point","coordinates":[72.8462,20.4092]}},{"type":"Feature","properties":{"s":"Daman & Diu","v":11.7},"geometry":{"type":"Point","coordinates":[72.8369,20.4089]}},{"type":"Feature","properties":{"s":"Daman & Diu","v":11.7},"geometry":{"type":"Point","coordinates":[72.8458,20.4369]}},{"type":"Feature","properties":{"s":"Daman & Diu","v":11.7},"geometry":{"type":"Point","coordinates":[72.8495,20.4318]}},{"type":"Feature","properties":{"s":"Daman & Diu","v":11.7},"geometry":{"type":"Point","coordinates":[72.8339,20.3954]}},{"type":"Feature","properties":{"s":"Daman & Diu","v":11.7},"geometry":{"type":"Point","coordinates":[72.8466,20.4322]}},{"type":"Feature","properties":{"s":"Daman & Diu","v":11.7},"geometry":{"type":"Point","coordinates":[72.8552,20.4608]}},{"type":"Feature","properties":{"s":"Daman & Diu","v":11.7},"geometry":{"type":"Point","coordinates":[72.8305,20.3941]}},{"type":"Feature","properties":{"s":"Daman & Diu","v":11.7},"geometry":{"type":"Point","coordinates":[72.8538,20.4185]}},{"type":"Feature","properties":{"s":"Daman & Diu","v":11.7},"geometry":{"type":"Point","coordinates":[72.8242,20.376]}},{"type":"Feature","properties":{"s":"Daman & Diu","v":11.7},"geometry":{"type":"Point","coordinates":[72.8482,20.4156]}},{"type":"Feature","properties":{"s":"Daman & Diu","v":11.7},"geometry":{"type":"Point","coordinates":[72.8302,20.3869]}},{"type":"Feature","properties":{"s":"Daman & Diu","v":11.7},"geometry":{"type":"Point","coordinates":[72.8509,20.4158]}},{"type":"Feature","properties":{"s":"Daman & Diu","v":11.7},"geometry":{"type":"Point","coordinates":[72.8521,20.4242]}},{"type":"Feature","properties":{"s":"Daman & Diu","v":11.7},"geometry":{"type":"Point","coordinates":[72.8419,20.4274]}},{"type":"Feature","properties":{"s":"Daman & Diu","v":11.7},"geometry":{"type":"Point","coordinates":[72.8462,20.4392]}},{"type":"Feature","properties":{"s":"Daman & Diu","v":11.7},"geometry":{"type":"Point","coordinates":[72.8396,20.4079]}},{"type":"Feature","properties":{"s":"Daman & Diu","v":11.7},"geometry":{"type":"Point","coordinates":[72.8323,20.3905]}},{"type":"Feature","properties":{"s":"Daman & Diu","v":11.7},"geometry":{"type":"Point","coordinates":[72.8431,20.411]}},{"type":"Feature","properties":{"s":"Daman & Diu","v":11.7},"geometry":{"type":"Point","coordinates":[72.8219,20.3694]}},{"type":"Feature","properties":{"s":"Daman & Diu","v":11.7},"geometry":{"type":"Point","coordinates":[72.8374,20.4026]}},{"type":"Feature","properties":{"s":"Daman & Diu","v":11.7},"geometry":{"type":"Point","coordinates":[72.8263,20.381]}},{"type":"Feature","properties":{"s":"Daman & Diu","v":11.7},"geometry":{"type":"Point","coordinates":[72.8554,20.463]}},{"type":"Feature","properties":{"s":"Daman & Diu","v":11.7},"geometry":{"type":"Point","coordinates":[72.8434,20.4096]}},{"type":"Feature","properties":{"s":"Daman & Diu","v":11.7},"geometry":{"type":"Point","coordinates":[72.8523,20.4402]}},{"type":"Feature","properties":{"s":"Daman & Diu","v":11.7},"geometry":{"type":"Point","coordinates":[72.8444,20.4124]}},{"type":"Feature","properties":{"s":"Daman & Diu","v":11.7},"geometry":{"type":"Point","coordinates":[72.8456,20.4068]}},{"type":"Feature","properties":{"s":"Daman & Diu","v":11.7},"geometry":{"type":"Point","coordinates":[72.845,20.4194]}},{"type":"Feature","properties":{"s":"Daman & Diu","v":11.7},"geometry":{"type":"Point","coordinates":[72.8475,20.4333]}},{"type":"Feature","properties":{"s":"Daman & Diu","v":11.7},"geometry":{"type":"Point","coordinates":[72.8552,20.421]}},{"type":"Feature","properties":{"s":"Daman & Diu","v":11.7},"geometry":{"type":"Point","coordinates":[72.8557,20.4287]}},{"type":"Feature","properties":{"s":"Daman & Diu","v":11.7},"geometry":{"type":"Point","coordinates":[72.848,20.426]}},{"type":"Feature","properties":{"s":"Daman & Diu","v":11.7},"geometry":{"type":"Point","coordinates":[72.8558,20.4357]}},{"type":"Feature","properties":{"s":"Daman & Diu","v":11.7},"geometry":{"type":"Point","coordinates":[72.8438,20.4274]}},{"type":"Feature","properties":{"s":"Daman & Diu","v":11.7},"geometry":{"type":"Point","coordinates":[72.8537,20.4481]}},{"type":"Feature","properties":{"s":"Daman & Diu","v":11.7},"geometry":{"type":"Point","coordinates":[72.8432,20.4028]}},{"type":"Feature","properties":{"s":"Daman & Diu","v":11.7},"geometry":{"type":"Point","coordinates":[72.8484,20.4348]}},{"type":"Feature","properties":{"s":"Daman & Diu","v":11.7},"geometry":{"type":"Point","coordinates":[72.8351,20.3914]}},{"type":"Feature","properties":{"s":"Daman & Diu","v":11.7},"geometry":{"type":"Point","coordinates":[72.8475,20.4224]}},{"type":"Feature","properties":{"s":"Daman & Diu","v":11.7},"geometry":{"type":"Point","coordinates":[72.8448,20.4221]}},{"type":"Feature","properties":{"s":"Daman & Diu","v":11.7},"geometry":{"type":"Point","coordinates":[72.8483,20.4259]}},{"type":"Feature","properties":{"s":"Daman & Diu","v":11.7},"geometry":{"type":"Point","coordinates":[72.8419,20.4034]}},{"type":"Feature","properties":{"s":"Daman & Diu","v":11.7},"geometry":{"type":"Point","coordinates":[72.8534,20.439]}},{"type":"Feature","properties":{"s":"Daman & Diu","v":11.7},"geometry":{"type":"Point","coordinates":[72.8338,20.3991]}},{"type":"Feature","properties":{"s":"Daman & Diu","v":11.7},"geometry":{"type":"Point","coordinates":[72.8506,20.4352]}},{"type":"Feature","properties":{"s":"Daman & Diu","v":11.7},"geometry":{"type":"Point","coordinates":[72.8454,20.4029]}},{"type":"Feature","properties":{"s":"Daman & Diu","v":11.7},"geometry":{"type":"Point","coordinates":[72.8378,20.3979]}},{"type":"Feature","properties":{"s":"Daman & Diu","v":11.7},"geometry":{"type":"Point","coordinates":[72.8538,20.4428]}},{"type":"Feature","properties":{"s":"Daman & Diu","v":11.7},"geometry":{"type":"Point","coordinates":[72.8358,20.4057]}},{"type":"Feature","properties":{"s":"Daman & Diu","v":11.7},"geometry":{"type":"Point","coordinates":[72.8473,20.4165]}},{"type":"Feature","properties":{"s":"Daman & Diu","v":11.7},"geometry":{"type":"Point","coordinates":[72.8517,20.4151]}},{"type":"Feature","properties":{"s":"Daman & Diu","v":11.7},"geometry":{"type":"Point","coordinates":[72.8379,20.4059]}},{"type":"Feature","properties":{"s":"Daman & Diu","v":11.7},"geometry":{"type":"Point","coordinates":[72.8556,20.4654]}},{"type":"Feature","properties":{"s":"Daman & Diu","v":11.7},"geometry":{"type":"Point","coordinates":[72.8544,20.4529]}},{"type":"Feature","properties":{"s":"Daman & Diu","v":11.7},"geometry":{"type":"Point","coordinates":[72.8472,20.417]}},{"type":"Feature","properties":{"s":"Daman & Diu","v":11.7},"geometry":{"type":"Point","coordinates":[72.8449,20.4303]}},{"type":"Feature","properties":{"s":"Daman & Diu","v":11.7},"geometry":{"type":"Point","coordinates":[72.8539,20.4255]}},{"type":"Feature","properties":{"s":"Daman & Diu","v":11.7},"geometry":{"type":"Point","coordinates":[72.8423,20.4022]}},{"type":"Feature","properties":{"s":"Daman & Diu","v":11.7},"geometry":{"type":"Point","coordinates":[72.8428,20.4286]}},{"type":"Feature","properties":{"s":"Daman & Diu","v":11.7},"geometry":{"type":"Point","coordinates":[72.8531,20.4232]}},{"type":"Feature","properties":{"s":"Daman & Diu","v":11.7},"geometry":{"type":"Point","coordinates":[72.8338,20.4029]}},{"type":"Feature","properties":{"s":"Daman & Diu","v":11.7},"geometry":{"type":"Point","coordinates":[72.856,20.4253]}},{"type":"Feature","properties":{"s":"Daman & Diu","v":11.7},"geometry":{"type":"Point","coordinates":[72.8448,20.4071]}},{"type":"Feature","properties":{"s":"Daman & Diu","v":11.7},"geometry":{"type":"Point","coordinates":[72.8306,20.3863]}},{"type":"Feature","properties":{"s":"Daman & Diu","v":11.7},"geometry":{"type":"Point","coordinates":[72.8424,20.4088]}},{"type":"Feature","properties":{"s":"Daman & Diu","v":11.7},"geometry":{"type":"Point","coordinates":[72.8509,20.4279]}},{"type":"Feature","properties":{"s":"Daman & Diu","v":11.7},"geometry":{"type":"Point","coordinates":[72.8532,20.4568]}},{"type":"Feature","properties":{"s":"Daman & Diu","v":11.7},"geometry":{"type":"Point","coordinates":[72.8467,20.4378]}},{"type":"Feature","properties":{"s":"Daman & Diu","v":11.7},"geometry":{"type":"Point","coordinates":[72.8484,20.4189]}},{"type":"Feature","properties":{"s":"Daman & Diu","v":11.7},"geometry":{"type":"Point","coordinates":[72.8546,20.4623]}},{"type":"Feature","properties":{"s":"Daman & Diu","v":11.7},"geometry":{"type":"Point","coordinates":[72.8502,20.4472]}},{"type":"Feature","properties":{"s":"Daman & Diu","v":11.7},"geometry":{"type":"Point","coordinates":[72.853,20.4171]}},{"type":"Feature","properties":{"s":"Daman & Diu","v":11.7},"geometry":{"type":"Point","coordinates":[72.8332,20.3921]}},{"type":"Feature","properties":{"s":"Daman & Diu","v":11.7},"geometry":{"type":"Point","coordinates":[72.8497,20.4166]}},{"type":"Feature","properties":{"s":"Daman & Diu","v":11.7},"geometry":{"type":"Point","coordinates":[72.8556,20.428]}},{"type":"Feature","properties":{"s":"Daman & Diu","v":11.7},"geometry":{"type":"Point","coordinates":[72.8487,20.4426]}},{"type":"Feature","properties":{"s":"Daman & Diu","v":11.7},"geometry":{"type":"Point","coordinates":[72.8443,20.4005]}},{"type":"Feature","properties":{"s":"Daman & Diu","v":11.7},"geometry":{"type":"Point","coordinates":[72.8534,20.4411]}},{"type":"Feature","properties":{"s":"Daman & Diu","v":11.7},"geometry":{"type":"Point","coordinates":[72.8317,20.3836]}},{"type":"Feature","properties":{"s":"Daman & Diu","v":11.7},"geometry":{"type":"Point","coordinates":[72.856,20.4201]}},{"type":"Feature","properties":{"s":"Daman & Diu","v":11.7},"geometry":{"type":"Point","coordinates":[72.8477,20.4427]}},{"type":"Feature","properties":{"s":"Daman & Diu","v":11.7},"geometry":{"type":"Point","coordinates":[72.8302,20.3846]}},{"type":"Feature","properties":{"s":"Daman & Diu","v":11.7},"geometry":{"type":"Point","coordinates":[72.8546,20.4368]}},{"type":"Feature","properties":{"s":"Daman & Diu","v":11.7},"geometry":{"type":"Point","coordinates":[72.8307,20.3886]}},{"type":"Feature","properties":{"s":"Dadra & Nagar Haveli","v":11.7},"geometry":{"type":"Point","coordinates":[73.0876,20.2267]}},{"type":"Feature","properties":{"s":"Dadra & Nagar Haveli","v":11.7},"geometry":{"type":"Point","coordinates":[72.9762,20.1815]}},{"type":"Feature","properties":{"s":"Dadra & Nagar Haveli","v":11.7},"geometry":{"type":"Point","coordinates":[73.1975,20.1142]}},{"type":"Feature","properties":{"s":"Dadra & Nagar Haveli","v":11.7},"geometry":{"type":"Point","coordinates":[73.1979,20.133]}},{"type":"Feature","properties":{"s":"Dadra & Nagar Haveli","v":11.7},"geometry":{"type":"Point","coordinates":[73.1349,20.193]}},{"type":"Feature","properties":{"s":"Dadra & Nagar Haveli","v":11.7},"geometry":{"type":"Point","coordinates":[73.1279,20.2658]}},{"type":"Feature","properties":{"s":"Dadra & Nagar Haveli","v":11.7},"geometry":{"type":"Point","coordinates":[73.1718,20.0876]}},{"type":"Feature","properties":{"s":"Dadra & Nagar Haveli","v":11.7},"geometry":{"type":"Point","coordinates":[73.0399,20.1962]}},{"type":"Feature","properties":{"s":"Dadra & Nagar Haveli","v":11.7},"geometry":{"type":"Point","coordinates":[73.0022,20.2157]}},{"type":"Feature","properties":{"s":"Dadra & Nagar Haveli","v":11.7},"geometry":{"type":"Point","coordinates":[73.033,20.2192]}},{"type":"Feature","properties":{"s":"Dadra & Nagar Haveli","v":11.7},"geometry":{"type":"Point","coordinates":[72.9864,20.2068]}},{"type":"Feature","properties":{"s":"Dadra & Nagar Haveli","v":11.7},"geometry":{"type":"Point","coordinates":[73.0884,20.101]}},{"type":"Feature","properties":{"s":"Dadra & Nagar Haveli","v":11.7},"geometry":{"type":"Point","coordinates":[73.025,20.218]}},{"type":"Feature","properties":{"s":"Dadra & Nagar Haveli","v":11.7},"geometry":{"type":"Point","coordinates":[73.0273,20.1738]}},{"type":"Feature","properties":{"s":"Dadra & Nagar Haveli","v":11.7},"geometry":{"type":"Point","coordinates":[73.1906,20.1326]}},{"type":"Feature","properties":{"s":"Dadra & Nagar Haveli","v":11.7},"geometry":{"type":"Point","coordinates":[73.2027,20.1214]}},{"type":"Feature","properties":{"s":"Dadra & Nagar Haveli","v":11.7},"geometry":{"type":"Point","coordinates":[72.9873,20.2666]}},{"type":"Feature","properties":{"s":"Dadra & Nagar Haveli","v":11.7},"geometry":{"type":"Point","coordinates":[73.1222,20.1726]}},{"type":"Feature","properties":{"s":"Dadra & Nagar Haveli","v":11.7},"geometry":{"type":"Point","coordinates":[73.1067,20.1676]}},{"type":"Feature","properties":{"s":"Dadra & Nagar Haveli","v":11.7},"geometry":{"type":"Point","coordinates":[73.008,20.1525]}},{"type":"Feature","properties":{"s":"Dadra & Nagar Haveli","v":11.7},"geometry":{"type":"Point","coordinates":[73.1076,20.2715]}},{"type":"Feature","properties":{"s":"Dadra & Nagar Haveli","v":11.7},"geometry":{"type":"Point","coordinates":[73.0004,20.2421]}},{"type":"Feature","properties":{"s":"Dadra & Nagar Haveli","v":11.7},"geometry":{"type":"Point","coordinates":[73.0196,20.1562]}},{"type":"Feature","properties":{"s":"Dadra & Nagar Haveli","v":11.7},"geometry":{"type":"Point","coordinates":[73.1406,20.0857]}},{"type":"Feature","properties":{"s":"Dadra & Nagar Haveli","v":11.7},"geometry":{"type":"Point","coordinates":[73.0095,20.2675]}},{"type":"Feature","properties":{"s":"Dadra & Nagar Haveli","v":11.7},"geometry":{"type":"Point","coordinates":[72.9865,20.1804]}},{"type":"Feature","properties":{"s":"Dadra & Nagar Haveli","v":11.7},"geometry":{"type":"Point","coordinates":[72.9545,20.2703]}},{"type":"Feature","properties":{"s":"Dadra & Nagar Haveli","v":11.7},"geometry":{"type":"Point","coordinates":[73.1838,20.1457]}},{"type":"Feature","properties":{"s":"Dadra & Nagar Haveli","v":11.7},"geometry":{"type":"Point","coordinates":[73.1295,20.1594]}},{"type":"Feature","properties":{"s":"Dadra & Nagar Haveli","v":11.7},"geometry":{"type":"Point","coordinates":[72.9819,20.2235]}},{"type":"Feature","properties":{"s":"Dadra & Nagar Haveli","v":11.7},"geometry":{"type":"Point","coordinates":[73.1486,20.1489]}},{"type":"Feature","properties":{"s":"Dadra & Nagar Haveli","v":11.7},"geometry":{"type":"Point","coordinates":[73.0195,20.2623]}},{"type":"Feature","properties":{"s":"Dadra & Nagar Haveli","v":11.7},"geometry":{"type":"Point","coordinates":[73.1071,20.1536]}},{"type":"Feature","properties":{"s":"Dadra & Nagar Haveli","v":11.7},"geometry":{"type":"Point","coordinates":[73.0323,20.1964]}},{"type":"Feature","properties":{"s":"Dadra & Nagar Haveli","v":11.7},"geometry":{"type":"Point","coordinates":[73.1624,20.1593]}},{"type":"Feature","properties":{"s":"Dadra & Nagar Haveli","v":11.7},"geometry":{"type":"Point","coordinates":[73.1621,20.0756]}},{"type":"Feature","properties":{"s":"Dadra & Nagar Haveli","v":11.7},"geometry":{"type":"Point","coordinates":[73.1988,20.0973]}},{"type":"Feature","properties":{"s":"Dadra & Nagar Haveli","v":11.7},"geometry":{"type":"Point","coordinates":[73.125,20.2178]}},{"type":"Feature","properties":{"s":"Dadra & Nagar Haveli","v":11.7},"geometry":{"type":"Point","coordinates":[73.1452,20.1182]}},{"type":"Feature","properties":{"s":"Dadra & Nagar Haveli","v":11.7},"geometry":{"type":"Point","coordinates":[73.0632,20.1901]}},{"type":"Feature","properties":{"s":"Dadra & Nagar Haveli","v":11.7},"geometry":{"type":"Point","coordinates":[72.9842,20.2602]}},{"type":"Feature","properties":{"s":"Dadra & Nagar Haveli","v":11.7},"geometry":{"type":"Point","coordinates":[73.1223,20.2141]}},{"type":"Feature","properties":{"s":"Dadra & Nagar Haveli","v":11.7},"geometry":{"type":"Point","coordinates":[73.1097,20.1655]}},{"type":"Feature","properties":{"s":"Dadra & Nagar Haveli","v":11.7},"geometry":{"type":"Point","coordinates":[73.0796,20.1708]}},{"type":"Feature","properties":{"s":"Dadra & Nagar Haveli","v":11.7},"geometry":{"type":"Point","coordinates":[72.9339,20.2612]}},{"type":"Feature","properties":{"s":"Dadra & Nagar Haveli","v":11.7},"geometry":{"type":"Point","coordinates":[72.933,20.2849]}},{"type":"Feature","properties":{"s":"Dadra & Nagar Haveli","v":11.7},"geometry":{"type":"Point","coordinates":[73.0032,20.162]}},{"type":"Feature","properties":{"s":"Dadra & Nagar Haveli","v":11.7},"geometry":{"type":"Point","coordinates":[72.9685,20.2695]}},{"type":"Feature","properties":{"s":"Dadra & Nagar Haveli","v":11.7},"geometry":{"type":"Point","coordinates":[72.9815,20.1936]}},{"type":"Feature","properties":{"s":"Dadra & Nagar Haveli","v":11.7},"geometry":{"type":"Point","coordinates":[73.076,20.1079]}},{"type":"Feature","properties":{"s":"Dadra & Nagar Haveli","v":11.7},"geometry":{"type":"Point","coordinates":[73.0758,20.1894]}},{"type":"Feature","properties":{"s":"Dadra & Nagar Haveli","v":11.7},"geometry":{"type":"Point","coordinates":[72.9761,20.1764]}},{"type":"Feature","properties":{"s":"Dadra & Nagar Haveli","v":11.7},"geometry":{"type":"Point","coordinates":[73.0207,20.1617]}},{"type":"Feature","properties":{"s":"Dadra & Nagar Haveli","v":11.7},"geometry":{"type":"Point","coordinates":[73.0042,20.1804]}},{"type":"Feature","properties":{"s":"Dadra & Nagar Haveli","v":11.7},"geometry":{"type":"Point","coordinates":[73.1114,20.1628]}},{"type":"Feature","properties":{"s":"Dadra & Nagar Haveli","v":11.7},"geometry":{"type":"Point","coordinates":[73.0153,20.1451]}},{"type":"Feature","properties":{"s":"Dadra & Nagar Haveli","v":11.7},"geometry":{"type":"Point","coordinates":[73.1518,20.1121]}},{"type":"Feature","properties":{"s":"Dadra & Nagar Haveli","v":11.7},"geometry":{"type":"Point","coordinates":[72.929,20.2734]}},{"type":"Feature","properties":{"s":"Dadra & Nagar Haveli","v":11.7},"geometry":{"type":"Point","coordinates":[73.1405,20.0697]}},{"type":"Feature","properties":{"s":"Dadra & Nagar Haveli","v":11.7},"geometry":{"type":"Point","coordinates":[73.1379,20.1265]}},{"type":"Feature","properties":{"s":"Dadra & Nagar Haveli","v":11.7},"geometry":{"type":"Point","coordinates":[73.1664,20.0933]}},{"type":"Feature","properties":{"s":"Dadra & Nagar Haveli","v":11.7},"geometry":{"type":"Point","coordinates":[73.0431,20.1878]}},{"type":"Feature","properties":{"s":"Dadra & Nagar Haveli","v":11.7},"geometry":{"type":"Point","coordinates":[73.0856,20.1514]}},{"type":"Feature","properties":{"s":"Dadra & Nagar Haveli","v":11.7},"geometry":{"type":"Point","coordinates":[73.1034,20.189]}},{"type":"Feature","properties":{"s":"Dadra & Nagar Haveli","v":11.7},"geometry":{"type":"Point","coordinates":[73.1251,20.0878]}},{"type":"Feature","properties":{"s":"Dadra & Nagar Haveli","v":11.7},"geometry":{"type":"Point","coordinates":[73.0284,20.251]}},{"type":"Feature","properties":{"s":"Dadra & Nagar Haveli","v":11.7},"geometry":{"type":"Point","coordinates":[72.9746,20.2279]}},{"type":"Feature","properties":{"s":"Dadra & Nagar Haveli","v":11.7},"geometry":{"type":"Point","coordinates":[73.1485,20.0953]}},{"type":"Feature","properties":{"s":"Dadra & Nagar Haveli","v":11.7},"geometry":{"type":"Point","coordinates":[72.9771,20.2771]}},{"type":"Feature","properties":{"s":"Dadra & Nagar Haveli","v":11.7},"geometry":{"type":"Point","coordinates":[73.1751,20.1417]}},{"type":"Feature","properties":{"s":"Dadra & Nagar Haveli","v":11.7},"geometry":{"type":"Point","coordinates":[73.0286,20.1557]}},{"type":"Feature","properties":{"s":"Dadra & Nagar Haveli","v":11.7},"geometry":{"type":"Point","coordinates":[73.1195,20.113]}},{"type":"Feature","properties":{"s":"Dadra & Nagar Haveli","v":11.7},"geometry":{"type":"Point","coordinates":[72.9691,20.1835]}},{"type":"Feature","properties":{"s":"Dadra & Nagar Haveli","v":11.7},"geometry":{"type":"Point","coordinates":[72.9477,20.2709]}},{"type":"Feature","properties":{"s":"Dadra & Nagar Haveli","v":11.7},"geometry":{"type":"Point","coordinates":[73.1033,20.2586]}},{"type":"Feature","properties":{"s":"Dadra & Nagar Haveli","v":11.7},"geometry":{"type":"Point","coordinates":[72.94,20.2891]}},{"type":"Feature","properties":{"s":"Dadra & Nagar Haveli","v":11.7},"geometry":{"type":"Point","coordinates":[73.1505,20.118]}},{"type":"Feature","properties":{"s":"Dadra & Nagar Haveli","v":11.7},"geometry":{"type":"Point","coordinates":[72.9787,20.2188]}},{"type":"Feature","properties":{"s":"Dadra & Nagar Haveli","v":11.7},"geometry":{"type":"Point","coordinates":[73.0229,20.2377]}},{"type":"Feature","properties":{"s":"Dadra & Nagar Haveli","v":11.7},"geometry":{"type":"Point","coordinates":[73.1388,20.1964]}},{"type":"Feature","properties":{"s":"Dadra & Nagar Haveli","v":11.7},"geometry":{"type":"Point","coordinates":[73.0786,20.1487]}},{"type":"Feature","properties":{"s":"Dadra & Nagar Haveli","v":11.7},"geometry":{"type":"Point","coordinates":[73.0896,20.2479]}},{"type":"Feature","properties":{"s":"Dadra & Nagar Haveli","v":11.7},"geometry":{"type":"Point","coordinates":[73.1571,20.1729]}},{"type":"Feature","properties":{"s":"Dadra & Nagar Haveli","v":11.7},"geometry":{"type":"Point","coordinates":[73.0795,20.1063]}},{"type":"Feature","properties":{"s":"Dadra & Nagar Haveli","v":11.7},"geometry":{"type":"Point","coordinates":[73.0397,20.1239]}},{"type":"Feature","properties":{"s":"Dadra & Nagar Haveli","v":11.7},"geometry":{"type":"Point","coordinates":[73.1798,20.1205]}},{"type":"Feature","properties":{"s":"Dadra & Nagar Haveli","v":11.7},"geometry":{"type":"Point","coordinates":[73.0794,20.2449]}},{"type":"Feature","properties":{"s":"Dadra & Nagar Haveli","v":11.7},"geometry":{"type":"Point","coordinates":[73.1206,20.1215]}},{"type":"Feature","properties":{"s":"Dadra & Nagar Haveli","v":11.7},"geometry":{"type":"Point","coordinates":[73.0609,20.2319]}},{"type":"Feature","properties":{"s":"Dadra & Nagar Haveli","v":11.7},"geometry":{"type":"Point","coordinates":[73.0495,20.1619]}},{"type":"Feature","properties":{"s":"Dadra & Nagar Haveli","v":11.7},"geometry":{"type":"Point","coordinates":[73.1824,20.0704]}},{"type":"Feature","properties":{"s":"Dadra & Nagar Haveli","v":11.7},"geometry":{"type":"Point","coordinates":[73.0707,20.2178]}},{"type":"Feature","properties":{"s":"Dadra & Nagar Haveli","v":11.7},"geometry":{"type":"Point","coordinates":[73.1104,20.1769]}},{"type":"Feature","properties":{"s":"Dadra & Nagar Haveli","v":11.7},"geometry":{"type":"Point","coordinates":[72.9662,20.2425]}},{"type":"Feature","properties":{"s":"Dadra & Nagar Haveli","v":11.7},"geometry":{"type":"Point","coordinates":[72.9407,20.268]}},{"type":"Feature","properties":{"s":"Dadra & Nagar Haveli","v":11.7},"geometry":{"type":"Point","coordinates":[73.1162,20.2494]}},{"type":"Feature","properties":{"s":"Dadra & Nagar Haveli","v":11.7},"geometry":{"type":"Point","coordinates":[73.1671,20.1188]}},{"type":"Feature","properties":{"s":"Dadra & Nagar Haveli","v":11.7},"geometry":{"type":"Point","coordinates":[73.0306,20.2521]}},{"type":"Feature","properties":{"s":"Dadra & Nagar Haveli","v":11.7},"geometry":{"type":"Point","coordinates":[73.0789,20.1532]}},{"type":"Feature","properties":{"s":"Dadra & Nagar Haveli","v":11.7},"geometry":{"type":"Point","coordinates":[72.926,20.2774]}},{"type":"Feature","properties":{"s":"Dadra & Nagar Haveli","v":11.7},"geometry":{"type":"Point","coordinates":[73.1337,20.0801]}},{"type":"Feature","properties":{"s":"Dadra & Nagar Haveli","v":11.7},"geometry":{"type":"Point","coordinates":[73.1529,20.1713]}},{"type":"Feature","properties":{"s":"Dadra & Nagar Haveli","v":11.7},"geometry":{"type":"Point","coordinates":[73.0289,20.2068]}},{"type":"Feature","properties":{"s":"Dadra & Nagar Haveli","v":11.7},"geometry":{"type":"Point","coordinates":[73.0294,20.1697]}},{"type":"Feature","properties":{"s":"Dadra & Nagar Haveli","v":11.7},"geometry":{"type":"Point","coordinates":[73.0062,20.2806]}},{"type":"Feature","properties":{"s":"Dadra & Nagar Haveli","v":11.7},"geometry":{"type":"Point","coordinates":[72.974,20.2509]}},{"type":"Feature","properties":{"s":"Dadra & Nagar Haveli","v":11.7},"geometry":{"type":"Point","coordinates":[73.1015,20.2158]}},{"type":"Feature","properties":{"s":"Dadra & Nagar Haveli","v":11.7},"geometry":{"type":"Point","coordinates":[73.0745,20.184]}},{"type":"Feature","properties":{"s":"Dadra & Nagar Haveli","v":11.7},"geometry":{"type":"Point","coordinates":[73.0137,20.1941]}},{"type":"Feature","properties":{"s":"Dadra & Nagar Haveli","v":11.7},"geometry":{"type":"Point","coordinates":[73.0067,20.2507]}},{"type":"Feature","properties":{"s":"Dadra & Nagar Haveli","v":11.7},"geometry":{"type":"Point","coordinates":[72.993,20.2323]}},{"type":"Feature","properties":{"s":"Dadra & Nagar Haveli","v":11.7},"geometry":{"type":"Point","coordinates":[73.068,20.1523]}},{"type":"Feature","properties":{"s":"Dadra & Nagar Haveli","v":11.7},"geometry":{"type":"Point","coordinates":[73.0601,20.1396]}},{"type":"Feature","properties":{"s":"Dadra & Nagar Haveli","v":11.7},"geometry":{"type":"Point","coordinates":[72.9901,20.1767]}},{"type":"Feature","properties":{"s":"Dadra & Nagar Haveli","v":11.7},"geometry":{"type":"Point","coordinates":[73.0388,20.1246]}},{"type":"Feature","properties":{"s":"Dadra & Nagar Haveli","v":11.7},"geometry":{"type":"Point","coordinates":[73.1219,20.2453]}},{"type":"Feature","properties":{"s":"Dadra & Nagar Haveli","v":11.7},"geometry":{"type":"Point","coordinates":[73.0915,20.1753]}},{"type":"Feature","properties":{"s":"Dadra & Nagar Haveli","v":11.7},"geometry":{"type":"Point","coordinates":[73.0265,20.1887]}},{"type":"Feature","properties":{"s":"Dadra & Nagar Haveli","v":11.7},"geometry":{"type":"Point","coordinates":[73.12,20.1887]}},{"type":"Feature","properties":{"s":"Dadra & Nagar Haveli","v":11.7},"geometry":{"type":"Point","coordinates":[72.9749,20.2041]}},{"type":"Feature","properties":{"s":"Dadra & Nagar Haveli","v":11.7},"geometry":{"type":"Point","coordinates":[73.02,20.2064]}},{"type":"Feature","properties":{"s":"Dadra & Nagar Haveli","v":11.7},"geometry":{"type":"Point","coordinates":[73.0635,20.2301]}},{"type":"Feature","properties":{"s":"Dadra & Nagar Haveli","v":11.7},"geometry":{"type":"Point","coordinates":[72.9721,20.1688]}},{"type":"Feature","properties":{"s":"Dadra & Nagar Haveli","v":11.7},"geometry":{"type":"Point","coordinates":[73.083,20.1909]}},{"type":"Feature","properties":{"s":"Dadra & Nagar Haveli","v":11.7},"geometry":{"type":"Point","coordinates":[73.0605,20.1205]}},{"type":"Feature","properties":{"s":"Dadra & Nagar Haveli","v":11.7},"geometry":{"type":"Point","coordinates":[72.9848,20.2201]}},{"type":"Feature","properties":{"s":"Dadra & Nagar Haveli","v":11.7},"geometry":{"type":"Point","coordinates":[73.1136,20.172]}},{"type":"Feature","properties":{"s":"Dadra & Nagar Haveli","v":11.7},"geometry":{"type":"Point","coordinates":[73.1262,20.183]}},{"type":"Feature","properties":{"s":"Dadra & Nagar Haveli","v":11.7},"geometry":{"type":"Point","coordinates":[73.0312,20.2669]}},{"type":"Feature","properties":{"s":"Dadra & Nagar Haveli","v":11.7},"geometry":{"type":"Point","coordinates":[72.972,20.1913]}},{"type":"Feature","properties":{"s":"Dadra & Nagar Haveli","v":11.7},"geometry":{"type":"Point","coordinates":[73.1331,20.1599]}},{"type":"Feature","properties":{"s":"Dadra & Nagar Haveli","v":11.7},"geometry":{"type":"Point","coordinates":[73.0459,20.2073]}},{"type":"Feature","properties":{"s":"Dadra & Nagar Haveli","v":11.7},"geometry":{"type":"Point","coordinates":[73.039,20.2545]}},{"type":"Feature","properties":{"s":"Dadra & Nagar Haveli","v":11.7},"geometry":{"type":"Point","coordinates":[73.1768,20.066]}},{"type":"Feature","properties":{"s":"Dadra & Nagar Haveli","v":11.7},"geometry":{"type":"Point","coordinates":[73.0303,20.2751]}},{"type":"Feature","properties":{"s":"Dadra & Nagar Haveli","v":11.7},"geometry":{"type":"Point","coordinates":[73.0377,20.2238]}},{"type":"Feature","properties":{"s":"Dadra & Nagar Haveli","v":11.7},"geometry":{"type":"Point","coordinates":[73.0893,20.2005]}},{"type":"Feature","properties":{"s":"Dadra & Nagar Haveli","v":11.7},"geometry":{"type":"Point","coordinates":[73.1078,20.097]}},{"type":"Feature","properties":{"s":"Dadra & Nagar Haveli","v":11.7},"geometry":{"type":"Point","coordinates":[73.1194,20.1175]}},{"type":"Feature","properties":{"s":"Dadra & Nagar Haveli","v":11.7},"geometry":{"type":"Point","coordinates":[73.0922,20.1502]}},{"type":"Feature","properties":{"s":"Dadra & Nagar Haveli","v":11.7},"geometry":{"type":"Point","coordinates":[73.1486,20.1673]}},{"type":"Feature","properties":{"s":"Dadra & Nagar Haveli","v":11.7},"geometry":{"type":"Point","coordinates":[73.1288,20.1964]}},{"type":"Feature","properties":{"s":"Dadra & Nagar Haveli","v":11.7},"geometry":{"type":"Point","coordinates":[73.0543,20.1341]}},{"type":"Feature","properties":{"s":"Dadra & Nagar Haveli","v":11.7},"geometry":{"type":"Point","coordinates":[72.9765,20.2176]}},{"type":"Feature","properties":{"s":"Dadra & Nagar Haveli","v":11.7},"geometry":{"type":"Point","coordinates":[73.0974,20.0956]}},{"type":"Feature","properties":{"s":"Dadra & Nagar Haveli","v":11.7},"geometry":{"type":"Point","coordinates":[73.1697,20.1148]}},{"type":"Feature","properties":{"s":"Dadra & Nagar Haveli","v":11.7},"geometry":{"type":"Point","coordinates":[73.0383,20.1846]}},{"type":"Feature","properties":{"s":"Dadra & Nagar Haveli","v":11.7},"geometry":{"type":"Point","coordinates":[72.9671,20.2092]}},{"type":"Feature","properties":{"s":"Dadra & Nagar Haveli","v":11.7},"geometry":{"type":"Point","coordinates":[72.9693,20.2617]}},{"type":"Feature","properties":{"s":"Dadra & Nagar Haveli","v":11.7},"geometry":{"type":"Point","coordinates":[72.931,20.2828]}},{"type":"Feature","properties":{"s":"Dadra & Nagar Haveli","v":11.7},"geometry":{"type":"Point","coordinates":[73.0437,20.2521]}},{"type":"Feature","properties":{"s":"Dadra & Nagar Haveli","v":11.7},"geometry":{"type":"Point","coordinates":[72.9937,20.21]}},{"type":"Feature","properties":{"s":"Dadra & Nagar Haveli","v":11.7},"geometry":{"type":"Point","coordinates":[73.1033,20.2162]}},{"type":"Feature","properties":{"s":"Dadra & Nagar Haveli","v":11.7},"geometry":{"type":"Point","coordinates":[73.0733,20.278]}},{"type":"Feature","properties":{"s":"Dadra & Nagar Haveli","v":11.7},"geometry":{"type":"Point","coordinates":[73.1602,20.0808]}},{"type":"Feature","properties":{"s":"Dadra & Nagar Haveli","v":11.7},"geometry":{"type":"Point","coordinates":[73.0479,20.2557]}},{"type":"Feature","properties":{"s":"Dadra & Nagar Haveli","v":11.7},"geometry":{"type":"Point","coordinates":[73.1339,20.1507]}},{"type":"Feature","properties":{"s":"Dadra & Nagar Haveli","v":11.7},"geometry":{"type":"Point","coordinates":[73.1303,20.2264]}},{"type":"Feature","properties":{"s":"Dadra & Nagar Haveli","v":11.7},"geometry":{"type":"Point","coordinates":[73.2048,20.1085]}},{"type":"Feature","properties":{"s":"Dadra & Nagar Haveli","v":11.7},"geometry":{"type":"Point","coordinates":[73.0495,20.1529]}},{"type":"Feature","properties":{"s":"Dadra & Nagar Haveli","v":11.7},"geometry":{"type":"Point","coordinates":[73.0045,20.1544]}},{"type":"Feature","properties":{"s":"Dadra & Nagar Haveli","v":11.7},"geometry":{"type":"Point","coordinates":[73.1637,20.0726]}},{"type":"Feature","properties":{"s":"Dadra & Nagar Haveli","v":11.7},"geometry":{"type":"Point","coordinates":[72.9849,20.1955]}},{"type":"Feature","properties":{"s":"Dadra & Nagar Haveli","v":11.7},"geometry":{"type":"Point","coordinates":[73.0791,20.1738]}},{"type":"Feature","properties":{"s":"Dadra & Nagar Haveli","v":11.7},"geometry":{"type":"Point","coordinates":[73.0494,20.1516]}},{"type":"Feature","properties":{"s":"Dadra & Nagar Haveli","v":11.7},"geometry":{"type":"Point","coordinates":[73.0304,20.2153]}},{"type":"Feature","properties":{"s":"Dadra & Nagar Haveli","v":11.7},"geometry":{"type":"Point","coordinates":[73.0053,20.1954]}},{"type":"Feature","properties":{"s":"Dadra & Nagar Haveli","v":11.7},"geometry":{"type":"Point","coordinates":[73.0969,20.2683]}},{"type":"Feature","properties":{"s":"Dadra & Nagar Haveli","v":11.7},"geometry":{"type":"Point","coordinates":[73.1651,20.1535]}},{"type":"Feature","properties":{"s":"Dadra & Nagar Haveli","v":11.7},"geometry":{"type":"Point","coordinates":[73.16,20.0848]}},{"type":"Feature","properties":{"s":"Dadra & Nagar Haveli","v":11.7},"geometry":{"type":"Point","coordinates":[73.0856,20.1504]}},{"type":"Feature","properties":{"s":"Dadra & Nagar Haveli","v":11.7},"geometry":{"type":"Point","coordinates":[73.0402,20.2639]}},{"type":"Feature","properties":{"s":"Dadra & Nagar Haveli","v":11.7},"geometry":{"type":"Point","coordinates":[73.1267,20.1877]}},{"type":"Feature","properties":{"s":"Dadra & Nagar Haveli","v":11.7},"geometry":{"type":"Point","coordinates":[73.1378,20.1461]}},{"type":"Feature","properties":{"s":"Dadra & Nagar Haveli","v":11.7},"geometry":{"type":"Point","coordinates":[73.2062,20.1189]}},{"type":"Feature","properties":{"s":"Dadra & Nagar Haveli","v":11.7},"geometry":{"type":"Point","coordinates":[73.1137,20.2494]}},{"type":"Feature","properties":{"s":"Dadra & Nagar Haveli","v":11.7},"geometry":{"type":"Point","coordinates":[73.0937,20.2409]}},{"type":"Feature","properties":{"s":"Dadra & Nagar Haveli","v":11.7},"geometry":{"type":"Point","coordinates":[73.0986,20.137]}},{"type":"Feature","properties":{"s":"Dadra & Nagar Haveli","v":11.7},"geometry":{"type":"Point","coordinates":[73.1723,20.0885]}},{"type":"Feature","properties":{"s":"Dadra & Nagar Haveli","v":11.7},"geometry":{"type":"Point","coordinates":[73.1781,20.0644]}},{"type":"Feature","properties":{"s":"Dadra & Nagar Haveli","v":11.7},"geometry":{"type":"Point","coordinates":[73.1791,20.0484]}},{"type":"Feature","properties":{"s":"Dadra & Nagar Haveli","v":11.7},"geometry":{"type":"Point","coordinates":[72.9871,20.2314]}},{"type":"Feature","properties":{"s":"Dadra & Nagar Haveli","v":11.7},"geometry":{"type":"Point","coordinates":[73.1305,20.0992]}},{"type":"Feature","properties":{"s":"Dadra & Nagar Haveli","v":11.7},"geometry":{"type":"Point","coordinates":[73.1196,20.1181]}},{"type":"Feature","properties":{"s":"Dadra & Nagar Haveli","v":11.7},"geometry":{"type":"Point","coordinates":[73.1079,20.1791]}},{"type":"Feature","properties":{"s":"Dadra & Nagar Haveli","v":11.7},"geometry":{"type":"Point","coordinates":[73.0129,20.2395]}},{"type":"Feature","properties":{"s":"Dadra & Nagar Haveli","v":11.7},"geometry":{"type":"Point","coordinates":[72.9822,20.287]}},{"type":"Feature","properties":{"s":"Dadra & Nagar Haveli","v":11.7},"geometry":{"type":"Point","coordinates":[73.1389,20.0924]}},{"type":"Feature","properties":{"s":"Dadra & Nagar Haveli","v":11.7},"geometry":{"type":"Point","coordinates":[72.9812,20.2661]}},{"type":"Feature","properties":{"s":"Dadra & Nagar Haveli","v":11.7},"geometry":{"type":"Point","coordinates":[73.1639,20.1112]}},{"type":"Feature","properties":{"s":"Dadra & Nagar Haveli","v":11.7},"geometry":{"type":"Point","coordinates":[73.1866,20.0712]}},{"type":"Feature","properties":{"s":"Dadra & Nagar Haveli","v":11.7},"geometry":{"type":"Point","coordinates":[72.979,20.2443]}},{"type":"Feature","properties":{"s":"Dadra & Nagar Haveli","v":11.7},"geometry":{"type":"Point","coordinates":[73.018,20.1363]}},{"type":"Feature","properties":{"s":"Dadra & Nagar Haveli","v":11.7},"geometry":{"type":"Point","coordinates":[73.1887,20.1202]}},{"type":"Feature","properties":{"s":"Dadra & Nagar Haveli","v":11.7},"geometry":{"type":"Point","coordinates":[72.9549,20.2413]}},{"type":"Feature","properties":{"s":"Dadra & Nagar Haveli","v":11.7},"geometry":{"type":"Point","coordinates":[72.963,20.2014]}},{"type":"Feature","properties":{"s":"Dadra & Nagar Haveli","v":11.7},"geometry":{"type":"Point","coordinates":[72.9796,20.1965]}},{"type":"Feature","properties":{"s":"Dadra & Nagar Haveli","v":11.7},"geometry":{"type":"Point","coordinates":[73.121,20.1652]}},{"type":"Feature","properties":{"s":"Dadra & Nagar Haveli","v":11.7},"geometry":{"type":"Point","coordinates":[72.9783,20.1561]}},{"type":"Feature","properties":{"s":"Dadra & Nagar Haveli","v":11.7},"geometry":{"type":"Point","coordinates":[73.0397,20.1273]}},{"type":"Feature","properties":{"s":"Dadra & Nagar Haveli","v":11.7},"geometry":{"type":"Point","coordinates":[72.9946,20.233]}},{"type":"Feature","properties":{"s":"Dadra & Nagar Haveli","v":11.7},"geometry":{"type":"Point","coordinates":[72.997,20.2689]}},{"type":"Feature","properties":{"s":"Dadra & Nagar Haveli","v":11.7},"geometry":{"type":"Point","coordinates":[73.0746,20.1698]}},{"type":"Feature","properties":{"s":"Dadra & Nagar Haveli","v":11.7},"geometry":{"type":"Point","coordinates":[73.1309,20.0788]}},{"type":"Feature","properties":{"s":"Dadra & Nagar Haveli","v":11.7},"geometry":{"type":"Point","coordinates":[72.9897,20.262]}},{"type":"Feature","properties":{"s":"Dadra & Nagar Haveli","v":11.7},"geometry":{"type":"Point","coordinates":[73.0411,20.1787]}},{"type":"Feature","properties":{"s":"Dadra & Nagar Haveli","v":11.7},"geometry":{"type":"Point","coordinates":[73.0805,20.2501]}},{"type":"Feature","properties":{"s":"Dadra & Nagar Haveli","v":11.7},"geometry":{"type":"Point","coordinates":[72.9318,20.2555]}},{"type":"Feature","properties":{"s":"Dadra & Nagar Haveli","v":11.7},"geometry":{"type":"Point","coordinates":[73.0792,20.1136]}},{"type":"Feature","properties":{"s":"Dadra & Nagar Haveli","v":11.7},"geometry":{"type":"Point","coordinates":[73.0632,20.1581]}},{"type":"Feature","properties":{"s":"Dadra & Nagar Haveli","v":11.7},"geometry":{"type":"Point","coordinates":[72.9937,20.1983]}},{"type":"Feature","properties":{"s":"Ladakh","v":9},"geometry":{"type":"Point","coordinates":[78.419,34.6158]}},{"type":"Feature","properties":{"s":"Ladakh","v":9},"geometry":{"type":"Point","coordinates":[75.1612,36.5976]}},{"type":"Feature","properties":{"s":"Ladakh","v":9},"geometry":{"type":"Point","coordinates":[77.4888,33.5794]}},{"type":"Feature","properties":{"s":"Ladakh","v":9},"geometry":{"type":"Point","coordinates":[78.679,34.6599]}},{"type":"Feature","properties":{"s":"Ladakh","v":9},"geometry":{"type":"Point","coordinates":[76.8093,35.2659]}},{"type":"Feature","properties":{"s":"Ladakh","v":9},"geometry":{"type":"Point","coordinates":[76.4939,34.1512]}},{"type":"Feature","properties":{"s":"Ladakh","v":9},"geometry":{"type":"Point","coordinates":[79.9159,35.3308]}},{"type":"Feature","properties":{"s":"Ladakh","v":9},"geometry":{"type":"Point","coordinates":[78.6927,33.1849]}},{"type":"Feature","properties":{"s":"Ladakh","v":9},"geometry":{"type":"Point","coordinates":[80.1946,35.4411]}},{"type":"Feature","properties":{"s":"Ladakh","v":9},"geometry":{"type":"Point","coordinates":[75.8279,35.2506]}},{"type":"Feature","properties":{"s":"Ladakh","v":9},"geometry":{"type":"Point","coordinates":[76.9198,34.9]}},{"type":"Feature","properties":{"s":"Ladakh","v":9},"geometry":{"type":"Point","coordinates":[78.6786,34.0819]}},{"type":"Feature","properties":{"s":"Ladakh","v":9},"geometry":{"type":"Point","coordinates":[73.2148,36.0059]}},{"type":"Feature","properties":{"s":"Ladakh","v":9},"geometry":{"type":"Point","coordinates":[76.6084,33.9654]}},{"type":"Feature","properties":{"s":"Ladakh","v":9},"geometry":{"type":"Point","coordinates":[76.7885,34.7297]}},{"type":"Feature","properties":{"s":"Ladakh","v":9},"geometry":{"type":"Point","coordinates":[79.3386,34.8634]}},{"type":"Feature","properties":{"s":"Ladakh","v":9},"geometry":{"type":"Point","coordinates":[76.6893,34.182]}},{"type":"Feature","properties":{"s":"Ladakh","v":9},"geometry":{"type":"Point","coordinates":[77.6837,33.1229]}},{"type":"Feature","properties":{"s":"Ladakh","v":9},"geometry":{"type":"Point","coordinates":[78.1855,33.2059]}},{"type":"Feature","properties":{"s":"Ladakh","v":9},"geometry":{"type":"Point","coordinates":[73.3297,35.9443]}},{"type":"Feature","properties":{"s":"Ladakh","v":9},"geometry":{"type":"Point","coordinates":[77.0329,34.0258]}},{"type":"Feature","properties":{"s":"Ladakh","v":9},"geometry":{"type":"Point","coordinates":[75.2538,34.6465]}},{"type":"Feature","properties":{"s":"Ladakh","v":9},"geometry":{"type":"Point","coordinates":[79.9914,34.7208]}},{"type":"Feature","properties":{"s":"Ladakh","v":9},"geometry":{"type":"Point","coordinates":[79.0734,33.0756]}},{"type":"Feature","properties":{"s":"Ladakh","v":9},"geometry":{"type":"Point","coordinates":[76.4688,35.6755]}},{"type":"Feature","properties":{"s":"Ladakh","v":9},"geometry":{"type":"Point","coordinates":[77.5685,33.5457]}},{"type":"Feature","properties":{"s":"Ladakh","v":9},"geometry":{"type":"Point","coordinates":[74.7766,36.4848]}},{"type":"Feature","properties":{"s":"Ladakh","v":9},"geometry":{"type":"Point","coordinates":[76.9298,34.2566]}},{"type":"Feature","properties":{"s":"Ladakh","v":9},"geometry":{"type":"Point","coordinates":[75.0569,35.081]}},{"type":"Feature","properties":{"s":"Ladakh","v":9},"geometry":{"type":"Point","coordinates":[78.429,33.9594]}},{"type":"Feature","properties":{"s":"Ladakh","v":9},"geometry":{"type":"Point","coordinates":[74.4753,35.3745]}},{"type":"Feature","properties":{"s":"Ladakh","v":9},"geometry":{"type":"Point","coordinates":[78.3106,35.3429]}},{"type":"Feature","properties":{"s":"Ladakh","v":9},"geometry":{"type":"Point","coordinates":[75.5727,35.2911]}},{"type":"Feature","properties":{"s":"Ladakh","v":9},"geometry":{"type":"Point","coordinates":[79.3763,35.6217]}},{"type":"Feature","properties":{"s":"Ladakh","v":9},"geometry":{"type":"Point","coordinates":[76.1176,34.4889]}},{"type":"Feature","properties":{"s":"Ladakh","v":9},"geometry":{"type":"Point","coordinates":[74.4069,35.2074]}},{"type":"Feature","properties":{"s":"Ladakh","v":9},"geometry":{"type":"Point","coordinates":[79.8679,35.2901]}},{"type":"Feature","properties":{"s":"Ladakh","v":9},"geometry":{"type":"Point","coordinates":[78.8571,33.4877]}},{"type":"Feature","properties":{"s":"Ladakh","v":9},"geometry":{"type":"Point","coordinates":[76.4523,36.2364]}},{"type":"Feature","properties":{"s":"Ladakh","v":9},"geometry":{"type":"Point","coordinates":[80.2536,35.482]}},{"type":"Feature","properties":{"s":"Ladakh","v":9},"geometry":{"type":"Point","coordinates":[76.1771,36.2528]}},{"type":"Feature","properties":{"s":"Ladakh","v":9},"geometry":{"type":"Point","coordinates":[77.5004,34.8495]}},{"type":"Feature","properties":{"s":"Ladakh","v":9},"geometry":{"type":"Point","coordinates":[74.6353,35.1463]}},{"type":"Feature","properties":{"s":"Ladakh","v":9},"geometry":{"type":"Point","coordinates":[76.1169,36.213]}},{"type":"Feature","properties":{"s":"Ladakh","v":9},"geometry":{"type":"Point","coordinates":[74.8607,35.5223]}},{"type":"Feature","properties":{"s":"Ladakh","v":9},"geometry":{"type":"Point","coordinates":[76.6867,34.9435]}},{"type":"Feature","properties":{"s":"Ladakh","v":9},"geometry":{"type":"Point","coordinates":[76.0864,34.5464]}},{"type":"Feature","properties":{"s":"Ladakh","v":9},"geometry":{"type":"Point","coordinates":[75.9769,34.5683]}},{"type":"Feature","properties":{"s":"Ladakh","v":9},"geometry":{"type":"Point","coordinates":[74.7315,35.2892]}},{"type":"Feature","properties":{"s":"Ladakh","v":9},"geometry":{"type":"Point","coordinates":[76.2284,34.8193]}},{"type":"Feature","properties":{"s":"Ladakh","v":9},"geometry":{"type":"Point","coordinates":[78.2937,33.063]}},{"type":"Feature","properties":{"s":"Ladakh","v":9},"geometry":{"type":"Point","coordinates":[74.529,35.3329]}},{"type":"Feature","properties":{"s":"Ladakh","v":9},"geometry":{"type":"Point","coordinates":[73.5459,36.4565]}},{"type":"Feature","properties":{"s":"Ladakh","v":9},"geometry":{"type":"Point","coordinates":[77.1972,33.1357]}},{"type":"Feature","properties":{"s":"Ladakh","v":9},"geometry":{"type":"Point","coordinates":[78.2179,33.5037]}},{"type":"Feature","properties":{"s":"Ladakh","v":9},"geometry":{"type":"Point","coordinates":[78.7163,33.5181]}},{"type":"Feature","properties":{"s":"Ladakh","v":9},"geometry":{"type":"Point","coordinates":[76.8628,34.4203]}},{"type":"Feature","properties":{"s":"Ladakh","v":9},"geometry":{"type":"Point","coordinates":[77.6372,35.099]}},{"type":"Feature","properties":{"s":"Ladakh","v":9},"geometry":{"type":"Point","coordinates":[74.372,36.0996]}},{"type":"Feature","properties":{"s":"Ladakh","v":9},"geometry":{"type":"Point","coordinates":[79.2337,34.529]}},{"type":"Feature","properties":{"s":"Ladakh","v":9},"geometry":{"type":"Point","coordinates":[75.8298,34.0298]}},{"type":"Feature","properties":{"s":"Ladakh","v":9},"geometry":{"type":"Point","coordinates":[78.4918,34.8226]}},{"type":"Feature","properties":{"s":"Ladakh","v":9},"geometry":{"type":"Point","coordinates":[76.6989,35.3844]}},{"type":"Feature","properties":{"s":"Ladakh","v":9},"geometry":{"type":"Point","coordinates":[77.7834,33.0735]}},{"type":"Feature","properties":{"s":"Ladakh","v":9},"geometry":{"type":"Point","coordinates":[74.609,36.4079]}},{"type":"Feature","properties":{"s":"Ladakh","v":9},"geometry":{"type":"Point","coordinates":[75.1828,36.0904]}},{"type":"Feature","properties":{"s":"Ladakh","v":9},"geometry":{"type":"Point","coordinates":[73.5518,36.523]}},{"type":"Feature","properties":{"s":"Ladakh","v":9},"geometry":{"type":"Point","coordinates":[74.3128,35.9935]}},{"type":"Feature","properties":{"s":"Ladakh","v":9},"geometry":{"type":"Point","coordinates":[75.0642,35.3146]}},{"type":"Feature","properties":{"s":"Ladakh","v":9},"geometry":{"type":"Point","coordinates":[73.0313,36.1524]}},{"type":"Feature","properties":{"s":"Ladakh","v":9},"geometry":{"type":"Point","coordinates":[76.8666,35.2411]}},{"type":"Feature","properties":{"s":"Ladakh","v":9},"geometry":{"type":"Point","coordinates":[78.1937,33.4045]}},{"type":"Feature","properties":{"s":"Ladakh","v":9},"geometry":{"type":"Point","coordinates":[74.1491,35.6966]}},{"type":"Feature","properties":{"s":"Ladakh","v":9},"geometry":{"type":"Point","coordinates":[74.2731,35.3198]}},{"type":"Feature","properties":{"s":"Ladakh","v":9},"geometry":{"type":"Point","coordinates":[79.1121,35.7224]}},{"type":"Feature","properties":{"s":"Ladakh","v":9},"geometry":{"type":"Point","coordinates":[77.7108,34.8908]}},{"type":"Feature","properties":{"s":"Ladakh","v":9},"geometry":{"type":"Point","coordinates":[75.5825,36.2373]}},{"type":"Feature","properties":{"s":"Ladakh","v":9},"geometry":{"type":"Point","coordinates":[75.0015,35.1794]}},{"type":"Feature","properties":{"s":"Ladakh","v":9},"geometry":{"type":"Point","coordinates":[78.9319,34.8821]}},{"type":"Feature","properties":{"s":"Ladakh","v":9},"geometry":{"type":"Point","coordinates":[79.2574,35.4409]}},{"type":"Feature","properties":{"s":"Ladakh","v":9},"geometry":{"type":"Point","coordinates":[77.422,34.0275]}},{"type":"Feature","properties":{"s":"Ladakh","v":9},"geometry":{"type":"Point","coordinates":[76.7392,34.0602]}},{"type":"Feature","properties":{"s":"Ladakh","v":9},"geometry":{"type":"Point","coordinates":[74.4891,36.5384]}},{"type":"Feature","properties":{"s":"Ladakh","v":9},"geometry":{"type":"Point","coordinates":[76.6599,34.0205]}},{"type":"Feature","properties":{"s":"Ladakh","v":9},"geometry":{"type":"Point","coordinates":[74.0396,35.1907]}},{"type":"Feature","properties":{"s":"Ladakh","v":9},"geometry":{"type":"Point","coordinates":[74.7211,35.683]}},{"type":"Feature","properties":{"s":"Ladakh","v":9},"geometry":{"type":"Point","coordinates":[78.3364,35.705]}},{"type":"Feature","properties":{"s":"Ladakh","v":9},"geometry":{"type":"Point","coordinates":[77.1092,34.6604]}},{"type":"Feature","properties":{"s":"Ladakh","v":9},"geometry":{"type":"Point","coordinates":[78.119,33.7371]}},{"type":"Feature","properties":{"s":"Ladakh","v":9},"geometry":{"type":"Point","coordinates":[78.0507,33.5785]}},{"type":"Feature","properties":{"s":"Ladakh","v":9},"geometry":{"type":"Point","coordinates":[76.8697,33.8709]}},{"type":"Feature","properties":{"s":"Ladakh","v":9},"geometry":{"type":"Point","coordinates":[73.1912,35.8263]}},{"type":"Feature","properties":{"s":"Ladakh","v":9},"geometry":{"type":"Point","coordinates":[76.039,36.3343]}},{"type":"Feature","properties":{"s":"Ladakh","v":9},"geometry":{"type":"Point","coordinates":[77.9498,35.1578]}},{"type":"Feature","properties":{"s":"Ladakh","v":9},"geometry":{"type":"Point","coordinates":[74.9987,36.5912]}},{"type":"Feature","properties":{"s":"Ladakh","v":9},"geometry":{"type":"Point","coordinates":[76.7086,35.187]}},{"type":"Feature","properties":{"s":"Ladakh","v":9},"geometry":{"type":"Point","coordinates":[76.5586,35.7042]}},{"type":"Feature","properties":{"s":"Ladakh","v":9},"geometry":{"type":"Point","coordinates":[78.2618,35.7011]}},{"type":"Feature","properties":{"s":"Ladakh","v":9},"geometry":{"type":"Point","coordinates":[80.1104,35.269]}},{"type":"Feature","properties":{"s":"Ladakh","v":9},"geometry":{"type":"Point","coordinates":[78.2822,33.2031]}},{"type":"Feature","properties":{"s":"Ladakh","v":9},"geometry":{"type":"Point","coordinates":[79.0213,32.865]}},{"type":"Feature","properties":{"s":"Ladakh","v":9},"geometry":{"type":"Point","coordinates":[79.4703,34.9822]}},{"type":"Feature","properties":{"s":"Ladakh","v":9},"geometry":{"type":"Point","coordinates":[78.1765,34.4556]}},{"type":"Feature","properties":{"s":"Ladakh","v":9},"geometry":{"type":"Point","coordinates":[78.3783,32.8118]}},{"type":"Feature","properties":{"s":"Ladakh","v":9},"geometry":{"type":"Point","coordinates":[75.7287,35.8947]}},{"type":"Feature","properties":{"s":"Ladakh","v":9},"geometry":{"type":"Point","coordinates":[74.551,36.8094]}},{"type":"Feature","properties":{"s":"Ladakh","v":9},"geometry":{"type":"Point","coordinates":[73.2659,36.363]}},{"type":"Feature","properties":{"s":"Ladakh","v":9},"geometry":{"type":"Point","coordinates":[76.4181,35.1321]}},{"type":"Feature","properties":{"s":"Ladakh","v":9},"geometry":{"type":"Point","coordinates":[77.31,33.8597]}},{"type":"Feature","properties":{"s":"Ladakh","v":9},"geometry":{"type":"Point","coordinates":[74.4461,36.2523]}},{"type":"Feature","properties":{"s":"Ladakh","v":9},"geometry":{"type":"Point","coordinates":[73.6497,36.3317]}},{"type":"Feature","properties":{"s":"Ladakh","v":9},"geometry":{"type":"Point","coordinates":[76.2165,33.8496]}},{"type":"Feature","properties":{"s":"Ladakh","v":9},"geometry":{"type":"Point","coordinates":[76.0658,35.306]}},{"type":"Feature","properties":{"s":"Ladakh","v":9},"geometry":{"type":"Point","coordinates":[76.6808,34.7226]}},{"type":"Feature","properties":{"s":"Ladakh","v":9},"geometry":{"type":"Point","coordinates":[75.6326,35.7693]}},{"type":"Feature","properties":{"s":"Ladakh","v":9},"geometry":{"type":"Point","coordinates":[75.5285,36.1556]}},{"type":"Feature","properties":{"s":"Ladakh","v":9},"geometry":{"type":"Point","coordinates":[74.7609,36.8827]}},{"type":"Feature","properties":{"s":"Ladakh","v":9},"geometry":{"type":"Point","coordinates":[77.6415,34.6789]}},{"type":"Feature","properties":{"s":"Ladakh","v":9},"geometry":{"type":"Point","coordinates":[75.9668,35.6377]}},{"type":"Feature","properties":{"s":"Ladakh","v":9},"geometry":{"type":"Point","coordinates":[78.0613,35.2038]}},{"type":"Feature","properties":{"s":"Ladakh","v":9},"geometry":{"type":"Point","coordinates":[78.6959,33.632]}},{"type":"Feature","properties":{"s":"Ladakh","v":9},"geometry":{"type":"Point","coordinates":[73.5388,36.7009]}},{"type":"Feature","properties":{"s":"Ladakh","v":9},"geometry":{"type":"Point","coordinates":[73.2184,36.1272]}},{"type":"Feature","properties":{"s":"Ladakh","v":9},"geometry":{"type":"Point","coordinates":[75.3947,35.0186]}},{"type":"Feature","properties":{"s":"Ladakh","v":9},"geometry":{"type":"Point","coordinates":[79.6477,34.6862]}},{"type":"Feature","properties":{"s":"Ladakh","v":9},"geometry":{"type":"Point","coordinates":[76.6984,34.1616]}},{"type":"Feature","properties":{"s":"Ladakh","v":9},"geometry":{"type":"Point","coordinates":[76.7614,35.6407]}},{"type":"Feature","properties":{"s":"Ladakh","v":9},"geometry":{"type":"Point","coordinates":[77.0111,33.3222]}},{"type":"Feature","properties":{"s":"Ladakh","v":9},"geometry":{"type":"Point","coordinates":[72.6888,36.1165]}},{"type":"Feature","properties":{"s":"Ladakh","v":9},"geometry":{"type":"Point","coordinates":[78.0825,34.5971]}},{"type":"Feature","properties":{"s":"Ladakh","v":9},"geometry":{"type":"Point","coordinates":[74.9838,36.4448]}},{"type":"Feature","properties":{"s":"Ladakh","v":9},"geometry":{"type":"Point","coordinates":[76.9653,35.1835]}},{"type":"Feature","properties":{"s":"Ladakh","v":9},"geometry":{"type":"Point","coordinates":[77.2322,35.5179]}},{"type":"Feature","properties":{"s":"Ladakh","v":9},"geometry":{"type":"Point","coordinates":[73.9796,35.812]}},{"type":"Feature","properties":{"s":"Ladakh","v":9},"geometry":{"type":"Point","coordinates":[76.2687,35.8354]}},{"type":"Feature","properties":{"s":"Ladakh","v":9},"geometry":{"type":"Point","coordinates":[73.7031,35.745]}},{"type":"Feature","properties":{"s":"Ladakh","v":9},"geometry":{"type":"Point","coordinates":[73.8393,35.9073]}},{"type":"Feature","properties":{"s":"Ladakh","v":9},"geometry":{"type":"Point","coordinates":[77.0405,34.8139]}},{"type":"Feature","properties":{"s":"Ladakh","v":9},"geometry":{"type":"Point","coordinates":[73.8319,35.9893]}},{"type":"Feature","properties":{"s":"Ladakh","v":9},"geometry":{"type":"Point","coordinates":[76.6822,33.5461]}},{"type":"Feature","properties":{"s":"Ladakh","v":9},"geometry":{"type":"Point","coordinates":[76.7197,34.115]}},{"type":"Feature","properties":{"s":"Ladakh","v":9},"geometry":{"type":"Point","coordinates":[73.9259,35.2431]}},{"type":"Feature","properties":{"s":"Ladakh","v":9},"geometry":{"type":"Point","coordinates":[76.6705,34.5912]}},{"type":"Feature","properties":{"s":"Ladakh","v":9},"geometry":{"type":"Point","coordinates":[74.7706,35.6851]}},{"type":"Feature","properties":{"s":"Ladakh","v":9},"geometry":{"type":"Point","coordinates":[77.0038,34.3908]}},{"type":"Feature","properties":{"s":"Ladakh","v":9},"geometry":{"type":"Point","coordinates":[80.0171,35.5349]}},{"type":"Feature","properties":{"s":"Ladakh","v":9},"geometry":{"type":"Point","coordinates":[75.194,36.643]}},{"type":"Feature","properties":{"s":"Ladakh","v":9},"geometry":{"type":"Point","coordinates":[77.7035,33.3961]}},{"type":"Feature","properties":{"s":"Ladakh","v":9},"geometry":{"type":"Point","coordinates":[78.7893,35.1347]}},{"type":"Feature","properties":{"s":"Ladakh","v":9},"geometry":{"type":"Point","coordinates":[74.684,35.3454]}},{"type":"Feature","properties":{"s":"Ladakh","v":9},"geometry":{"type":"Point","coordinates":[77.9107,33.2732]}},{"type":"Feature","properties":{"s":"Ladakh","v":9},"geometry":{"type":"Point","coordinates":[77.5867,34.4051]}},{"type":"Feature","properties":{"s":"Ladakh","v":9},"geometry":{"type":"Point","coordinates":[74.5388,36.8281]}},{"type":"Feature","properties":{"s":"Ladakh","v":9},"geometry":{"type":"Point","coordinates":[76.0406,33.9586]}},{"type":"Feature","properties":{"s":"Ladakh","v":9},"geometry":{"type":"Point","coordinates":[74.2977,36.8223]}},{"type":"Feature","properties":{"s":"Ladakh","v":9},"geometry":{"type":"Point","coordinates":[75.9075,34.4505]}},{"type":"Feature","properties":{"s":"Ladakh","v":9},"geometry":{"type":"Point","coordinates":[74.682,35.3928]}},{"type":"Feature","properties":{"s":"Ladakh","v":9},"geometry":{"type":"Point","coordinates":[73.8902,35.6355]}},{"type":"Feature","properties":{"s":"Ladakh","v":9},"geometry":{"type":"Point","coordinates":[77.678,32.9727]}},{"type":"Feature","properties":{"s":"Ladakh","v":9},"geometry":{"type":"Point","coordinates":[74.7033,34.8791]}},{"type":"Feature","properties":{"s":"Ladakh","v":9},"geometry":{"type":"Point","coordinates":[77.0634,35.6618]}},{"type":"Feature","properties":{"s":"Ladakh","v":9},"geometry":{"type":"Point","coordinates":[79.1896,33.2734]}},{"type":"Feature","properties":{"s":"Jammu & Kashmir","v":11.7},"geometry":{"type":"Point","coordinates":[73.8038,33.6496]}},{"type":"Feature","properties":{"s":"Jammu & Kashmir","v":11.7},"geometry":{"type":"Point","coordinates":[75.0981,33.6245]}},{"type":"Feature","properties":{"s":"Jammu & Kashmir","v":11.7},"geometry":{"type":"Point","coordinates":[75.2666,34.0369]}},{"type":"Feature","properties":{"s":"Jammu & Kashmir","v":11.7},"geometry":{"type":"Point","coordinates":[76.1151,33.1526]}},{"type":"Feature","properties":{"s":"Jammu & Kashmir","v":11.7},"geometry":{"type":"Point","coordinates":[74.4386,34.556]}},{"type":"Feature","properties":{"s":"Jammu & Kashmir","v":11.7},"geometry":{"type":"Point","coordinates":[75.0511,33.0651]}},{"type":"Feature","properties":{"s":"Jammu & Kashmir","v":11.7},"geometry":{"type":"Point","coordinates":[73.6332,34.3508]}},{"type":"Feature","properties":{"s":"Jammu & Kashmir","v":11.7},"geometry":{"type":"Point","coordinates":[74.9829,34.555]}},{"type":"Feature","properties":{"s":"Jammu & Kashmir","v":11.7},"geometry":{"type":"Point","coordinates":[73.6582,33.1619]}},{"type":"Feature","properties":{"s":"Jammu & Kashmir","v":11.7},"geometry":{"type":"Point","coordinates":[74.1422,34.0249]}},{"type":"Feature","properties":{"s":"Jammu & Kashmir","v":11.7},"geometry":{"type":"Point","coordinates":[74.3769,34.0959]}},{"type":"Feature","properties":{"s":"Jammu & Kashmir","v":11.7},"geometry":{"type":"Point","coordinates":[75.1735,34.6009]}},{"type":"Feature","properties":{"s":"Jammu & Kashmir","v":11.7},"geometry":{"type":"Point","coordinates":[74.2343,34.9325]}},{"type":"Feature","properties":{"s":"Jammu & Kashmir","v":11.7},"geometry":{"type":"Point","coordinates":[74.7936,33.1721]}},{"type":"Feature","properties":{"s":"Jammu & Kashmir","v":11.7},"geometry":{"type":"Point","coordinates":[73.5012,34.5442]}},{"type":"Feature","properties":{"s":"Jammu & Kashmir","v":11.7},"geometry":{"type":"Point","coordinates":[73.7255,33.691]}},{"type":"Feature","properties":{"s":"Jammu & Kashmir","v":11.7},"geometry":{"type":"Point","coordinates":[76.288,33.2876]}},{"type":"Feature","properties":{"s":"Jammu & Kashmir","v":11.7},"geometry":{"type":"Point","coordinates":[75.0391,33.682]}},{"type":"Feature","properties":{"s":"Jammu & Kashmir","v":11.7},"geometry":{"type":"Point","coordinates":[75.7,33.9481]}},{"type":"Feature","properties":{"s":"Jammu & Kashmir","v":11.7},"geometry":{"type":"Point","coordinates":[74.443,33.4175]}},{"type":"Feature","properties":{"s":"Jammu & Kashmir","v":11.7},"geometry":{"type":"Point","coordinates":[74.8867,34.2192]}},{"type":"Feature","properties":{"s":"Jammu & Kashmir","v":11.7},"geometry":{"type":"Point","coordinates":[75.1308,33.5577]}},{"type":"Feature","properties":{"s":"Jammu & Kashmir","v":11.7},"geometry":{"type":"Point","coordinates":[74.7754,33.5612]}},{"type":"Feature","properties":{"s":"Jammu & Kashmir","v":11.7},"geometry":{"type":"Point","coordinates":[74.2104,33.5865]}},{"type":"Feature","properties":{"s":"Jammu & Kashmir","v":11.7},"geometry":{"type":"Point","coordinates":[74.0453,33.428]}},{"type":"Feature","properties":{"s":"Jammu & Kashmir","v":11.7},"geometry":{"type":"Point","coordinates":[74.9661,32.959]}},{"type":"Feature","properties":{"s":"Jammu & Kashmir","v":11.7},"geometry":{"type":"Point","coordinates":[74.1913,34.0406]}},{"type":"Feature","properties":{"s":"Jammu & Kashmir","v":11.7},"geometry":{"type":"Point","coordinates":[74.7714,32.9227]}},{"type":"Feature","properties":{"s":"Jammu & Kashmir","v":11.7},"geometry":{"type":"Point","coordinates":[74.4956,34.3055]}},{"type":"Feature","properties":{"s":"Jammu & Kashmir","v":11.7},"geometry":{"type":"Point","coordinates":[75.6486,33.5141]}},{"type":"Feature","properties":{"s":"Jammu & Kashmir","v":11.7},"geometry":{"type":"Point","coordinates":[74.5221,34.5204]}},{"type":"Feature","properties":{"s":"Jammu & Kashmir","v":11.7},"geometry":{"type":"Point","coordinates":[75.8874,33.1875]}},{"type":"Feature","properties":{"s":"Jammu & Kashmir","v":11.7},"geometry":{"type":"Point","coordinates":[73.7224,33.5584]}},{"type":"Feature","properties":{"s":"Jammu & Kashmir","v":11.7},"geometry":{"type":"Point","coordinates":[74.751,34.2845]}},{"type":"Feature","properties":{"s":"Jammu & Kashmir","v":11.7},"geometry":{"type":"Point","coordinates":[75.3152,32.732]}},{"type":"Feature","properties":{"s":"Jammu & Kashmir","v":11.7},"geometry":{"type":"Point","coordinates":[75.3904,33.5399]}},{"type":"Feature","properties":{"s":"Jammu & Kashmir","v":11.7},"geometry":{"type":"Point","coordinates":[74.5365,32.9406]}},{"type":"Feature","properties":{"s":"Jammu & Kashmir","v":11.7},"geometry":{"type":"Point","coordinates":[75.4794,32.5584]}},{"type":"Feature","properties":{"s":"Jammu & Kashmir","v":11.7},"geometry":{"type":"Point","coordinates":[74.0943,34.3157]}},{"type":"Feature","properties":{"s":"Jammu & Kashmir","v":11.7},"geometry":{"type":"Point","coordinates":[75.4517,32.477]}},{"type":"Feature","properties":{"s":"Jammu & Kashmir","v":11.7},"geometry":{"type":"Point","coordinates":[74.6648,34.2401]}},{"type":"Feature","properties":{"s":"Jammu & Kashmir","v":11.7},"geometry":{"type":"Point","coordinates":[75.6575,33.4464]}},{"type":"Feature","properties":{"s":"Jammu & Kashmir","v":11.7},"geometry":{"type":"Point","coordinates":[74.1173,33.785]}},{"type":"Feature","properties":{"s":"Jammu & Kashmir","v":11.7},"geometry":{"type":"Point","coordinates":[75.1833,34.0274]}},{"type":"Feature","properties":{"s":"Jammu & Kashmir","v":11.7},"geometry":{"type":"Point","coordinates":[74.7311,33.5967]}},{"type":"Feature","properties":{"s":"Jammu & Kashmir","v":11.7},"geometry":{"type":"Point","coordinates":[75.5938,32.6924]}},{"type":"Feature","properties":{"s":"Jammu & Kashmir","v":11.7},"geometry":{"type":"Point","coordinates":[75.2705,33.5994]}},{"type":"Feature","properties":{"s":"Jammu & Kashmir","v":11.7},"geometry":{"type":"Point","coordinates":[75.1601,32.5304]}},{"type":"Feature","properties":{"s":"Jammu & Kashmir","v":11.7},"geometry":{"type":"Point","coordinates":[73.6904,34.6137]}},{"type":"Feature","properties":{"s":"Jammu & Kashmir","v":11.7},"geometry":{"type":"Point","coordinates":[75.6328,33.2764]}},{"type":"Feature","properties":{"s":"Jammu & Kashmir","v":11.7},"geometry":{"type":"Point","coordinates":[74.9415,33.9331]}},{"type":"Feature","properties":{"s":"Jammu & Kashmir","v":11.7},"geometry":{"type":"Point","coordinates":[74.1097,33.0961]}},{"type":"Feature","properties":{"s":"Jammu & Kashmir","v":11.7},"geometry":{"type":"Point","coordinates":[75.1326,32.7299]}},{"type":"Feature","properties":{"s":"Jammu & Kashmir","v":11.7},"geometry":{"type":"Point","coordinates":[74.6591,33.4691]}},{"type":"Feature","properties":{"s":"Jammu & Kashmir","v":11.7},"geometry":{"type":"Point","coordinates":[76.1214,33.1195]}},{"type":"Feature","properties":{"s":"Jammu & Kashmir","v":11.7},"geometry":{"type":"Point","coordinates":[74.1667,33.1885]}},{"type":"Feature","properties":{"s":"Jammu & Kashmir","v":11.7},"geometry":{"type":"Point","coordinates":[75.9371,33.4034]}},{"type":"Feature","properties":{"s":"Jammu & Kashmir","v":11.7},"geometry":{"type":"Point","coordinates":[73.6396,34.0295]}},{"type":"Feature","properties":{"s":"Jammu & Kashmir","v":11.7},"geometry":{"type":"Point","coordinates":[74.5327,35.0505]}},{"type":"Feature","properties":{"s":"Jammu & Kashmir","v":11.7},"geometry":{"type":"Point","coordinates":[74.7646,33.2512]}},{"type":"Feature","properties":{"s":"Jammu & Kashmir","v":11.7},"geometry":{"type":"Point","coordinates":[73.8146,33.3848]}},{"type":"Feature","properties":{"s":"Jammu & Kashmir","v":11.7},"geometry":{"type":"Point","coordinates":[75.7762,33.6109]}},{"type":"Feature","properties":{"s":"Jammu & Kashmir","v":11.7},"geometry":{"type":"Point","coordinates":[74.542,33.8043]}},{"type":"Feature","properties":{"s":"Jammu & Kashmir","v":11.7},"geometry":{"type":"Point","coordinates":[74.4361,33.2969]}},{"type":"Feature","properties":{"s":"Jammu & Kashmir","v":11.7},"geometry":{"type":"Point","coordinates":[75.4079,32.8699]}},{"type":"Feature","properties":{"s":"Jammu & Kashmir","v":11.7},"geometry":{"type":"Point","coordinates":[75.8607,33.0889]}},{"type":"Feature","properties":{"s":"Jammu & Kashmir","v":11.7},"geometry":{"type":"Point","coordinates":[75.6176,32.749]}},{"type":"Feature","properties":{"s":"Jammu & Kashmir","v":11.7},"geometry":{"type":"Point","coordinates":[75.0871,32.5306]}},{"type":"Feature","properties":{"s":"Jammu & Kashmir","v":11.7},"geometry":{"type":"Point","coordinates":[74.2974,33.5583]}},{"type":"Feature","properties":{"s":"Jammu & Kashmir","v":11.7},"geometry":{"type":"Point","coordinates":[75.7319,33.9333]}},{"type":"Feature","properties":{"s":"Jammu & Kashmir","v":11.7},"geometry":{"type":"Point","coordinates":[76.3851,33.5319]}},{"type":"Feature","properties":{"s":"Jammu & Kashmir","v":11.7},"geometry":{"type":"Point","coordinates":[76.0831,33.8483]}},{"type":"Feature","properties":{"s":"Jammu & Kashmir","v":11.7},"geometry":{"type":"Point","coordinates":[73.8089,34.0449]}},{"type":"Feature","properties":{"s":"Jammu & Kashmir","v":11.7},"geometry":{"type":"Point","coordinates":[75.6953,32.9095]}},{"type":"Feature","properties":{"s":"Jammu & Kashmir","v":11.7},"geometry":{"type":"Point","coordinates":[73.4917,34.5155]}},{"type":"Feature","properties":{"s":"Jammu & Kashmir","v":11.7},"geometry":{"type":"Point","coordinates":[73.9142,34.1636]}},{"type":"Feature","properties":{"s":"Jammu & Kashmir","v":11.7},"geometry":{"type":"Point","coordinates":[75.4687,32.7911]}},{"type":"Feature","properties":{"s":"Jammu & Kashmir","v":11.7},"geometry":{"type":"Point","coordinates":[75.8588,33.246]}},{"type":"Feature","properties":{"s":"Jammu & Kashmir","v":11.7},"geometry":{"type":"Point","coordinates":[74.5251,33.7184]}},{"type":"Feature","properties":{"s":"Jammu & Kashmir","v":11.7},"geometry":{"type":"Point","coordinates":[74.6649,32.812]}},{"type":"Feature","properties":{"s":"Jammu & Kashmir","v":11.7},"geometry":{"type":"Point","coordinates":[75.0111,33.8076]}},{"type":"Feature","properties":{"s":"Jammu & Kashmir","v":11.7},"geometry":{"type":"Point","coordinates":[74.7041,34.4723]}},{"type":"Feature","properties":{"s":"Jammu & Kashmir","v":11.7},"geometry":{"type":"Point","coordinates":[76.0437,33.8057]}},{"type":"Feature","properties":{"s":"Jammu & Kashmir","v":11.7},"geometry":{"type":"Point","coordinates":[74.4831,33.5213]}},{"type":"Feature","properties":{"s":"Jammu & Kashmir","v":11.7},"geometry":{"type":"Point","coordinates":[75.0103,33.2038]}},{"type":"Feature","properties":{"s":"Jammu & Kashmir","v":11.7},"geometry":{"type":"Point","coordinates":[74.2659,34.2476]}},{"type":"Feature","properties":{"s":"Jammu & Kashmir","v":11.7},"geometry":{"type":"Point","coordinates":[73.6483,34.0824]}},{"type":"Feature","properties":{"s":"Jammu & Kashmir","v":11.7},"geometry":{"type":"Point","coordinates":[75.7297,33.8296]}},{"type":"Feature","properties":{"s":"Jammu & Kashmir","v":11.7},"geometry":{"type":"Point","coordinates":[74.1671,33.739]}},{"type":"Feature","properties":{"s":"Jammu & Kashmir","v":11.7},"geometry":{"type":"Point","coordinates":[75.0288,33.8065]}},{"type":"Feature","properties":{"s":"Jammu & Kashmir","v":11.7},"geometry":{"type":"Point","coordinates":[75.054,33.8811]}},{"type":"Feature","properties":{"s":"Jammu & Kashmir","v":11.7},"geometry":{"type":"Point","coordinates":[75.6819,32.5907]}},{"type":"Feature","properties":{"s":"Jammu & Kashmir","v":11.7},"geometry":{"type":"Point","coordinates":[75.2423,34.537]}},{"type":"Feature","properties":{"s":"Jammu & Kashmir","v":11.7},"geometry":{"type":"Point","coordinates":[74.0417,33.2051]}},{"type":"Feature","properties":{"s":"Jammu & Kashmir","v":11.7},"geometry":{"type":"Point","coordinates":[75.2877,33.8113]}},{"type":"Feature","properties":{"s":"Jammu & Kashmir","v":11.7},"geometry":{"type":"Point","coordinates":[74.014,33.9952]}},{"type":"Feature","properties":{"s":"Jammu & Kashmir","v":11.7},"geometry":{"type":"Point","coordinates":[74.8665,34.0699]}},{"type":"Feature","properties":{"s":"Jammu & Kashmir","v":11.7},"geometry":{"type":"Point","coordinates":[74.9592,32.8038]}},{"type":"Feature","properties":{"s":"Jammu & Kashmir","v":11.7},"geometry":{"type":"Point","coordinates":[74.8916,34.0576]}},{"type":"Feature","properties":{"s":"Jammu & Kashmir","v":11.7},"geometry":{"type":"Point","coordinates":[74.2681,35.0135]}},{"type":"Feature","properties":{"s":"Jammu & Kashmir","v":11.7},"geometry":{"type":"Point","coordinates":[75.616,34.1842]}},{"type":"Feature","properties":{"s":"Jammu & Kashmir","v":11.7},"geometry":{"type":"Point","coordinates":[75.6086,34.0856]}},{"type":"Feature","properties":{"s":"Jammu & Kashmir","v":11.7},"geometry":{"type":"Point","coordinates":[75.5735,32.5225]}},{"type":"Feature","properties":{"s":"Jammu & Kashmir","v":11.7},"geometry":{"type":"Point","coordinates":[75.7548,32.9352]}},{"type":"Feature","properties":{"s":"Jammu & Kashmir","v":11.7},"geometry":{"type":"Point","coordinates":[76.291,33.5454]}},{"type":"Feature","properties":{"s":"Jammu & Kashmir","v":11.7},"geometry":{"type":"Point","coordinates":[74.1794,33.2192]}},{"type":"Feature","properties":{"s":"Jammu & Kashmir","v":11.7},"geometry":{"type":"Point","coordinates":[75.1964,32.8999]}},{"type":"Feature","properties":{"s":"Jammu & Kashmir","v":11.7},"geometry":{"type":"Point","coordinates":[75.2907,32.7405]}},{"type":"Feature","properties":{"s":"Jammu & Kashmir","v":11.7},"geometry":{"type":"Point","coordinates":[74.971,32.5666]}},{"type":"Feature","properties":{"s":"Jammu & Kashmir","v":11.7},"geometry":{"type":"Point","coordinates":[75.7355,33.8923]}},{"type":"Feature","properties":{"s":"Jammu & Kashmir","v":11.7},"geometry":{"type":"Point","coordinates":[75.788,33.9113]}},{"type":"Feature","properties":{"s":"Jammu & Kashmir","v":11.7},"geometry":{"type":"Point","coordinates":[75.5579,33.7458]}},{"type":"Feature","properties":{"s":"Jammu & Kashmir","v":11.7},"geometry":{"type":"Point","coordinates":[73.7323,33.3705]}},{"type":"Feature","properties":{"s":"Jammu & Kashmir","v":11.7},"geometry":{"type":"Point","coordinates":[74.3632,34.5732]}},{"type":"Feature","properties":{"s":"Jammu & Kashmir","v":11.7},"geometry":{"type":"Point","coordinates":[74.2819,33.6137]}},{"type":"Feature","properties":{"s":"Jammu & Kashmir","v":11.7},"geometry":{"type":"Point","coordinates":[74.801,33.4792]}},{"type":"Feature","properties":{"s":"Jammu & Kashmir","v":11.7},"geometry":{"type":"Point","coordinates":[75.4592,33.413]}},{"type":"Feature","properties":{"s":"Jammu & Kashmir","v":11.7},"geometry":{"type":"Point","coordinates":[74.6361,34.353]}},{"type":"Feature","properties":{"s":"Jammu & Kashmir","v":11.7},"geometry":{"type":"Point","coordinates":[73.6255,34.3712]}},{"type":"Feature","properties":{"s":"Jammu & Kashmir","v":11.7},"geometry":{"type":"Point","coordinates":[74.5476,34.6389]}},{"type":"Feature","properties":{"s":"Jammu & Kashmir","v":11.7},"geometry":{"type":"Point","coordinates":[73.483,34.4607]}},{"type":"Feature","properties":{"s":"Jammu & Kashmir","v":11.7},"geometry":{"type":"Point","coordinates":[76.4502,33.5036]}},{"type":"Feature","properties":{"s":"Jammu & Kashmir","v":11.7},"geometry":{"type":"Point","coordinates":[75.2284,33.7394]}},{"type":"Feature","properties":{"s":"Jammu & Kashmir","v":11.7},"geometry":{"type":"Point","coordinates":[75.192,32.6979]}},{"type":"Feature","properties":{"s":"Jammu & Kashmir","v":11.7},"geometry":{"type":"Point","coordinates":[76.1399,33.1578]}},{"type":"Feature","properties":{"s":"Jammu & Kashmir","v":11.7},"geometry":{"type":"Point","coordinates":[74.7627,32.983]}},{"type":"Feature","properties":{"s":"Jammu & Kashmir","v":11.7},"geometry":{"type":"Point","coordinates":[73.955,33.9153]}},{"type":"Feature","properties":{"s":"Jammu & Kashmir","v":11.7},"geometry":{"type":"Point","coordinates":[75.0564,33.7211]}},{"type":"Feature","properties":{"s":"Jammu & Kashmir","v":11.7},"geometry":{"type":"Point","coordinates":[75.115,34.0449]}},{"type":"Feature","properties":{"s":"Jammu & Kashmir","v":11.7},"geometry":{"type":"Point","coordinates":[75.3798,33.3126]}},{"type":"Feature","properties":{"s":"Jammu & Kashmir","v":11.7},"geometry":{"type":"Point","coordinates":[74.6982,34.1578]}},{"type":"Feature","properties":{"s":"Jammu & Kashmir","v":11.7},"geometry":{"type":"Point","coordinates":[73.6416,34.351]}},{"type":"Feature","properties":{"s":"Jammu & Kashmir","v":11.7},"geometry":{"type":"Point","coordinates":[76.019,33.686]}},{"type":"Feature","properties":{"s":"Jammu & Kashmir","v":11.7},"geometry":{"type":"Point","coordinates":[73.7617,34.7349]}},{"type":"Feature","properties":{"s":"Jammu & Kashmir","v":11.7},"geometry":{"type":"Point","coordinates":[74.6485,34.0177]}},{"type":"Feature","properties":{"s":"Jammu & Kashmir","v":11.7},"geometry":{"type":"Point","coordinates":[74.6317,33.6771]}},{"type":"Feature","properties":{"s":"Jammu & Kashmir","v":11.7},"geometry":{"type":"Point","coordinates":[75.7691,32.5616]}},{"type":"Feature","properties":{"s":"Jammu & Kashmir","v":11.7},"geometry":{"type":"Point","coordinates":[74.5949,34.5457]}},{"type":"Feature","properties":{"s":"Jammu & Kashmir","v":11.7},"geometry":{"type":"Point","coordinates":[73.625,34.5384]}},{"type":"Feature","properties":{"s":"Jammu & Kashmir","v":11.7},"geometry":{"type":"Point","coordinates":[75.8916,33.6722]}},{"type":"Feature","properties":{"s":"Jammu & Kashmir","v":11.7},"geometry":{"type":"Point","coordinates":[74.5079,33.9934]}},{"type":"Feature","properties":{"s":"Jammu & Kashmir","v":11.7},"geometry":{"type":"Point","coordinates":[76.0385,33.6031]}},{"type":"Feature","properties":{"s":"Jammu & Kashmir","v":11.7},"geometry":{"type":"Point","coordinates":[74.3066,34.6187]}},{"type":"Feature","properties":{"s":"Jammu & Kashmir","v":11.7},"geometry":{"type":"Point","coordinates":[75.256,32.8014]}},{"type":"Feature","properties":{"s":"Jammu & Kashmir","v":11.7},"geometry":{"type":"Point","coordinates":[74.2055,33.4729]}},{"type":"Feature","properties":{"s":"Jammu & Kashmir","v":11.7},"geometry":{"type":"Point","coordinates":[74.6244,34.6189]}},{"type":"Feature","properties":{"s":"Jammu & Kashmir","v":11.7},"geometry":{"type":"Point","coordinates":[73.9243,33.1807]}},{"type":"Feature","properties":{"s":"Jammu & Kashmir","v":11.7},"geometry":{"type":"Point","coordinates":[75.028,33.3742]}},{"type":"Feature","properties":{"s":"Jammu & Kashmir","v":11.7},"geometry":{"type":"Point","coordinates":[74.4283,34.8171]}},{"type":"Feature","properties":{"s":"Jammu & Kashmir","v":11.7},"geometry":{"type":"Point","coordinates":[76.3409,33.3143]}},{"type":"Feature","properties":{"s":"Jammu & Kashmir","v":11.7},"geometry":{"type":"Point","coordinates":[75.0261,32.6042]}},{"type":"Feature","properties":{"s":"Jammu & Kashmir","v":11.7},"geometry":{"type":"Point","coordinates":[73.6472,34.1095]}},{"type":"Feature","properties":{"s":"Jammu & Kashmir","v":11.7},"geometry":{"type":"Point","coordinates":[74.2384,32.853]}},{"type":"Feature","properties":{"s":"Jammu & Kashmir","v":11.7},"geometry":{"type":"Point","coordinates":[74.2809,33.3828]}},{"type":"Feature","properties":{"s":"Jammu & Kashmir","v":11.7},"geometry":{"type":"Point","coordinates":[74.5344,34.2006]}},{"type":"Feature","properties":{"s":"Jammu & Kashmir","v":11.7},"geometry":{"type":"Point","coordinates":[75.7497,33.5208]}},{"type":"Feature","properties":{"s":"Jammu & Kashmir","v":11.7},"geometry":{"type":"Point","coordinates":[75.5319,33.316]}},{"type":"Feature","properties":{"s":"Jammu & Kashmir","v":11.7},"geometry":{"type":"Point","coordinates":[75.8499,33.3292]}},{"type":"Feature","properties":{"s":"Jammu & Kashmir","v":11.7},"geometry":{"type":"Point","coordinates":[75.6676,32.7108]}},{"type":"Feature","properties":{"s":"Jammu & Kashmir","v":11.7},"geometry":{"type":"Point","coordinates":[75.7363,33.567]}},{"type":"Feature","properties":{"s":"Jammu & Kashmir","v":11.7},"geometry":{"type":"Point","coordinates":[74.8289,34.6216]}},{"type":"Feature","properties":{"s":"Jammu & Kashmir","v":11.7},"geometry":{"type":"Point","coordinates":[75.3649,33.8094]}},{"type":"Feature","properties":{"s":"Jammu & Kashmir","v":11.7},"geometry":{"type":"Point","coordinates":[75.7618,32.7224]}},{"type":"Feature","properties":{"s":"Jammu & Kashmir","v":11.7},"geometry":{"type":"Point","coordinates":[73.7531,34.1265]}},{"type":"Feature","properties":{"s":"Jammu & Kashmir","v":11.7},"geometry":{"type":"Point","coordinates":[74.7433,34.0912]}},{"type":"Feature","properties":{"s":"Jammu & Kashmir","v":11.7},"geometry":{"type":"Point","coordinates":[75.0679,32.8529]}},{"type":"Feature","properties":{"s":"Jammu & Kashmir","v":11.7},"geometry":{"type":"Point","coordinates":[75.7518,32.7375]}},{"type":"Feature","properties":{"s":"Jammu & Kashmir","v":11.7},"geometry":{"type":"Point","coordinates":[74.3059,33.0549]}},{"type":"Feature","properties":{"s":"Jammu & Kashmir","v":11.7},"geometry":{"type":"Point","coordinates":[76.7325,33.2573]}},{"type":"Feature","properties":{"s":"Jammu & Kashmir","v":11.7},"geometry":{"type":"Point","coordinates":[74.4488,34.0181]}},{"type":"Feature","properties":{"s":"Jammu & Kashmir","v":11.7},"geometry":{"type":"Point","coordinates":[75.3305,33.9677]}},{"type":"Feature","properties":{"s":"Jammu & Kashmir","v":11.7},"geometry":{"type":"Point","coordinates":[76.0417,33.6895]}},{"type":"Feature","properties":{"s":"Jammu & Kashmir","v":11.7},"geometry":{"type":"Point","coordinates":[74.2229,33.1236]}},{"type":"Feature","properties":{"s":"Jammu & Kashmir","v":11.7},"geometry":{"type":"Point","coordinates":[74.6868,32.9618]}},{"type":"Feature","properties":{"s":"Jammu & Kashmir","v":11.7},"geometry":{"type":"Point","coordinates":[75.3745,33.2229]}},{"type":"Feature","properties":{"s":"Jammu & Kashmir","v":11.7},"geometry":{"type":"Point","coordinates":[75.3001,34.3627]}},{"type":"Feature","properties":{"s":"Jammu & Kashmir","v":11.7},"geometry":{"type":"Point","coordinates":[75.1829,33.2762]}},{"type":"Feature","properties":{"s":"Jammu & Kashmir","v":11.7},"geometry":{"type":"Point","coordinates":[74.2071,33.9812]}},{"type":"Feature","properties":{"s":"Jammu & Kashmir","v":11.7},"geometry":{"type":"Point","coordinates":[75.6575,32.8151]}},{"type":"Feature","properties":{"s":"Jammu & Kashmir","v":11.7},"geometry":{"type":"Point","coordinates":[75.8282,33.8754]}},{"type":"Feature","properties":{"s":"Jammu & Kashmir","v":11.7},"geometry":{"type":"Point","coordinates":[74.254,33.8267]}},{"type":"Feature","properties":{"s":"Jammu & Kashmir","v":11.7},"geometry":{"type":"Point","coordinates":[75.002,33.7524]}},{"type":"Feature","properties":{"s":"Jammu & Kashmir","v":11.7},"geometry":{"type":"Point","coordinates":[74.1309,33.3826]}},{"type":"Feature","properties":{"s":"Jammu & Kashmir","v":11.7},"geometry":{"type":"Point","coordinates":[75.3745,33.6832]}},{"type":"Feature","properties":{"s":"Jammu & Kashmir","v":11.7},"geometry":{"type":"Point","coordinates":[75.2786,32.9078]}},{"type":"Feature","properties":{"s":"Jammu & Kashmir","v":11.7},"geometry":{"type":"Point","coordinates":[75.7072,33.3014]}},{"type":"Feature","properties":{"s":"Jammu & Kashmir","v":11.7},"geometry":{"type":"Point","coordinates":[73.9253,33.589]}},{"type":"Feature","properties":{"s":"Jammu & Kashmir","v":11.7},"geometry":{"type":"Point","coordinates":[74.7193,34.173]}},{"type":"Feature","properties":{"s":"Jammu & Kashmir","v":11.7},"geometry":{"type":"Point","coordinates":[75.909,32.6064]}},{"type":"Feature","properties":{"s":"Jammu & Kashmir","v":11.7},"geometry":{"type":"Point","coordinates":[75.8185,33.0078]}},{"type":"Feature","properties":{"s":"Jammu & Kashmir","v":11.7},"geometry":{"type":"Point","coordinates":[75.109,32.6109]}},{"type":"Feature","properties":{"s":"Jammu & Kashmir","v":11.7},"geometry":{"type":"Point","coordinates":[74.6243,33.1833]}},{"type":"Feature","properties":{"s":"Jammu & Kashmir","v":11.7},"geometry":{"type":"Point","coordinates":[74.13,32.9653]}},{"type":"Feature","properties":{"s":"Jammu & Kashmir","v":11.7},"geometry":{"type":"Point","coordinates":[74.9815,34.4296]}},{"type":"Feature","properties":{"s":"Jammu & Kashmir","v":11.7},"geometry":{"type":"Point","coordinates":[74.889,34.3032]}},{"type":"Feature","properties":{"s":"Jammu & Kashmir","v":11.7},"geometry":{"type":"Point","coordinates":[73.7496,33.7145]}},{"type":"Feature","properties":{"s":"Jammu & Kashmir","v":11.7},"geometry":{"type":"Point","coordinates":[74.5087,33.5082]}},{"type":"Feature","properties":{"s":"Jammu & Kashmir","v":11.7},"geometry":{"type":"Point","coordinates":[73.8162,34.5983]}},{"type":"Feature","properties":{"s":"Jammu & Kashmir","v":11.7},"geometry":{"type":"Point","coordinates":[75.4965,33.9167]}},{"type":"Feature","properties":{"s":"Jammu & Kashmir","v":11.7},"geometry":{"type":"Point","coordinates":[74.4847,33.3554]}},{"type":"Feature","properties":{"s":"Jammu & Kashmir","v":11.7},"geometry":{"type":"Point","coordinates":[74.5828,33.3552]}},{"type":"Feature","properties":{"s":"Jammu & Kashmir","v":11.7},"geometry":{"type":"Point","coordinates":[74.9037,32.5405]}},{"type":"Feature","properties":{"s":"Jammu & Kashmir","v":11.7},"geometry":{"type":"Point","coordinates":[74.5445,33.8134]}},{"type":"Feature","properties":{"s":"Jammu & Kashmir","v":11.7},"geometry":{"type":"Point","coordinates":[74.4011,33.5391]}},{"type":"Feature","properties":{"s":"Jammu & Kashmir","v":11.7},"geometry":{"type":"Point","coordinates":[74.7889,33.2713]}},{"type":"Feature","properties":{"s":"Jammu & Kashmir","v":11.7},"geometry":{"type":"Point","coordinates":[73.822,33.3888]}},{"type":"Feature","properties":{"s":"Jammu & Kashmir","v":11.7},"geometry":{"type":"Point","coordinates":[73.6135,34.0177]}},{"type":"Feature","properties":{"s":"Jammu & Kashmir","v":11.7},"geometry":{"type":"Point","coordinates":[73.6904,33.2886]}},{"type":"Feature","properties":{"s":"Jammu & Kashmir","v":11.7},"geometry":{"type":"Point","coordinates":[75.7724,33.6408]}},{"type":"Feature","properties":{"s":"Jammu & Kashmir","v":11.7},"geometry":{"type":"Point","coordinates":[73.8422,33.9596]}},{"type":"Feature","properties":{"s":"Jammu & Kashmir","v":11.7},"geometry":{"type":"Point","coordinates":[74.4806,32.9726]}}]}