{"type":"FeatureCollection","features":[{"type":"Feature","properties":{"s":"Arunachal Pradesh","v":6.2},"geometry":{"type":"Point","coordinates":[96.6791,27.5849]}},{"type":"Feature","properties":{"s":"Arunachal Pradesh","v":6.2},"geometry":{"type":"Point","coordinates":[96.0076,28.4883]}},{"type":"Feature","properties":{"s":"Arunachal Pradesh","v":6.2},"geometry":{"type":"Point","coordinates":[93.7567,27.5401]}},{"type":"Feature","properties":{"s":"Arunachal Pradesh","v":6.2},"geometry":{"type":"Point","coordinates":[95.8271,29.1213]}},{"type":"Feature","properties":{"s":"Arunachal Pradesh","v":6.2},"geometry":{"type":"Point","coordinates":[97.2017,28.2815]}},{"type":"Feature","properties":{"s":"Arunachal Pradesh","v":6.2},"geometry":{"type":"Point","coordinates":[92.5934,27.6176]}},{"type":"Feature","properties":{"s":"Arunachal Pradesh","v":6.2},"geometry":{"type":"Point","coordinates":[95.3974,28.1275]}},{"type":"Feature","properties":{"s":"Arunachal Pradesh","v":6.2},"geometry":{"type":"Point","coordinates":[95.5798,28.5875]}},{"type":"Feature","properties":{"s":"Arunachal Pradesh","v":6.2},"geometry":{"type":"Point","coordinates":[95.6802,28.3838]}},{"type":"Feature","properties":{"s":"Arunachal Pradesh","v":6.2},"geometry":{"type":"Point","coordinates":[92.7138,27.2131]}},{"type":"Feature","properties":{"s":"Arunachal Pradesh","v":6.2},"geometry":{"type":"Point","coordinates":[93.0262,27.5502]}},{"type":"Feature","properties":{"s":"Arunachal Pradesh","v":6.2},"geometry":{"type":"Point","coordinates":[94.6126,27.7514]}},{"type":"Feature","properties":{"s":"Arunachal Pradesh","v":6.2},"geometry":{"type":"Point","coordinates":[95.5663,28.0183]}},{"type":"Feature","properties":{"s":"Arunachal Pradesh","v":6.2},"geometry":{"type":"Point","coordinates":[95.1042,28.1098]}},{"type":"Feature","properties":{"s":"Arunachal Pradesh","v":6.2},"geometry":{"type":"Point","coordinates":[94.6867,28.6628]}},{"type":"Feature","properties":{"s":"Arunachal Pradesh","v":6.2},"geometry":{"type":"Point","coordinates":[95.017,28.0031]}},{"type":"Feature","properties":{"s":"Arunachal Pradesh","v":6.2},"geometry":{"type":"Point","coordinates":[94.642,27.7822]}},{"type":"Feature","properties":{"s":"Arunachal Pradesh","v":6.2},"geometry":{"type":"Point","coordinates":[94.246,28.7816]}},{"type":"Feature","properties":{"s":"Arunachal Pradesh","v":6.2},"geometry":{"type":"Point","coordinates":[94.9426,27.921]}},{"type":"Feature","properties":{"s":"Arunachal Pradesh","v":6.2},"geometry":{"type":"Point","coordinates":[94.5037,28.1841]}},{"type":"Feature","properties":{"s":"Arunachal Pradesh","v":6.2},"geometry":{"type":"Point","coordinates":[95.4634,28.6978]}},{"type":"Feature","properties":{"s":"Arunachal Pradesh","v":6.2},"geometry":{"type":"Point","coordinates":[95.1191,28.2357]}},{"type":"Feature","properties":{"s":"Arunachal Pradesh","v":6.2},"geometry":{"type":"Point","coordinates":[97.1001,27.7859]}},{"type":"Feature","properties":{"s":"Arunachal Pradesh","v":6.2},"geometry":{"type":"Point","coordinates":[95.8323,27.2626]}},{"type":"Feature","properties":{"s":"Arunachal Pradesh","v":6.2},"geometry":{"type":"Point","coordinates":[95.5945,27.12]}},{"type":"Feature","properties":{"s":"Arunachal Pradesh","v":6.2},"geometry":{"type":"Point","coordinates":[94.1405,28.366]}},{"type":"Feature","properties":{"s":"Arunachal Pradesh","v":6.2},"geometry":{"type":"Point","coordinates":[93.4113,27.9668]}},{"type":"Feature","properties":{"s":"Arunachal Pradesh","v":6.2},"geometry":{"type":"Point","coordinates":[92.3761,26.9744]}},{"type":"Feature","properties":{"s":"Arunachal Pradesh","v":6.2},"geometry":{"type":"Point","coordinates":[95.0582,29.0339]}},{"type":"Feature","properties":{"s":"Arunachal Pradesh","v":6.2},"geometry":{"type":"Point","coordinates":[94.3518,28.0294]}},{"type":"Feature","properties":{"s":"Arunachal Pradesh","v":6.2},"geometry":{"type":"Point","coordinates":[93.4353,27.1665]}},{"type":"Feature","properties":{"s":"Arunachal Pradesh","v":6.2},"geometry":{"type":"Point","coordinates":[94.822,28.3071]}},{"type":"Feature","properties":{"s":"Arunachal Pradesh","v":6.2},"geometry":{"type":"Point","coordinates":[93.2712,27.3304]}},{"type":"Feature","properties":{"s":"Arunachal Pradesh","v":6.2},"geometry":{"type":"Point","coordinates":[96.9074,28.2129]}},{"type":"Feature","properties":{"s":"Arunachal Pradesh","v":6.2},"geometry":{"type":"Point","coordinates":[95.0686,28.3581]}},{"type":"Feature","properties":{"s":"Arunachal Pradesh","v":6.2},"geometry":{"type":"Point","coordinates":[95.6286,28.9204]}},{"type":"Feature","properties":{"s":"Arunachal Pradesh","v":6.2},"geometry":{"type":"Point","coordinates":[94.5204,28.1025]}},{"type":"Feature","properties":{"s":"Arunachal Pradesh","v":6.2},"geometry":{"type":"Point","coordinates":[96.8298,27.6903]}},{"type":"Feature","properties":{"s":"Arunachal Pradesh","v":6.2},"geometry":{"type":"Point","coordinates":[93.7664,28.6712]}},{"type":"Feature","properties":{"s":"Arunachal Pradesh","v":6.2},"geometry":{"type":"Point","coordinates":[92.1656,26.9564]}},{"type":"Feature","properties":{"s":"Arunachal Pradesh","v":6.2},"geometry":{"type":"Point","coordinates":[93.9655,27.4876]}},{"type":"Feature","properties":{"s":"Arunachal Pradesh","v":6.2},"geometry":{"type":"Point","coordinates":[93.6217,27.4576]}},{"type":"Feature","properties":{"s":"Arunachal Pradesh","v":6.2},"geometry":{"type":"Point","coordinates":[92.7466,27.8752]}},{"type":"Feature","properties":{"s":"Arunachal Pradesh","v":6.2},"geometry":{"type":"Point","coordinates":[95.5103,28.4985]}},{"type":"Feature","properties":{"s":"Arunachal Pradesh","v":6.2},"geometry":{"type":"Point","coordinates":[94.3176,27.7705]}},{"type":"Feature","properties":{"s":"Arunachal Pradesh","v":6.2},"geometry":{"type":"Point","coordinates":[96.1091,27.2761]}},{"type":"Feature","properties":{"s":"Arunachal Pradesh","v":6.2},"geometry":{"type":"Point","coordinates":[95.1036,28.7865]}},{"type":"Feature","properties":{"s":"Arunachal Pradesh","v":6.2},"geometry":{"type":"Point","coordinates":[95.1933,28.42]}},{"type":"Feature","properties":{"s":"Arunachal Pradesh","v":6.2},"geometry":{"type":"Point","coordinates":[93.4952,28.4481]}},{"type":"Feature","properties":{"s":"Arunachal Pradesh","v":6.2},"geometry":{"type":"Point","coordinates":[94.5272,27.6661]}},{"type":"Feature","properties":{"s":"Arunachal Pradesh","v":6.2},"geometry":{"type":"Point","coordinates":[92.2646,27.4715]}},{"type":"Feature","properties":{"s":"Arunachal Pradesh","v":6.2},"geometry":{"type":"Point","coordinates":[94.2113,28.5538]}},{"type":"Feature","properties":{"s":"Arunachal Pradesh","v":6.2},"geometry":{"type":"Point","coordinates":[91.6006,27.6059]}},{"type":"Feature","properties":{"s":"Arunachal Pradesh","v":6.2},"geometry":{"type":"Point","coordinates":[92.7535,28.036]}},{"type":"Feature","properties":{"s":"Arunachal Pradesh","v":6.2},"geometry":{"type":"Point","coordinates":[93.2603,27.712]}},{"type":"Feature","properties":{"s":"Arunachal Pradesh","v":6.2},"geometry":{"type":"Point","coordinates":[93.2535,27.9309]}},{"type":"Feature","properties":{"s":"Arunachal Pradesh","v":6.2},"geometry":{"type":"Point","coordinates":[95.1214,28.7575]}},{"type":"Feature","properties":{"s":"Arunachal Pradesh","v":6.2},"geometry":{"type":"Point","coordinates":[94.1048,28.05]}},{"type":"Feature","properties":{"s":"Arunachal Pradesh","v":6.2},"geometry":{"type":"Point","coordinates":[96.862,28.0411]}},{"type":"Feature","properties":{"s":"Arunachal Pradesh","v":6.2},"geometry":{"type":"Point","coordinates":[93.811,28.4666]}},{"type":"Feature","properties":{"s":"Arunachal Pradesh","v":6.2},"geometry":{"type":"Point","coordinates":[95.6937,28.2241]}},{"type":"Feature","properties":{"s":"Arunachal Pradesh","v":6.2},"geometry":{"type":"Point","coordinates":[96.9233,28.1393]}},{"type":"Feature","properties":{"s":"Arunachal Pradesh","v":6.2},"geometry":{"type":"Point","coordinates":[95.8743,28.3551]}},{"type":"Feature","properties":{"s":"Arunachal Pradesh","v":6.2},"geometry":{"type":"Point","coordinates":[93.5825,27.4471]}},{"type":"Feature","properties":{"s":"Arunachal Pradesh","v":6.2},"geometry":{"type":"Point","coordinates":[96.6914,27.8451]}},{"type":"Feature","properties":{"s":"Arunachal Pradesh","v":6.2},"geometry":{"type":"Point","coordinates":[92.1672,27.3048]}},{"type":"Feature","properties":{"s":"Arunachal Pradesh","v":6.2},"geometry":{"type":"Point","coordinates":[94.6709,28.8077]}},{"type":"Feature","properties":{"s":"Arunachal Pradesh","v":6.2},"geometry":{"type":"Point","coordinates":[92.2382,27.2851]}},{"type":"Feature","properties":{"s":"Arunachal Pradesh","v":6.2},"geometry":{"type":"Point","coordinates":[93.344,28.2855]}},{"type":"Feature","properties":{"s":"Arunachal Pradesh","v":6.2},"geometry":{"type":"Point","coordinates":[96.1042,28.9617]}},{"type":"Feature","properties":{"s":"Arunachal Pradesh","v":6.2},"geometry":{"type":"Point","coordinates":[94.5461,28.432]}},{"type":"Feature","properties":{"s":"Arunachal Pradesh","v":6.2},"geometry":{"type":"Point","coordinates":[97.2639,27.9797]}},{"type":"Feature","properties":{"s":"Arunachal Pradesh","v":6.2},"geometry":{"type":"Point","coordinates":[93.4795,27.4773]}},{"type":"Feature","properties":{"s":"Arunachal Pradesh","v":6.2},"geometry":{"type":"Point","coordinates":[93.5374,27.1618]}},{"type":"Feature","properties":{"s":"Arunachal Pradesh","v":6.2},"geometry":{"type":"Point","coordinates":[92.7561,27.7224]}},{"type":"Feature","properties":{"s":"Arunachal Pradesh","v":6.2},"geometry":{"type":"Point","coordinates":[94.5698,27.9533]}},{"type":"Feature","properties":{"s":"Arunachal Pradesh","v":6.2},"geometry":{"type":"Point","coordinates":[92.5431,27.5253]}},{"type":"Feature","properties":{"s":"Arunachal Pradesh","v":6.2},"geometry":{"type":"Point","coordinates":[94.3893,29.1572]}},{"type":"Feature","properties":{"s":"Arunachal Pradesh","v":6.2},"geometry":{"type":"Point","coordinates":[94.0775,27.398]}},{"type":"Feature","properties":{"s":"Arunachal Pradesh","v":6.2},"geometry":{"type":"Point","coordinates":[92.8876,27.2132]}},{"type":"Feature","properties":{"s":"Arunachal Pradesh","v":6.2},"geometry":{"type":"Point","coordinates":[95.0467,27.9784]}},{"type":"Feature","properties":{"s":"Arunachal Pradesh","v":6.2},"geometry":{"type":"Point","coordinates":[95.1164,28.7387]}},{"type":"Feature","properties":{"s":"Arunachal Pradesh","v":6.2},"geometry":{"type":"Point","coordinates":[95.8685,28.7768]}},{"type":"Feature","properties":{"s":"Arunachal Pradesh","v":6.2},"geometry":{"type":"Point","coordinates":[93.5111,27.1276]}},{"type":"Feature","properties":{"s":"Arunachal Pradesh","v":6.2},"geometry":{"type":"Point","coordinates":[96.8958,27.9742]}},{"type":"Feature","properties":{"s":"Arunachal Pradesh","v":6.2},"geometry":{"type":"Point","coordinates":[94.4863,29.1224]}},{"type":"Feature","properties":{"s":"Arunachal Pradesh","v":6.2},"geometry":{"type":"Point","coordinates":[95.8643,27.6567]}},{"type":"Feature","properties":{"s":"Arunachal Pradesh","v":6.2},"geometry":{"type":"Point","coordinates":[94.222,29.0583]}},{"type":"Feature","properties":{"s":"Arunachal Pradesh","v":6.2},"geometry":{"type":"Point","coordinates":[92.3608,26.9607]}},{"type":"Feature","properties":{"s":"Arunachal Pradesh","v":6.2},"geometry":{"type":"Point","coordinates":[93.0192,27.355]}},{"type":"Feature","properties":{"s":"Arunachal Pradesh","v":6.2},"geometry":{"type":"Point","coordinates":[96.1012,28.3055]}},{"type":"Feature","properties":{"s":"Arunachal Pradesh","v":6.2},"geometry":{"type":"Point","coordinates":[94.4156,28.1621]}},{"type":"Feature","properties":{"s":"Arunachal Pradesh","v":6.2},"geometry":{"type":"Point","coordinates":[94.4231,29.1435]}},{"type":"Feature","properties":{"s":"Arunachal Pradesh","v":6.2},"geometry":{"type":"Point","coordinates":[96.3143,27.3122]}},{"type":"Feature","properties":{"s":"Arunachal Pradesh","v":6.2},"geometry":{"type":"Point","coordinates":[94.3841,29.1343]}},{"type":"Feature","properties":{"s":"Arunachal Pradesh","v":6.2},"geometry":{"type":"Point","coordinates":[95.9076,29.109]}},{"type":"Feature","properties":{"s":"Arunachal Pradesh","v":6.2},"geometry":{"type":"Point","coordinates":[94.2151,28.2848]}},{"type":"Feature","properties":{"s":"Arunachal Pradesh","v":6.2},"geometry":{"type":"Point","coordinates":[96.2973,27.9552]}},{"type":"Feature","properties":{"s":"Arunachal Pradesh","v":6.2},"geometry":{"type":"Point","coordinates":[95.1682,27.8678]}},{"type":"Feature","properties":{"s":"Arunachal Pradesh","v":6.2},"geometry":{"type":"Point","coordinates":[95.7148,26.9773]}},{"type":"Feature","properties":{"s":"Arunachal Pradesh","v":6.2},"geometry":{"type":"Point","coordinates":[96.4094,28.7324]}},{"type":"Feature","properties":{"s":"Arunachal Pradesh","v":6.2},"geometry":{"type":"Point","coordinates":[95.6184,26.9548]}},{"type":"Feature","properties":{"s":"Arunachal Pradesh","v":6.2},"geometry":{"type":"Point","coordinates":[92.9635,28.0899]}},{"type":"Feature","properties":{"s":"Arunachal Pradesh","v":6.2},"geometry":{"type":"Point","coordinates":[94.026,28.766]}},{"type":"Feature","properties":{"s":"Arunachal Pradesh","v":6.2},"geometry":{"type":"Point","coordinates":[95.2421,28.7091]}},{"type":"Feature","properties":{"s":"Arunachal Pradesh","v":6.2},"geometry":{"type":"Point","coordinates":[95.6053,28.6404]}},{"type":"Feature","properties":{"s":"Arunachal Pradesh","v":6.2},"geometry":{"type":"Point","coordinates":[96.0933,29.0078]}},{"type":"Feature","properties":{"s":"Arunachal Pradesh","v":6.2},"geometry":{"type":"Point","coordinates":[96.4564,28.8876]}},{"type":"Feature","properties":{"s":"Arunachal Pradesh","v":6.2},"geometry":{"type":"Point","coordinates":[95.4494,29.0045]}},{"type":"Feature","properties":{"s":"Arunachal Pradesh","v":6.2},"geometry":{"type":"Point","coordinates":[96.7882,28.3665]}},{"type":"Feature","properties":{"s":"Arunachal Pradesh","v":6.2},"geometry":{"type":"Point","coordinates":[91.9503,27.4982]}},{"type":"Feature","properties":{"s":"Arunachal Pradesh","v":6.2},"geometry":{"type":"Point","coordinates":[94.3018,28.3716]}},{"type":"Feature","properties":{"s":"Assam","v":2.9},"geometry":{"type":"Point","coordinates":[94.7171,27.181]}},{"type":"Feature","properties":{"s":"Assam","v":2.9},"geometry":{"type":"Point","coordinates":[93.8511,26.1214]}},{"type":"Feature","properties":{"s":"Assam","v":2.9},"geometry":{"type":"Point","coordinates":[91.0797,26.2532]}},{"type":"Feature","properties":{"s":"Assam","v":2.9},"geometry":{"type":"Point","coordinates":[92.8316,25.157]}},{"type":"Feature","properties":{"s":"Assam","v":2.9},"geometry":{"type":"Point","coordinates":[92.5261,24.1891]}},{"type":"Feature","properties":{"s":"Assam","v":2.9},"geometry":{"type":"Point","coordinates":[91.8983,26.3367]}},{"type":"Feature","properties":{"s":"Assam","v":2.9},"geometry":{"type":"Point","coordinates":[91.8882,26.5257]}},{"type":"Feature","properties":{"s":"Assam","v":2.9},"geometry":{"type":"Point","coordinates":[95.7514,27.3009]}},{"type":"Feature","properties":{"s":"Assam","v":2.9},"geometry":{"type":"Point","coordinates":[93.9628,26.1513]}},{"type":"Feature","properties":{"s":"Assam","v":2.9},"geometry":{"type":"Point","coordinates":[93.0054,25.0506]}},{"type":"Feature","properties":{"s":"Assam","v":2.9},"geometry":{"type":"Point","coordinates":[95.5737,27.666]}},{"type":"Feature","properties":{"s":"Assam","v":2.9},"geometry":{"type":"Point","coordinates":[90.8203,26.6622]}},{"type":"Feature","properties":{"s":"Assam","v":2.9},"geometry":{"type":"Point","coordinates":[92.5494,25.0365]}},{"type":"Feature","properties":{"s":"Assam","v":2.9},"geometry":{"type":"Point","coordinates":[93.4049,26.3301]}},{"type":"Feature","properties":{"s":"Assam","v":2.9},"geometry":{"type":"Point","coordinates":[91.8164,26.4795]}},{"type":"Feature","properties":{"s":"Assam","v":2.9},"geometry":{"type":"Point","coordinates":[93.1006,24.9999]}},{"type":"Feature","properties":{"s":"Assam","v":2.9},"geometry":{"type":"Point","coordinates":[91.9679,26.0505]}},{"type":"Feature","properties":{"s":"Assam","v":2.9},"geometry":{"type":"Point","coordinates":[92.6574,24.8246]}},{"type":"Feature","properties":{"s":"Assam","v":2.9},"geometry":{"type":"Point","coordinates":[90.0604,26.0802]}},{"type":"Feature","properties":{"s":"Assam","v":2.9},"geometry":{"type":"Point","coordinates":[91.839,26.6212]}},{"type":"Feature","properties":{"s":"Assam","v":2.9},"geometry":{"type":"Point","coordinates":[92.0014,26.0809]}},{"type":"Feature","properties":{"s":"Assam","v":2.9},"geometry":{"type":"Point","coordinates":[95.7074,27.4754]}},{"type":"Feature","properties":{"s":"Assam","v":2.9},"geometry":{"type":"Point","coordinates":[93.0582,25.108]}},{"type":"Feature","properties":{"s":"Assam","v":2.9},"geometry":{"type":"Point","coordinates":[93.1868,25.5255]}},{"type":"Feature","properties":{"s":"Assam","v":2.9},"geometry":{"type":"Point","coordinates":[93.9688,26.5384]}},{"type":"Feature","properties":{"s":"Assam","v":2.9},"geometry":{"type":"Point","coordinates":[94.2037,26.7214]}},{"type":"Feature","properties":{"s":"Assam","v":2.9},"geometry":{"type":"Point","coordinates":[92.653,26.2102]}},{"type":"Feature","properties":{"s":"Assam","v":2.9},"geometry":{"type":"Point","coordinates":[95.3281,27.2771]}},{"type":"Feature","properties":{"s":"Assam","v":2.9},"geometry":{"type":"Point","coordinates":[92.6433,26.1734]}},{"type":"Feature","properties":{"s":"Assam","v":2.9},"geometry":{"type":"Point","coordinates":[93.9542,26.9878]}},{"type":"Feature","properties":{"s":"Assam","v":2.9},"geometry":{"type":"Point","coordinates":[92.5091,25.7063]}},{"type":"Feature","properties":{"s":"Assam","v":2.9},"geometry":{"type":"Point","coordinates":[95.151,27.8185]}},{"type":"Feature","properties":{"s":"Assam","v":2.9},"geometry":{"type":"Point","coordinates":[93.2275,25.0902]}},{"type":"Feature","properties":{"s":"Assam","v":2.9},"geometry":{"type":"Point","coordinates":[94.1977,27.4813]}},{"type":"Feature","properties":{"s":"Assam","v":2.9},"geometry":{"type":"Point","coordinates":[92.9569,24.7424]}},{"type":"Feature","properties":{"s":"Assam","v":2.9},"geometry":{"type":"Point","coordinates":[94.1594,26.4994]}},{"type":"Feature","properties":{"s":"Assam","v":2.9},"geometry":{"type":"Point","coordinates":[90.2353,26.0617]}},{"type":"Feature","properties":{"s":"Assam","v":2.9},"geometry":{"type":"Point","coordinates":[94.3366,26.7861]}},{"type":"Feature","properties":{"s":"Assam","v":2.9},"geometry":{"type":"Point","coordinates":[92.2171,26.2395]}},{"type":"Feature","properties":{"s":"Assam","v":2.9},"geometry":{"type":"Point","coordinates":[91.3172,26.2303]}},{"type":"Feature","properties":{"s":"Assam","v":2.9},"geometry":{"type":"Point","coordinates":[94.5211,27.1293]}},{"type":"Feature","properties":{"s":"Assam","v":2.9},"geometry":{"type":"Point","coordinates":[94.3436,27.2027]}},{"type":"Feature","properties":{"s":"Assam","v":2.9},"geometry":{"type":"Point","coordinates":[92.5154,26.2047]}},{"type":"Feature","properties":{"s":"Assam","v":2.9},"geometry":{"type":"Point","coordinates":[92.2313,26.5486]}},{"type":"Feature","properties":{"s":"Assam","v":2.9},"geometry":{"type":"Point","coordinates":[93.4601,26.1679]}},{"type":"Feature","properties":{"s":"Assam","v":2.9},"geometry":{"type":"Point","coordinates":[90.842,26.6085]}},{"type":"Feature","properties":{"s":"Assam","v":2.9},"geometry":{"type":"Point","coordinates":[90.0183,26.5291]}},{"type":"Feature","properties":{"s":"Assam","v":2.9},"geometry":{"type":"Point","coordinates":[93.1487,26.7411]}},{"type":"Feature","properties":{"s":"Assam","v":2.9},"geometry":{"type":"Point","coordinates":[92.3852,24.5006]}},{"type":"Feature","properties":{"s":"Assam","v":2.9},"geometry":{"type":"Point","coordinates":[94.197,26.9877]}},{"type":"Feature","properties":{"s":"Assam","v":2.9},"geometry":{"type":"Point","coordinates":[90.971,25.9509]}},{"type":"Feature","properties":{"s":"Assam","v":2.9},"geometry":{"type":"Point","coordinates":[90.7661,26.2321]}},{"type":"Feature","properties":{"s":"Chandigarh","v":4.2},"geometry":{"type":"Point","coordinates":[76.8283,30.716]}},{"type":"Feature","properties":{"s":"Chandigarh","v":4.2},"geometry":{"type":"Point","coordinates":[76.7426,30.7404]}},{"type":"Feature","properties":{"s":"Chandigarh","v":4.2},"geometry":{"type":"Point","coordinates":[76.7726,30.7178]}},{"type":"Feature","properties":{"s":"Chandigarh","v":4.2},"geometry":{"type":"Point","coordinates":[76.7633,30.7475]}},{"type":"Feature","properties":{"s":"Chandigarh","v":4.2},"geometry":{"type":"Point","coordinates":[76.7923,30.6738]}},{"type":"Feature","properties":{"s":"Chandigarh","v":4.2},"geometry":{"type":"Point","coordinates":[76.7975,30.687]}},{"type":"Feature","properties":{"s":"Chandigarh","v":4.2},"geometry":{"type":"Point","coordinates":[76.7593,30.7156]}},{"type":"Feature","properties":{"s":"Chandigarh","v":4.2},"geometry":{"type":"Point","coordinates":[76.8109,30.6896]}},{"type":"Feature","properties":{"s":"Chandigarh","v":4.2},"geometry":{"type":"Point","coordinates":[76.8041,30.6838]}},{"type":"Feature","properties":{"s":"Chandigarh","v":4.2},"geometry":{"type":"Point","coordinates":[76.7651,30.6918]}},{"type":"Feature","properties":{"s":"Chandigarh","v":4.2},"geometry":{"type":"Point","coordinates":[76.796,30.699]}},{"type":"Feature","properties":{"s":"Chandigarh","v":4.2},"geometry":{"type":"Point","coordinates":[76.7717,30.7687]}},{"type":"Feature","properties":{"s":"Chandigarh","v":4.2},"geometry":{"type":"Point","coordinates":[76.7282,30.746]}},{"type":"Feature","properties":{"s":"Chandigarh","v":4.2},"geometry":{"type":"Point","coordinates":[76.7848,30.7717]}},{"type":"Feature","properties":{"s":"Chandigarh","v":4.2},"geometry":{"type":"Point","coordinates":[76.8037,30.7394]}},{"type":"Feature","properties":{"s":"Chandigarh","v":4.2},"geometry":{"type":"Point","coordinates":[76.7786,30.7002]}},{"type":"Feature","properties":{"s":"Chandigarh","v":4.2},"geometry":{"type":"Point","coordinates":[76.7968,30.6837]}},{"type":"Feature","properties":{"s":"Chandigarh","v":4.2},"geometry":{"type":"Point","coordinates":[76.7867,30.7717]}},{"type":"Feature","properties":{"s":"Chandigarh","v":4.2},"geometry":{"type":"Point","coordinates":[76.7235,30.7367]}},{"type":"Feature","properties":{"s":"Chandigarh","v":4.2},"geometry":{"type":"Point","coordinates":[76.801,30.7486]}},{"type":"Feature","properties":{"s":"Chandigarh","v":4.2},"geometry":{"type":"Point","coordinates":[76.8062,30.6869]}},{"type":"Feature","properties":{"s":"Chandigarh","v":4.2},"geometry":{"type":"Point","coordinates":[76.807,30.6769]}},{"type":"Feature","properties":{"s":"Chandigarh","v":4.2},"geometry":{"type":"Point","coordinates":[76.7973,30.7787]}},{"type":"Feature","properties":{"s":"Chandigarh","v":4.2},"geometry":{"type":"Point","coordinates":[76.7754,30.7037]}},{"type":"Feature","properties":{"s":"Chandigarh","v":4.2},"geometry":{"type":"Point","coordinates":[76.7683,30.6913]}},{"type":"Feature","properties":{"s":"Chandigarh","v":4.2},"geometry":{"type":"Point","coordinates":[76.7588,30.7104]}},{"type":"Feature","properties":{"s":"Chandigarh","v":4.2},"geometry":{"type":"Point","coordinates":[76.7739,30.7742]}},{"type":"Feature","properties":{"s":"Chandigarh","v":4.2},"geometry":{"type":"Point","coordinates":[76.7731,30.7735]}},{"type":"Feature","properties":{"s":"Chandigarh","v":4.2},"geometry":{"type":"Point","coordinates":[76.7688,30.7821]}},{"type":"Feature","properties":{"s":"Chandigarh","v":4.2},"geometry":{"type":"Point","coordinates":[76.7997,30.755]}},{"type":"Feature","properties":{"s":"Chandigarh","v":4.2},"geometry":{"type":"Point","coordinates":[76.7294,30.7697]}},{"type":"Feature","properties":{"s":"Chandigarh","v":4.2},"geometry":{"type":"Point","coordinates":[76.8067,30.7056]}},{"type":"Feature","properties":{"s":"Chandigarh","v":4.2},"geometry":{"type":"Point","coordinates":[76.8314,30.7308]}},{"type":"Feature","properties":{"s":"Chandigarh","v":4.2},"geometry":{"type":"Point","coordinates":[76.7732,30.7175]}},{"type":"Feature","properties":{"s":"Chandigarh","v":4.2},"geometry":{"type":"Point","coordinates":[76.7745,30.7729]}},{"type":"Feature","properties":{"s":"Chandigarh","v":4.2},"geometry":{"type":"Point","coordinates":[76.7562,30.7499]}},{"type":"Feature","properties":{"s":"Chandigarh","v":4.2},"geometry":{"type":"Point","coordinates":[76.8067,30.7704]}},{"type":"Feature","properties":{"s":"Chandigarh","v":4.2},"geometry":{"type":"Point","coordinates":[76.7682,30.749]}},{"type":"Feature","properties":{"s":"Chandigarh","v":4.2},"geometry":{"type":"Point","coordinates":[76.8017,30.7312]}},{"type":"Feature","properties":{"s":"Chandigarh","v":4.2},"geometry":{"type":"Point","coordinates":[76.7721,30.7897]}},{"type":"Feature","properties":{"s":"Chandigarh","v":4.2},"geometry":{"type":"Point","coordinates":[76.7322,30.7707]}},{"type":"Feature","properties":{"s":"Chandigarh","v":4.2},"geometry":{"type":"Point","coordinates":[76.7848,30.715]}},{"type":"Feature","properties":{"s":"Chandigarh","v":4.2},"geometry":{"type":"Point","coordinates":[76.7389,30.7668]}},{"type":"Feature","properties":{"s":"Chandigarh","v":4.2},"geometry":{"type":"Point","coordinates":[76.77,30.7568]}},{"type":"Feature","properties":{"s":"Chandigarh","v":4.2},"geometry":{"type":"Point","coordinates":[76.7622,30.6925]}},{"type":"Feature","properties":{"s":"Chandigarh","v":4.2},"geometry":{"type":"Point","coordinates":[76.7655,30.7648]}},{"type":"Feature","properties":{"s":"Chandigarh","v":4.2},"geometry":{"type":"Point","coordinates":[76.7794,30.7082]}},{"type":"Feature","properties":{"s":"Chandigarh","v":4.2},"geometry":{"type":"Point","coordinates":[76.7659,30.6929]}},{"type":"Feature","properties":{"s":"Chandigarh","v":4.2},"geometry":{"type":"Point","coordinates":[76.7767,30.701]}},{"type":"Feature","properties":{"s":"Chandigarh","v":4.2},"geometry":{"type":"Point","coordinates":[76.8255,30.6873]}},{"type":"Feature","properties":{"s":"Chandigarh","v":4.2},"geometry":{"type":"Point","coordinates":[76.8047,30.6901]}},{"type":"Feature","properties":{"s":"Chandigarh","v":4.2},"geometry":{"type":"Point","coordinates":[76.7688,30.776]}},{"type":"Feature","properties":{"s":"Chandigarh","v":4.2},"geometry":{"type":"Point","coordinates":[76.8185,30.7606]}},{"type":"Feature","properties":{"s":"Chandigarh","v":4.2},"geometry":{"type":"Point","coordinates":[76.8362,30.7473]}},{"type":"Feature","properties":{"s":"Chandigarh","v":4.2},"geometry":{"type":"Point","coordinates":[76.7704,30.6861]}},{"type":"Feature","properties":{"s":"Chandigarh","v":4.2},"geometry":{"type":"Point","coordinates":[76.7188,30.7417]}},{"type":"Feature","properties":{"s":"Chandigarh","v":4.2},"geometry":{"type":"Point","coordinates":[76.8239,30.7013]}},{"type":"Feature","properties":{"s":"Chandigarh","v":4.2},"geometry":{"type":"Point","coordinates":[76.8207,30.6943]}},{"type":"Feature","properties":{"s":"Chandigarh","v":4.2},"geometry":{"type":"Point","coordinates":[76.7154,30.7526]}},{"type":"Feature","properties":{"s":"Chandigarh","v":4.2},"geometry":{"type":"Point","coordinates":[76.747,30.7229]}},{"type":"Feature","properties":{"s":"Chandigarh","v":4.2},"geometry":{"type":"Point","coordinates":[76.8148,30.6888]}},{"type":"Feature","properties":{"s":"Chandigarh","v":4.2},"geometry":{"type":"Point","coordinates":[76.7786,30.7134]}},{"type":"Feature","properties":{"s":"Chandigarh","v":4.2},"geometry":{"type":"Point","coordinates":[76.7762,30.7713]}},{"type":"Feature","properties":{"s":"Chandigarh","v":4.2},"geometry":{"type":"Point","coordinates":[76.8303,30.704]}},{"type":"Feature","properties":{"s":"Chandigarh","v":4.2},"geometry":{"type":"Point","coordinates":[76.822,30.7478]}},{"type":"Feature","properties":{"s":"Chandigarh","v":4.2},"geometry":{"type":"Point","coordinates":[76.7276,30.7525]}},{"type":"Feature","properties":{"s":"Chandigarh","v":4.2},"geometry":{"type":"Point","coordinates":[76.7737,30.6865]}},{"type":"Feature","properties":{"s":"Chandigarh","v":4.2},"geometry":{"type":"Point","coordinates":[76.7824,30.7239]}},{"type":"Feature","properties":{"s":"Chandigarh","v":4.2},"geometry":{"type":"Point","coordinates":[76.7291,30.7297]}},{"type":"Feature","properties":{"s":"Chandigarh","v":4.2},"geometry":{"type":"Point","coordinates":[76.7337,30.7724]}},{"type":"Feature","properties":{"s":"Chandigarh","v":4.2},"geometry":{"type":"Point","coordinates":[76.7347,30.7512]}},{"type":"Feature","properties":{"s":"Chandigarh","v":4.2},"geometry":{"type":"Point","coordinates":[76.7608,30.7244]}},{"type":"Feature","properties":{"s":"Chandigarh","v":4.2},"geometry":{"type":"Point","coordinates":[76.7145,30.7506]}},{"type":"Feature","properties":{"s":"Chandigarh","v":4.2},"geometry":{"type":"Point","coordinates":[76.7998,30.679]}},{"type":"Feature","properties":{"s":"Chandigarh","v":4.2},"geometry":{"type":"Point","coordinates":[76.7656,30.7238]}},{"type":"Feature","properties":{"s":"Chandigarh","v":4.2},"geometry":{"type":"Point","coordinates":[76.7845,30.7652]}},{"type":"Feature","properties":{"s":"Chhattisgarh","v":2.8},"geometry":{"type":"Point","coordinates":[83.1098,21.1425]}},{"type":"Feature","properties":{"s":"Chhattisgarh","v":2.8},"geometry":{"type":"Point","coordinates":[81.8306,18.7518]}},{"type":"Feature","properties":{"s":"Chhattisgarh","v":2.8},"geometry":{"type":"Point","coordinates":[82.3983,22.3325]}},{"type":"Feature","properties":{"s":"Chhattisgarh","v":2.8},"geometry":{"type":"Point","coordinates":[81.854,19.4389]}},{"type":"Feature","properties":{"s":"Chhattisgarh","v":2.8},"geometry":{"type":"Point","coordinates":[81.4309,18.4126]}},{"type":"Feature","properties":{"s":"Chhattisgarh","v":2.8},"geometry":{"type":"Point","coordinates":[81.099,19.2502]}},{"type":"Feature","properties":{"s":"Chhattisgarh","v":2.8},"geometry":{"type":"Point","coordinates":[82.8989,23.8208]}},{"type":"Feature","properties":{"s":"Chhattisgarh","v":2.8},"geometry":{"type":"Point","coordinates":[81.47,20.5798]}},{"type":"Feature","properties":{"s":"Chhattisgarh","v":2.8},"geometry":{"type":"Point","coordinates":[81.0228,19.2115]}},{"type":"Feature","properties":{"s":"Chhattisgarh","v":2.8},"geometry":{"type":"Point","coordinates":[81.2373,18.5372]}},{"type":"Feature","properties":{"s":"Chhattisgarh","v":2.8},"geometry":{"type":"Point","coordinates":[83.6411,22.998]}},{"type":"Feature","properties":{"s":"Chhattisgarh","v":2.8},"geometry":{"type":"Point","coordinates":[81.01,19.0718]}},{"type":"Feature","properties":{"s":"Chhattisgarh","v":2.8},"geometry":{"type":"Point","coordinates":[80.3769,18.9245]}},{"type":"Feature","properties":{"s":"Chhattisgarh","v":2.8},"geometry":{"type":"Point","coordinates":[81.257,22.1531]}},{"type":"Feature","properties":{"s":"Chhattisgarh","v":2.8},"geometry":{"type":"Point","coordinates":[80.8667,19.3855]}},{"type":"Feature","properties":{"s":"Chhattisgarh","v":2.8},"geometry":{"type":"Point","coordinates":[81.2112,21.5401]}},{"type":"Feature","properties":{"s":"Chhattisgarh","v":2.8},"geometry":{"type":"Point","coordinates":[81.0908,19.4487]}},{"type":"Feature","properties":{"s":"Chhattisgarh","v":2.8},"geometry":{"type":"Point","coordinates":[82.4153,23.0982]}},{"type":"Feature","properties":{"s":"Chhattisgarh","v":2.8},"geometry":{"type":"Point","coordinates":[83.1313,23.4436]}},{"type":"Feature","properties":{"s":"Chhattisgarh","v":2.8},"geometry":{"type":"Point","coordinates":[82.9333,22.1107]}},{"type":"Feature","properties":{"s":"Chhattisgarh","v":2.8},"geometry":{"type":"Point","coordinates":[82.67,21.5628]}},{"type":"Feature","properties":{"s":"Chhattisgarh","v":2.8},"geometry":{"type":"Point","coordinates":[81.926,18.8082]}},{"type":"Feature","properties":{"s":"Chhattisgarh","v":2.8},"geometry":{"type":"Point","coordinates":[81.7325,23.8013]}},{"type":"Feature","properties":{"s":"Chhattisgarh","v":2.8},"geometry":{"type":"Point","coordinates":[82.0014,22.1022]}},{"type":"Feature","properties":{"s":"Chhattisgarh","v":2.8},"geometry":{"type":"Point","coordinates":[83.2929,21.5236]}},{"type":"Feature","properties":{"s":"Chhattisgarh","v":2.8},"geometry":{"type":"Point","coordinates":[81.9134,21.7175]}},{"type":"Feature","properties":{"s":"Chhattisgarh","v":2.8},"geometry":{"type":"Point","coordinates":[82.7365,21.6351]}},{"type":"Feature","properties":{"s":"Chhattisgarh","v":2.8},"geometry":{"type":"Point","coordinates":[81.7491,19.7087]}},{"type":"Feature","properties":{"s":"Chhattisgarh","v":2.8},"geometry":{"type":"Point","coordinates":[81.5994,21.7934]}},{"type":"Feature","properties":{"s":"Chhattisgarh","v":2.8},"geometry":{"type":"Point","coordinates":[82.2423,20.5528]}},{"type":"Feature","properties":{"s":"Chhattisgarh","v":2.8},"geometry":{"type":"Point","coordinates":[80.8311,19.898]}},{"type":"Feature","properties":{"s":"Chhattisgarh","v":2.8},"geometry":{"type":"Point","coordinates":[81.2416,21.7479]}},{"type":"Feature","properties":{"s":"Chhattisgarh","v":2.8},"geometry":{"type":"Point","coordinates":[83.1667,23.7028]}},{"type":"Feature","properties":{"s":"Chhattisgarh","v":2.8},"geometry":{"type":"Point","coordinates":[82.9145,22.7131]}},{"type":"Feature","properties":{"s":"Chhattisgarh","v":2.8},"geometry":{"type":"Point","coordinates":[82.2635,22.646]}},{"type":"Feature","properties":{"s":"Chhattisgarh","v":2.8},"geometry":{"type":"Point","coordinates":[82.7724,21.3844]}},{"type":"Feature","properties":{"s":"Chhattisgarh","v":2.8},"geometry":{"type":"Point","coordinates":[81.6881,20.7122]}},{"type":"Feature","properties":{"s":"Chhattisgarh","v":2.8},"geometry":{"type":"Point","coordinates":[83.3139,21.6716]}},{"type":"Feature","properties":{"s":"Chhattisgarh","v":2.8},"geometry":{"type":"Point","coordinates":[80.7303,21.1254]}},{"type":"Feature","properties":{"s":"Chhattisgarh","v":2.8},"geometry":{"type":"Point","coordinates":[81.3007,18.6998]}},{"type":"Feature","properties":{"s":"Chhattisgarh","v":2.8},"geometry":{"type":"Point","coordinates":[81.9896,23.423]}},{"type":"Feature","properties":{"s":"Chhattisgarh","v":2.8},"geometry":{"type":"Point","coordinates":[80.9656,18.8377]}},{"type":"Feature","properties":{"s":"Chhattisgarh","v":2.8},"geometry":{"type":"Point","coordinates":[82.1272,21.1924]}},{"type":"Feature","properties":{"s":"Chhattisgarh","v":2.8},"geometry":{"type":"Point","coordinates":[81.2733,22.4837]}},{"type":"Feature","properties":{"s":"Chhattisgarh","v":2.8},"geometry":{"type":"Point","coordinates":[81.8672,19.0655]}},{"type":"Feature","properties":{"s":"Chhattisgarh","v":2.8},"geometry":{"type":"Point","coordinates":[80.753,18.6557]}},{"type":"Feature","properties":{"s":"Chhattisgarh","v":2.8},"geometry":{"type":"Point","coordinates":[81.9548,21.6269]}},{"type":"Feature","properties":{"s":"Chhattisgarh","v":2.8},"geometry":{"type":"Point","coordinates":[83.2183,22.4673]}},{"type":"Feature","properties":{"s":"Chhattisgarh","v":2.8},"geometry":{"type":"Point","coordinates":[80.6019,21.0851]}},{"type":"Feature","properties":{"s":"Chhattisgarh","v":2.8},"geometry":{"type":"Point","coordinates":[83.0157,23.5568]}},{"type":"Feature","properties":{"s":"Delhi","v":6.7},"geometry":{"type":"Point","coordinates":[77.0143,28.7571]}},{"type":"Feature","properties":{"s":"Delhi","v":6.7},"geometry":{"type":"Point","coordinates":[77.1903,28.5644]}},{"type":"Feature","properties":{"s":"Delhi","v":6.7},"geometry":{"type":"Point","coordinates":[77.1684,28.4584]}},{"type":"Feature","properties":{"s":"Delhi","v":6.7},"geometry":{"type":"Point","coordinates":[76.9237,28.5725]}},{"type":"Feature","properties":{"s":"Delhi","v":6.7},"geometry":{"type":"Point","coordinates":[77.1025,28.7955]}},{"type":"Feature","properties":{"s":"Delhi","v":6.7},"geometry":{"type":"Point","coordinates":[77.034,28.5951]}},{"type":"Feature","properties":{"s":"Delhi","v":6.7},"geometry":{"type":"Point","coordinates":[77.1921,28.4864]}},{"type":"Feature","properties":{"s":"Delhi","v":6.7},"geometry":{"type":"Point","coordinates":[76.8778,28.5367]}},{"type":"Feature","properties":{"s":"Delhi","v":6.7},"geometry":{"type":"Point","coordinates":[77.2027,28.4412]}},{"type":"Feature","properties":{"s":"Delhi","v":6.7},"geometry":{"type":"Point","coordinates":[77.2878,28.5556]}},{"type":"Feature","properties":{"s":"Delhi","v":6.7},"geometry":{"type":"Point","coordinates":[76.968,28.5459]}},{"type":"Feature","properties":{"s":"Delhi","v":6.7},"geometry":{"type":"Point","coordinates":[77.2828,28.6127]}},{"type":"Feature","properties":{"s":"Delhi","v":6.7},"geometry":{"type":"Point","coordinates":[77.1401,28.5863]}},{"type":"Feature","properties":{"s":"Delhi","v":6.7},"geometry":{"type":"Point","coordinates":[77.1758,28.4296]}},{"type":"Feature","properties":{"s":"Delhi","v":6.7},"geometry":{"type":"Point","coordinates":[77.071,28.5267]}},{"type":"Feature","properties":{"s":"Delhi","v":6.7},"geometry":{"type":"Point","coordinates":[77.2736,28.6933]}},{"type":"Feature","properties":{"s":"Delhi","v":6.7},"geometry":{"type":"Point","coordinates":[77.2271,28.7191]}},{"type":"Feature","properties":{"s":"Delhi","v":6.7},"geometry":{"type":"Point","coordinates":[77.2453,28.6295]}},{"type":"Feature","properties":{"s":"Delhi","v":6.7},"geometry":{"type":"Point","coordinates":[77.2074,28.6254]}},{"type":"Feature","properties":{"s":"Delhi","v":6.7},"geometry":{"type":"Point","coordinates":[77.2802,28.5286]}},{"type":"Feature","properties":{"s":"Delhi","v":6.7},"geometry":{"type":"Point","coordinates":[77.2067,28.463]}},{"type":"Feature","properties":{"s":"Delhi","v":6.7},"geometry":{"type":"Point","coordinates":[77.1047,28.6689]}},{"type":"Feature","properties":{"s":"Delhi","v":6.7},"geometry":{"type":"Point","coordinates":[77.0744,28.5267]}},{"type":"Feature","properties":{"s":"Delhi","v":6.7},"geometry":{"type":"Point","coordinates":[77.1856,28.6337]}},{"type":"Feature","properties":{"s":"Delhi","v":6.7},"geometry":{"type":"Point","coordinates":[77.0559,28.776]}},{"type":"Feature","properties":{"s":"Delhi","v":6.7},"geometry":{"type":"Point","coordinates":[77.2819,28.6175]}},{"type":"Feature","properties":{"s":"Delhi","v":6.7},"geometry":{"type":"Point","coordinates":[77.2116,28.4554]}},{"type":"Feature","properties":{"s":"Delhi","v":6.7},"geometry":{"type":"Point","coordinates":[77.0415,28.5923]}},{"type":"Feature","properties":{"s":"Delhi","v":6.7},"geometry":{"type":"Point","coordinates":[77.1218,28.7217]}},{"type":"Feature","properties":{"s":"Delhi","v":6.7},"geometry":{"type":"Point","coordinates":[77.0281,28.6994]}},{"type":"Feature","properties":{"s":"Delhi","v":6.7},"geometry":{"type":"Point","coordinates":[77.1831,28.4652]}},{"type":"Feature","properties":{"s":"Delhi","v":6.7},"geometry":{"type":"Point","coordinates":[77.016,28.721]}},{"type":"Feature","properties":{"s":"Delhi","v":6.7},"geometry":{"type":"Point","coordinates":[77.2975,28.4985]}},{"type":"Feature","properties":{"s":"Delhi","v":6.7},"geometry":{"type":"Point","coordinates":[76.9943,28.5997]}},{"type":"Feature","properties":{"s":"Delhi","v":6.7},"geometry":{"type":"Point","coordinates":[77.2022,28.4679]}},{"type":"Feature","properties":{"s":"Delhi","v":6.7},"geometry":{"type":"Point","coordinates":[77.1998,28.767]}},{"type":"Feature","properties":{"s":"Delhi","v":6.7},"geometry":{"type":"Point","coordinates":[77.1779,28.7969]}},{"type":"Feature","properties":{"s":"Delhi","v":6.7},"geometry":{"type":"Point","coordinates":[77.0776,28.8086]}},{"type":"Feature","properties":{"s":"Delhi","v":6.7},"geometry":{"type":"Point","coordinates":[77.2712,28.7358]}},{"type":"Feature","properties":{"s":"Delhi","v":6.7},"geometry":{"type":"Point","coordinates":[77.2421,28.6776]}},{"type":"Feature","properties":{"s":"Delhi","v":6.7},"geometry":{"type":"Point","coordinates":[77.3226,28.512]}},{"type":"Feature","properties":{"s":"Delhi","v":6.7},"geometry":{"type":"Point","coordinates":[77.1986,28.6615]}},{"type":"Feature","properties":{"s":"Delhi","v":6.7},"geometry":{"type":"Point","coordinates":[77.1115,28.8172]}},{"type":"Feature","properties":{"s":"Delhi","v":6.7},"geometry":{"type":"Point","coordinates":[77.2738,28.6207]}},{"type":"Feature","properties":{"s":"Delhi","v":6.7},"geometry":{"type":"Point","coordinates":[77.1913,28.543]}},{"type":"Feature","properties":{"s":"Delhi","v":6.7},"geometry":{"type":"Point","coordinates":[77.1437,28.7454]}},{"type":"Feature","properties":{"s":"Delhi","v":6.7},"geometry":{"type":"Point","coordinates":[77.0376,28.5812]}},{"type":"Feature","properties":{"s":"Delhi","v":6.7},"geometry":{"type":"Point","coordinates":[77.1769,28.8001]}},{"type":"Feature","properties":{"s":"Delhi","v":6.7},"geometry":{"type":"Point","coordinates":[77.0151,28.839]}},{"type":"Feature","properties":{"s":"Delhi","v":6.7},"geometry":{"type":"Point","coordinates":[77.0972,28.7396]}},{"type":"Feature","properties":{"s":"Delhi","v":6.7},"geometry":{"type":"Point","coordinates":[77.2562,28.6413]}},{"type":"Feature","properties":{"s":"Delhi","v":6.7},"geometry":{"type":"Point","coordinates":[77.1458,28.5033]}},{"type":"Feature","properties":{"s":"Delhi","v":6.7},"geometry":{"type":"Point","coordinates":[77.2436,28.5174]}},{"type":"Feature","properties":{"s":"Delhi","v":6.7},"geometry":{"type":"Point","coordinates":[76.9096,28.5572]}},{"type":"Feature","properties":{"s":"Delhi","v":6.7},"geometry":{"type":"Point","coordinates":[77.1404,28.7072]}},{"type":"Feature","properties":{"s":"Delhi","v":6.7},"geometry":{"type":"Point","coordinates":[77.2587,28.6359]}},{"type":"Feature","properties":{"s":"Delhi","v":6.7},"geometry":{"type":"Point","coordinates":[77.1633,28.5722]}},{"type":"Feature","properties":{"s":"Delhi","v":6.7},"geometry":{"type":"Point","coordinates":[77.2767,28.5278]}},{"type":"Feature","properties":{"s":"Delhi","v":6.7},"geometry":{"type":"Point","coordinates":[77.1439,28.5997]}},{"type":"Feature","properties":{"s":"Delhi","v":6.7},"geometry":{"type":"Point","coordinates":[77.0358,28.8466]}},{"type":"Feature","properties":{"s":"Delhi","v":6.7},"geometry":{"type":"Point","coordinates":[76.9209,28.5355]}},{"type":"Feature","properties":{"s":"Delhi","v":6.7},"geometry":{"type":"Point","coordinates":[77.0096,28.5693]}},{"type":"Feature","properties":{"s":"Delhi","v":6.7},"geometry":{"type":"Point","coordinates":[77.1663,28.5043]}},{"type":"Feature","properties":{"s":"Delhi","v":6.7},"geometry":{"type":"Point","coordinates":[77.2217,28.5192]}},{"type":"Feature","properties":{"s":"Delhi","v":6.7},"geometry":{"type":"Point","coordinates":[77.2467,28.5638]}},{"type":"Feature","properties":{"s":"Delhi","v":6.7},"geometry":{"type":"Point","coordinates":[77.0085,28.6151]}},{"type":"Feature","properties":{"s":"Delhi","v":6.7},"geometry":{"type":"Point","coordinates":[77.0615,28.5247]}},{"type":"Feature","properties":{"s":"Delhi","v":6.7},"geometry":{"type":"Point","coordinates":[77.205,28.7308]}},{"type":"Feature","properties":{"s":"Delhi","v":6.7},"geometry":{"type":"Point","coordinates":[77.1562,28.4699]}},{"type":"Feature","properties":{"s":"Delhi","v":6.7},"geometry":{"type":"Point","coordinates":[77.0437,28.6961]}},{"type":"Feature","properties":{"s":"Delhi","v":6.7},"geometry":{"type":"Point","coordinates":[77.1949,28.4824]}},{"type":"Feature","properties":{"s":"Delhi","v":6.7},"geometry":{"type":"Point","coordinates":[77.1418,28.8178]}},{"type":"Feature","properties":{"s":"Delhi","v":6.7},"geometry":{"type":"Point","coordinates":[77.0329,28.8098]}},{"type":"Feature","properties":{"s":"Delhi","v":6.7},"geometry":{"type":"Point","coordinates":[77.1961,28.8431]}},{"type":"Feature","properties":{"s":"Delhi","v":6.7},"geometry":{"type":"Point","coordinates":[77.0812,28.5983]}},{"type":"Feature","properties":{"s":"Delhi","v":6.7},"geometry":{"type":"Point","coordinates":[77.0723,28.5991]}},{"type":"Feature","properties":{"s":"Delhi","v":6.7},"geometry":{"type":"Point","coordinates":[77.2364,28.5716]}},{"type":"Feature","properties":{"s":"Delhi","v":6.7},"geometry":{"type":"Point","coordinates":[77.2405,28.5933]}},{"type":"Feature","properties":{"s":"Delhi","v":6.7},"geometry":{"type":"Point","coordinates":[77.19,28.5923]}},{"type":"Feature","properties":{"s":"Delhi","v":6.7},"geometry":{"type":"Point","coordinates":[77.0134,28.6722]}},{"type":"Feature","properties":{"s":"Delhi","v":6.7},"geometry":{"type":"Point","coordinates":[77.0448,28.5935]}},{"type":"Feature","properties":{"s":"Delhi","v":6.7},"geometry":{"type":"Point","coordinates":[77.1097,28.6429]}},{"type":"Feature","properties":{"s":"Delhi","v":6.7},"geometry":{"type":"Point","coordinates":[77.0022,28.6723]}},{"type":"Feature","properties":{"s":"Delhi","v":6.7},"geometry":{"type":"Point","coordinates":[77.2518,28.6956]}},{"type":"Feature","properties":{"s":"Delhi","v":6.7},"geometry":{"type":"Point","coordinates":[77.1174,28.6647]}},{"type":"Feature","properties":{"s":"Delhi","v":6.7},"geometry":{"type":"Point","coordinates":[77.0545,28.779]}},{"type":"Feature","properties":{"s":"Delhi","v":6.7},"geometry":{"type":"Point","coordinates":[77.0617,28.6343]}},{"type":"Feature","properties":{"s":"Delhi","v":6.7},"geometry":{"type":"Point","coordinates":[76.9804,28.6843]}},{"type":"Feature","properties":{"s":"Delhi","v":6.7},"geometry":{"type":"Point","coordinates":[77.1233,28.506]}},{"type":"Feature","properties":{"s":"Delhi","v":6.7},"geometry":{"type":"Point","coordinates":[77.1461,28.8618]}},{"type":"Feature","properties":{"s":"Delhi","v":6.7},"geometry":{"type":"Point","coordinates":[76.9727,28.8265]}},{"type":"Feature","properties":{"s":"Delhi","v":6.7},"geometry":{"type":"Point","coordinates":[76.9211,28.5471]}},{"type":"Feature","properties":{"s":"Delhi","v":6.7},"geometry":{"type":"Point","coordinates":[77.2288,28.4773]}},{"type":"Feature","properties":{"s":"Delhi","v":6.7},"geometry":{"type":"Point","coordinates":[77.1183,28.5883]}},{"type":"Feature","properties":{"s":"Delhi","v":6.7},"geometry":{"type":"Point","coordinates":[77.2075,28.6837]}},{"type":"Feature","properties":{"s":"Delhi","v":6.7},"geometry":{"type":"Point","coordinates":[77.2026,28.592]}},{"type":"Feature","properties":{"s":"Delhi","v":6.7},"geometry":{"type":"Point","coordinates":[77.293,28.7034]}},{"type":"Feature","properties":{"s":"Delhi","v":6.7},"geometry":{"type":"Point","coordinates":[77.0774,28.769]}},{"type":"Feature","properties":{"s":"Delhi","v":6.7},"geometry":{"type":"Point","coordinates":[77.274,28.6753]}},{"type":"Feature","properties":{"s":"Delhi","v":6.7},"geometry":{"type":"Point","coordinates":[77.2327,28.7347]}},{"type":"Feature","properties":{"s":"Delhi","v":6.7},"geometry":{"type":"Point","coordinates":[77.1758,28.5018]}},{"type":"Feature","properties":{"s":"Delhi","v":6.7},"geometry":{"type":"Point","coordinates":[77.1259,28.8381]}},{"type":"Feature","properties":{"s":"Delhi","v":6.7},"geometry":{"type":"Point","coordinates":[77.1729,28.7668]}},{"type":"Feature","properties":{"s":"Delhi","v":6.7},"geometry":{"type":"Point","coordinates":[77.0099,28.7646]}},{"type":"Feature","properties":{"s":"Delhi","v":6.7},"geometry":{"type":"Point","coordinates":[77.052,28.5453]}},{"type":"Feature","properties":{"s":"Delhi","v":6.7},"geometry":{"type":"Point","coordinates":[77.2695,28.4928]}},{"type":"Feature","properties":{"s":"Delhi","v":6.7},"geometry":{"type":"Point","coordinates":[76.9128,28.571]}},{"type":"Feature","properties":{"s":"Delhi","v":6.7},"geometry":{"type":"Point","coordinates":[77.2044,28.5703]}},{"type":"Feature","properties":{"s":"Delhi","v":6.7},"geometry":{"type":"Point","coordinates":[77.2692,28.6823]}},{"type":"Feature","properties":{"s":"Delhi","v":6.7},"geometry":{"type":"Point","coordinates":[77.1795,28.5238]}},{"type":"Feature","properties":{"s":"Delhi","v":6.7},"geometry":{"type":"Point","coordinates":[77.0842,28.7378]}},{"type":"Feature","properties":{"s":"Delhi","v":6.7},"geometry":{"type":"Point","coordinates":[77.0423,28.7505]}},{"type":"Feature","properties":{"s":"Delhi","v":6.7},"geometry":{"type":"Point","coordinates":[77.293,28.505]}},{"type":"Feature","properties":{"s":"Delhi","v":6.7},"geometry":{"type":"Point","coordinates":[77.0645,28.6696]}},{"type":"Feature","properties":{"s":"Delhi","v":6.7},"geometry":{"type":"Point","coordinates":[76.9975,28.8176]}},{"type":"Feature","properties":{"s":"Delhi","v":6.7},"geometry":{"type":"Point","coordinates":[76.9907,28.549]}},{"type":"Feature","properties":{"s":"Delhi","v":6.7},"geometry":{"type":"Point","coordinates":[77.0875,28.8531]}},{"type":"Feature","properties":{"s":"Delhi","v":6.7},"geometry":{"type":"Point","coordinates":[77.2853,28.6684]}},{"type":"Feature","properties":{"s":"Delhi","v":6.7},"geometry":{"type":"Point","coordinates":[77.1191,28.7906]}},{"type":"Feature","properties":{"s":"Delhi","v":6.7},"geometry":{"type":"Point","coordinates":[77.3044,28.7236]}},{"type":"Feature","properties":{"s":"Delhi","v":6.7},"geometry":{"type":"Point","coordinates":[77.2303,28.704]}},{"type":"Feature","properties":{"s":"Goa","v":2.4},"geometry":{"type":"Point","coordinates":[74.2434,15.2451]}},{"type":"Feature","properties":{"s":"Goa","v":2.4},"geometry":{"type":"Point","coordinates":[73.8467,15.5483]}},{"type":"Feature","properties":{"s":"Goa","v":2.4},"geometry":{"type":"Point","coordinates":[74.0313,15.4614]}},{"type":"Feature","properties":{"s":"Goa","v":2.4},"geometry":{"type":"Point","coordinates":[74.1784,15.2056]}},{"type":"Feature","properties":{"s":"Goa","v":2.4},"geometry":{"type":"Point","coordinates":[74.0273,15.0645]}},{"type":"Feature","properties":{"s":"Goa","v":2.4},"geometry":{"type":"Point","coordinates":[74.1093,15.6178]}},{"type":"Feature","properties":{"s":"Goa","v":2.4},"geometry":{"type":"Point","coordinates":[74.1586,15.6157]}},{"type":"Feature","properties":{"s":"Goa","v":2.4},"geometry":{"type":"Point","coordinates":[74.0885,15.5479]}},{"type":"Feature","properties":{"s":"Goa","v":2.4},"geometry":{"type":"Point","coordinates":[74.0083,15.4239]}},{"type":"Feature","properties":{"s":"Goa","v":2.4},"geometry":{"type":"Point","coordinates":[73.7986,15.547]}},{"type":"Feature","properties":{"s":"Goa","v":2.4},"geometry":{"type":"Point","coordinates":[73.9889,15.0753]}},{"type":"Feature","properties":{"s":"Goa","v":2.4},"geometry":{"type":"Point","coordinates":[74.1672,15.4073]}},{"type":"Feature","properties":{"s":"Goa","v":2.4},"geometry":{"type":"Point","coordinates":[73.9396,15.5141]}},{"type":"Feature","properties":{"s":"Goa","v":2.4},"geometry":{"type":"Point","coordinates":[74.1724,15.6293]}},{"type":"Feature","properties":{"s":"Goa","v":2.4},"geometry":{"type":"Point","coordinates":[74.0252,15.3285]}},{"type":"Feature","properties":{"s":"Goa","v":2.4},"geometry":{"type":"Point","coordinates":[74.225,15.5904]}},{"type":"Feature","properties":{"s":"Goa","v":2.4},"geometry":{"type":"Point","coordinates":[73.9367,15.1945]}},{"type":"Feature","properties":{"s":"Goa","v":2.4},"geometry":{"type":"Point","coordinates":[73.8576,15.6353]}},{"type":"Feature","properties":{"s":"Goa","v":2.4},"geometry":{"type":"Point","coordinates":[74.2141,15.3449]}},{"type":"Feature","properties":{"s":"Goa","v":2.4},"geometry":{"type":"Point","coordinates":[74.0881,15.4873]}},{"type":"Feature","properties":{"s":"Goa","v":2.4},"geometry":{"type":"Point","coordinates":[74.0644,15.2162]}},{"type":"Feature","properties":{"s":"Goa","v":2.4},"geometry":{"type":"Point","coordinates":[74.1028,14.9664]}},{"type":"Feature","properties":{"s":"Goa","v":2.4},"geometry":{"type":"Point","coordinates":[74.1907,15.2357]}},{"type":"Feature","properties":{"s":"Goa","v":2.4},"geometry":{"type":"Point","coordinates":[74.1579,15.0659]}},{"type":"Feature","properties":{"s":"Goa","v":2.4},"geometry":{"type":"Point","coordinates":[74.141,14.9678]}},{"type":"Feature","properties":{"s":"Goa","v":2.4},"geometry":{"type":"Point","coordinates":[74.1659,15.0386]}},{"type":"Feature","properties":{"s":"Goa","v":2.4},"geometry":{"type":"Point","coordinates":[74.1114,14.9243]}},{"type":"Feature","properties":{"s":"Goa","v":2.4},"geometry":{"type":"Point","coordinates":[73.9195,15.3101]}},{"type":"Feature","properties":{"s":"Goa","v":2.4},"geometry":{"type":"Point","coordinates":[73.795,15.698]}},{"type":"Feature","properties":{"s":"Goa","v":2.4},"geometry":{"type":"Point","coordinates":[74.1715,15.2081]}},{"type":"Feature","properties":{"s":"Goa","v":2.4},"geometry":{"type":"Point","coordinates":[74.1187,15.6144]}},{"type":"Feature","properties":{"s":"Goa","v":2.4},"geometry":{"type":"Point","coordinates":[73.7491,15.658]}},{"type":"Feature","properties":{"s":"Goa","v":2.4},"geometry":{"type":"Point","coordinates":[73.8513,15.5732]}},{"type":"Feature","properties":{"s":"Goa","v":2.4},"geometry":{"type":"Point","coordinates":[73.9188,15.4652]}},{"type":"Feature","properties":{"s":"Goa","v":2.4},"geometry":{"type":"Point","coordinates":[73.9836,15.1037]}},{"type":"Feature","properties":{"s":"Goa","v":2.4},"geometry":{"type":"Point","coordinates":[74.034,15.4402]}},{"type":"Feature","properties":{"s":"Goa","v":2.4},"geometry":{"type":"Point","coordinates":[73.9332,15.6878]}},{"type":"Feature","properties":{"s":"Goa","v":2.4},"geometry":{"type":"Point","coordinates":[74.0549,15.0427]}},{"type":"Feature","properties":{"s":"Goa","v":2.4},"geometry":{"type":"Point","coordinates":[73.8922,15.4649]}},{"type":"Feature","properties":{"s":"Goa","v":2.4},"geometry":{"type":"Point","coordinates":[74.1769,15.4851]}},{"type":"Feature","properties":{"s":"Goa","v":2.4},"geometry":{"type":"Point","coordinates":[73.7865,15.5626]}},{"type":"Feature","properties":{"s":"Goa","v":2.4},"geometry":{"type":"Point","coordinates":[73.9634,15.2195]}},{"type":"Feature","properties":{"s":"Goa","v":2.4},"geometry":{"type":"Point","coordinates":[74.175,14.9589]}},{"type":"Feature","properties":{"s":"Haryana","v":5},"geometry":{"type":"Point","coordinates":[77.3717,28.2016]}},{"type":"Feature","properties":{"s":"Haryana","v":5},"geometry":{"type":"Point","coordinates":[76.7348,28.9701]}},{"type":"Feature","properties":{"s":"Haryana","v":5},"geometry":{"type":"Point","coordinates":[76.9943,29.9585]}},{"type":"Feature","properties":{"s":"Haryana","v":5},"geometry":{"type":"Point","coordinates":[75.4283,29.1884]}},{"type":"Feature","properties":{"s":"Haryana","v":5},"geometry":{"type":"Point","coordinates":[77.0859,29.1334]}},{"type":"Feature","properties":{"s":"Haryana","v":5},"geometry":{"type":"Point","coordinates":[76.0045,29.0151]}},{"type":"Feature","properties":{"s":"Haryana","v":5},"geometry":{"type":"Point","coordinates":[76.9132,29.1807]}},{"type":"Feature","properties":{"s":"Haryana","v":5},"geometry":{"type":"Point","coordinates":[75.8347,28.8031]}},{"type":"Feature","properties":{"s":"Haryana","v":5},"geometry":{"type":"Point","coordinates":[76.2308,29.637]}},{"type":"Feature","properties":{"s":"Haryana","v":5},"geometry":{"type":"Point","coordinates":[77.0511,28.2755]}},{"type":"Feature","properties":{"s":"Haryana","v":5},"geometry":{"type":"Point","coordinates":[77.1279,28.9321]}},{"type":"Feature","properties":{"s":"Haryana","v":5},"geometry":{"type":"Point","coordinates":[76.4031,28.8136]}},{"type":"Feature","properties":{"s":"Haryana","v":5},"geometry":{"type":"Point","coordinates":[77.1344,29.3542]}},{"type":"Feature","properties":{"s":"Haryana","v":5},"geometry":{"type":"Point","coordinates":[77.1963,28.3507]}},{"type":"Feature","properties":{"s":"Haryana","v":5},"geometry":{"type":"Point","coordinates":[76.0241,28.3356]}},{"type":"Feature","properties":{"s":"Haryana","v":5},"geometry":{"type":"Point","coordinates":[76.4513,28.3943]}},{"type":"Feature","properties":{"s":"Haryana","v":5},"geometry":{"type":"Point","coordinates":[76.5512,29.4765]}},{"type":"Feature","properties":{"s":"Haryana","v":5},"geometry":{"type":"Point","coordinates":[76.1347,27.941]}},{"type":"Feature","properties":{"s":"Haryana","v":5},"geometry":{"type":"Point","coordinates":[75.8744,28.6039]}},{"type":"Feature","properties":{"s":"Haryana","v":5},"geometry":{"type":"Point","coordinates":[77.0459,28.052]}},{"type":"Feature","properties":{"s":"Haryana","v":5},"geometry":{"type":"Point","coordinates":[76.0802,29.175]}},{"type":"Feature","properties":{"s":"Haryana","v":5},"geometry":{"type":"Point","coordinates":[76.2366,29.9091]}},{"type":"Feature","properties":{"s":"Haryana","v":5},"geometry":{"type":"Point","coordinates":[75.9613,28.7498]}},{"type":"Feature","properties":{"s":"Haryana","v":5},"geometry":{"type":"Point","coordinates":[75.9987,29.2348]}},{"type":"Feature","properties":{"s":"Haryana","v":5},"geometry":{"type":"Point","coordinates":[75.8142,28.5059]}},{"type":"Feature","properties":{"s":"Haryana","v":5},"geometry":{"type":"Point","coordinates":[75.6081,29.009]}},{"type":"Feature","properties":{"s":"Haryana","v":5},"geometry":{"type":"Point","coordinates":[75.6073,29.0138]}},{"type":"Feature","properties":{"s":"Haryana","v":5},"geometry":{"type":"Point","coordinates":[76.53,29.5192]}},{"type":"Feature","properties":{"s":"Haryana","v":5},"geometry":{"type":"Point","coordinates":[75.8764,29.0316]}},{"type":"Feature","properties":{"s":"Haryana","v":5},"geometry":{"type":"Point","coordinates":[76.1906,28.8358]}},{"type":"Feature","properties":{"s":"Haryana","v":5},"geometry":{"type":"Point","coordinates":[77.0964,29.9439]}},{"type":"Feature","properties":{"s":"Haryana","v":5},"geometry":{"type":"Point","coordinates":[76.9606,27.7449]}},{"type":"Feature","properties":{"s":"Haryana","v":5},"geometry":{"type":"Point","coordinates":[77.0074,29.75]}},{"type":"Feature","properties":{"s":"Haryana","v":5},"geometry":{"type":"Point","coordinates":[74.9925,29.5576]}},{"type":"Feature","properties":{"s":"Haryana","v":5},"geometry":{"type":"Point","coordinates":[76.0622,28.6439]}},{"type":"Feature","properties":{"s":"Haryana","v":5},"geometry":{"type":"Point","coordinates":[75.6177,29.281]}},{"type":"Feature","properties":{"s":"Haryana","v":5},"geometry":{"type":"Point","coordinates":[76.3942,29.1373]}},{"type":"Feature","properties":{"s":"Haryana","v":5},"geometry":{"type":"Point","coordinates":[76.9108,28.6797]}},{"type":"Feature","properties":{"s":"Haryana","v":5},"geometry":{"type":"Point","coordinates":[75.5536,28.9363]}},{"type":"Feature","properties":{"s":"Haryana","v":5},"geometry":{"type":"Point","coordinates":[76.3492,30.0392]}},{"type":"Feature","properties":{"s":"Haryana","v":5},"geometry":{"type":"Point","coordinates":[77.0659,28.4326]}},{"type":"Feature","properties":{"s":"Haryana","v":5},"geometry":{"type":"Point","coordinates":[75.8811,28.4407]}},{"type":"Feature","properties":{"s":"Haryana","v":5},"geometry":{"type":"Point","coordinates":[77.0729,29.8453]}},{"type":"Feature","properties":{"s":"Haryana","v":5},"geometry":{"type":"Point","coordinates":[75.4949,29.0182]}},{"type":"Feature","properties":{"s":"Haryana","v":5},"geometry":{"type":"Point","coordinates":[76.026,28.1383]}},{"type":"Feature","properties":{"s":"Haryana","v":5},"geometry":{"type":"Point","coordinates":[76.8354,30.0837]}},{"type":"Feature","properties":{"s":"Haryana","v":5},"geometry":{"type":"Point","coordinates":[75.9347,28.9925]}},{"type":"Feature","properties":{"s":"Haryana","v":5},"geometry":{"type":"Point","coordinates":[75.0432,29.4036]}},{"type":"Feature","properties":{"s":"Haryana","v":5},"geometry":{"type":"Point","coordinates":[74.9861,29.7558]}},{"type":"Feature","properties":{"s":"Haryana","v":5},"geometry":{"type":"Point","coordinates":[75.7899,29.2752]}},{"type":"Feature","properties":{"s":"Haryana","v":5},"geometry":{"type":"Point","coordinates":[76.4418,28.5597]}},{"type":"Feature","properties":{"s":"Haryana","v":5},"geometry":{"type":"Point","coordinates":[76.6273,29.371]}},{"type":"Feature","properties":{"s":"Haryana","v":5},"geometry":{"type":"Point","coordinates":[76.919,29.177]}},{"type":"Feature","properties":{"s":"Haryana","v":5},"geometry":{"type":"Point","coordinates":[76.1229,29.1661]}},{"type":"Feature","properties":{"s":"Haryana","v":5},"geometry":{"type":"Point","coordinates":[77.5046,28.2558]}},{"type":"Feature","properties":{"s":"Haryana","v":5},"geometry":{"type":"Point","coordinates":[76.9523,30.6838]}},{"type":"Feature","properties":{"s":"Haryana","v":5},"geometry":{"type":"Point","coordinates":[75.6213,29.1075]}},{"type":"Feature","properties":{"s":"Haryana","v":5},"geometry":{"type":"Point","coordinates":[75.9482,29.2859]}},{"type":"Feature","properties":{"s":"Haryana","v":5},"geometry":{"type":"Point","coordinates":[76.0181,29.6542]}},{"type":"Feature","properties":{"s":"Haryana","v":5},"geometry":{"type":"Point","coordinates":[76.5753,28.2909]}},{"type":"Feature","properties":{"s":"Haryana","v":5},"geometry":{"type":"Point","coordinates":[75.959,29.6361]}},{"type":"Feature","properties":{"s":"Haryana","v":5},"geometry":{"type":"Point","coordinates":[76.2369,28.8577]}},{"type":"Feature","properties":{"s":"Haryana","v":5},"geometry":{"type":"Point","coordinates":[76.5443,28.2753]}},{"type":"Feature","properties":{"s":"Haryana","v":5},"geometry":{"type":"Point","coordinates":[75.4158,29.7012]}},{"type":"Feature","properties":{"s":"Haryana","v":5},"geometry":{"type":"Point","coordinates":[77.0447,28.5089]}},{"type":"Feature","properties":{"s":"Haryana","v":5},"geometry":{"type":"Point","coordinates":[76.0506,27.9871]}},{"type":"Feature","properties":{"s":"Haryana","v":5},"geometry":{"type":"Point","coordinates":[75.515,29.7562]}},{"type":"Feature","properties":{"s":"Haryana","v":5},"geometry":{"type":"Point","coordinates":[76.4802,29.6347]}},{"type":"Feature","properties":{"s":"Haryana","v":5},"geometry":{"type":"Point","coordinates":[76.7899,30.4026]}},{"type":"Feature","properties":{"s":"Haryana","v":5},"geometry":{"type":"Point","coordinates":[75.5067,29.7039]}},{"type":"Feature","properties":{"s":"Haryana","v":5},"geometry":{"type":"Point","coordinates":[76.3573,29.743]}},{"type":"Feature","properties":{"s":"Haryana","v":5},"geometry":{"type":"Point","coordinates":[77.1978,30.4018]}},{"type":"Feature","properties":{"s":"Haryana","v":5},"geometry":{"type":"Point","coordinates":[76.985,28.9753]}},{"type":"Feature","properties":{"s":"Haryana","v":5},"geometry":{"type":"Point","coordinates":[77.0312,29.6898]}},{"type":"Feature","properties":{"s":"Haryana","v":5},"geometry":{"type":"Point","coordinates":[76.953,30.195]}},{"type":"Feature","properties":{"s":"Haryana","v":5},"geometry":{"type":"Point","coordinates":[76.1042,29.5518]}},{"type":"Feature","properties":{"s":"Haryana","v":5},"geometry":{"type":"Point","coordinates":[74.9165,29.6614]}},{"type":"Feature","properties":{"s":"Haryana","v":5},"geometry":{"type":"Point","coordinates":[76.4339,29.2879]}},{"type":"Feature","properties":{"s":"Haryana","v":5},"geometry":{"type":"Point","coordinates":[76.5168,28.5205]}},{"type":"Feature","properties":{"s":"Haryana","v":5},"geometry":{"type":"Point","coordinates":[75.9182,29.6896]}},{"type":"Feature","properties":{"s":"Haryana","v":5},"geometry":{"type":"Point","coordinates":[76.2822,28.2344]}},{"type":"Feature","properties":{"s":"Haryana","v":5},"geometry":{"type":"Point","coordinates":[76.0735,28.9107]}},{"type":"Feature","properties":{"s":"Haryana","v":5},"geometry":{"type":"Point","coordinates":[77.3296,28.0596]}},{"type":"Feature","properties":{"s":"Haryana","v":5},"geometry":{"type":"Point","coordinates":[77.0669,29.8913]}},{"type":"Feature","properties":{"s":"Haryana","v":5},"geometry":{"type":"Point","coordinates":[76.5838,28.067]}},{"type":"Feature","properties":{"s":"Haryana","v":5},"geometry":{"type":"Point","coordinates":[75.5855,29.2157]}},{"type":"Feature","properties":{"s":"Haryana","v":5},"geometry":{"type":"Point","coordinates":[76.9068,30.1667]}},{"type":"Feature","properties":{"s":"Haryana","v":5},"geometry":{"type":"Point","coordinates":[75.4839,29.2251]}},{"type":"Feature","properties":{"s":"Haryana","v":5},"geometry":{"type":"Point","coordinates":[77.3606,27.9871]}},{"type":"Feature","properties":{"s":"Haryana","v":5},"geometry":{"type":"Point","coordinates":[77.3205,28.4267]}},{"type":"Feature","properties":{"s":"Himachal Pradesh","v":1.1},"geometry":{"type":"Point","coordinates":[77.4307,32.154]}},{"type":"Feature","properties":{"s":"Himachal Pradesh","v":1.1},"geometry":{"type":"Point","coordinates":[77.2939,31.8129]}},{"type":"Feature","properties":{"s":"Himachal Pradesh","v":1.1},"geometry":{"type":"Point","coordinates":[76.7064,32.921]}},{"type":"Feature","properties":{"s":"Himachal Pradesh","v":1.1},"geometry":{"type":"Point","coordinates":[77.2014,30.6467]}},{"type":"Feature","properties":{"s":"Himachal Pradesh","v":1.1},"geometry":{"type":"Point","coordinates":[77.4868,32.3779]}},{"type":"Feature","properties":{"s":"Himachal Pradesh","v":1.1},"geometry":{"type":"Point","coordinates":[78.0823,32.4107]}},{"type":"Feature","properties":{"s":"Himachal Pradesh","v":1.1},"geometry":{"type":"Point","coordinates":[77.1553,32.9022]}},{"type":"Feature","properties":{"s":"Himachal Pradesh","v":1.1},"geometry":{"type":"Point","coordinates":[77.0297,32.1951]}},{"type":"Feature","properties":{"s":"Himachal Pradesh","v":1.1},"geometry":{"type":"Point","coordinates":[77.4684,31.9326]}},{"type":"Feature","properties":{"s":"Himachal Pradesh","v":1.1},"geometry":{"type":"Point","coordinates":[76.9759,32.3468]}},{"type":"Feature","properties":{"s":"Himachal Pradesh","v":1.1},"geometry":{"type":"Point","coordinates":[76.9144,32.8838]}},{"type":"Feature","properties":{"s":"Himachal Pradesh","v":1.1},"geometry":{"type":"Point","coordinates":[77.8691,32.7138]}},{"type":"Feature","properties":{"s":"Himachal Pradesh","v":1.1},"geometry":{"type":"Point","coordinates":[76.5865,31.6633]}},{"type":"Feature","properties":{"s":"Himachal Pradesh","v":1.1},"geometry":{"type":"Point","coordinates":[76.6803,32.1752]}},{"type":"Feature","properties":{"s":"Himachal Pradesh","v":1.1},"geometry":{"type":"Point","coordinates":[76.474,32.4307]}},{"type":"Feature","properties":{"s":"Himachal Pradesh","v":1.1},"geometry":{"type":"Point","coordinates":[76.3601,32.2902]}},{"type":"Feature","properties":{"s":"Himachal Pradesh","v":1.1},"geometry":{"type":"Point","coordinates":[77.609,31.3921]}},{"type":"Feature","properties":{"s":"Himachal Pradesh","v":1.1},"geometry":{"type":"Point","coordinates":[76.6415,31.8026]}},{"type":"Feature","properties":{"s":"Himachal Pradesh","v":1.1},"geometry":{"type":"Point","coordinates":[76.5493,33.0755]}},{"type":"Feature","properties":{"s":"Himachal Pradesh","v":1.1},"geometry":{"type":"Point","coordinates":[77.5135,32.3959]}},{"type":"Feature","properties":{"s":"Jharkhand","v":1.7},"geometry":{"type":"Point","coordinates":[87.8438,24.9698]}},{"type":"Feature","properties":{"s":"Jharkhand","v":1.7},"geometry":{"type":"Point","coordinates":[86.6155,24.3561]}},{"type":"Feature","properties":{"s":"Jharkhand","v":1.7},"geometry":{"type":"Point","coordinates":[87.015,24.0187]}},{"type":"Feature","properties":{"s":"Jharkhand","v":1.7},"geometry":{"type":"Point","coordinates":[86.5803,24.4543]}},{"type":"Feature","properties":{"s":"Jharkhand","v":1.7},"geometry":{"type":"Point","coordinates":[86.7981,24.4043]}},{"type":"Feature","properties":{"s":"Jharkhand","v":1.7},"geometry":{"type":"Point","coordinates":[85.9187,23.1321]}},{"type":"Feature","properties":{"s":"Jharkhand","v":1.7},"geometry":{"type":"Point","coordinates":[86.5104,23.8457]}},{"type":"Feature","properties":{"s":"Jharkhand","v":1.7},"geometry":{"type":"Point","coordinates":[84.2133,23.3961]}},{"type":"Feature","properties":{"s":"Jharkhand","v":1.7},"geometry":{"type":"Point","coordinates":[84.2088,23.4463]}},{"type":"Feature","properties":{"s":"Jharkhand","v":1.7},"geometry":{"type":"Point","coordinates":[85.0374,22.751]}},{"type":"Feature","properties":{"s":"Jharkhand","v":1.7},"geometry":{"type":"Point","coordinates":[84.3438,22.4105]}},{"type":"Feature","properties":{"s":"Jharkhand","v":1.7},"geometry":{"type":"Point","coordinates":[86.2233,22.8]}},{"type":"Feature","properties":{"s":"Jharkhand","v":1.7},"geometry":{"type":"Point","coordinates":[85.9482,22.4036]}},{"type":"Feature","properties":{"s":"Jharkhand","v":1.7},"geometry":{"type":"Point","coordinates":[87.2653,24.5665]}},{"type":"Feature","properties":{"s":"Jharkhand","v":1.7},"geometry":{"type":"Point","coordinates":[85.0675,23.6117]}},{"type":"Feature","properties":{"s":"Jharkhand","v":1.7},"geometry":{"type":"Point","coordinates":[85.9335,22.382]}},{"type":"Feature","properties":{"s":"Jharkhand","v":1.7},"geometry":{"type":"Point","coordinates":[85.6828,24.4354]}},{"type":"Feature","properties":{"s":"Jharkhand","v":1.7},"geometry":{"type":"Point","coordinates":[86.1792,23.5472]}},{"type":"Feature","properties":{"s":"Jharkhand","v":1.7},"geometry":{"type":"Point","coordinates":[84.6762,24.2615]}},{"type":"Feature","properties":{"s":"Jharkhand","v":1.7},"geometry":{"type":"Point","coordinates":[85.5532,22.6943]}},{"type":"Feature","properties":{"s":"Jharkhand","v":1.7},"geometry":{"type":"Point","coordinates":[85.8296,22.3103]}},{"type":"Feature","properties":{"s":"Jharkhand","v":1.7},"geometry":{"type":"Point","coordinates":[85.7999,22.2737]}},{"type":"Feature","properties":{"s":"Jharkhand","v":1.7},"geometry":{"type":"Point","coordinates":[86.768,22.3697]}},{"type":"Feature","properties":{"s":"Jharkhand","v":1.7},"geometry":{"type":"Point","coordinates":[83.7955,23.8831]}},{"type":"Feature","properties":{"s":"Jharkhand","v":1.7},"geometry":{"type":"Point","coordinates":[85.173,23.1618]}},{"type":"Feature","properties":{"s":"Jharkhand","v":1.7},"geometry":{"type":"Point","coordinates":[83.9424,23.7669]}},{"type":"Feature","properties":{"s":"Jharkhand","v":1.7},"geometry":{"type":"Point","coordinates":[87.1727,24.724]}},{"type":"Feature","properties":{"s":"Jharkhand","v":1.7},"geometry":{"type":"Point","coordinates":[86.7215,23.7764]}},{"type":"Feature","properties":{"s":"Jharkhand","v":1.7},"geometry":{"type":"Point","coordinates":[85.7939,23.4058]}},{"type":"Feature","properties":{"s":"Jharkhand","v":1.7},"geometry":{"type":"Point","coordinates":[84.9075,23.9191]}},{"type":"Feature","properties":{"s":"Jharkhand","v":1.7},"geometry":{"type":"Point","coordinates":[87.5438,25.1474]}},{"type":"Feature","properties":{"s":"Karnataka","v":2.9},"geometry":{"type":"Point","coordinates":[77.5105,17.8156]}},{"type":"Feature","properties":{"s":"Karnataka","v":2.9},"geometry":{"type":"Point","coordinates":[75.7776,16.3679]}},{"type":"Feature","properties":{"s":"Karnataka","v":2.9},"geometry":{"type":"Point","coordinates":[77.2406,18.2809]}},{"type":"Feature","properties":{"s":"Karnataka","v":2.9},"geometry":{"type":"Point","coordinates":[75.9097,13.3308]}},{"type":"Feature","properties":{"s":"Karnataka","v":2.9},"geometry":{"type":"Point","coordinates":[75.5833,13.818]}},{"type":"Feature","properties":{"s":"Karnataka","v":2.9},"geometry":{"type":"Point","coordinates":[75.6287,15.5456]}},{"type":"Feature","properties":{"s":"Karnataka","v":2.9},"geometry":{"type":"Point","coordinates":[77.1846,13.6484]}},{"type":"Feature","properties":{"s":"Karnataka","v":2.9},"geometry":{"type":"Point","coordinates":[76.6582,12.8482]}},{"type":"Feature","properties":{"s":"Karnataka","v":2.9},"geometry":{"type":"Point","coordinates":[75.5422,13.5659]}},{"type":"Feature","properties":{"s":"Karnataka","v":2.9},"geometry":{"type":"Point","coordinates":[77.2818,14.1508]}},{"type":"Feature","properties":{"s":"Karnataka","v":2.9},"geometry":{"type":"Point","coordinates":[75.8663,14.7836]}},{"type":"Feature","properties":{"s":"Karnataka","v":2.9},"geometry":{"type":"Point","coordinates":[76.2063,14.8484]}},{"type":"Feature","properties":{"s":"Karnataka","v":2.9},"geometry":{"type":"Point","coordinates":[76.5863,16.0292]}},{"type":"Feature","properties":{"s":"Karnataka","v":2.9},"geometry":{"type":"Point","coordinates":[76.834,13.5134]}},{"type":"Feature","properties":{"s":"Karnataka","v":2.9},"geometry":{"type":"Point","coordinates":[76.119,15.954]}},{"type":"Feature","properties":{"s":"Karnataka","v":2.9},"geometry":{"type":"Point","coordinates":[76.1538,14.0857]}},{"type":"Feature","properties":{"s":"Karnataka","v":2.9},"geometry":{"type":"Point","coordinates":[76.6635,16.9572]}},{"type":"Feature","properties":{"s":"Karnataka","v":2.9},"geometry":{"type":"Point","coordinates":[75.807,13.28]}},{"type":"Feature","properties":{"s":"Karnataka","v":2.9},"geometry":{"type":"Point","coordinates":[77.0195,16.6334]}},{"type":"Feature","properties":{"s":"Karnataka","v":2.9},"geometry":{"type":"Point","coordinates":[76.2201,13.6695]}},{"type":"Feature","properties":{"s":"Karnataka","v":2.9},"geometry":{"type":"Point","coordinates":[76.2841,13.8463]}},{"type":"Feature","properties":{"s":"Karnataka","v":2.9},"geometry":{"type":"Point","coordinates":[77.1769,16.1886]}},{"type":"Feature","properties":{"s":"Karnataka","v":2.9},"geometry":{"type":"Point","coordinates":[77.3508,17.9196]}},{"type":"Feature","properties":{"s":"Karnataka","v":2.9},"geometry":{"type":"Point","coordinates":[75.4798,16.59]}},{"type":"Feature","properties":{"s":"Karnataka","v":2.9},"geometry":{"type":"Point","coordinates":[77.5035,16.3208]}},{"type":"Feature","properties":{"s":"Karnataka","v":2.9},"geometry":{"type":"Point","coordinates":[75.9462,16.4403]}},{"type":"Feature","properties":{"s":"Karnataka","v":2.9},"geometry":{"type":"Point","coordinates":[77.66,13.4193]}},{"type":"Feature","properties":{"s":"Karnataka","v":2.9},"geometry":{"type":"Point","coordinates":[75.6196,16.3734]}},{"type":"Feature","properties":{"s":"Karnataka","v":2.9},"geometry":{"type":"Point","coordinates":[76.3815,14.3546]}},{"type":"Feature","properties":{"s":"Karnataka","v":2.9},"geometry":{"type":"Point","coordinates":[78.2757,13.3742]}},{"type":"Feature","properties":{"s":"Karnataka","v":2.9},"geometry":{"type":"Point","coordinates":[74.892,12.8008]}},{"type":"Feature","properties":{"s":"Karnataka","v":2.9},"geometry":{"type":"Point","coordinates":[74.8124,15.9427]}},{"type":"Feature","properties":{"s":"Karnataka","v":2.9},"geometry":{"type":"Point","coordinates":[76.9104,16.3025]}},{"type":"Feature","properties":{"s":"Karnataka","v":2.9},"geometry":{"type":"Point","coordinates":[75.979,15.924]}},{"type":"Feature","properties":{"s":"Karnataka","v":2.9},"geometry":{"type":"Point","coordinates":[76.1228,16.5594]}},{"type":"Feature","properties":{"s":"Karnataka","v":2.9},"geometry":{"type":"Point","coordinates":[75.6865,15.0597]}},{"type":"Feature","properties":{"s":"Karnataka","v":2.9},"geometry":{"type":"Point","coordinates":[75.81,15.84]}},{"type":"Feature","properties":{"s":"Karnataka","v":2.9},"geometry":{"type":"Point","coordinates":[75.9033,17.2965]}},{"type":"Feature","properties":{"s":"Karnataka","v":2.9},"geometry":{"type":"Point","coordinates":[76.7449,12.0758]}},{"type":"Feature","properties":{"s":"Karnataka","v":2.9},"geometry":{"type":"Point","coordinates":[77.1495,12.785]}},{"type":"Feature","properties":{"s":"Karnataka","v":2.9},"geometry":{"type":"Point","coordinates":[75.6217,12.4864]}},{"type":"Feature","properties":{"s":"Karnataka","v":2.9},"geometry":{"type":"Point","coordinates":[75.9834,13.6669]}},{"type":"Feature","properties":{"s":"Karnataka","v":2.9},"geometry":{"type":"Point","coordinates":[76.5445,17.0362]}},{"type":"Feature","properties":{"s":"Karnataka","v":2.9},"geometry":{"type":"Point","coordinates":[74.9742,15.1809]}},{"type":"Feature","properties":{"s":"Karnataka","v":2.9},"geometry":{"type":"Point","coordinates":[75.9705,14.9045]}},{"type":"Feature","properties":{"s":"Karnataka","v":2.9},"geometry":{"type":"Point","coordinates":[74.4792,15.4334]}},{"type":"Feature","properties":{"s":"Karnataka","v":2.9},"geometry":{"type":"Point","coordinates":[76.7574,14.8819]}},{"type":"Feature","properties":{"s":"Karnataka","v":2.9},"geometry":{"type":"Point","coordinates":[77.1715,17.496]}},{"type":"Feature","properties":{"s":"Karnataka","v":2.9},"geometry":{"type":"Point","coordinates":[76.7766,12.7723]}},{"type":"Feature","properties":{"s":"Karnataka","v":2.9},"geometry":{"type":"Point","coordinates":[77.0866,15.9273]}},{"type":"Feature","properties":{"s":"Karnataka","v":2.9},"geometry":{"type":"Point","coordinates":[75.5154,12.9016]}},{"type":"Feature","properties":{"s":"Karnataka","v":2.9},"geometry":{"type":"Point","coordinates":[75.3614,13.867]}},{"type":"Feature","properties":{"s":"Manipur","v":4.9},"geometry":{"type":"Point","coordinates":[93.5264,23.9684]}},{"type":"Feature","properties":{"s":"Manipur","v":4.9},"geometry":{"type":"Point","coordinates":[93.8273,24.1194]}},{"type":"Feature","properties":{"s":"Manipur","v":4.9},"geometry":{"type":"Point","coordinates":[93.6631,24.8854]}},{"type":"Feature","properties":{"s":"Manipur","v":4.9},"geometry":{"type":"Point","coordinates":[94.2568,24.3002]}},{"type":"Feature","properties":{"s":"Manipur","v":4.9},"geometry":{"type":"Point","coordinates":[93.6389,24.7637]}},{"type":"Feature","properties":{"s":"Manipur","v":4.9},"geometry":{"type":"Point","coordinates":[94.5478,25.3962]}},{"type":"Feature","properties":{"s":"Manipur","v":4.9},"geometry":{"type":"Point","coordinates":[93.4639,24.3097]}},{"type":"Feature","properties":{"s":"Manipur","v":4.9},"geometry":{"type":"Point","coordinates":[94.4952,24.688]}},{"type":"Feature","properties":{"s":"Manipur","v":4.9},"geometry":{"type":"Point","coordinates":[93.8762,25.4267]}},{"type":"Feature","properties":{"s":"Manipur","v":4.9},"geometry":{"type":"Point","coordinates":[93.8091,23.9538]}},{"type":"Feature","properties":{"s":"Manipur","v":4.9},"geometry":{"type":"Point","coordinates":[94.5121,24.6825]}},{"type":"Feature","properties":{"s":"Manipur","v":4.9},"geometry":{"type":"Point","coordinates":[93.0649,24.2487]}},{"type":"Feature","properties":{"s":"Manipur","v":4.9},"geometry":{"type":"Point","coordinates":[94.1159,24.7201]}},{"type":"Feature","properties":{"s":"Manipur","v":4.9},"geometry":{"type":"Point","coordinates":[93.2124,24.287]}},{"type":"Feature","properties":{"s":"Manipur","v":4.9},"geometry":{"type":"Point","coordinates":[93.6894,24.8009]}},{"type":"Feature","properties":{"s":"Manipur","v":4.9},"geometry":{"type":"Point","coordinates":[93.33,24.644]}},{"type":"Feature","properties":{"s":"Manipur","v":4.9},"geometry":{"type":"Point","coordinates":[94.0347,23.9932]}},{"type":"Feature","properties":{"s":"Manipur","v":4.9},"geometry":{"type":"Point","coordinates":[93.392,25.0899]}},{"type":"Feature","properties":{"s":"Manipur","v":4.9},"geometry":{"type":"Point","coordinates":[94.3615,24.6565]}},{"type":"Feature","properties":{"s":"Manipur","v":4.9},"geometry":{"type":"Point","coordinates":[93.8018,24.2403]}},{"type":"Feature","properties":{"s":"Manipur","v":4.9},"geometry":{"type":"Point","coordinates":[94.0039,25.4057]}},{"type":"Feature","properties":{"s":"Manipur","v":4.9},"geometry":{"type":"Point","coordinates":[94.0837,24.6317]}},{"type":"Feature","properties":{"s":"Manipur","v":4.9},"geometry":{"type":"Point","coordinates":[94.3214,24.9671]}},{"type":"Feature","properties":{"s":"Manipur","v":4.9},"geometry":{"type":"Point","coordinates":[93.4261,24.318]}},{"type":"Feature","properties":{"s":"Manipur","v":4.9},"geometry":{"type":"Point","coordinates":[94.5089,25.0078]}},{"type":"Feature","properties":{"s":"Manipur","v":4.9},"geometry":{"type":"Point","coordinates":[93.6133,24.116]}},{"type":"Feature","properties":{"s":"Manipur","v":4.9},"geometry":{"type":"Point","coordinates":[93.1239,24.76]}},{"type":"Feature","properties":{"s":"Manipur","v":4.9},"geometry":{"type":"Point","coordinates":[93.2393,24.1481]}},{"type":"Feature","properties":{"s":"Manipur","v":4.9},"geometry":{"type":"Point","coordinates":[93.2434,24.2548]}},{"type":"Feature","properties":{"s":"Manipur","v":4.9},"geometry":{"type":"Point","coordinates":[94.537,24.8084]}},{"type":"Feature","properties":{"s":"Manipur","v":4.9},"geometry":{"type":"Point","coordinates":[94.44,24.9807]}},{"type":"Feature","properties":{"s":"Manipur","v":4.9},"geometry":{"type":"Point","coordinates":[93.9875,24.4583]}},{"type":"Feature","properties":{"s":"Manipur","v":4.9},"geometry":{"type":"Point","coordinates":[93.7803,24.0808]}},{"type":"Feature","properties":{"s":"Manipur","v":4.9},"geometry":{"type":"Point","coordinates":[94.2472,24.983]}},{"type":"Feature","properties":{"s":"Manipur","v":4.9},"geometry":{"type":"Point","coordinates":[93.8089,24.0801]}},{"type":"Feature","properties":{"s":"Manipur","v":4.9},"geometry":{"type":"Point","coordinates":[93.8155,24.7724]}},{"type":"Feature","properties":{"s":"Manipur","v":4.9},"geometry":{"type":"Point","coordinates":[94.5914,25.417]}},{"type":"Feature","properties":{"s":"Manipur","v":4.9},"geometry":{"type":"Point","coordinates":[94.0569,24.42]}},{"type":"Feature","properties":{"s":"Manipur","v":4.9},"geometry":{"type":"Point","coordinates":[93.7919,24.0322]}},{"type":"Feature","properties":{"s":"Manipur","v":4.9},"geometry":{"type":"Point","coordinates":[93.9438,24.3279]}},{"type":"Feature","properties":{"s":"Manipur","v":4.9},"geometry":{"type":"Point","coordinates":[94.0311,24.6001]}},{"type":"Feature","properties":{"s":"Manipur","v":4.9},"geometry":{"type":"Point","coordinates":[94.5073,24.8764]}},{"type":"Feature","properties":{"s":"Manipur","v":4.9},"geometry":{"type":"Point","coordinates":[94.0023,24.3836]}},{"type":"Feature","properties":{"s":"Manipur","v":4.9},"geometry":{"type":"Point","coordinates":[94.09,24.3978]}},{"type":"Feature","properties":{"s":"Manipur","v":4.9},"geometry":{"type":"Point","coordinates":[93.7944,24.1117]}},{"type":"Feature","properties":{"s":"Manipur","v":4.9},"geometry":{"type":"Point","coordinates":[93.9967,25.0724]}},{"type":"Feature","properties":{"s":"Manipur","v":4.9},"geometry":{"type":"Point","coordinates":[93.2994,24.3439]}},{"type":"Feature","properties":{"s":"Manipur","v":4.9},"geometry":{"type":"Point","coordinates":[93.2821,24.2389]}},{"type":"Feature","properties":{"s":"Manipur","v":4.9},"geometry":{"type":"Point","coordinates":[93.3729,25.0353]}},{"type":"Feature","properties":{"s":"Manipur","v":4.9},"geometry":{"type":"Point","coordinates":[93.7411,24.3632]}},{"type":"Feature","properties":{"s":"Manipur","v":4.9},"geometry":{"type":"Point","coordinates":[93.4807,24.9091]}},{"type":"Feature","properties":{"s":"Manipur","v":4.9},"geometry":{"type":"Point","coordinates":[93.381,24.8373]}},{"type":"Feature","properties":{"s":"Manipur","v":4.9},"geometry":{"type":"Point","coordinates":[93.8642,25.2513]}},{"type":"Feature","properties":{"s":"Manipur","v":4.9},"geometry":{"type":"Point","coordinates":[94.4777,25.0974]}},{"type":"Feature","properties":{"s":"Manipur","v":4.9},"geometry":{"type":"Point","coordinates":[93.7652,24.0443]}},{"type":"Feature","properties":{"s":"Manipur","v":4.9},"geometry":{"type":"Point","coordinates":[94.2348,24.0427]}},{"type":"Feature","properties":{"s":"Manipur","v":4.9},"geometry":{"type":"Point","coordinates":[93.7954,24.7042]}},{"type":"Feature","properties":{"s":"Manipur","v":4.9},"geometry":{"type":"Point","coordinates":[93.8279,24.8461]}},{"type":"Feature","properties":{"s":"Manipur","v":4.9},"geometry":{"type":"Point","coordinates":[94.5542,25.273]}},{"type":"Feature","properties":{"s":"Manipur","v":4.9},"geometry":{"type":"Point","coordinates":[93.9668,24.2121]}},{"type":"Feature","properties":{"s":"Manipur","v":4.9},"geometry":{"type":"Point","coordinates":[93.9225,25.0422]}},{"type":"Feature","properties":{"s":"Manipur","v":4.9},"geometry":{"type":"Point","coordinates":[93.0858,24.1157]}},{"type":"Feature","properties":{"s":"Manipur","v":4.9},"geometry":{"type":"Point","coordinates":[94.2576,25.0797]}},{"type":"Feature","properties":{"s":"Manipur","v":4.9},"geometry":{"type":"Point","coordinates":[93.62,24.938]}},{"type":"Feature","properties":{"s":"Manipur","v":4.9},"geometry":{"type":"Point","coordinates":[94.003,25.5619]}},{"type":"Feature","properties":{"s":"Manipur","v":4.9},"geometry":{"type":"Point","coordinates":[94.0763,24.55]}},{"type":"Feature","properties":{"s":"Manipur","v":4.9},"geometry":{"type":"Point","coordinates":[93.3311,24.2413]}},{"type":"Feature","properties":{"s":"Manipur","v":4.9},"geometry":{"type":"Point","coordinates":[94.5485,25.4349]}},{"type":"Feature","properties":{"s":"Manipur","v":4.9},"geometry":{"type":"Point","coordinates":[93.8363,25.2812]}},{"type":"Feature","properties":{"s":"Manipur","v":4.9},"geometry":{"type":"Point","coordinates":[94.2043,25.3117]}},{"type":"Feature","properties":{"s":"Manipur","v":4.9},"geometry":{"type":"Point","coordinates":[94.2449,24.1234]}},{"type":"Feature","properties":{"s":"Manipur","v":4.9},"geometry":{"type":"Point","coordinates":[93.9635,24.9646]}},{"type":"Feature","properties":{"s":"Manipur","v":4.9},"geometry":{"type":"Point","coordinates":[94.6973,25.0085]}},{"type":"Feature","properties":{"s":"Manipur","v":4.9},"geometry":{"type":"Point","coordinates":[93.5883,24.9797]}},{"type":"Feature","properties":{"s":"Manipur","v":4.9},"geometry":{"type":"Point","coordinates":[94.124,23.9324]}},{"type":"Feature","properties":{"s":"Manipur","v":4.9},"geometry":{"type":"Point","coordinates":[94.3771,24.5933]}},{"type":"Feature","properties":{"s":"Manipur","v":4.9},"geometry":{"type":"Point","coordinates":[94.4215,24.8775]}},{"type":"Feature","properties":{"s":"Manipur","v":4.9},"geometry":{"type":"Point","coordinates":[93.2866,24.4142]}},{"type":"Feature","properties":{"s":"Manipur","v":4.9},"geometry":{"type":"Point","coordinates":[94.5772,25.6281]}},{"type":"Feature","properties":{"s":"Manipur","v":4.9},"geometry":{"type":"Point","coordinates":[93.3821,24.9331]}},{"type":"Feature","properties":{"s":"Manipur","v":4.9},"geometry":{"type":"Point","coordinates":[93.6663,25.2677]}},{"type":"Feature","properties":{"s":"Manipur","v":4.9},"geometry":{"type":"Point","coordinates":[93.5684,24.5378]}},{"type":"Feature","properties":{"s":"Manipur","v":4.9},"geometry":{"type":"Point","coordinates":[94.36,25.3626]}},{"type":"Feature","properties":{"s":"Manipur","v":4.9},"geometry":{"type":"Point","coordinates":[94.2806,24.9421]}},{"type":"Feature","properties":{"s":"Manipur","v":4.9},"geometry":{"type":"Point","coordinates":[94.5222,24.742]}},{"type":"Feature","properties":{"s":"Manipur","v":4.9},"geometry":{"type":"Point","coordinates":[94.3404,25.0185]}},{"type":"Feature","properties":{"s":"Manipur","v":4.9},"geometry":{"type":"Point","coordinates":[93.8375,24.4861]}},{"type":"Feature","properties":{"s":"Manipur","v":4.9},"geometry":{"type":"Point","coordinates":[94.5525,25.1648]}},{"type":"Feature","properties":{"s":"Meghalaya","v":4.4},"geometry":{"type":"Point","coordinates":[90.7892,25.8763]}},{"type":"Feature","properties":{"s":"Meghalaya","v":4.4},"geometry":{"type":"Point","coordinates":[90.2392,25.5609]}},{"type":"Feature","properties":{"s":"Meghalaya","v":4.4},"geometry":{"type":"Point","coordinates":[90.2439,25.4466]}},{"type":"Feature","properties":{"s":"Meghalaya","v":4.4},"geometry":{"type":"Point","coordinates":[92.7354,25.3234]}},{"type":"Feature","properties":{"s":"Meghalaya","v":4.4},"geometry":{"type":"Point","coordinates":[90.6939,25.3647]}},{"type":"Feature","properties":{"s":"Meghalaya","v":4.4},"geometry":{"type":"Point","coordinates":[90.3259,25.4302]}},{"type":"Feature","properties":{"s":"Meghalaya","v":4.4},"geometry":{"type":"Point","coordinates":[92.1532,25.9426]}},{"type":"Feature","properties":{"s":"Meghalaya","v":4.4},"geometry":{"type":"Point","coordinates":[90.4828,25.7237]}},{"type":"Feature","properties":{"s":"Meghalaya","v":4.4},"geometry":{"type":"Point","coordinates":[90.9635,25.2028]}},{"type":"Feature","properties":{"s":"Meghalaya","v":4.4},"geometry":{"type":"Point","coordinates":[90.0699,25.5159]}},{"type":"Feature","properties":{"s":"Meghalaya","v":4.4},"geometry":{"type":"Point","coordinates":[89.9982,25.7507]}},{"type":"Feature","properties":{"s":"Meghalaya","v":4.4},"geometry":{"type":"Point","coordinates":[91.2569,25.3143]}},{"type":"Feature","properties":{"s":"Meghalaya","v":4.4},"geometry":{"type":"Point","coordinates":[91.2919,25.7247]}},{"type":"Feature","properties":{"s":"Meghalaya","v":4.4},"geometry":{"type":"Point","coordinates":[92.2263,25.1372]}},{"type":"Feature","properties":{"s":"Meghalaya","v":4.4},"geometry":{"type":"Point","coordinates":[92.1869,25.4975]}},{"type":"Feature","properties":{"s":"Meghalaya","v":4.4},"geometry":{"type":"Point","coordinates":[90.1352,25.8583]}},{"type":"Feature","properties":{"s":"Meghalaya","v":4.4},"geometry":{"type":"Point","coordinates":[91.8324,25.2863]}},{"type":"Feature","properties":{"s":"Meghalaya","v":4.4},"geometry":{"type":"Point","coordinates":[90.2733,25.8331]}},{"type":"Feature","properties":{"s":"Meghalaya","v":4.4},"geometry":{"type":"Point","coordinates":[92.117,25.8778]}},{"type":"Feature","properties":{"s":"Meghalaya","v":4.4},"geometry":{"type":"Point","coordinates":[91.6582,25.1655]}},{"type":"Feature","properties":{"s":"Meghalaya","v":4.4},"geometry":{"type":"Point","coordinates":[91.4314,25.6744]}},{"type":"Feature","properties":{"s":"Meghalaya","v":4.4},"geometry":{"type":"Point","coordinates":[90.5641,25.8923]}},{"type":"Feature","properties":{"s":"Meghalaya","v":4.4},"geometry":{"type":"Point","coordinates":[90.756,25.2381]}},{"type":"Feature","properties":{"s":"Meghalaya","v":4.4},"geometry":{"type":"Point","coordinates":[91.6531,25.2578]}},{"type":"Feature","properties":{"s":"Meghalaya","v":4.4},"geometry":{"type":"Point","coordinates":[91.0759,25.6481]}},{"type":"Feature","properties":{"s":"Meghalaya","v":4.4},"geometry":{"type":"Point","coordinates":[90.4694,25.9391]}},{"type":"Feature","properties":{"s":"Meghalaya","v":4.4},"geometry":{"type":"Point","coordinates":[90.6494,25.5967]}},{"type":"Feature","properties":{"s":"Meghalaya","v":4.4},"geometry":{"type":"Point","coordinates":[91.5279,25.2281]}},{"type":"Feature","properties":{"s":"Meghalaya","v":4.4},"geometry":{"type":"Point","coordinates":[91.1295,25.2919]}},{"type":"Feature","properties":{"s":"Meghalaya","v":4.4},"geometry":{"type":"Point","coordinates":[91.5763,25.6385]}},{"type":"Feature","properties":{"s":"Meghalaya","v":4.4},"geometry":{"type":"Point","coordinates":[91.7554,25.9831]}},{"type":"Feature","properties":{"s":"Meghalaya","v":4.4},"geometry":{"type":"Point","coordinates":[91.343,25.7978]}},{"type":"Feature","properties":{"s":"Meghalaya","v":4.4},"geometry":{"type":"Point","coordinates":[90.3206,25.5586]}},{"type":"Feature","properties":{"s":"Meghalaya","v":4.4},"geometry":{"type":"Point","coordinates":[91.89,25.6319]}},{"type":"Feature","properties":{"s":"Meghalaya","v":4.4},"geometry":{"type":"Point","coordinates":[91.4363,25.6488]}},{"type":"Feature","properties":{"s":"Meghalaya","v":4.4},"geometry":{"type":"Point","coordinates":[91.7708,25.6259]}},{"type":"Feature","properties":{"s":"Meghalaya","v":4.4},"geometry":{"type":"Point","coordinates":[92.6396,25.3502]}},{"type":"Feature","properties":{"s":"Meghalaya","v":4.4},"geometry":{"type":"Point","coordinates":[90.4993,25.2869]}},{"type":"Feature","properties":{"s":"Meghalaya","v":4.4},"geometry":{"type":"Point","coordinates":[90.9445,25.7091]}},{"type":"Feature","properties":{"s":"Meghalaya","v":4.4},"geometry":{"type":"Point","coordinates":[90.0365,25.2872]}},{"type":"Feature","properties":{"s":"Meghalaya","v":4.4},"geometry":{"type":"Point","coordinates":[90.2909,25.4023]}},{"type":"Feature","properties":{"s":"Meghalaya","v":4.4},"geometry":{"type":"Point","coordinates":[90.396,25.9766]}},{"type":"Feature","properties":{"s":"Meghalaya","v":4.4},"geometry":{"type":"Point","coordinates":[90.102,25.6385]}},{"type":"Feature","properties":{"s":"Meghalaya","v":4.4},"geometry":{"type":"Point","coordinates":[90.4862,25.7685]}},{"type":"Feature","properties":{"s":"Meghalaya","v":4.4},"geometry":{"type":"Point","coordinates":[92.0396,25.3509]}},{"type":"Feature","properties":{"s":"Meghalaya","v":4.4},"geometry":{"type":"Point","coordinates":[91.2986,25.3641]}},{"type":"Feature","properties":{"s":"Meghalaya","v":4.4},"geometry":{"type":"Point","coordinates":[91.684,25.9317]}},{"type":"Feature","properties":{"s":"Meghalaya","v":4.4},"geometry":{"type":"Point","coordinates":[91.7177,25.6051]}},{"type":"Feature","properties":{"s":"Meghalaya","v":4.4},"geometry":{"type":"Point","coordinates":[91.2567,25.6507]}},{"type":"Feature","properties":{"s":"Meghalaya","v":4.4},"geometry":{"type":"Point","coordinates":[92.1418,25.3725]}},{"type":"Feature","properties":{"s":"Meghalaya","v":4.4},"geometry":{"type":"Point","coordinates":[91.7033,25.5552]}},{"type":"Feature","properties":{"s":"Meghalaya","v":4.4},"geometry":{"type":"Point","coordinates":[91.2271,25.3992]}},{"type":"Feature","properties":{"s":"Meghalaya","v":4.4},"geometry":{"type":"Point","coordinates":[90.3482,25.951]}},{"type":"Feature","properties":{"s":"Meghalaya","v":4.4},"geometry":{"type":"Point","coordinates":[91.837,25.5082]}},{"type":"Feature","properties":{"s":"Meghalaya","v":4.4},"geometry":{"type":"Point","coordinates":[90.6996,25.6789]}},{"type":"Feature","properties":{"s":"Meghalaya","v":4.4},"geometry":{"type":"Point","coordinates":[89.9971,25.8452]}},{"type":"Feature","properties":{"s":"Meghalaya","v":4.4},"geometry":{"type":"Point","coordinates":[90.2919,25.5988]}},{"type":"Feature","properties":{"s":"Meghalaya","v":4.4},"geometry":{"type":"Point","coordinates":[91.068,25.3161]}},{"type":"Feature","properties":{"s":"Meghalaya","v":4.4},"geometry":{"type":"Point","coordinates":[91.8629,25.6531]}},{"type":"Feature","properties":{"s":"Meghalaya","v":4.4},"geometry":{"type":"Point","coordinates":[90.3477,25.6286]}},{"type":"Feature","properties":{"s":"Meghalaya","v":4.4},"geometry":{"type":"Point","coordinates":[90.2116,25.3688]}},{"type":"Feature","properties":{"s":"Meghalaya","v":4.4},"geometry":{"type":"Point","coordinates":[92.1586,25.225]}},{"type":"Feature","properties":{"s":"Meghalaya","v":4.4},"geometry":{"type":"Point","coordinates":[91.0424,25.3316]}},{"type":"Feature","properties":{"s":"Meghalaya","v":4.4},"geometry":{"type":"Point","coordinates":[92.2266,25.2725]}},{"type":"Feature","properties":{"s":"Meghalaya","v":4.4},"geometry":{"type":"Point","coordinates":[91.8324,25.45]}},{"type":"Feature","properties":{"s":"Meghalaya","v":4.4},"geometry":{"type":"Point","coordinates":[90.04,25.8558]}},{"type":"Feature","properties":{"s":"Meghalaya","v":4.4},"geometry":{"type":"Point","coordinates":[91.6048,25.5452]}},{"type":"Feature","properties":{"s":"Meghalaya","v":4.4},"geometry":{"type":"Point","coordinates":[90.4633,25.2531]}},{"type":"Feature","properties":{"s":"Meghalaya","v":4.4},"geometry":{"type":"Point","coordinates":[91.6771,25.4126]}},{"type":"Feature","properties":{"s":"Meghalaya","v":4.4},"geometry":{"type":"Point","coordinates":[90.6764,25.6113]}},{"type":"Feature","properties":{"s":"Meghalaya","v":4.4},"geometry":{"type":"Point","coordinates":[90.0009,25.3297]}},{"type":"Feature","properties":{"s":"Meghalaya","v":4.4},"geometry":{"type":"Point","coordinates":[91.5393,25.4543]}},{"type":"Feature","properties":{"s":"Meghalaya","v":4.4},"geometry":{"type":"Point","coordinates":[91.2645,25.4297]}},{"type":"Feature","properties":{"s":"Meghalaya","v":4.4},"geometry":{"type":"Point","coordinates":[90.2315,25.6103]}},{"type":"Feature","properties":{"s":"Meghalaya","v":4.4},"geometry":{"type":"Point","coordinates":[92.6523,25.1808]}},{"type":"Feature","properties":{"s":"Meghalaya","v":4.4},"geometry":{"type":"Point","coordinates":[91.5058,25.1795]}},{"type":"Feature","properties":{"s":"Meghalaya","v":4.4},"geometry":{"type":"Point","coordinates":[92.1807,26.027]}},{"type":"Feature","properties":{"s":"Meghalaya","v":4.4},"geometry":{"type":"Point","coordinates":[90.4044,25.9352]}},{"type":"Feature","properties":{"s":"Meghalaya","v":4.4},"geometry":{"type":"Point","coordinates":[91.0878,25.7524]}},{"type":"Feature","properties":{"s":"Mizoram","v":2.8},"geometry":{"type":"Point","coordinates":[92.9189,22.8852]}},{"type":"Feature","properties":{"s":"Mizoram","v":2.8},"geometry":{"type":"Point","coordinates":[92.3232,24.0431]}},{"type":"Feature","properties":{"s":"Mizoram","v":2.8},"geometry":{"type":"Point","coordinates":[93.1097,23.499]}},{"type":"Feature","properties":{"s":"Mizoram","v":2.8},"geometry":{"type":"Point","coordinates":[92.7524,24.1354]}},{"type":"Feature","properties":{"s":"Mizoram","v":2.8},"geometry":{"type":"Point","coordinates":[92.6574,22.4498]}},{"type":"Feature","properties":{"s":"Mizoram","v":2.8},"geometry":{"type":"Point","coordinates":[92.5482,23.8568]}},{"type":"Feature","properties":{"s":"Mizoram","v":2.8},"geometry":{"type":"Point","coordinates":[92.8468,23.8271]}},{"type":"Feature","properties":{"s":"Mizoram","v":2.8},"geometry":{"type":"Point","coordinates":[92.97,22.6828]}},{"type":"Feature","properties":{"s":"Mizoram","v":2.8},"geometry":{"type":"Point","coordinates":[93.0441,22.1963]}},{"type":"Feature","properties":{"s":"Mizoram","v":2.8},"geometry":{"type":"Point","coordinates":[92.9295,22.1115]}},{"type":"Feature","properties":{"s":"Mizoram","v":2.8},"geometry":{"type":"Point","coordinates":[93.0322,23.7797]}},{"type":"Feature","properties":{"s":"Mizoram","v":2.8},"geometry":{"type":"Point","coordinates":[93.2448,23.8662]}},{"type":"Feature","properties":{"s":"Mizoram","v":2.8},"geometry":{"type":"Point","coordinates":[93.3432,23.4174]}},{"type":"Feature","properties":{"s":"Mizoram","v":2.8},"geometry":{"type":"Point","coordinates":[92.3897,24.1272]}},{"type":"Feature","properties":{"s":"Mizoram","v":2.8},"geometry":{"type":"Point","coordinates":[92.7867,22.2226]}},{"type":"Feature","properties":{"s":"Mizoram","v":2.8},"geometry":{"type":"Point","coordinates":[93.3187,23.3047]}},{"type":"Feature","properties":{"s":"Mizoram","v":2.8},"geometry":{"type":"Point","coordinates":[92.3495,23.6856]}},{"type":"Feature","properties":{"s":"Mizoram","v":2.8},"geometry":{"type":"Point","coordinates":[92.8572,22.3549]}},{"type":"Feature","properties":{"s":"Mizoram","v":2.8},"geometry":{"type":"Point","coordinates":[93.0456,23.7378]}},{"type":"Feature","properties":{"s":"Mizoram","v":2.8},"geometry":{"type":"Point","coordinates":[93.3952,23.4205]}},{"type":"Feature","properties":{"s":"Mizoram","v":2.8},"geometry":{"type":"Point","coordinates":[92.9609,23.2999]}},{"type":"Feature","properties":{"s":"Mizoram","v":2.8},"geometry":{"type":"Point","coordinates":[93.1229,22.2529]}},{"type":"Feature","properties":{"s":"Mizoram","v":2.8},"geometry":{"type":"Point","coordinates":[92.3464,24.03]}},{"type":"Feature","properties":{"s":"Mizoram","v":2.8},"geometry":{"type":"Point","coordinates":[93.2247,23.9823]}},{"type":"Feature","properties":{"s":"Mizoram","v":2.8},"geometry":{"type":"Point","coordinates":[93.2458,23.5587]}},{"type":"Feature","properties":{"s":"Mizoram","v":2.8},"geometry":{"type":"Point","coordinates":[92.9164,24.123]}},{"type":"Feature","properties":{"s":"Mizoram","v":2.8},"geometry":{"type":"Point","coordinates":[92.4501,22.9425]}},{"type":"Feature","properties":{"s":"Mizoram","v":2.8},"geometry":{"type":"Point","coordinates":[92.4257,23.5189]}},{"type":"Feature","properties":{"s":"Mizoram","v":2.8},"geometry":{"type":"Point","coordinates":[92.4469,24.0482]}},{"type":"Feature","properties":{"s":"Mizoram","v":2.8},"geometry":{"type":"Point","coordinates":[93.0335,23.1228]}},{"type":"Feature","properties":{"s":"Mizoram","v":2.8},"geometry":{"type":"Point","coordinates":[92.7543,24.0046]}},{"type":"Feature","properties":{"s":"Mizoram","v":2.8},"geometry":{"type":"Point","coordinates":[92.4817,23.7808]}},{"type":"Feature","properties":{"s":"Mizoram","v":2.8},"geometry":{"type":"Point","coordinates":[92.6351,23.1362]}},{"type":"Feature","properties":{"s":"Mizoram","v":2.8},"geometry":{"type":"Point","coordinates":[93.3619,23.8949]}},{"type":"Feature","properties":{"s":"Mizoram","v":2.8},"geometry":{"type":"Point","coordinates":[92.7117,23.6456]}},{"type":"Feature","properties":{"s":"Mizoram","v":2.8},"geometry":{"type":"Point","coordinates":[93.102,23.712]}},{"type":"Feature","properties":{"s":"Mizoram","v":2.8},"geometry":{"type":"Point","coordinates":[92.835,22.3996]}},{"type":"Feature","properties":{"s":"Mizoram","v":2.8},"geometry":{"type":"Point","coordinates":[93.0349,23.0447]}},{"type":"Feature","properties":{"s":"Mizoram","v":2.8},"geometry":{"type":"Point","coordinates":[92.8723,23.3071]}},{"type":"Feature","properties":{"s":"Mizoram","v":2.8},"geometry":{"type":"Point","coordinates":[92.6671,23.9136]}},{"type":"Feature","properties":{"s":"Mizoram","v":2.8},"geometry":{"type":"Point","coordinates":[92.5371,22.9754]}},{"type":"Feature","properties":{"s":"Mizoram","v":2.8},"geometry":{"type":"Point","coordinates":[92.6585,24.1576]}},{"type":"Feature","properties":{"s":"Mizoram","v":2.8},"geometry":{"type":"Point","coordinates":[92.7228,24.319]}},{"type":"Feature","properties":{"s":"Mizoram","v":2.8},"geometry":{"type":"Point","coordinates":[93.1836,22.2416]}},{"type":"Feature","properties":{"s":"Mizoram","v":2.8},"geometry":{"type":"Point","coordinates":[92.7818,23.8241]}},{"type":"Feature","properties":{"s":"Mizoram","v":2.8},"geometry":{"type":"Point","coordinates":[92.7129,24.0331]}},{"type":"Feature","properties":{"s":"Mizoram","v":2.8},"geometry":{"type":"Point","coordinates":[92.8321,24.3284]}},{"type":"Feature","properties":{"s":"Mizoram","v":2.8},"geometry":{"type":"Point","coordinates":[92.5426,23.0309]}},{"type":"Feature","properties":{"s":"Mizoram","v":2.8},"geometry":{"type":"Point","coordinates":[92.8531,23.4676]}},{"type":"Feature","properties":{"s":"Mizoram","v":2.8},"geometry":{"type":"Point","coordinates":[92.7507,24.3504]}},{"type":"Feature","properties":{"s":"Nagaland","v":19.8},"geometry":{"type":"Point","coordinates":[94.6431,25.6632]}},{"type":"Feature","properties":{"s":"Nagaland","v":19.8},"geometry":{"type":"Point","coordinates":[94.8276,26.2358]}},{"type":"Feature","properties":{"s":"Nagaland","v":19.8},"geometry":{"type":"Point","coordinates":[94.3425,25.9863]}},{"type":"Feature","properties":{"s":"Nagaland","v":19.8},"geometry":{"type":"Point","coordinates":[94.5052,25.9989]}},{"type":"Feature","properties":{"s":"Nagaland","v":19.8},"geometry":{"type":"Point","coordinates":[94.6563,25.5274]}},{"type":"Feature","properties":{"s":"Nagaland","v":19.8},"geometry":{"type":"Point","coordinates":[94.0435,25.8629]}},{"type":"Feature","properties":{"s":"Nagaland","v":19.8},"geometry":{"type":"Point","coordinates":[94.8887,25.9644]}},{"type":"Feature","properties":{"s":"Nagaland","v":19.8},"geometry":{"type":"Point","coordinates":[94.2075,25.7957]}},{"type":"Feature","properties":{"s":"Nagaland","v":19.8},"geometry":{"type":"Point","coordinates":[94.3544,25.5706]}},{"type":"Feature","properties":{"s":"Nagaland","v":19.8},"geometry":{"type":"Point","coordinates":[94.4771,25.9026]}},{"type":"Feature","properties":{"s":"Nagaland","v":19.8},"geometry":{"type":"Point","coordinates":[94.5328,26.6934]}},{"type":"Feature","properties":{"s":"Nagaland","v":19.8},"geometry":{"type":"Point","coordinates":[94.1488,26.0523]}},{"type":"Feature","properties":{"s":"Nagaland","v":19.8},"geometry":{"type":"Point","coordinates":[94.3227,25.577]}},{"type":"Feature","properties":{"s":"Nagaland","v":19.8},"geometry":{"type":"Point","coordinates":[94.3447,26.4289]}},{"type":"Feature","properties":{"s":"Nagaland","v":19.8},"geometry":{"type":"Point","coordinates":[94.826,26.8324]}},{"type":"Feature","properties":{"s":"Nagaland","v":19.8},"geometry":{"type":"Point","coordinates":[94.6242,25.7893]}},{"type":"Feature","properties":{"s":"Nagaland","v":19.8},"geometry":{"type":"Point","coordinates":[94.3376,26.257]}},{"type":"Feature","properties":{"s":"Nagaland","v":19.8},"geometry":{"type":"Point","coordinates":[94.2771,25.7596]}},{"type":"Feature","properties":{"s":"Nagaland","v":19.8},"geometry":{"type":"Point","coordinates":[94.8025,26.6102]}},{"type":"Feature","properties":{"s":"Nagaland","v":19.8},"geometry":{"type":"Point","coordinates":[94.6815,26.1397]}},{"type":"Feature","properties":{"s":"Nagaland","v":19.8},"geometry":{"type":"Point","coordinates":[94.1451,25.5975]}},{"type":"Feature","properties":{"s":"Nagaland","v":19.8},"geometry":{"type":"Point","coordinates":[94.8579,26.3423]}},{"type":"Feature","properties":{"s":"Nagaland","v":19.8},"geometry":{"type":"Point","coordinates":[94.8101,25.9186]}},{"type":"Feature","properties":{"s":"Nagaland","v":19.8},"geometry":{"type":"Point","coordinates":[94.8889,26.5661]}},{"type":"Feature","properties":{"s":"Nagaland","v":19.8},"geometry":{"type":"Point","coordinates":[94.5599,26.5635]}},{"type":"Feature","properties":{"s":"Nagaland","v":19.8},"geometry":{"type":"Point","coordinates":[93.5934,25.7191]}},{"type":"Feature","properties":{"s":"Nagaland","v":19.8},"geometry":{"type":"Point","coordinates":[94.663,25.7465]}},{"type":"Feature","properties":{"s":"Nagaland","v":19.8},"geometry":{"type":"Point","coordinates":[94.5575,25.8001]}},{"type":"Feature","properties":{"s":"Nagaland","v":19.8},"geometry":{"type":"Point","coordinates":[94.3361,26.0446]}},{"type":"Feature","properties":{"s":"Nagaland","v":19.8},"geometry":{"type":"Point","coordinates":[94.1442,25.689]}},{"type":"Feature","properties":{"s":"Nagaland","v":19.8},"geometry":{"type":"Point","coordinates":[93.5162,25.5281]}},{"type":"Feature","properties":{"s":"Nagaland","v":19.8},"geometry":{"type":"Point","coordinates":[95.038,25.9411]}},{"type":"Feature","properties":{"s":"Nagaland","v":19.8},"geometry":{"type":"Point","coordinates":[94.0876,26.045]}},{"type":"Feature","properties":{"s":"Nagaland","v":19.8},"geometry":{"type":"Point","coordinates":[95.0649,26.9244]}},{"type":"Feature","properties":{"s":"Nagaland","v":19.8},"geometry":{"type":"Point","coordinates":[94.8074,26.5771]}},{"type":"Feature","properties":{"s":"Nagaland","v":19.8},"geometry":{"type":"Point","coordinates":[94.1433,25.5448]}},{"type":"Feature","properties":{"s":"Nagaland","v":19.8},"geometry":{"type":"Point","coordinates":[94.7021,25.6881]}},{"type":"Feature","properties":{"s":"Nagaland","v":19.8},"geometry":{"type":"Point","coordinates":[94.0485,26.0244]}},{"type":"Feature","properties":{"s":"Nagaland","v":19.8},"geometry":{"type":"Point","coordinates":[94.0164,25.8256]}},{"type":"Feature","properties":{"s":"Nagaland","v":19.8},"geometry":{"type":"Point","coordinates":[94.1079,25.8162]}},{"type":"Feature","properties":{"s":"Nagaland","v":19.8},"geometry":{"type":"Point","coordinates":[95.0744,26.7563]}},{"type":"Feature","properties":{"s":"Nagaland","v":19.8},"geometry":{"type":"Point","coordinates":[94.7255,26.2628]}},{"type":"Feature","properties":{"s":"Nagaland","v":19.8},"geometry":{"type":"Point","coordinates":[94.9491,26.5796]}},{"type":"Feature","properties":{"s":"Nagaland","v":19.8},"geometry":{"type":"Point","coordinates":[93.7124,25.4313]}},{"type":"Feature","properties":{"s":"Nagaland","v":19.8},"geometry":{"type":"Point","coordinates":[95.0789,26.0949]}},{"type":"Feature","properties":{"s":"Nagaland","v":19.8},"geometry":{"type":"Point","coordinates":[94.52,26.1773]}},{"type":"Feature","properties":{"s":"Nagaland","v":19.8},"geometry":{"type":"Point","coordinates":[94.104,25.6396]}},{"type":"Feature","properties":{"s":"Nagaland","v":19.8},"geometry":{"type":"Point","coordinates":[94.8469,26.1555]}},{"type":"Feature","properties":{"s":"Nagaland","v":19.8},"geometry":{"type":"Point","coordinates":[94.7731,26.0767]}},{"type":"Feature","properties":{"s":"Nagaland","v":19.8},"geometry":{"type":"Point","coordinates":[94.4917,26.244]}},{"type":"Feature","properties":{"s":"Nagaland","v":19.8},"geometry":{"type":"Point","coordinates":[93.8229,25.5344]}},{"type":"Feature","properties":{"s":"Nagaland","v":19.8},"geometry":{"type":"Point","coordinates":[94.5562,26.4168]}},{"type":"Feature","properties":{"s":"Nagaland","v":19.8},"geometry":{"type":"Point","coordinates":[94.5464,26.1281]}},{"type":"Feature","properties":{"s":"Nagaland","v":19.8},"geometry":{"type":"Point","coordinates":[94.8344,26.729]}},{"type":"Feature","properties":{"s":"Nagaland","v":19.8},"geometry":{"type":"Point","coordinates":[94.5884,25.6735]}},{"type":"Feature","properties":{"s":"Nagaland","v":19.8},"geometry":{"type":"Point","coordinates":[94.9766,26.2893]}},{"type":"Feature","properties":{"s":"Nagaland","v":19.8},"geometry":{"type":"Point","coordinates":[94.3853,25.9924]}},{"type":"Feature","properties":{"s":"Nagaland","v":19.8},"geometry":{"type":"Point","coordinates":[94.8067,25.932]}},{"type":"Feature","properties":{"s":"Nagaland","v":19.8},"geometry":{"type":"Point","coordinates":[93.883,25.6423]}},{"type":"Feature","properties":{"s":"Nagaland","v":19.8},"geometry":{"type":"Point","coordinates":[95.0151,26.8679]}},{"type":"Feature","properties":{"s":"Nagaland","v":19.8},"geometry":{"type":"Point","coordinates":[94.1284,25.8402]}},{"type":"Feature","properties":{"s":"Nagaland","v":19.8},"geometry":{"type":"Point","coordinates":[95.1432,26.6766]}},{"type":"Feature","properties":{"s":"Nagaland","v":19.8},"geometry":{"type":"Point","coordinates":[94.0965,25.8425]}},{"type":"Feature","properties":{"s":"Nagaland","v":19.8},"geometry":{"type":"Point","coordinates":[94.7645,25.7855]}},{"type":"Feature","properties":{"s":"Nagaland","v":19.8},"geometry":{"type":"Point","coordinates":[94.3784,26.4089]}},{"type":"Feature","properties":{"s":"Nagaland","v":19.8},"geometry":{"type":"Point","coordinates":[95.0353,26.4693]}},{"type":"Feature","properties":{"s":"Nagaland","v":19.8},"geometry":{"type":"Point","coordinates":[93.9635,25.6856]}},{"type":"Feature","properties":{"s":"Nagaland","v":19.8},"geometry":{"type":"Point","coordinates":[93.5042,25.4034]}},{"type":"Feature","properties":{"s":"Nagaland","v":19.8},"geometry":{"type":"Point","coordinates":[95.071,26.4629]}},{"type":"Feature","properties":{"s":"Nagaland","v":19.8},"geometry":{"type":"Point","coordinates":[94.5712,26.5018]}},{"type":"Feature","properties":{"s":"Nagaland","v":19.8},"geometry":{"type":"Point","coordinates":[94.6845,26.2274]}},{"type":"Feature","properties":{"s":"Nagaland","v":19.8},"geometry":{"type":"Point","coordinates":[94.5758,25.8182]}},{"type":"Feature","properties":{"s":"Nagaland","v":19.8},"geometry":{"type":"Point","coordinates":[94.5152,26.6442]}},{"type":"Feature","properties":{"s":"Nagaland","v":19.8},"geometry":{"type":"Point","coordinates":[94.8082,25.8286]}},{"type":"Feature","properties":{"s":"Nagaland","v":19.8},"geometry":{"type":"Point","coordinates":[94.369,26.3904]}},{"type":"Feature","properties":{"s":"Nagaland","v":19.8},"geometry":{"type":"Point","coordinates":[94.3812,25.717]}},{"type":"Feature","properties":{"s":"Nagaland","v":19.8},"geometry":{"type":"Point","coordinates":[94.155,25.8611]}},{"type":"Feature","properties":{"s":"Nagaland","v":19.8},"geometry":{"type":"Point","coordinates":[94.7586,26.2004]}},{"type":"Feature","properties":{"s":"Nagaland","v":19.8},"geometry":{"type":"Point","coordinates":[94.5415,26.4282]}},{"type":"Feature","properties":{"s":"Nagaland","v":19.8},"geometry":{"type":"Point","coordinates":[94.9355,26.1963]}},{"type":"Feature","properties":{"s":"Nagaland","v":19.8},"geometry":{"type":"Point","coordinates":[93.9705,25.8916]}},{"type":"Feature","properties":{"s":"Nagaland","v":19.8},"geometry":{"type":"Point","coordinates":[93.681,25.3593]}},{"type":"Feature","properties":{"s":"Nagaland","v":19.8},"geometry":{"type":"Point","coordinates":[94.5284,26.5366]}},{"type":"Feature","properties":{"s":"Nagaland","v":19.8},"geometry":{"type":"Point","coordinates":[93.6017,25.7229]}},{"type":"Feature","properties":{"s":"Nagaland","v":19.8},"geometry":{"type":"Point","coordinates":[94.4126,25.6106]}},{"type":"Feature","properties":{"s":"Nagaland","v":19.8},"geometry":{"type":"Point","coordinates":[94.6766,25.7223]}},{"type":"Feature","properties":{"s":"Nagaland","v":19.8},"geometry":{"type":"Point","coordinates":[94.4414,25.9314]}},{"type":"Feature","properties":{"s":"Nagaland","v":19.8},"geometry":{"type":"Point","coordinates":[95.033,26.362]}},{"type":"Feature","properties":{"s":"Nagaland","v":19.8},"geometry":{"type":"Point","coordinates":[94.8292,26.0505]}},{"type":"Feature","properties":{"s":"Nagaland","v":19.8},"geometry":{"type":"Point","coordinates":[94.345,26.2063]}},{"type":"Feature","properties":{"s":"Nagaland","v":19.8},"geometry":{"type":"Point","coordinates":[94.3086,26.1097]}},{"type":"Feature","properties":{"s":"Nagaland","v":19.8},"geometry":{"type":"Point","coordinates":[93.521,25.6285]}},{"type":"Feature","properties":{"s":"Nagaland","v":19.8},"geometry":{"type":"Point","coordinates":[94.0592,25.8611]}},{"type":"Feature","properties":{"s":"Nagaland","v":19.8},"geometry":{"type":"Point","coordinates":[95.0901,26.0838]}},{"type":"Feature","properties":{"s":"Nagaland","v":19.8},"geometry":{"type":"Point","coordinates":[94.7988,26.7488]}},{"type":"Feature","properties":{"s":"Nagaland","v":19.8},"geometry":{"type":"Point","coordinates":[93.9756,25.8566]}},{"type":"Feature","properties":{"s":"Nagaland","v":19.8},"geometry":{"type":"Point","coordinates":[94.2317,25.8811]}},{"type":"Feature","properties":{"s":"Nagaland","v":19.8},"geometry":{"type":"Point","coordinates":[93.8223,25.5848]}},{"type":"Feature","properties":{"s":"Nagaland","v":19.8},"geometry":{"type":"Point","coordinates":[94.1286,25.5929]}},{"type":"Feature","properties":{"s":"Nagaland","v":19.8},"geometry":{"type":"Point","coordinates":[94.761,26.7325]}},{"type":"Feature","properties":{"s":"Nagaland","v":19.8},"geometry":{"type":"Point","coordinates":[94.6725,26.3317]}},{"type":"Feature","properties":{"s":"Nagaland","v":19.8},"geometry":{"type":"Point","coordinates":[94.3538,26.0765]}},{"type":"Feature","properties":{"s":"Nagaland","v":19.8},"geometry":{"type":"Point","coordinates":[94.8096,26.5153]}},{"type":"Feature","properties":{"s":"Nagaland","v":19.8},"geometry":{"type":"Point","coordinates":[94.1783,26.2524]}},{"type":"Feature","properties":{"s":"Nagaland","v":19.8},"geometry":{"type":"Point","coordinates":[94.0247,25.9931]}},{"type":"Feature","properties":{"s":"Nagaland","v":19.8},"geometry":{"type":"Point","coordinates":[94.9836,26.1412]}},{"type":"Feature","properties":{"s":"Nagaland","v":19.8},"geometry":{"type":"Point","coordinates":[94.9696,26.6484]}},{"type":"Feature","properties":{"s":"Nagaland","v":19.8},"geometry":{"type":"Point","coordinates":[94.2388,26.2469]}},{"type":"Feature","properties":{"s":"Nagaland","v":19.8},"geometry":{"type":"Point","coordinates":[94.8801,26.1999]}},{"type":"Feature","properties":{"s":"Nagaland","v":19.8},"geometry":{"type":"Point","coordinates":[94.8151,26.1308]}},{"type":"Feature","properties":{"s":"Nagaland","v":19.8},"geometry":{"type":"Point","coordinates":[94.6737,25.7956]}},{"type":"Feature","properties":{"s":"Nagaland","v":19.8},"geometry":{"type":"Point","coordinates":[94.7488,26.5206]}},{"type":"Feature","properties":{"s":"Nagaland","v":19.8},"geometry":{"type":"Point","coordinates":[95.0025,26.0131]}},{"type":"Feature","properties":{"s":"Nagaland","v":19.8},"geometry":{"type":"Point","coordinates":[94.6729,25.6776]}},{"type":"Feature","properties":{"s":"Nagaland","v":19.8},"geometry":{"type":"Point","coordinates":[94.096,26.1249]}},{"type":"Feature","properties":{"s":"Nagaland","v":19.8},"geometry":{"type":"Point","coordinates":[94.0665,25.8339]}},{"type":"Feature","properties":{"s":"Nagaland","v":19.8},"geometry":{"type":"Point","coordinates":[94.0078,26.1686]}},{"type":"Feature","properties":{"s":"Nagaland","v":19.8},"geometry":{"type":"Point","coordinates":[94.5871,25.9598]}},{"type":"Feature","properties":{"s":"Nagaland","v":19.8},"geometry":{"type":"Point","coordinates":[94.149,25.8381]}},{"type":"Feature","properties":{"s":"Nagaland","v":19.8},"geometry":{"type":"Point","coordinates":[94.3546,26.142]}},{"type":"Feature","properties":{"s":"Nagaland","v":19.8},"geometry":{"type":"Point","coordinates":[94.9003,26.0056]}},{"type":"Feature","properties":{"s":"Nagaland","v":19.8},"geometry":{"type":"Point","coordinates":[94.6934,26.2513]}},{"type":"Feature","properties":{"s":"Nagaland","v":19.8},"geometry":{"type":"Point","coordinates":[95.0146,25.8036]}},{"type":"Feature","properties":{"s":"Nagaland","v":19.8},"geometry":{"type":"Point","coordinates":[94.2418,25.9891]}},{"type":"Feature","properties":{"s":"Nagaland","v":19.8},"geometry":{"type":"Point","coordinates":[94.0293,26.1625]}},{"type":"Feature","properties":{"s":"Nagaland","v":19.8},"geometry":{"type":"Point","coordinates":[95.01,26.1192]}},{"type":"Feature","properties":{"s":"Nagaland","v":19.8},"geometry":{"type":"Point","coordinates":[94.8879,26.8711]}},{"type":"Feature","properties":{"s":"Nagaland","v":19.8},"geometry":{"type":"Point","coordinates":[95.0356,26.0012]}},{"type":"Feature","properties":{"s":"Nagaland","v":19.8},"geometry":{"type":"Point","coordinates":[94.9999,26.1092]}},{"type":"Feature","properties":{"s":"Nagaland","v":19.8},"geometry":{"type":"Point","coordinates":[94.5661,26.1396]}},{"type":"Feature","properties":{"s":"Nagaland","v":19.8},"geometry":{"type":"Point","coordinates":[94.4752,26.3]}},{"type":"Feature","properties":{"s":"Nagaland","v":19.8},"geometry":{"type":"Point","coordinates":[94.122,26.0727]}},{"type":"Feature","properties":{"s":"Nagaland","v":19.8},"geometry":{"type":"Point","coordinates":[94.9138,26.0069]}},{"type":"Feature","properties":{"s":"Nagaland","v":19.8},"geometry":{"type":"Point","coordinates":[94.0003,25.9519]}},{"type":"Feature","properties":{"s":"Nagaland","v":19.8},"geometry":{"type":"Point","coordinates":[94.1525,26.074]}},{"type":"Feature","properties":{"s":"Nagaland","v":19.8},"geometry":{"type":"Point","coordinates":[94.149,25.5758]}},{"type":"Feature","properties":{"s":"Nagaland","v":19.8},"geometry":{"type":"Point","coordinates":[94.2665,26.1872]}},{"type":"Feature","properties":{"s":"Nagaland","v":19.8},"geometry":{"type":"Point","coordinates":[94.2216,25.9379]}},{"type":"Feature","properties":{"s":"Nagaland","v":19.8},"geometry":{"type":"Point","coordinates":[93.9149,25.7898]}},{"type":"Feature","properties":{"s":"Nagaland","v":19.8},"geometry":{"type":"Point","coordinates":[94.7893,26.6462]}},{"type":"Feature","properties":{"s":"Nagaland","v":19.8},"geometry":{"type":"Point","coordinates":[93.98,25.8081]}},{"type":"Feature","properties":{"s":"Nagaland","v":19.8},"geometry":{"type":"Point","coordinates":[94.8609,26.1882]}},{"type":"Feature","properties":{"s":"Nagaland","v":19.8},"geometry":{"type":"Point","coordinates":[94.334,26.1141]}},{"type":"Feature","properties":{"s":"Nagaland","v":19.8},"geometry":{"type":"Point","coordinates":[94.064,25.6588]}},{"type":"Feature","properties":{"s":"Nagaland","v":19.8},"geometry":{"type":"Point","coordinates":[94.9727,26.7856]}},{"type":"Feature","properties":{"s":"Nagaland","v":19.8},"geometry":{"type":"Point","coordinates":[94.5989,26.655]}},{"type":"Feature","properties":{"s":"Nagaland","v":19.8},"geometry":{"type":"Point","coordinates":[94.741,26.7189]}},{"type":"Feature","properties":{"s":"Nagaland","v":19.8},"geometry":{"type":"Point","coordinates":[94.7543,26.4177]}},{"type":"Feature","properties":{"s":"Nagaland","v":19.8},"geometry":{"type":"Point","coordinates":[94.2226,25.5546]}},{"type":"Feature","properties":{"s":"Nagaland","v":19.8},"geometry":{"type":"Point","coordinates":[93.6063,25.2485]}},{"type":"Feature","properties":{"s":"Nagaland","v":19.8},"geometry":{"type":"Point","coordinates":[94.1889,26.2641]}},{"type":"Feature","properties":{"s":"Nagaland","v":19.8},"geometry":{"type":"Point","coordinates":[94.4358,26.4755]}},{"type":"Feature","properties":{"s":"Nagaland","v":19.8},"geometry":{"type":"Point","coordinates":[94.76,26.3401]}},{"type":"Feature","properties":{"s":"Nagaland","v":19.8},"geometry":{"type":"Point","coordinates":[95.2213,26.725]}},{"type":"Feature","properties":{"s":"Nagaland","v":19.8},"geometry":{"type":"Point","coordinates":[94.57,25.8892]}},{"type":"Feature","properties":{"s":"Nagaland","v":19.8},"geometry":{"type":"Point","coordinates":[94.9039,26.134]}},{"type":"Feature","properties":{"s":"Nagaland","v":19.8},"geometry":{"type":"Point","coordinates":[93.8336,25.6479]}},{"type":"Feature","properties":{"s":"Nagaland","v":19.8},"geometry":{"type":"Point","coordinates":[94.3505,25.6811]}},{"type":"Feature","properties":{"s":"Nagaland","v":19.8},"geometry":{"type":"Point","coordinates":[94.2896,25.8377]}},{"type":"Feature","properties":{"s":"Nagaland","v":19.8},"geometry":{"type":"Point","coordinates":[95.0395,26.5221]}},{"type":"Feature","properties":{"s":"Nagaland","v":19.8},"geometry":{"type":"Point","coordinates":[94.4645,25.8696]}},{"type":"Feature","properties":{"s":"Nagaland","v":19.8},"geometry":{"type":"Point","coordinates":[94.4901,26.5217]}},{"type":"Feature","properties":{"s":"Nagaland","v":19.8},"geometry":{"type":"Point","coordinates":[93.574,25.7218]}},{"type":"Feature","properties":{"s":"Nagaland","v":19.8},"geometry":{"type":"Point","coordinates":[94.3098,26.3149]}},{"type":"Feature","properties":{"s":"Nagaland","v":19.8},"geometry":{"type":"Point","coordinates":[94.844,26.724]}},{"type":"Feature","properties":{"s":"Nagaland","v":19.8},"geometry":{"type":"Point","coordinates":[95.0238,25.7537]}},{"type":"Feature","properties":{"s":"Nagaland","v":19.8},"geometry":{"type":"Point","coordinates":[93.6103,25.4424]}},{"type":"Feature","properties":{"s":"Nagaland","v":19.8},"geometry":{"type":"Point","coordinates":[93.9566,25.6909]}},{"type":"Feature","properties":{"s":"Nagaland","v":19.8},"geometry":{"type":"Point","coordinates":[94.9886,26.0382]}},{"type":"Feature","properties":{"s":"Nagaland","v":19.8},"geometry":{"type":"Point","coordinates":[94.9023,26.6056]}},{"type":"Feature","properties":{"s":"Nagaland","v":19.8},"geometry":{"type":"Point","coordinates":[94.8601,26.8038]}},{"type":"Feature","properties":{"s":"Nagaland","v":19.8},"geometry":{"type":"Point","coordinates":[94.178,25.9714]}},{"type":"Feature","properties":{"s":"Nagaland","v":19.8},"geometry":{"type":"Point","coordinates":[94.0475,26.1265]}},{"type":"Feature","properties":{"s":"Nagaland","v":19.8},"geometry":{"type":"Point","coordinates":[94.5604,25.833]}},{"type":"Feature","properties":{"s":"Nagaland","v":19.8},"geometry":{"type":"Point","coordinates":[94.454,26.0959]}},{"type":"Feature","properties":{"s":"Nagaland","v":19.8},"geometry":{"type":"Point","coordinates":[94.4559,25.7453]}},{"type":"Feature","properties":{"s":"Nagaland","v":19.8},"geometry":{"type":"Point","coordinates":[93.8953,25.8524]}},{"type":"Feature","properties":{"s":"Nagaland","v":19.8},"geometry":{"type":"Point","coordinates":[94.2842,25.961]}},{"type":"Feature","properties":{"s":"Nagaland","v":19.8},"geometry":{"type":"Point","coordinates":[94.7601,25.7104]}},{"type":"Feature","properties":{"s":"Nagaland","v":19.8},"geometry":{"type":"Point","coordinates":[94.9467,26.2491]}},{"type":"Feature","properties":{"s":"Nagaland","v":19.8},"geometry":{"type":"Point","coordinates":[94.6832,25.4891]}},{"type":"Feature","properties":{"s":"Nagaland","v":19.8},"geometry":{"type":"Point","coordinates":[94.936,26.3478]}},{"type":"Feature","properties":{"s":"Nagaland","v":19.8},"geometry":{"type":"Point","coordinates":[93.6907,25.8293]}},{"type":"Feature","properties":{"s":"Nagaland","v":19.8},"geometry":{"type":"Point","coordinates":[93.7244,25.4552]}},{"type":"Feature","properties":{"s":"Nagaland","v":19.8},"geometry":{"type":"Point","coordinates":[94.3118,26.4826]}},{"type":"Feature","properties":{"s":"Nagaland","v":19.8},"geometry":{"type":"Point","coordinates":[93.6404,25.6752]}},{"type":"Feature","properties":{"s":"Nagaland","v":19.8},"geometry":{"type":"Point","coordinates":[94.4714,25.8878]}},{"type":"Feature","properties":{"s":"Nagaland","v":19.8},"geometry":{"type":"Point","coordinates":[94.7082,25.7714]}},{"type":"Feature","properties":{"s":"Nagaland","v":19.8},"geometry":{"type":"Point","coordinates":[94.5902,25.6023]}},{"type":"Feature","properties":{"s":"Nagaland","v":19.8},"geometry":{"type":"Point","coordinates":[94.6045,25.8878]}},{"type":"Feature","properties":{"s":"Nagaland","v":19.8},"geometry":{"type":"Point","coordinates":[94.4344,25.884]}},{"type":"Feature","properties":{"s":"Nagaland","v":19.8},"geometry":{"type":"Point","coordinates":[94.2382,25.5578]}},{"type":"Feature","properties":{"s":"Nagaland","v":19.8},"geometry":{"type":"Point","coordinates":[94.5137,26.3629]}},{"type":"Feature","properties":{"s":"Nagaland","v":19.8},"geometry":{"type":"Point","coordinates":[94.5519,26.1524]}},{"type":"Feature","properties":{"s":"Nagaland","v":19.8},"geometry":{"type":"Point","coordinates":[94.6526,26.7075]}},{"type":"Feature","properties":{"s":"Nagaland","v":19.8},"geometry":{"type":"Point","coordinates":[94.9807,26.1111]}},{"type":"Feature","properties":{"s":"Nagaland","v":19.8},"geometry":{"type":"Point","coordinates":[94.4401,26.541]}},{"type":"Feature","properties":{"s":"Nagaland","v":19.8},"geometry":{"type":"Point","coordinates":[94.319,25.5315]}},{"type":"Feature","properties":{"s":"Nagaland","v":19.8},"geometry":{"type":"Point","coordinates":[94.9619,26.4505]}},{"type":"Feature","properties":{"s":"Nagaland","v":19.8},"geometry":{"type":"Point","coordinates":[95.2197,26.9524]}},{"type":"Feature","properties":{"s":"Nagaland","v":19.8},"geometry":{"type":"Point","coordinates":[94.6293,26.5473]}},{"type":"Feature","properties":{"s":"Nagaland","v":19.8},"geometry":{"type":"Point","coordinates":[94.6303,25.5555]}},{"type":"Feature","properties":{"s":"Nagaland","v":19.8},"geometry":{"type":"Point","coordinates":[94.5034,26.3423]}},{"type":"Feature","properties":{"s":"Nagaland","v":19.8},"geometry":{"type":"Point","coordinates":[94.7141,26.5354]}},{"type":"Feature","properties":{"s":"Nagaland","v":19.8},"geometry":{"type":"Point","coordinates":[94.7577,26.097]}},{"type":"Feature","properties":{"s":"Nagaland","v":19.8},"geometry":{"type":"Point","coordinates":[93.7071,25.7453]}},{"type":"Feature","properties":{"s":"Nagaland","v":19.8},"geometry":{"type":"Point","coordinates":[94.9592,26.6561]}},{"type":"Feature","properties":{"s":"Nagaland","v":19.8},"geometry":{"type":"Point","coordinates":[95.0581,26.5244]}},{"type":"Feature","properties":{"s":"Nagaland","v":19.8},"geometry":{"type":"Point","coordinates":[94.5322,25.7863]}},{"type":"Feature","properties":{"s":"Nagaland","v":19.8},"geometry":{"type":"Point","coordinates":[94.7569,26.6597]}},{"type":"Feature","properties":{"s":"Nagaland","v":19.8},"geometry":{"type":"Point","coordinates":[94.2454,25.7806]}},{"type":"Feature","properties":{"s":"Nagaland","v":19.8},"geometry":{"type":"Point","coordinates":[95.1055,26.3193]}},{"type":"Feature","properties":{"s":"Nagaland","v":19.8},"geometry":{"type":"Point","coordinates":[94.8257,25.8789]}},{"type":"Feature","properties":{"s":"Nagaland","v":19.8},"geometry":{"type":"Point","coordinates":[94.2976,26.0457]}},{"type":"Feature","properties":{"s":"Nagaland","v":19.8},"geometry":{"type":"Point","coordinates":[95.0213,25.7923]}},{"type":"Feature","properties":{"s":"Nagaland","v":19.8},"geometry":{"type":"Point","coordinates":[94.1755,25.6249]}},{"type":"Feature","properties":{"s":"Nagaland","v":19.8},"geometry":{"type":"Point","coordinates":[94.1791,26.3677]}},{"type":"Feature","properties":{"s":"Nagaland","v":19.8},"geometry":{"type":"Point","coordinates":[94.1875,25.8186]}},{"type":"Feature","properties":{"s":"Nagaland","v":19.8},"geometry":{"type":"Point","coordinates":[94.4783,26.0922]}},{"type":"Feature","properties":{"s":"Nagaland","v":19.8},"geometry":{"type":"Point","coordinates":[94.4619,25.991]}},{"type":"Feature","properties":{"s":"Nagaland","v":19.8},"geometry":{"type":"Point","coordinates":[94.1763,26.111]}},{"type":"Feature","properties":{"s":"Nagaland","v":19.8},"geometry":{"type":"Point","coordinates":[94.5636,26.6901]}},{"type":"Feature","properties":{"s":"Nagaland","v":19.8},"geometry":{"type":"Point","coordinates":[95.0961,26.097]}},{"type":"Feature","properties":{"s":"Nagaland","v":19.8},"geometry":{"type":"Point","coordinates":[94.5229,26.5557]}},{"type":"Feature","properties":{"s":"Nagaland","v":19.8},"geometry":{"type":"Point","coordinates":[94.7454,26.3593]}},{"type":"Feature","properties":{"s":"Nagaland","v":19.8},"geometry":{"type":"Point","coordinates":[94.7045,26.6625]}},{"type":"Feature","properties":{"s":"Nagaland","v":19.8},"geometry":{"type":"Point","coordinates":[94.9756,26.0446]}},{"type":"Feature","properties":{"s":"Nagaland","v":19.8},"geometry":{"type":"Point","coordinates":[94.8941,26.2801]}},{"type":"Feature","properties":{"s":"Nagaland","v":19.8},"geometry":{"type":"Point","coordinates":[93.6704,25.7945]}},{"type":"Feature","properties":{"s":"Nagaland","v":19.8},"geometry":{"type":"Point","coordinates":[94.6484,26.1322]}},{"type":"Feature","properties":{"s":"Nagaland","v":19.8},"geometry":{"type":"Point","coordinates":[95.1079,26.6324]}},{"type":"Feature","properties":{"s":"Nagaland","v":19.8},"geometry":{"type":"Point","coordinates":[94.8102,26.7314]}},{"type":"Feature","properties":{"s":"Nagaland","v":19.8},"geometry":{"type":"Point","coordinates":[94.3169,25.7427]}},{"type":"Feature","properties":{"s":"Nagaland","v":19.8},"geometry":{"type":"Point","coordinates":[94.837,26.3217]}},{"type":"Feature","properties":{"s":"Nagaland","v":19.8},"geometry":{"type":"Point","coordinates":[94.9841,26.33]}},{"type":"Feature","properties":{"s":"Nagaland","v":19.8},"geometry":{"type":"Point","coordinates":[95.0155,26.5813]}},{"type":"Feature","properties":{"s":"Nagaland","v":19.8},"geometry":{"type":"Point","coordinates":[93.4896,25.4345]}},{"type":"Feature","properties":{"s":"Nagaland","v":19.8},"geometry":{"type":"Point","coordinates":[94.091,26.1941]}},{"type":"Feature","properties":{"s":"Nagaland","v":19.8},"geometry":{"type":"Point","coordinates":[94.8412,26.8093]}},{"type":"Feature","properties":{"s":"Nagaland","v":19.8},"geometry":{"type":"Point","coordinates":[94.2553,26.2406]}},{"type":"Feature","properties":{"s":"Nagaland","v":19.8},"geometry":{"type":"Point","coordinates":[94.9002,26.2535]}},{"type":"Feature","properties":{"s":"Nagaland","v":19.8},"geometry":{"type":"Point","coordinates":[94.8352,26.2306]}},{"type":"Feature","properties":{"s":"Nagaland","v":19.8},"geometry":{"type":"Point","coordinates":[94.67,26.543]}},{"type":"Feature","properties":{"s":"Nagaland","v":19.8},"geometry":{"type":"Point","coordinates":[94.4901,26.1209]}},{"type":"Feature","properties":{"s":"Nagaland","v":19.8},"geometry":{"type":"Point","coordinates":[94.6116,25.6713]}},{"type":"Feature","properties":{"s":"Nagaland","v":19.8},"geometry":{"type":"Point","coordinates":[94.8074,26.1875]}},{"type":"Feature","properties":{"s":"Nagaland","v":19.8},"geometry":{"type":"Point","coordinates":[94.3462,25.7242]}},{"type":"Feature","properties":{"s":"Nagaland","v":19.8},"geometry":{"type":"Point","coordinates":[94.4117,26.5563]}},{"type":"Feature","properties":{"s":"Nagaland","v":19.8},"geometry":{"type":"Point","coordinates":[94.9589,26.7557]}},{"type":"Feature","properties":{"s":"Nagaland","v":19.8},"geometry":{"type":"Point","coordinates":[93.6374,25.7596]}},{"type":"Feature","properties":{"s":"Nagaland","v":19.8},"geometry":{"type":"Point","coordinates":[94.9827,26.3338]}},{"type":"Feature","properties":{"s":"Nagaland","v":19.8},"geometry":{"type":"Point","coordinates":[94.387,26.4256]}},{"type":"Feature","properties":{"s":"Nagaland","v":19.8},"geometry":{"type":"Point","coordinates":[94.9906,26.6089]}},{"type":"Feature","properties":{"s":"Nagaland","v":19.8},"geometry":{"type":"Point","coordinates":[94.3226,25.9355]}},{"type":"Feature","properties":{"s":"Nagaland","v":19.8},"geometry":{"type":"Point","coordinates":[94.2251,25.508]}},{"type":"Feature","properties":{"s":"Nagaland","v":19.8},"geometry":{"type":"Point","coordinates":[94.4636,25.9916]}},{"type":"Feature","properties":{"s":"Nagaland","v":19.8},"geometry":{"type":"Point","coordinates":[95.0633,25.9472]}},{"type":"Feature","properties":{"s":"Nagaland","v":19.8},"geometry":{"type":"Point","coordinates":[94.6756,26.5463]}},{"type":"Feature","properties":{"s":"Nagaland","v":19.8},"geometry":{"type":"Point","coordinates":[94.1073,25.5866]}},{"type":"Feature","properties":{"s":"Nagaland","v":19.8},"geometry":{"type":"Point","coordinates":[94.4878,26.1006]}},{"type":"Feature","properties":{"s":"Nagaland","v":19.8},"geometry":{"type":"Point","coordinates":[94.2488,25.6439]}},{"type":"Feature","properties":{"s":"Nagaland","v":19.8},"geometry":{"type":"Point","coordinates":[94.1508,26.0966]}},{"type":"Feature","properties":{"s":"Nagaland","v":19.8},"geometry":{"type":"Point","coordinates":[93.6573,25.3994]}},{"type":"Feature","properties":{"s":"Nagaland","v":19.8},"geometry":{"type":"Point","coordinates":[95.1567,26.9578]}},{"type":"Feature","properties":{"s":"Nagaland","v":19.8},"geometry":{"type":"Point","coordinates":[94.6217,25.5626]}},{"type":"Feature","properties":{"s":"Nagaland","v":19.8},"geometry":{"type":"Point","coordinates":[94.6828,26.1281]}},{"type":"Feature","properties":{"s":"Nagaland","v":19.8},"geometry":{"type":"Point","coordinates":[93.9499,25.5588]}},{"type":"Feature","properties":{"s":"Nagaland","v":19.8},"geometry":{"type":"Point","coordinates":[94.2618,25.9925]}},{"type":"Feature","properties":{"s":"Nagaland","v":19.8},"geometry":{"type":"Point","coordinates":[94.7805,25.87]}},{"type":"Feature","properties":{"s":"Nagaland","v":19.8},"geometry":{"type":"Point","coordinates":[94.6421,26.5223]}},{"type":"Feature","properties":{"s":"Nagaland","v":19.8},"geometry":{"type":"Point","coordinates":[95.059,26.9311]}},{"type":"Feature","properties":{"s":"Nagaland","v":19.8},"geometry":{"type":"Point","coordinates":[94.5214,26.6364]}},{"type":"Feature","properties":{"s":"Nagaland","v":19.8},"geometry":{"type":"Point","coordinates":[94.2136,26.1412]}},{"type":"Feature","properties":{"s":"Nagaland","v":19.8},"geometry":{"type":"Point","coordinates":[94.492,26.2389]}},{"type":"Feature","properties":{"s":"Nagaland","v":19.8},"geometry":{"type":"Point","coordinates":[94.9677,26.4936]}},{"type":"Feature","properties":{"s":"Nagaland","v":19.8},"geometry":{"type":"Point","coordinates":[94.6666,25.5659]}},{"type":"Feature","properties":{"s":"Nagaland","v":19.8},"geometry":{"type":"Point","coordinates":[94.3059,26.3604]}},{"type":"Feature","properties":{"s":"Nagaland","v":19.8},"geometry":{"type":"Point","coordinates":[95.0323,26.4389]}},{"type":"Feature","properties":{"s":"Nagaland","v":19.8},"geometry":{"type":"Point","coordinates":[93.4941,25.3419]}},{"type":"Feature","properties":{"s":"Nagaland","v":19.8},"geometry":{"type":"Point","coordinates":[93.6541,25.6633]}},{"type":"Feature","properties":{"s":"Nagaland","v":19.8},"geometry":{"type":"Point","coordinates":[94.606,26.4821]}},{"type":"Feature","properties":{"s":"Nagaland","v":19.8},"geometry":{"type":"Point","coordinates":[94.8453,26.3862]}},{"type":"Feature","properties":{"s":"Nagaland","v":19.8},"geometry":{"type":"Point","coordinates":[94.9905,26.2761]}},{"type":"Feature","properties":{"s":"Nagaland","v":19.8},"geometry":{"type":"Point","coordinates":[93.7593,25.5278]}},{"type":"Feature","properties":{"s":"Nagaland","v":19.8},"geometry":{"type":"Point","coordinates":[94.3509,25.9958]}},{"type":"Feature","properties":{"s":"Nagaland","v":19.8},"geometry":{"type":"Point","coordinates":[94.5342,26.4488]}},{"type":"Feature","properties":{"s":"Nagaland","v":19.8},"geometry":{"type":"Point","coordinates":[94.3642,25.6418]}},{"type":"Feature","properties":{"s":"Nagaland","v":19.8},"geometry":{"type":"Point","coordinates":[94.8626,26.7058]}},{"type":"Feature","properties":{"s":"Nagaland","v":19.8},"geometry":{"type":"Point","coordinates":[94.6309,25.7692]}},{"type":"Feature","properties":{"s":"Nagaland","v":19.8},"geometry":{"type":"Point","coordinates":[94.61,26.2158]}},{"type":"Feature","properties":{"s":"Nagaland","v":19.8},"geometry":{"type":"Point","coordinates":[93.9045,25.7544]}},{"type":"Feature","properties":{"s":"Nagaland","v":19.8},"geometry":{"type":"Point","coordinates":[94.2631,25.9075]}},{"type":"Feature","properties":{"s":"Nagaland","v":19.8},"geometry":{"type":"Point","coordinates":[94.7897,26.099]}},{"type":"Feature","properties":{"s":"Nagaland","v":19.8},"geometry":{"type":"Point","coordinates":[94.3329,26.2455]}},{"type":"Feature","properties":{"s":"Nagaland","v":19.8},"geometry":{"type":"Point","coordinates":[93.8425,25.7714]}},{"type":"Feature","properties":{"s":"Nagaland","v":19.8},"geometry":{"type":"Point","coordinates":[93.3592,25.5157]}},{"type":"Feature","properties":{"s":"Nagaland","v":19.8},"geometry":{"type":"Point","coordinates":[94.6198,26.4354]}},{"type":"Feature","properties":{"s":"Nagaland","v":19.8},"geometry":{"type":"Point","coordinates":[94.1258,26.0712]}},{"type":"Feature","properties":{"s":"Nagaland","v":19.8},"geometry":{"type":"Point","coordinates":[94.9085,26.4898]}},{"type":"Feature","properties":{"s":"Nagaland","v":19.8},"geometry":{"type":"Point","coordinates":[94.0019,26.1085]}},{"type":"Feature","properties":{"s":"Nagaland","v":19.8},"geometry":{"type":"Point","coordinates":[94.9893,25.76]}},{"type":"Feature","properties":{"s":"Nagaland","v":19.8},"geometry":{"type":"Point","coordinates":[94.1123,25.6368]}},{"type":"Feature","properties":{"s":"Nagaland","v":19.8},"geometry":{"type":"Point","coordinates":[95.0925,26.1379]}},{"type":"Feature","properties":{"s":"Nagaland","v":19.8},"geometry":{"type":"Point","coordinates":[95.187,26.9689]}},{"type":"Feature","properties":{"s":"Nagaland","v":19.8},"geometry":{"type":"Point","coordinates":[93.8419,25.5856]}},{"type":"Feature","properties":{"s":"Nagaland","v":19.8},"geometry":{"type":"Point","coordinates":[95.2301,26.7298]}},{"type":"Feature","properties":{"s":"Nagaland","v":19.8},"geometry":{"type":"Point","coordinates":[93.7872,25.5977]}},{"type":"Feature","properties":{"s":"Nagaland","v":19.8},"geometry":{"type":"Point","coordinates":[95.0365,26.5838]}},{"type":"Feature","properties":{"s":"Nagaland","v":19.8},"geometry":{"type":"Point","coordinates":[94.4516,26.6438]}},{"type":"Feature","properties":{"s":"Nagaland","v":19.8},"geometry":{"type":"Point","coordinates":[94.3899,26.4442]}},{"type":"Feature","properties":{"s":"Nagaland","v":19.8},"geometry":{"type":"Point","coordinates":[93.9011,25.8563]}},{"type":"Feature","properties":{"s":"Nagaland","v":19.8},"geometry":{"type":"Point","coordinates":[93.5296,25.2633]}},{"type":"Feature","properties":{"s":"Nagaland","v":19.8},"geometry":{"type":"Point","coordinates":[94.4805,26.3958]}},{"type":"Feature","properties":{"s":"Nagaland","v":19.8},"geometry":{"type":"Point","coordinates":[95.0104,25.9177]}},{"type":"Feature","properties":{"s":"Nagaland","v":19.8},"geometry":{"type":"Point","coordinates":[94.0393,25.9998]}},{"type":"Feature","properties":{"s":"Nagaland","v":19.8},"geometry":{"type":"Point","coordinates":[95.0806,26.2465]}},{"type":"Feature","properties":{"s":"Nagaland","v":19.8},"geometry":{"type":"Point","coordinates":[95.0604,26.2872]}},{"type":"Feature","properties":{"s":"Nagaland","v":19.8},"geometry":{"type":"Point","coordinates":[93.7278,25.866]}},{"type":"Feature","properties":{"s":"Nagaland","v":19.8},"geometry":{"type":"Point","coordinates":[94.7385,26.6412]}},{"type":"Feature","properties":{"s":"Nagaland","v":19.8},"geometry":{"type":"Point","coordinates":[94.5269,26.191]}},{"type":"Feature","properties":{"s":"Nagaland","v":19.8},"geometry":{"type":"Point","coordinates":[95.1276,26.9342]}},{"type":"Feature","properties":{"s":"Nagaland","v":19.8},"geometry":{"type":"Point","coordinates":[94.4765,26.4126]}},{"type":"Feature","properties":{"s":"Nagaland","v":19.8},"geometry":{"type":"Point","coordinates":[94.0514,26.1439]}},{"type":"Feature","properties":{"s":"Nagaland","v":19.8},"geometry":{"type":"Point","coordinates":[93.4546,25.5915]}},{"type":"Feature","properties":{"s":"Nagaland","v":19.8},"geometry":{"type":"Point","coordinates":[94.2222,26.4263]}},{"type":"Feature","properties":{"s":"Nagaland","v":19.8},"geometry":{"type":"Point","coordinates":[94.2592,26.3819]}},{"type":"Feature","properties":{"s":"Nagaland","v":19.8},"geometry":{"type":"Point","coordinates":[93.6623,25.6358]}},{"type":"Feature","properties":{"s":"Nagaland","v":19.8},"geometry":{"type":"Point","coordinates":[94.1767,25.6481]}},{"type":"Feature","properties":{"s":"Nagaland","v":19.8},"geometry":{"type":"Point","coordinates":[94.1542,25.9715]}},{"type":"Feature","properties":{"s":"Nagaland","v":19.8},"geometry":{"type":"Point","coordinates":[94.2475,26.5214]}},{"type":"Feature","properties":{"s":"Nagaland","v":19.8},"geometry":{"type":"Point","coordinates":[94.3686,26.1772]}},{"type":"Feature","properties":{"s":"Nagaland","v":19.8},"geometry":{"type":"Point","coordinates":[93.9606,25.8378]}},{"type":"Feature","properties":{"s":"Nagaland","v":19.8},"geometry":{"type":"Point","coordinates":[94.5087,26.6131]}},{"type":"Feature","properties":{"s":"Nagaland","v":19.8},"geometry":{"type":"Point","coordinates":[94.7163,26.1962]}},{"type":"Feature","properties":{"s":"Nagaland","v":19.8},"geometry":{"type":"Point","coordinates":[94.8836,26.7215]}},{"type":"Feature","properties":{"s":"Nagaland","v":19.8},"geometry":{"type":"Point","coordinates":[94.7905,25.5984]}},{"type":"Feature","properties":{"s":"Nagaland","v":19.8},"geometry":{"type":"Point","coordinates":[94.8537,26.4198]}},{"type":"Feature","properties":{"s":"Nagaland","v":19.8},"geometry":{"type":"Point","coordinates":[94.77,25.5104]}},{"type":"Feature","properties":{"s":"Nagaland","v":19.8},"geometry":{"type":"Point","coordinates":[94.7297,26.7126]}},{"type":"Feature","properties":{"s":"Nagaland","v":19.8},"geometry":{"type":"Point","coordinates":[93.6701,25.3749]}},{"type":"Feature","properties":{"s":"Nagaland","v":19.8},"geometry":{"type":"Point","coordinates":[93.9526,25.7747]}},{"type":"Feature","properties":{"s":"Nagaland","v":19.8},"geometry":{"type":"Point","coordinates":[94.3382,25.519]}},{"type":"Feature","properties":{"s":"Nagaland","v":19.8},"geometry":{"type":"Point","coordinates":[94.0683,25.6643]}},{"type":"Feature","properties":{"s":"Nagaland","v":19.8},"geometry":{"type":"Point","coordinates":[95.1226,26.6555]}},{"type":"Feature","properties":{"s":"Nagaland","v":19.8},"geometry":{"type":"Point","coordinates":[95.0727,26.847]}},{"type":"Feature","properties":{"s":"Nagaland","v":19.8},"geometry":{"type":"Point","coordinates":[94.6743,25.4717]}},{"type":"Feature","properties":{"s":"Nagaland","v":19.8},"geometry":{"type":"Point","coordinates":[94.7116,26.3548]}},{"type":"Feature","properties":{"s":"Nagaland","v":19.8},"geometry":{"type":"Point","coordinates":[94.498,25.7212]}},{"type":"Feature","properties":{"s":"Nagaland","v":19.8},"geometry":{"type":"Point","coordinates":[95.0897,26.3333]}},{"type":"Feature","properties":{"s":"Nagaland","v":19.8},"geometry":{"type":"Point","coordinates":[94.7972,25.9387]}},{"type":"Feature","properties":{"s":"Nagaland","v":19.8},"geometry":{"type":"Point","coordinates":[93.611,25.7551]}},{"type":"Feature","properties":{"s":"Nagaland","v":19.8},"geometry":{"type":"Point","coordinates":[94.4866,26.2593]}},{"type":"Feature","properties":{"s":"Nagaland","v":19.8},"geometry":{"type":"Point","coordinates":[94.9666,26.4494]}},{"type":"Feature","properties":{"s":"Nagaland","v":19.8},"geometry":{"type":"Point","coordinates":[94.2128,26.1664]}},{"type":"Feature","properties":{"s":"Nagaland","v":19.8},"geometry":{"type":"Point","coordinates":[94.469,25.9643]}},{"type":"Feature","properties":{"s":"Nagaland","v":19.8},"geometry":{"type":"Point","coordinates":[94.1167,25.8747]}},{"type":"Feature","properties":{"s":"Punjab","v":3.1},"geometry":{"type":"Point","coordinates":[75.4508,29.9617]}},{"type":"Feature","properties":{"s":"Punjab","v":3.1},"geometry":{"type":"Point","coordinates":[75.2817,31.15]}},{"type":"Feature","properties":{"s":"Punjab","v":3.1},"geometry":{"type":"Point","coordinates":[74.8001,31.5834]}},{"type":"Feature","properties":{"s":"Punjab","v":3.1},"geometry":{"type":"Point","coordinates":[75.326,29.7606]}},{"type":"Feature","properties":{"s":"Punjab","v":3.1},"geometry":{"type":"Point","coordinates":[74.7525,31.5737]}},{"type":"Feature","properties":{"s":"Punjab","v":3.1},"geometry":{"type":"Point","coordinates":[74.8661,31.9542]}},{"type":"Feature","properties":{"s":"Punjab","v":3.1},"geometry":{"type":"Point","coordinates":[75.9857,30.94]}},{"type":"Feature","properties":{"s":"Punjab","v":3.1},"geometry":{"type":"Point","coordinates":[75.1773,30.7026]}},{"type":"Feature","properties":{"s":"Punjab","v":3.1},"geometry":{"type":"Point","coordinates":[75.4433,32.2922]}},{"type":"Feature","properties":{"s":"Punjab","v":3.1},"geometry":{"type":"Point","coordinates":[76.6628,30.6415]}},{"type":"Feature","properties":{"s":"Punjab","v":3.1},"geometry":{"type":"Point","coordinates":[76.571,31.0919]}},{"type":"Feature","properties":{"s":"Punjab","v":3.1},"geometry":{"type":"Point","coordinates":[74.6412,31.4443]}},{"type":"Feature","properties":{"s":"Punjab","v":3.1},"geometry":{"type":"Point","coordinates":[75.6283,31.3798]}},{"type":"Feature","properties":{"s":"Punjab","v":3.1},"geometry":{"type":"Point","coordinates":[74.3155,30.2467]}},{"type":"Feature","properties":{"s":"Punjab","v":3.1},"geometry":{"type":"Point","coordinates":[75.2038,31.3306]}},{"type":"Feature","properties":{"s":"Punjab","v":3.1},"geometry":{"type":"Point","coordinates":[75.457,31.788]}},{"type":"Feature","properties":{"s":"Punjab","v":3.1},"geometry":{"type":"Point","coordinates":[76.3619,31.1611]}},{"type":"Feature","properties":{"s":"Punjab","v":3.1},"geometry":{"type":"Point","coordinates":[74.6152,30.2437]}},{"type":"Feature","properties":{"s":"Punjab","v":3.1},"geometry":{"type":"Point","coordinates":[75.6696,29.9425]}},{"type":"Feature","properties":{"s":"Punjab","v":3.1},"geometry":{"type":"Point","coordinates":[75.2618,31.1595]}},{"type":"Feature","properties":{"s":"Punjab","v":3.1},"geometry":{"type":"Point","coordinates":[76.1798,29.8921]}},{"type":"Feature","properties":{"s":"Punjab","v":3.1},"geometry":{"type":"Point","coordinates":[75.5376,30.9307]}},{"type":"Feature","properties":{"s":"Punjab","v":3.1},"geometry":{"type":"Point","coordinates":[75.3756,31.0553]}},{"type":"Feature","properties":{"s":"Punjab","v":3.1},"geometry":{"type":"Point","coordinates":[75.6207,30.2114]}},{"type":"Feature","properties":{"s":"Punjab","v":3.1},"geometry":{"type":"Point","coordinates":[76.384,30.3861]}},{"type":"Feature","properties":{"s":"Punjab","v":3.1},"geometry":{"type":"Point","coordinates":[75.3368,31.5242]}},{"type":"Feature","properties":{"s":"Punjab","v":3.1},"geometry":{"type":"Point","coordinates":[76.2083,30.0189]}},{"type":"Feature","properties":{"s":"Punjab","v":3.1},"geometry":{"type":"Point","coordinates":[75.7252,30.2624]}},{"type":"Feature","properties":{"s":"Punjab","v":3.1},"geometry":{"type":"Point","coordinates":[74.1535,30.1258]}},{"type":"Feature","properties":{"s":"Punjab","v":3.1},"geometry":{"type":"Point","coordinates":[76.4104,30.9078]}},{"type":"Feature","properties":{"s":"Punjab","v":3.1},"geometry":{"type":"Point","coordinates":[75.0576,30.2734]}},{"type":"Feature","properties":{"s":"Punjab","v":3.1},"geometry":{"type":"Point","coordinates":[76.1087,31.4722]}},{"type":"Feature","properties":{"s":"Punjab","v":3.1},"geometry":{"type":"Point","coordinates":[75.5895,29.8365]}},{"type":"Feature","properties":{"s":"Punjab","v":3.1},"geometry":{"type":"Point","coordinates":[75.8823,31.0907]}},{"type":"Feature","properties":{"s":"Punjab","v":3.1},"geometry":{"type":"Point","coordinates":[75.2222,31.443]}},{"type":"Feature","properties":{"s":"Punjab","v":3.1},"geometry":{"type":"Point","coordinates":[75.2327,32.0258]}},{"type":"Feature","properties":{"s":"Punjab","v":3.1},"geometry":{"type":"Point","coordinates":[75.8183,31.1455]}},{"type":"Feature","properties":{"s":"Punjab","v":3.1},"geometry":{"type":"Point","coordinates":[75.7082,31.4574]}},{"type":"Feature","properties":{"s":"Punjab","v":3.1},"geometry":{"type":"Point","coordinates":[75.4219,29.9616]}},{"type":"Feature","properties":{"s":"Punjab","v":3.1},"geometry":{"type":"Point","coordinates":[75.2209,31.8006]}},{"type":"Feature","properties":{"s":"Punjab","v":3.1},"geometry":{"type":"Point","coordinates":[75.073,30.3758]}},{"type":"Feature","properties":{"s":"Punjab","v":3.1},"geometry":{"type":"Point","coordinates":[75.0548,30.4169]}},{"type":"Feature","properties":{"s":"Punjab","v":3.1},"geometry":{"type":"Point","coordinates":[74.9602,30.7706]}},{"type":"Feature","properties":{"s":"Punjab","v":3.1},"geometry":{"type":"Point","coordinates":[75.819,30.4299]}},{"type":"Feature","properties":{"s":"Punjab","v":3.1},"geometry":{"type":"Point","coordinates":[76.383,30.9015]}},{"type":"Feature","properties":{"s":"Punjab","v":3.1},"geometry":{"type":"Point","coordinates":[74.7501,30.1985]}},{"type":"Feature","properties":{"s":"Punjab","v":3.1},"geometry":{"type":"Point","coordinates":[74.7007,30.0834]}},{"type":"Feature","properties":{"s":"Punjab","v":3.1},"geometry":{"type":"Point","coordinates":[75.5159,29.8833]}},{"type":"Feature","properties":{"s":"Punjab","v":3.1},"geometry":{"type":"Point","coordinates":[75.7355,30.1282]}},{"type":"Feature","properties":{"s":"Punjab","v":3.1},"geometry":{"type":"Point","coordinates":[74.6485,29.9471]}},{"type":"Feature","properties":{"s":"Punjab","v":3.1},"geometry":{"type":"Point","coordinates":[75.0561,30.7888]}},{"type":"Feature","properties":{"s":"Punjab","v":3.1},"geometry":{"type":"Point","coordinates":[75.3568,30.4083]}},{"type":"Feature","properties":{"s":"Punjab","v":3.1},"geometry":{"type":"Point","coordinates":[75.9508,30.8023]}},{"type":"Feature","properties":{"s":"Punjab","v":3.1},"geometry":{"type":"Point","coordinates":[74.9616,31.7268]}},{"type":"Feature","properties":{"s":"Punjab","v":3.1},"geometry":{"type":"Point","coordinates":[74.8514,31.9285]}},{"type":"Feature","properties":{"s":"Punjab","v":3.1},"geometry":{"type":"Point","coordinates":[75.4104,31.509]}},{"type":"Feature","properties":{"s":"Rajasthan","v":1.4},"geometry":{"type":"Point","coordinates":[71.9445,27.6992]}},{"type":"Feature","properties":{"s":"Rajasthan","v":1.4},"geometry":{"type":"Point","coordinates":[75.3839,24.7533]}},{"type":"Feature","properties":{"s":"Rajasthan","v":1.4},"geometry":{"type":"Point","coordinates":[71.7713,26.4392]}},{"type":"Feature","properties":{"s":"Rajasthan","v":1.4},"geometry":{"type":"Point","coordinates":[74.4055,24.2554]}},{"type":"Feature","properties":{"s":"Rajasthan","v":1.4},"geometry":{"type":"Point","coordinates":[71.7859,25.7857]}},{"type":"Feature","properties":{"s":"Rajasthan","v":1.4},"geometry":{"type":"Point","coordinates":[72.8858,26.1731]}},{"type":"Feature","properties":{"s":"Rajasthan","v":1.4},"geometry":{"type":"Point","coordinates":[73.0886,28.0738]}},{"type":"Feature","properties":{"s":"Rajasthan","v":1.4},"geometry":{"type":"Point","coordinates":[74.9862,26.1821]}},{"type":"Feature","properties":{"s":"Rajasthan","v":1.4},"geometry":{"type":"Point","coordinates":[72.4757,28.763]}},{"type":"Feature","properties":{"s":"Rajasthan","v":1.4},"geometry":{"type":"Point","coordinates":[75.9106,24.6722]}},{"type":"Feature","properties":{"s":"Rajasthan","v":1.4},"geometry":{"type":"Point","coordinates":[71.8968,26.5978]}},{"type":"Feature","properties":{"s":"Rajasthan","v":1.4},"geometry":{"type":"Point","coordinates":[76.5294,26.6273]}},{"type":"Feature","properties":{"s":"Rajasthan","v":1.4},"geometry":{"type":"Point","coordinates":[75.6576,24.7174]}},{"type":"Feature","properties":{"s":"Rajasthan","v":1.4},"geometry":{"type":"Point","coordinates":[74.9842,29.1684]}},{"type":"Feature","properties":{"s":"Rajasthan","v":1.4},"geometry":{"type":"Point","coordinates":[73.5618,24.5413]}},{"type":"Feature","properties":{"s":"Rajasthan","v":1.4},"geometry":{"type":"Point","coordinates":[76.31,27.8803]}},{"type":"Feature","properties":{"s":"Rajasthan","v":1.4},"geometry":{"type":"Point","coordinates":[70.4222,25.8886]}},{"type":"Feature","properties":{"s":"Rajasthan","v":1.4},"geometry":{"type":"Point","coordinates":[74.7786,27.63]}},{"type":"Feature","properties":{"s":"Rajasthan","v":1.4},"geometry":{"type":"Point","coordinates":[73.4029,25.8944]}},{"type":"Feature","properties":{"s":"Rajasthan","v":1.4},"geometry":{"type":"Point","coordinates":[72.3001,28.5969]}},{"type":"Feature","properties":{"s":"Rajasthan","v":1.4},"geometry":{"type":"Point","coordinates":[74.2098,29.9441]}},{"type":"Feature","properties":{"s":"Rajasthan","v":1.4},"geometry":{"type":"Point","coordinates":[77.0738,26.966]}},{"type":"Feature","properties":{"s":"Rajasthan","v":1.4},"geometry":{"type":"Point","coordinates":[70.9942,26.4809]}},{"type":"Feature","properties":{"s":"Rajasthan","v":1.4},"geometry":{"type":"Point","coordinates":[73.3275,24.2133]}},{"type":"Feature","properties":{"s":"Rajasthan","v":1.4},"geometry":{"type":"Point","coordinates":[72.1127,26.1157]}},{"type":"Feature","properties":{"s":"Sikkim","v":6.2},"geometry":{"type":"Point","coordinates":[88.5665,27.4081]}},{"type":"Feature","properties":{"s":"Sikkim","v":6.2},"geometry":{"type":"Point","coordinates":[88.7933,27.2834]}},{"type":"Feature","properties":{"s":"Sikkim","v":6.2},"geometry":{"type":"Point","coordinates":[88.5233,27.3233]}},{"type":"Feature","properties":{"s":"Sikkim","v":6.2},"geometry":{"type":"Point","coordinates":[88.5278,27.8047]}},{"type":"Feature","properties":{"s":"Sikkim","v":6.2},"geometry":{"type":"Point","coordinates":[88.3702,27.7358]}},{"type":"Feature","properties":{"s":"Sikkim","v":6.2},"geometry":{"type":"Point","coordinates":[88.6821,27.1991]}},{"type":"Feature","properties":{"s":"Sikkim","v":6.2},"geometry":{"type":"Point","coordinates":[88.0554,27.5075]}},{"type":"Feature","properties":{"s":"Sikkim","v":6.2},"geometry":{"type":"Point","coordinates":[88.3865,27.977]}},{"type":"Feature","properties":{"s":"Sikkim","v":6.2},"geometry":{"type":"Point","coordinates":[88.1971,27.6543]}},{"type":"Feature","properties":{"s":"Sikkim","v":6.2},"geometry":{"type":"Point","coordinates":[88.1218,27.5425]}},{"type":"Feature","properties":{"s":"Sikkim","v":6.2},"geometry":{"type":"Point","coordinates":[88.2263,27.5226]}},{"type":"Feature","properties":{"s":"Sikkim","v":6.2},"geometry":{"type":"Point","coordinates":[88.2685,27.351]}},{"type":"Feature","properties":{"s":"Sikkim","v":6.2},"geometry":{"type":"Point","coordinates":[88.267,27.3634]}},{"type":"Feature","properties":{"s":"Sikkim","v":6.2},"geometry":{"type":"Point","coordinates":[88.5797,27.9292]}},{"type":"Feature","properties":{"s":"Sikkim","v":6.2},"geometry":{"type":"Point","coordinates":[88.5423,27.8976]}},{"type":"Feature","properties":{"s":"Sikkim","v":6.2},"geometry":{"type":"Point","coordinates":[88.3152,27.9121]}},{"type":"Feature","properties":{"s":"Sikkim","v":6.2},"geometry":{"type":"Point","coordinates":[88.5497,27.575]}},{"type":"Feature","properties":{"s":"Sikkim","v":6.2},"geometry":{"type":"Point","coordinates":[88.6463,27.3445]}},{"type":"Feature","properties":{"s":"Sikkim","v":6.2},"geometry":{"type":"Point","coordinates":[88.2437,27.7891]}},{"type":"Feature","properties":{"s":"Sikkim","v":6.2},"geometry":{"type":"Point","coordinates":[88.2451,27.9593]}},{"type":"Feature","properties":{"s":"Sikkim","v":6.2},"geometry":{"type":"Point","coordinates":[88.2237,27.6782]}},{"type":"Feature","properties":{"s":"Sikkim","v":6.2},"geometry":{"type":"Point","coordinates":[88.5628,27.6197]}},{"type":"Feature","properties":{"s":"Sikkim","v":6.2},"geometry":{"type":"Point","coordinates":[88.2881,27.4363]}},{"type":"Feature","properties":{"s":"Sikkim","v":6.2},"geometry":{"type":"Point","coordinates":[88.2117,27.8703]}},{"type":"Feature","properties":{"s":"Sikkim","v":6.2},"geometry":{"type":"Point","coordinates":[88.6487,27.4736]}},{"type":"Feature","properties":{"s":"Sikkim","v":6.2},"geometry":{"type":"Point","coordinates":[88.1831,27.801]}},{"type":"Feature","properties":{"s":"Sikkim","v":6.2},"geometry":{"type":"Point","coordinates":[88.2527,27.4676]}},{"type":"Feature","properties":{"s":"Sikkim","v":6.2},"geometry":{"type":"Point","coordinates":[88.5436,27.1644]}},{"type":"Feature","properties":{"s":"Sikkim","v":6.2},"geometry":{"type":"Point","coordinates":[88.5069,27.7269]}},{"type":"Feature","properties":{"s":"Sikkim","v":6.2},"geometry":{"type":"Point","coordinates":[88.5413,27.2414]}},{"type":"Feature","properties":{"s":"Sikkim","v":6.2},"geometry":{"type":"Point","coordinates":[88.4018,27.9183]}},{"type":"Feature","properties":{"s":"Sikkim","v":6.2},"geometry":{"type":"Point","coordinates":[88.6499,27.6245]}},{"type":"Feature","properties":{"s":"Sikkim","v":6.2},"geometry":{"type":"Point","coordinates":[88.2958,27.7101]}},{"type":"Feature","properties":{"s":"Sikkim","v":6.2},"geometry":{"type":"Point","coordinates":[88.4955,27.8489]}},{"type":"Feature","properties":{"s":"Sikkim","v":6.2},"geometry":{"type":"Point","coordinates":[88.624,27.6372]}},{"type":"Feature","properties":{"s":"Sikkim","v":6.2},"geometry":{"type":"Point","coordinates":[88.3452,27.8241]}},{"type":"Feature","properties":{"s":"Sikkim","v":6.2},"geometry":{"type":"Point","coordinates":[88.4184,27.9498]}},{"type":"Feature","properties":{"s":"Sikkim","v":6.2},"geometry":{"type":"Point","coordinates":[88.5525,27.2865]}},{"type":"Feature","properties":{"s":"Sikkim","v":6.2},"geometry":{"type":"Point","coordinates":[88.6113,27.7954]}},{"type":"Feature","properties":{"s":"Sikkim","v":6.2},"geometry":{"type":"Point","coordinates":[88.6133,27.5773]}},{"type":"Feature","properties":{"s":"Sikkim","v":6.2},"geometry":{"type":"Point","coordinates":[88.5097,27.9026]}},{"type":"Feature","properties":{"s":"Sikkim","v":6.2},"geometry":{"type":"Point","coordinates":[88.1134,27.189]}},{"type":"Feature","properties":{"s":"Sikkim","v":6.2},"geometry":{"type":"Point","coordinates":[88.5365,27.6959]}},{"type":"Feature","properties":{"s":"Sikkim","v":6.2},"geometry":{"type":"Point","coordinates":[88.4675,27.2024]}},{"type":"Feature","properties":{"s":"Sikkim","v":6.2},"geometry":{"type":"Point","coordinates":[88.6052,27.7792]}},{"type":"Feature","properties":{"s":"Sikkim","v":6.2},"geometry":{"type":"Point","coordinates":[88.6776,27.2423]}},{"type":"Feature","properties":{"s":"Sikkim","v":6.2},"geometry":{"type":"Point","coordinates":[88.7761,27.8509]}},{"type":"Feature","properties":{"s":"Sikkim","v":6.2},"geometry":{"type":"Point","coordinates":[88.5886,27.8173]}},{"type":"Feature","properties":{"s":"Sikkim","v":6.2},"geometry":{"type":"Point","coordinates":[88.3545,27.4994]}},{"type":"Feature","properties":{"s":"Sikkim","v":6.2},"geometry":{"type":"Point","coordinates":[88.6689,28.0358]}},{"type":"Feature","properties":{"s":"Sikkim","v":6.2},"geometry":{"type":"Point","coordinates":[88.3532,27.956]}},{"type":"Feature","properties":{"s":"Sikkim","v":6.2},"geometry":{"type":"Point","coordinates":[88.3391,27.1417]}},{"type":"Feature","properties":{"s":"Sikkim","v":6.2},"geometry":{"type":"Point","coordinates":[88.7305,27.8234]}},{"type":"Feature","properties":{"s":"Sikkim","v":6.2},"geometry":{"type":"Point","coordinates":[88.3621,27.5634]}},{"type":"Feature","properties":{"s":"Sikkim","v":6.2},"geometry":{"type":"Point","coordinates":[88.5188,27.3552]}},{"type":"Feature","properties":{"s":"Sikkim","v":6.2},"geometry":{"type":"Point","coordinates":[88.5931,27.6398]}},{"type":"Feature","properties":{"s":"Sikkim","v":6.2},"geometry":{"type":"Point","coordinates":[88.865,27.9207]}},{"type":"Feature","properties":{"s":"Sikkim","v":6.2},"geometry":{"type":"Point","coordinates":[88.5486,27.5014]}},{"type":"Feature","properties":{"s":"Sikkim","v":6.2},"geometry":{"type":"Point","coordinates":[88.411,27.1033]}},{"type":"Feature","properties":{"s":"Sikkim","v":6.2},"geometry":{"type":"Point","coordinates":[88.4839,27.2506]}},{"type":"Feature","properties":{"s":"Sikkim","v":6.2},"geometry":{"type":"Point","coordinates":[88.5629,27.4096]}},{"type":"Feature","properties":{"s":"Sikkim","v":6.2},"geometry":{"type":"Point","coordinates":[88.2088,27.3694]}},{"type":"Feature","properties":{"s":"Sikkim","v":6.2},"geometry":{"type":"Point","coordinates":[88.3701,27.2795]}},{"type":"Feature","properties":{"s":"Sikkim","v":6.2},"geometry":{"type":"Point","coordinates":[88.6899,27.2805]}},{"type":"Feature","properties":{"s":"Sikkim","v":6.2},"geometry":{"type":"Point","coordinates":[88.6547,27.6505]}},{"type":"Feature","properties":{"s":"Sikkim","v":6.2},"geometry":{"type":"Point","coordinates":[88.7165,27.2864]}},{"type":"Feature","properties":{"s":"Sikkim","v":6.2},"geometry":{"type":"Point","coordinates":[88.6079,27.5395]}},{"type":"Feature","properties":{"s":"Sikkim","v":6.2},"geometry":{"type":"Point","coordinates":[88.434,27.8333]}},{"type":"Feature","properties":{"s":"Sikkim","v":6.2},"geometry":{"type":"Point","coordinates":[88.4123,27.9519]}},{"type":"Feature","properties":{"s":"Sikkim","v":6.2},"geometry":{"type":"Point","coordinates":[88.6725,28.0169]}},{"type":"Feature","properties":{"s":"Sikkim","v":6.2},"geometry":{"type":"Point","coordinates":[88.4535,27.2197]}},{"type":"Feature","properties":{"s":"Sikkim","v":6.2},"geometry":{"type":"Point","coordinates":[88.4913,27.5333]}},{"type":"Feature","properties":{"s":"Sikkim","v":6.2},"geometry":{"type":"Point","coordinates":[88.3548,27.5754]}},{"type":"Feature","properties":{"s":"Sikkim","v":6.2},"geometry":{"type":"Point","coordinates":[88.5346,27.2062]}},{"type":"Feature","properties":{"s":"Sikkim","v":6.2},"geometry":{"type":"Point","coordinates":[88.305,27.3504]}},{"type":"Feature","properties":{"s":"Sikkim","v":6.2},"geometry":{"type":"Point","coordinates":[88.4215,27.958]}},{"type":"Feature","properties":{"s":"Sikkim","v":6.2},"geometry":{"type":"Point","coordinates":[88.6287,27.7841]}},{"type":"Feature","properties":{"s":"Sikkim","v":6.2},"geometry":{"type":"Point","coordinates":[88.3325,27.3483]}},{"type":"Feature","properties":{"s":"Sikkim","v":6.2},"geometry":{"type":"Point","coordinates":[88.6546,28.0356]}},{"type":"Feature","properties":{"s":"Sikkim","v":6.2},"geometry":{"type":"Point","coordinates":[88.1146,27.5404]}},{"type":"Feature","properties":{"s":"Sikkim","v":6.2},"geometry":{"type":"Point","coordinates":[88.3656,27.8085]}},{"type":"Feature","properties":{"s":"Sikkim","v":6.2},"geometry":{"type":"Point","coordinates":[88.7729,27.3796]}},{"type":"Feature","properties":{"s":"Sikkim","v":6.2},"geometry":{"type":"Point","coordinates":[88.2374,27.2044]}},{"type":"Feature","properties":{"s":"Sikkim","v":6.2},"geometry":{"type":"Point","coordinates":[88.1827,27.5498]}},{"type":"Feature","properties":{"s":"Sikkim","v":6.2},"geometry":{"type":"Point","coordinates":[88.5086,27.4431]}},{"type":"Feature","properties":{"s":"Sikkim","v":6.2},"geometry":{"type":"Point","coordinates":[88.8614,27.2775]}},{"type":"Feature","properties":{"s":"Sikkim","v":6.2},"geometry":{"type":"Point","coordinates":[88.3911,27.1701]}},{"type":"Feature","properties":{"s":"Sikkim","v":6.2},"geometry":{"type":"Point","coordinates":[88.4154,27.2792]}},{"type":"Feature","properties":{"s":"Sikkim","v":6.2},"geometry":{"type":"Point","coordinates":[88.5489,27.8635]}},{"type":"Feature","properties":{"s":"Sikkim","v":6.2},"geometry":{"type":"Point","coordinates":[88.5289,27.9902]}},{"type":"Feature","properties":{"s":"Sikkim","v":6.2},"geometry":{"type":"Point","coordinates":[88.1656,27.3521]}},{"type":"Feature","properties":{"s":"Sikkim","v":6.2},"geometry":{"type":"Point","coordinates":[88.2014,27.2308]}},{"type":"Feature","properties":{"s":"Sikkim","v":6.2},"geometry":{"type":"Point","coordinates":[88.5201,27.6705]}},{"type":"Feature","properties":{"s":"Sikkim","v":6.2},"geometry":{"type":"Point","coordinates":[88.0868,27.2926]}},{"type":"Feature","properties":{"s":"Sikkim","v":6.2},"geometry":{"type":"Point","coordinates":[88.3774,27.1389]}},{"type":"Feature","properties":{"s":"Sikkim","v":6.2},"geometry":{"type":"Point","coordinates":[88.2305,27.9614]}},{"type":"Feature","properties":{"s":"Sikkim","v":6.2},"geometry":{"type":"Point","coordinates":[88.1519,27.142]}},{"type":"Feature","properties":{"s":"Sikkim","v":6.2},"geometry":{"type":"Point","coordinates":[88.428,27.4637]}},{"type":"Feature","properties":{"s":"Sikkim","v":6.2},"geometry":{"type":"Point","coordinates":[88.2271,27.5469]}},{"type":"Feature","properties":{"s":"Sikkim","v":6.2},"geometry":{"type":"Point","coordinates":[88.2143,27.4184]}},{"type":"Feature","properties":{"s":"Sikkim","v":6.2},"geometry":{"type":"Point","coordinates":[88.5756,28.0215]}},{"type":"Feature","properties":{"s":"Sikkim","v":6.2},"geometry":{"type":"Point","coordinates":[88.4096,27.7925]}},{"type":"Feature","properties":{"s":"Sikkim","v":6.2},"geometry":{"type":"Point","coordinates":[88.2443,27.9459]}},{"type":"Feature","properties":{"s":"Sikkim","v":6.2},"geometry":{"type":"Point","coordinates":[88.7039,27.7653]}},{"type":"Feature","properties":{"s":"Sikkim","v":6.2},"geometry":{"type":"Point","coordinates":[88.7523,27.4468]}},{"type":"Feature","properties":{"s":"Sikkim","v":6.2},"geometry":{"type":"Point","coordinates":[88.7699,27.2079]}},{"type":"Feature","properties":{"s":"Sikkim","v":6.2},"geometry":{"type":"Point","coordinates":[88.7236,27.4049]}},{"type":"Feature","properties":{"s":"Sikkim","v":6.2},"geometry":{"type":"Point","coordinates":[88.2017,27.1322]}},{"type":"Feature","properties":{"s":"Sikkim","v":6.2},"geometry":{"type":"Point","coordinates":[88.7401,27.4978]}},{"type":"Feature","properties":{"s":"Sikkim","v":6.2},"geometry":{"type":"Point","coordinates":[88.8158,27.6941]}},{"type":"Feature","properties":{"s":"Sikkim","v":6.2},"geometry":{"type":"Point","coordinates":[88.7396,28.0377]}},{"type":"Feature","properties":{"s":"Sikkim","v":6.2},"geometry":{"type":"Point","coordinates":[88.4584,27.1072]}},{"type":"Feature","properties":{"s":"Tripura","v":0.4},"geometry":{"type":"Point","coordinates":[91.3168,23.4806]}},{"type":"Feature","properties":{"s":"Tripura","v":0.4},"geometry":{"type":"Point","coordinates":[91.54,23.781]}},{"type":"Feature","properties":{"s":"Tripura","v":0.4},"geometry":{"type":"Point","coordinates":[91.4461,23.6628]}},{"type":"Feature","properties":{"s":"Tripura","v":0.4},"geometry":{"type":"Point","coordinates":[92.2403,24.1697]}},{"type":"Feature","properties":{"s":"Tripura","v":0.4},"geometry":{"type":"Point","coordinates":[91.9902,23.9427]}},{"type":"Feature","properties":{"s":"Tripura","v":0.4},"geometry":{"type":"Point","coordinates":[91.9928,24.1401]}},{"type":"Feature","properties":{"s":"Tripura","v":0.4},"geometry":{"type":"Point","coordinates":[91.4937,23.8971]}},{"type":"Feature","properties":{"s":"Uttarakhand","v":1.5},"geometry":{"type":"Point","coordinates":[80.0817,29.0965]}},{"type":"Feature","properties":{"s":"Uttarakhand","v":1.5},"geometry":{"type":"Point","coordinates":[78.4284,29.7997]}},{"type":"Feature","properties":{"s":"Uttarakhand","v":1.5},"geometry":{"type":"Point","coordinates":[79.9056,30.1395]}},{"type":"Feature","properties":{"s":"Uttarakhand","v":1.5},"geometry":{"type":"Point","coordinates":[79.4486,29.7791]}},{"type":"Feature","properties":{"s":"Uttarakhand","v":1.5},"geometry":{"type":"Point","coordinates":[80.1322,29.7214]}},{"type":"Feature","properties":{"s":"Uttarakhand","v":1.5},"geometry":{"type":"Point","coordinates":[78.3362,30.9396]}},{"type":"Feature","properties":{"s":"Uttarakhand","v":1.5},"geometry":{"type":"Point","coordinates":[79.9147,29.0372]}},{"type":"Feature","properties":{"s":"Uttarakhand","v":1.5},"geometry":{"type":"Point","coordinates":[79.2763,30.2368]}},{"type":"Feature","properties":{"s":"Uttarakhand","v":1.5},"geometry":{"type":"Point","coordinates":[79.0626,30.1224]}},{"type":"Feature","properties":{"s":"Uttarakhand","v":1.5},"geometry":{"type":"Point","coordinates":[79.2869,31.0958]}},{"type":"Feature","properties":{"s":"Uttarakhand","v":1.5},"geometry":{"type":"Point","coordinates":[79.5926,30.8005]}},{"type":"Feature","properties":{"s":"Uttarakhand","v":1.5},"geometry":{"type":"Point","coordinates":[78.6648,29.5888]}},{"type":"Feature","properties":{"s":"Uttarakhand","v":1.5},"geometry":{"type":"Point","coordinates":[79.6283,30.5253]}},{"type":"Feature","properties":{"s":"Uttarakhand","v":1.5},"geometry":{"type":"Point","coordinates":[79.4935,30.6316]}},{"type":"Feature","properties":{"s":"Uttarakhand","v":1.5},"geometry":{"type":"Point","coordinates":[79.5723,28.9512]}},{"type":"Feature","properties":{"s":"Uttarakhand","v":1.5},"geometry":{"type":"Point","coordinates":[78.7116,31.1721]}},{"type":"Feature","properties":{"s":"Uttarakhand","v":1.5},"geometry":{"type":"Point","coordinates":[78.0163,30.9028]}},{"type":"Feature","properties":{"s":"Uttarakhand","v":1.5},"geometry":{"type":"Point","coordinates":[79.3291,29.0714]}},{"type":"Feature","properties":{"s":"Uttarakhand","v":1.5},"geometry":{"type":"Point","coordinates":[79.9513,30.4775]}},{"type":"Feature","properties":{"s":"Uttarakhand","v":1.5},"geometry":{"type":"Point","coordinates":[77.9736,30.0538]}},{"type":"Feature","properties":{"s":"Uttarakhand","v":1.5},"geometry":{"type":"Point","coordinates":[79.876,30.9423]}},{"type":"Feature","properties":{"s":"Uttarakhand","v":1.5},"geometry":{"type":"Point","coordinates":[77.982,30.173]}},{"type":"Feature","properties":{"s":"Uttarakhand","v":1.5},"geometry":{"type":"Point","coordinates":[79.9803,29.2351]}},{"type":"Feature","properties":{"s":"Uttarakhand","v":1.5},"geometry":{"type":"Point","coordinates":[79.3289,30.4921]}},{"type":"Feature","properties":{"s":"Uttarakhand","v":1.5},"geometry":{"type":"Point","coordinates":[80.0832,29.7829]}},{"type":"Feature","properties":{"s":"Uttarakhand","v":1.5},"geometry":{"type":"Point","coordinates":[79.0848,31.0515]}},{"type":"Feature","properties":{"s":"Uttarakhand","v":1.5},"geometry":{"type":"Point","coordinates":[79.9176,29.8773]}},{"type":"Feature","properties":{"s":"Telangana","v":0.5},"geometry":{"type":"Point","coordinates":[78.3723,16.7564]}},{"type":"Feature","properties":{"s":"Telangana","v":0.5},"geometry":{"type":"Point","coordinates":[79.3192,18.2571]}},{"type":"Feature","properties":{"s":"Telangana","v":0.5},"geometry":{"type":"Point","coordinates":[79.4917,18.4372]}},{"type":"Feature","properties":{"s":"Telangana","v":0.5},"geometry":{"type":"Point","coordinates":[78.9196,17.5314]}},{"type":"Feature","properties":{"s":"Telangana","v":0.5},"geometry":{"type":"Point","coordinates":[78.5369,18.9089]}},{"type":"Feature","properties":{"s":"Telangana","v":0.5},"geometry":{"type":"Point","coordinates":[78.3846,18.4016]}},{"type":"Feature","properties":{"s":"Telangana","v":0.5},"geometry":{"type":"Point","coordinates":[80.3228,16.9249]}},{"type":"Feature","properties":{"s":"Telangana","v":0.5},"geometry":{"type":"Point","coordinates":[79.3011,18.6775]}},{"type":"Feature","properties":{"s":"Telangana","v":0.5},"geometry":{"type":"Point","coordinates":[79.6963,16.8856]}},{"type":"Feature","properties":{"s":"Andaman & Nicobar","v":3.9},"geometry":{"type":"Point","coordinates":[92.4189,10.7818]}},{"type":"Feature","properties":{"s":"Andaman & Nicobar","v":3.9},"geometry":{"type":"Point","coordinates":[92.7213,12.0377]}},{"type":"Feature","properties":{"s":"Andaman & Nicobar","v":3.9},"geometry":{"type":"Point","coordinates":[93.8306,6.7973]}},{"type":"Feature","properties":{"s":"Andaman & Nicobar","v":3.9},"geometry":{"type":"Point","coordinates":[92.4557,10.5707]}},{"type":"Feature","properties":{"s":"Andaman & Nicobar","v":3.9},"geometry":{"type":"Point","coordinates":[92.8674,12.3575]}},{"type":"Feature","properties":{"s":"Andaman & Nicobar","v":3.9},"geometry":{"type":"Point","coordinates":[92.469,10.8103]}},{"type":"Feature","properties":{"s":"Andaman & Nicobar","v":3.9},"geometry":{"type":"Point","coordinates":[92.6973,11.935]}},{"type":"Feature","properties":{"s":"Andaman & Nicobar","v":3.9},"geometry":{"type":"Point","coordinates":[92.8281,12.3732]}},{"type":"Feature","properties":{"s":"Andaman & Nicobar","v":3.9},"geometry":{"type":"Point","coordinates":[93.673,7.1252]}},{"type":"Feature","properties":{"s":"Andaman & Nicobar","v":3.9},"geometry":{"type":"Point","coordinates":[92.407,10.7531]}},{"type":"Feature","properties":{"s":"Andaman & Nicobar","v":3.9},"geometry":{"type":"Point","coordinates":[92.5543,10.8149]}},{"type":"Feature","properties":{"s":"Andaman & Nicobar","v":3.9},"geometry":{"type":"Point","coordinates":[92.9509,13.4584]}},{"type":"Feature","properties":{"s":"Andaman & Nicobar","v":3.9},"geometry":{"type":"Point","coordinates":[92.4728,10.6066]}},{"type":"Feature","properties":{"s":"Andaman & Nicobar","v":3.9},"geometry":{"type":"Point","coordinates":[92.9431,13.1194]}},{"type":"Feature","properties":{"s":"Andaman & Nicobar","v":3.9},"geometry":{"type":"Point","coordinates":[92.6376,11.7159]}},{"type":"Feature","properties":{"s":"Andaman & Nicobar","v":3.9},"geometry":{"type":"Point","coordinates":[92.9291,13.317]}},{"type":"Feature","properties":{"s":"Andaman & Nicobar","v":3.9},"geometry":{"type":"Point","coordinates":[92.5951,11.7108]}},{"type":"Feature","properties":{"s":"Andaman & Nicobar","v":3.9},"geometry":{"type":"Point","coordinates":[92.9031,13.2578]}},{"type":"Feature","properties":{"s":"Andaman & Nicobar","v":3.9},"geometry":{"type":"Point","coordinates":[92.702,12.0326]}},{"type":"Feature","properties":{"s":"Andaman & Nicobar","v":3.9},"geometry":{"type":"Point","coordinates":[93.0294,13.5326]}},{"type":"Feature","properties":{"s":"Andaman & Nicobar","v":3.9},"geometry":{"type":"Point","coordinates":[92.9441,13.0357]}},{"type":"Feature","properties":{"s":"Andaman & Nicobar","v":3.9},"geometry":{"type":"Point","coordinates":[93.7594,7.195]}},{"type":"Feature","properties":{"s":"Andaman & Nicobar","v":3.9},"geometry":{"type":"Point","coordinates":[92.7008,12.0621]}},{"type":"Feature","properties":{"s":"Andaman & Nicobar","v":3.9},"geometry":{"type":"Point","coordinates":[92.9369,12.655]}},{"type":"Feature","properties":{"s":"Andaman & Nicobar","v":3.9},"geometry":{"type":"Point","coordinates":[92.6873,12.1919]}},{"type":"Feature","properties":{"s":"Andaman & Nicobar","v":3.9},"geometry":{"type":"Point","coordinates":[92.6572,12.0013]}},{"type":"Feature","properties":{"s":"Andaman & Nicobar","v":3.9},"geometry":{"type":"Point","coordinates":[92.8502,12.7594]}},{"type":"Feature","properties":{"s":"Andaman & Nicobar","v":3.9},"geometry":{"type":"Point","coordinates":[92.8796,12.8367]}},{"type":"Feature","properties":{"s":"Andaman & Nicobar","v":3.9},"geometry":{"type":"Point","coordinates":[92.5198,10.8184]}},{"type":"Feature","properties":{"s":"Andaman & Nicobar","v":3.9},"geometry":{"type":"Point","coordinates":[93.7376,7.3706]}},{"type":"Feature","properties":{"s":"Andaman & Nicobar","v":3.9},"geometry":{"type":"Point","coordinates":[92.9278,13.2325]}},{"type":"Feature","properties":{"s":"Andaman & Nicobar","v":3.9},"geometry":{"type":"Point","coordinates":[92.7909,12.8298]}},{"type":"Feature","properties":{"s":"Andaman & Nicobar","v":3.9},"geometry":{"type":"Point","coordinates":[92.7109,12.4352]}},{"type":"Feature","properties":{"s":"Andaman & Nicobar","v":3.9},"geometry":{"type":"Point","coordinates":[92.728,12.4308]}},{"type":"Feature","properties":{"s":"Andaman & Nicobar","v":3.9},"geometry":{"type":"Point","coordinates":[92.4813,10.7133]}},{"type":"Feature","properties":{"s":"Andaman & Nicobar","v":3.9},"geometry":{"type":"Point","coordinates":[92.6185,11.3753]}},{"type":"Feature","properties":{"s":"Andaman & Nicobar","v":3.9},"geometry":{"type":"Point","coordinates":[92.8931,13.0107]}},{"type":"Feature","properties":{"s":"Andaman & Nicobar","v":3.9},"geometry":{"type":"Point","coordinates":[92.7547,12.6923]}},{"type":"Feature","properties":{"s":"Andaman & Nicobar","v":3.9},"geometry":{"type":"Point","coordinates":[92.9379,13.4236]}},{"type":"Feature","properties":{"s":"Andaman & Nicobar","v":3.9},"geometry":{"type":"Point","coordinates":[92.8393,13.3479]}},{"type":"Feature","properties":{"s":"Andaman & Nicobar","v":3.9},"geometry":{"type":"Point","coordinates":[92.7578,12.4395]}},{"type":"Feature","properties":{"s":"Andaman & Nicobar","v":3.9},"geometry":{"type":"Point","coordinates":[92.548,10.8651]}},{"type":"Feature","properties":{"s":"Andaman & Nicobar","v":3.9},"geometry":{"type":"Point","coordinates":[92.8962,12.6878]}},{"type":"Feature","properties":{"s":"Andaman & Nicobar","v":3.9},"geometry":{"type":"Point","coordinates":[93.8738,7.1544]}},{"type":"Feature","properties":{"s":"Andaman & Nicobar","v":3.9},"geometry":{"type":"Point","coordinates":[93.0125,13.3301]}},{"type":"Feature","properties":{"s":"Andaman & Nicobar","v":3.9},"geometry":{"type":"Point","coordinates":[92.8756,13.3159]}},{"type":"Feature","properties":{"s":"Andaman & Nicobar","v":3.9},"geometry":{"type":"Point","coordinates":[93.0508,13.2677]}},{"type":"Feature","properties":{"s":"Andaman & Nicobar","v":3.9},"geometry":{"type":"Point","coordinates":[92.8585,12.9941]}},{"type":"Feature","properties":{"s":"Andaman & Nicobar","v":3.9},"geometry":{"type":"Point","coordinates":[92.7483,12.3382]}},{"type":"Feature","properties":{"s":"Andaman & Nicobar","v":3.9},"geometry":{"type":"Point","coordinates":[92.683,12.0385]}},{"type":"Feature","properties":{"s":"Andaman & Nicobar","v":3.9},"geometry":{"type":"Point","coordinates":[93.8049,6.8852]}},{"type":"Feature","properties":{"s":"Andaman & Nicobar","v":3.9},"geometry":{"type":"Point","coordinates":[92.7117,11.9256]}},{"type":"Feature","properties":{"s":"Andaman & Nicobar","v":3.9},"geometry":{"type":"Point","coordinates":[92.8631,12.3351]}},{"type":"Feature","properties":{"s":"Andaman & Nicobar","v":3.9},"geometry":{"type":"Point","coordinates":[92.4201,10.8098]}},{"type":"Feature","properties":{"s":"Andaman & Nicobar","v":3.9},"geometry":{"type":"Point","coordinates":[93.6714,7.3601]}},{"type":"Feature","properties":{"s":"Andaman & Nicobar","v":3.9},"geometry":{"type":"Point","coordinates":[92.944,12.7566]}},{"type":"Feature","properties":{"s":"Andaman & Nicobar","v":3.9},"geometry":{"type":"Point","coordinates":[93.6668,7.046]}},{"type":"Feature","properties":{"s":"Andaman & Nicobar","v":3.9},"geometry":{"type":"Point","coordinates":[92.9352,13.2508]}},{"type":"Feature","properties":{"s":"Andaman & Nicobar","v":3.9},"geometry":{"type":"Point","coordinates":[93.6617,7.0972]}},{"type":"Feature","properties":{"s":"Andaman & Nicobar","v":3.9},"geometry":{"type":"Point","coordinates":[93.827,6.9438]}},{"type":"Feature","properties":{"s":"Andaman & Nicobar","v":3.9},"geometry":{"type":"Point","coordinates":[92.8682,12.829]}},{"type":"Feature","properties":{"s":"Andaman & Nicobar","v":3.9},"geometry":{"type":"Point","coordinates":[92.4537,10.6753]}},{"type":"Feature","properties":{"s":"Andaman & Nicobar","v":3.9},"geometry":{"type":"Point","coordinates":[92.4778,10.6627]}},{"type":"Feature","properties":{"s":"Andaman & Nicobar","v":3.9},"geometry":{"type":"Point","coordinates":[92.7625,11.7834]}},{"type":"Feature","properties":{"s":"Andaman & Nicobar","v":3.9},"geometry":{"type":"Point","coordinates":[93.8887,7.0368]}},{"type":"Feature","properties":{"s":"Andaman & Nicobar","v":3.9},"geometry":{"type":"Point","coordinates":[92.5724,10.7287]}},{"type":"Feature","properties":{"s":"Andaman & Nicobar","v":3.9},"geometry":{"type":"Point","coordinates":[92.6377,12.1188]}},{"type":"Feature","properties":{"s":"Andaman & Nicobar","v":3.9},"geometry":{"type":"Point","coordinates":[92.5312,10.8669]}},{"type":"Feature","properties":{"s":"Andaman & Nicobar","v":3.9},"geometry":{"type":"Point","coordinates":[92.9992,13.3143]}},{"type":"Feature","properties":{"s":"Andaman & Nicobar","v":3.9},"geometry":{"type":"Point","coordinates":[93.6428,7.2954]}},{"type":"Feature","properties":{"s":"Bihar","v":0.8},"geometry":{"type":"Point","coordinates":[85.6741,26.4669]}},{"type":"Feature","properties":{"s":"Bihar","v":0.8},"geometry":{"type":"Point","coordinates":[84.6368,27.0044]}},{"type":"Feature","properties":{"s":"Bihar","v":0.8},"geometry":{"type":"Point","coordinates":[83.8673,25.0618]}},{"type":"Feature","properties":{"s":"Bihar","v":0.8},"geometry":{"type":"Point","coordinates":[85.416,24.6774]}},{"type":"Feature","properties":{"s":"Bihar","v":0.8},"geometry":{"type":"Point","coordinates":[87.5097,26.1926]}},{"type":"Feature","properties":{"s":"Bihar","v":0.8},"geometry":{"type":"Point","coordinates":[84.9065,24.5693]}},{"type":"Feature","properties":{"s":"Bihar","v":0.8},"geometry":{"type":"Point","coordinates":[86.9342,24.6978]}},{"type":"Feature","properties":{"s":"Bihar","v":0.8},"geometry":{"type":"Point","coordinates":[85.6436,25.7586]}},{"type":"Feature","properties":{"s":"Bihar","v":0.8},"geometry":{"type":"Point","coordinates":[87.5955,25.8653]}},{"type":"Feature","properties":{"s":"Bihar","v":0.8},"geometry":{"type":"Point","coordinates":[86.6145,25.3579]}},{"type":"Feature","properties":{"s":"Bihar","v":0.8},"geometry":{"type":"Point","coordinates":[83.4874,25.068]}},{"type":"Feature","properties":{"s":"Bihar","v":0.8},"geometry":{"type":"Point","coordinates":[83.6078,24.737]}},{"type":"Feature","properties":{"s":"Bihar","v":0.8},"geometry":{"type":"Point","coordinates":[87.3009,25.271]}},{"type":"Feature","properties":{"s":"Bihar","v":0.8},"geometry":{"type":"Point","coordinates":[86.299,24.7032]}},{"type":"Feature","properties":{"s":"Gujarat","v":3.1},"geometry":{"type":"Point","coordinates":[72.0113,22.148]}},{"type":"Feature","properties":{"s":"Gujarat","v":3.1},"geometry":{"type":"Point","coordinates":[73.7128,21.6081]}},{"type":"Feature","properties":{"s":"Gujarat","v":3.1},"geometry":{"type":"Point","coordinates":[70.5063,23.4811]}},{"type":"Feature","properties":{"s":"Gujarat","v":3.1},"geometry":{"type":"Point","coordinates":[73.6454,21.715]}},{"type":"Feature","properties":{"s":"Gujarat","v":3.1},"geometry":{"type":"Point","coordinates":[68.4278,23.8504]}},{"type":"Feature","properties":{"s":"Gujarat","v":3.1},"geometry":{"type":"Point","coordinates":[69.155,22.2137]}},{"type":"Feature","properties":{"s":"Gujarat","v":3.1},"geometry":{"type":"Point","coordinates":[71.3671,21.2319]}},{"type":"Feature","properties":{"s":"Gujarat","v":3.1},"geometry":{"type":"Point","coordinates":[68.885,23.8983]}},{"type":"Feature","properties":{"s":"Gujarat","v":3.1},"geometry":{"type":"Point","coordinates":[73.1279,23.6377]}},{"type":"Feature","properties":{"s":"Gujarat","v":3.1},"geometry":{"type":"Point","coordinates":[73.1439,20.4351]}},{"type":"Feature","properties":{"s":"Gujarat","v":3.1},"geometry":{"type":"Point","coordinates":[69.5263,23.232]}},{"type":"Feature","properties":{"s":"Gujarat","v":3.1},"geometry":{"type":"Point","coordinates":[70.4714,23.592]}},{"type":"Feature","properties":{"s":"Gujarat","v":3.1},"geometry":{"type":"Point","coordinates":[71.7672,21.7346]}},{"type":"Feature","properties":{"s":"Gujarat","v":3.1},"geometry":{"type":"Point","coordinates":[70.9762,21.6669]}},{"type":"Feature","properties":{"s":"Gujarat","v":3.1},"geometry":{"type":"Point","coordinates":[70.4987,23.5775]}},{"type":"Feature","properties":{"s":"Gujarat","v":3.1},"geometry":{"type":"Point","coordinates":[73.0646,23.5737]}},{"type":"Feature","properties":{"s":"Gujarat","v":3.1},"geometry":{"type":"Point","coordinates":[71.8136,24.4543]}},{"type":"Feature","properties":{"s":"Gujarat","v":3.1},"geometry":{"type":"Point","coordinates":[69.3493,24.2106]}},{"type":"Feature","properties":{"s":"Gujarat","v":3.1},"geometry":{"type":"Point","coordinates":[71.6506,24.5403]}},{"type":"Feature","properties":{"s":"Gujarat","v":3.1},"geometry":{"type":"Point","coordinates":[70.81,22.2479]}},{"type":"Feature","properties":{"s":"Gujarat","v":3.1},"geometry":{"type":"Point","coordinates":[73.5857,21.2935]}},{"type":"Feature","properties":{"s":"Gujarat","v":3.1},"geometry":{"type":"Point","coordinates":[73.7382,20.7281]}},{"type":"Feature","properties":{"s":"Gujarat","v":3.1},"geometry":{"type":"Point","coordinates":[72.4733,23.5224]}},{"type":"Feature","properties":{"s":"Gujarat","v":3.1},"geometry":{"type":"Point","coordinates":[74.113,22.7462]}},{"type":"Feature","properties":{"s":"Gujarat","v":3.1},"geometry":{"type":"Point","coordinates":[73.4698,21.1623]}},{"type":"Feature","properties":{"s":"Gujarat","v":3.1},"geometry":{"type":"Point","coordinates":[68.3426,23.5238]}},{"type":"Feature","properties":{"s":"Gujarat","v":3.1},"geometry":{"type":"Point","coordinates":[70.9195,23.6964]}},{"type":"Feature","properties":{"s":"Gujarat","v":3.1},"geometry":{"type":"Point","coordinates":[71.7349,23.467]}},{"type":"Feature","properties":{"s":"Gujarat","v":3.1},"geometry":{"type":"Point","coordinates":[70.4762,21.7611]}},{"type":"Feature","properties":{"s":"Gujarat","v":3.1},"geometry":{"type":"Point","coordinates":[70.5018,24.3544]}},{"type":"Feature","properties":{"s":"Gujarat","v":3.1},"geometry":{"type":"Point","coordinates":[73.5133,20.7178]}},{"type":"Feature","properties":{"s":"Gujarat","v":3.1},"geometry":{"type":"Point","coordinates":[72.6743,22.065]}},{"type":"Feature","properties":{"s":"Gujarat","v":3.1},"geometry":{"type":"Point","coordinates":[71.1188,23.4868]}},{"type":"Feature","properties":{"s":"Gujarat","v":3.1},"geometry":{"type":"Point","coordinates":[71.1111,22.3936]}},{"type":"Feature","properties":{"s":"Gujarat","v":3.1},"geometry":{"type":"Point","coordinates":[71.6793,22.2466]}},{"type":"Feature","properties":{"s":"Gujarat","v":3.1},"geometry":{"type":"Point","coordinates":[72.5211,24.2228]}},{"type":"Feature","properties":{"s":"Gujarat","v":3.1},"geometry":{"type":"Point","coordinates":[69.6558,23.1217]}},{"type":"Feature","properties":{"s":"Gujarat","v":3.1},"geometry":{"type":"Point","coordinates":[72.8125,21.6042]}},{"type":"Feature","properties":{"s":"Gujarat","v":3.1},"geometry":{"type":"Point","coordinates":[73.2663,23.8988]}},{"type":"Feature","properties":{"s":"Gujarat","v":3.1},"geometry":{"type":"Point","coordinates":[73.242,23.1078]}},{"type":"Feature","properties":{"s":"Gujarat","v":3.1},"geometry":{"type":"Point","coordinates":[72.7552,22.0816]}},{"type":"Feature","properties":{"s":"Gujarat","v":3.1},"geometry":{"type":"Point","coordinates":[71.3576,22.4521]}},{"type":"Feature","properties":{"s":"Gujarat","v":3.1},"geometry":{"type":"Point","coordinates":[70.1504,23.6663]}},{"type":"Feature","properties":{"s":"Gujarat","v":3.1},"geometry":{"type":"Point","coordinates":[69.4981,24.1133]}},{"type":"Feature","properties":{"s":"Gujarat","v":3.1},"geometry":{"type":"Point","coordinates":[72.8264,20.8846]}},{"type":"Feature","properties":{"s":"Gujarat","v":3.1},"geometry":{"type":"Point","coordinates":[74.0199,21.5177]}},{"type":"Feature","properties":{"s":"Gujarat","v":3.1},"geometry":{"type":"Point","coordinates":[73.1815,23.5097]}},{"type":"Feature","properties":{"s":"Gujarat","v":3.1},"geometry":{"type":"Point","coordinates":[70.655,21.7316]}},{"type":"Feature","properties":{"s":"Gujarat","v":3.1},"geometry":{"type":"Point","coordinates":[72.3377,23.9657]}},{"type":"Feature","properties":{"s":"Gujarat","v":3.1},"geometry":{"type":"Point","coordinates":[70.7437,21.3821]}},{"type":"Feature","properties":{"s":"Gujarat","v":3.1},"geometry":{"type":"Point","coordinates":[71.0057,21.9198]}},{"type":"Feature","properties":{"s":"Gujarat","v":3.1},"geometry":{"type":"Point","coordinates":[73.2491,23.5693]}},{"type":"Feature","properties":{"s":"Gujarat","v":3.1},"geometry":{"type":"Point","coordinates":[71.2136,24.0116]}},{"type":"Feature","properties":{"s":"Gujarat","v":3.1},"geometry":{"type":"Point","coordinates":[71.9401,22.8791]}},{"type":"Feature","properties":{"s":"Gujarat","v":3.1},"geometry":{"type":"Point","coordinates":[73.6727,22.397]}},{"type":"Feature","properties":{"s":"Gujarat","v":3.1},"geometry":{"type":"Point","coordinates":[70.7096,22.3959]}},{"type":"Feature","properties":{"s":"Kerala","v":1.5},"geometry":{"type":"Point","coordinates":[76.3149,9.6868]}},{"type":"Feature","properties":{"s":"Kerala","v":1.5},"geometry":{"type":"Point","coordinates":[77.0605,9.0998]}},{"type":"Feature","properties":{"s":"Kerala","v":1.5},"geometry":{"type":"Point","coordinates":[75.9277,11.6199]}},{"type":"Feature","properties":{"s":"Kerala","v":1.5},"geometry":{"type":"Point","coordinates":[76.2998,9.7599]}},{"type":"Feature","properties":{"s":"Kerala","v":1.5},"geometry":{"type":"Point","coordinates":[77.1014,9.5589]}},{"type":"Feature","properties":{"s":"Kerala","v":1.5},"geometry":{"type":"Point","coordinates":[77.2556,10.1801]}},{"type":"Feature","properties":{"s":"Kerala","v":1.5},"geometry":{"type":"Point","coordinates":[76.4661,10.2233]}},{"type":"Feature","properties":{"s":"Kerala","v":1.5},"geometry":{"type":"Point","coordinates":[76.5591,11.1577]}},{"type":"Feature","properties":{"s":"Kerala","v":1.5},"geometry":{"type":"Point","coordinates":[75.8739,11.1968]}},{"type":"Feature","properties":{"s":"Kerala","v":1.5},"geometry":{"type":"Point","coordinates":[75.9656,10.9447]}},{"type":"Feature","properties":{"s":"Kerala","v":1.5},"geometry":{"type":"Point","coordinates":[76.3538,9.5017]}},{"type":"Feature","properties":{"s":"Kerala","v":1.5},"geometry":{"type":"Point","coordinates":[76.3335,9.8812]}},{"type":"Feature","properties":{"s":"Kerala","v":1.5},"geometry":{"type":"Point","coordinates":[76.2294,10.2743]}},{"type":"Feature","properties":{"s":"Kerala","v":1.5},"geometry":{"type":"Point","coordinates":[75.5001,12.1727]}},{"type":"Feature","properties":{"s":"Kerala","v":1.5},"geometry":{"type":"Point","coordinates":[76.2716,10.9768]}},{"type":"Feature","properties":{"s":"Kerala","v":1.5},"geometry":{"type":"Point","coordinates":[76.87,10.2428]}},{"type":"Feature","properties":{"s":"Kerala","v":1.5},"geometry":{"type":"Point","coordinates":[76.4595,11.1255]}},{"type":"Feature","properties":{"s":"Kerala","v":1.5},"geometry":{"type":"Point","coordinates":[77.3303,9.5418]}},{"type":"Feature","properties":{"s":"Kerala","v":1.5},"geometry":{"type":"Point","coordinates":[76.8353,8.7847]}},{"type":"Feature","properties":{"s":"Kerala","v":1.5},"geometry":{"type":"Point","coordinates":[76.21,11.4406]}},{"type":"Feature","properties":{"s":"Kerala","v":1.5},"geometry":{"type":"Point","coordinates":[77.0466,9.1593]}},{"type":"Feature","properties":{"s":"Kerala","v":1.5},"geometry":{"type":"Point","coordinates":[77.1412,8.5132]}},{"type":"Feature","properties":{"s":"Kerala","v":1.5},"geometry":{"type":"Point","coordinates":[75.6571,11.5619]}},{"type":"Feature","properties":{"s":"Kerala","v":1.5},"geometry":{"type":"Point","coordinates":[77.2126,9.2789]}},{"type":"Feature","properties":{"s":"Kerala","v":1.5},"geometry":{"type":"Point","coordinates":[76.7271,10.7277]}},{"type":"Feature","properties":{"s":"Kerala","v":1.5},"geometry":{"type":"Point","coordinates":[75.0481,12.6298]}},{"type":"Feature","properties":{"s":"Kerala","v":1.5},"geometry":{"type":"Point","coordinates":[76.7102,10.795]}},{"type":"Feature","properties":{"s":"Lakshadweep","v":1},"geometry":{"type":"Point","coordinates":[73.0518,8.2775]}},{"type":"Feature","properties":{"s":"Lakshadweep","v":1},"geometry":{"type":"Point","coordinates":[73.0638,8.285]}},{"type":"Feature","properties":{"s":"Lakshadweep","v":1},"geometry":{"type":"Point","coordinates":[73.0643,8.2905]}},{"type":"Feature","properties":{"s":"Lakshadweep","v":1},"geometry":{"type":"Point","coordinates":[73.0577,8.2841]}},{"type":"Feature","properties":{"s":"Lakshadweep","v":1},"geometry":{"type":"Point","coordinates":[73.0571,8.2802]}},{"type":"Feature","properties":{"s":"Lakshadweep","v":1},"geometry":{"type":"Point","coordinates":[73.0552,8.2777]}},{"type":"Feature","properties":{"s":"Lakshadweep","v":1},"geometry":{"type":"Point","coordinates":[73.057,8.2809]}},{"type":"Feature","properties":{"s":"Lakshadweep","v":1},"geometry":{"type":"Point","coordinates":[73.0521,8.2744]}},{"type":"Feature","properties":{"s":"Lakshadweep","v":1},"geometry":{"type":"Point","coordinates":[73.0528,8.2738]}},{"type":"Feature","properties":{"s":"Lakshadweep","v":1},"geometry":{"type":"Point","coordinates":[73.0637,8.2869]}},{"type":"Feature","properties":{"s":"Lakshadweep","v":1},"geometry":{"type":"Point","coordinates":[73.0487,8.2756]}},{"type":"Feature","properties":{"s":"Lakshadweep","v":1},"geometry":{"type":"Point","coordinates":[73.0658,8.2852]}},{"type":"Feature","properties":{"s":"Lakshadweep","v":1},"geometry":{"type":"Point","coordinates":[73.065,8.2857]}},{"type":"Feature","properties":{"s":"Lakshadweep","v":1},"geometry":{"type":"Point","coordinates":[73.0587,8.2818]}},{"type":"Feature","properties":{"s":"Lakshadweep","v":1},"geometry":{"type":"Point","coordinates":[73.0621,8.2836]}},{"type":"Feature","properties":{"s":"Lakshadweep","v":1},"geometry":{"type":"Point","coordinates":[73.0558,8.2804]}},{"type":"Feature","properties":{"s":"Lakshadweep","v":1},"geometry":{"type":"Point","coordinates":[73.0584,8.285]}},{"type":"Feature","properties":{"s":"Lakshadweep","v":1},"geometry":{"type":"Point","coordinates":[73.0627,8.2906]}},{"type":"Feature","properties":{"s":"Madhya Pradesh","v":1.1},"geometry":{"type":"Point","coordinates":[78.3241,25.7724]}},{"type":"Feature","properties":{"s":"Madhya Pradesh","v":1.1},"geometry":{"type":"Point","coordinates":[81.3785,22.9235]}},{"type":"Feature","properties":{"s":"Madhya Pradesh","v":1.1},"geometry":{"type":"Point","coordinates":[78.4984,22.45]}},{"type":"Feature","properties":{"s":"Madhya Pradesh","v":1.1},"geometry":{"type":"Point","coordinates":[81.6346,24.3479]}},{"type":"Feature","properties":{"s":"Madhya Pradesh","v":1.1},"geometry":{"type":"Point","coordinates":[78.8655,23.808]}},{"type":"Feature","properties":{"s":"Madhya Pradesh","v":1.1},"geometry":{"type":"Point","coordinates":[76.6577,21.4733]}},{"type":"Feature","properties":{"s":"Madhya Pradesh","v":1.1},"geometry":{"type":"Point","coordinates":[77.3939,23.5466]}},{"type":"Feature","properties":{"s":"Madhya Pradesh","v":1.1},"geometry":{"type":"Point","coordinates":[76.2917,21.2425]}},{"type":"Feature","properties":{"s":"Madhya Pradesh","v":1.1},"geometry":{"type":"Point","coordinates":[80.6585,21.5757]}},{"type":"Feature","properties":{"s":"Madhya Pradesh","v":1.1},"geometry":{"type":"Point","coordinates":[75.9825,23.3972]}},{"type":"Feature","properties":{"s":"Madhya Pradesh","v":1.1},"geometry":{"type":"Point","coordinates":[78.3784,21.8591]}},{"type":"Feature","properties":{"s":"Madhya Pradesh","v":1.1},"geometry":{"type":"Point","coordinates":[74.8458,24.9207]}},{"type":"Feature","properties":{"s":"Madhya Pradesh","v":1.1},"geometry":{"type":"Point","coordinates":[77.8272,24.3083]}},{"type":"Feature","properties":{"s":"Madhya Pradesh","v":1.1},"geometry":{"type":"Point","coordinates":[81.7591,23.2704]}},{"type":"Feature","properties":{"s":"Madhya Pradesh","v":1.1},"geometry":{"type":"Point","coordinates":[81.2606,22.8536]}},{"type":"Feature","properties":{"s":"Madhya Pradesh","v":1.1},"geometry":{"type":"Point","coordinates":[76.9316,23.2207]}},{"type":"Feature","properties":{"s":"Madhya Pradesh","v":1.1},"geometry":{"type":"Point","coordinates":[80.8778,22.9046]}},{"type":"Feature","properties":{"s":"Madhya Pradesh","v":1.1},"geometry":{"type":"Point","coordinates":[80.1875,23.4244]}},{"type":"Feature","properties":{"s":"Madhya Pradesh","v":1.1},"geometry":{"type":"Point","coordinates":[75.1841,24.0502]}},{"type":"Feature","properties":{"s":"Madhya Pradesh","v":1.1},"geometry":{"type":"Point","coordinates":[77.771,25.5285]}},{"type":"Feature","properties":{"s":"Odisha","v":2.6},"geometry":{"type":"Point","coordinates":[83.658,20.8469]}},{"type":"Feature","properties":{"s":"Odisha","v":2.6},"geometry":{"type":"Point","coordinates":[83.1972,19.256]}},{"type":"Feature","properties":{"s":"Odisha","v":2.6},"geometry":{"type":"Point","coordinates":[85.8073,20.6805]}},{"type":"Feature","properties":{"s":"Odisha","v":2.6},"geometry":{"type":"Point","coordinates":[85.3843,19.7465]}},{"type":"Feature","properties":{"s":"Odisha","v":2.6},"geometry":{"type":"Point","coordinates":[82.8348,20.6562]}},{"type":"Feature","properties":{"s":"Odisha","v":2.6},"geometry":{"type":"Point","coordinates":[83.1129,21.0675]}},{"type":"Feature","properties":{"s":"Odisha","v":2.6},"geometry":{"type":"Point","coordinates":[83.8973,20.6679]}},{"type":"Feature","properties":{"s":"Odisha","v":2.6},"geometry":{"type":"Point","coordinates":[82.907,18.5539]}},{"type":"Feature","properties":{"s":"Odisha","v":2.6},"geometry":{"type":"Point","coordinates":[83.5585,20.6998]}},{"type":"Feature","properties":{"s":"Odisha","v":2.6},"geometry":{"type":"Point","coordinates":[84.446,21.4152]}},{"type":"Feature","properties":{"s":"Odisha","v":2.6},"geometry":{"type":"Point","coordinates":[83.9602,19.24]}},{"type":"Feature","properties":{"s":"Odisha","v":2.6},"geometry":{"type":"Point","coordinates":[83.9937,19.2718]}},{"type":"Feature","properties":{"s":"Odisha","v":2.6},"geometry":{"type":"Point","coordinates":[86.1611,21.5549]}},{"type":"Feature","properties":{"s":"Odisha","v":2.6},"geometry":{"type":"Point","coordinates":[84.1783,19.621]}},{"type":"Feature","properties":{"s":"Odisha","v":2.6},"geometry":{"type":"Point","coordinates":[84.1499,20.4082]}},{"type":"Feature","properties":{"s":"Odisha","v":2.6},"geometry":{"type":"Point","coordinates":[83.5714,21.7709]}},{"type":"Feature","properties":{"s":"Odisha","v":2.6},"geometry":{"type":"Point","coordinates":[85.8119,20.5978]}},{"type":"Feature","properties":{"s":"Odisha","v":2.6},"geometry":{"type":"Point","coordinates":[83.749,21.3572]}},{"type":"Feature","properties":{"s":"Odisha","v":2.6},"geometry":{"type":"Point","coordinates":[85.0469,19.731]}},{"type":"Feature","properties":{"s":"Odisha","v":2.6},"geometry":{"type":"Point","coordinates":[86.6323,21.0418]}},{"type":"Feature","properties":{"s":"Odisha","v":2.6},"geometry":{"type":"Point","coordinates":[82.8768,20.0446]}},{"type":"Feature","properties":{"s":"Odisha","v":2.6},"geometry":{"type":"Point","coordinates":[84.151,22.455]}},{"type":"Feature","properties":{"s":"Odisha","v":2.6},"geometry":{"type":"Point","coordinates":[84.1231,19.2683]}},{"type":"Feature","properties":{"s":"Odisha","v":2.6},"geometry":{"type":"Point","coordinates":[83.2252,20.6837]}},{"type":"Feature","properties":{"s":"Odisha","v":2.6},"geometry":{"type":"Point","coordinates":[82.5473,19.782]}},{"type":"Feature","properties":{"s":"Odisha","v":2.6},"geometry":{"type":"Point","coordinates":[82.4886,19.0269]}},{"type":"Feature","properties":{"s":"Odisha","v":2.6},"geometry":{"type":"Point","coordinates":[84.5651,19.0984]}},{"type":"Feature","properties":{"s":"Odisha","v":2.6},"geometry":{"type":"Point","coordinates":[85.0676,21.5182]}},{"type":"Feature","properties":{"s":"Odisha","v":2.6},"geometry":{"type":"Point","coordinates":[85.3497,21.4488]}},{"type":"Feature","properties":{"s":"Odisha","v":2.6},"geometry":{"type":"Point","coordinates":[84.4769,19.818]}},{"type":"Feature","properties":{"s":"Odisha","v":2.6},"geometry":{"type":"Point","coordinates":[83.061,20.9287]}},{"type":"Feature","properties":{"s":"Odisha","v":2.6},"geometry":{"type":"Point","coordinates":[82.3659,18.7697]}},{"type":"Feature","properties":{"s":"Odisha","v":2.6},"geometry":{"type":"Point","coordinates":[87.3872,21.7042]}},{"type":"Feature","properties":{"s":"Odisha","v":2.6},"geometry":{"type":"Point","coordinates":[83.7702,20.9931]}},{"type":"Feature","properties":{"s":"Odisha","v":2.6},"geometry":{"type":"Point","coordinates":[86.3605,21.8023]}},{"type":"Feature","properties":{"s":"Odisha","v":2.6},"geometry":{"type":"Point","coordinates":[83.0745,20.417]}},{"type":"Feature","properties":{"s":"Odisha","v":2.6},"geometry":{"type":"Point","coordinates":[84.9003,20.2487]}},{"type":"Feature","properties":{"s":"Odisha","v":2.6},"geometry":{"type":"Point","coordinates":[84.8506,21.2191]}},{"type":"Feature","properties":{"s":"Odisha","v":2.6},"geometry":{"type":"Point","coordinates":[85.1391,20.6535]}},{"type":"Feature","properties":{"s":"Odisha","v":2.6},"geometry":{"type":"Point","coordinates":[83.9826,19.7986]}},{"type":"Feature","properties":{"s":"Odisha","v":2.6},"geometry":{"type":"Point","coordinates":[84.6102,19.7907]}},{"type":"Feature","properties":{"s":"Odisha","v":2.6},"geometry":{"type":"Point","coordinates":[84.277,19.698]}},{"type":"Feature","properties":{"s":"Odisha","v":2.6},"geometry":{"type":"Point","coordinates":[84.2172,19.035]}},{"type":"Feature","properties":{"s":"Odisha","v":2.6},"geometry":{"type":"Point","coordinates":[86.5016,21.1478]}},{"type":"Feature","properties":{"s":"Odisha","v":2.6},"geometry":{"type":"Point","coordinates":[86.6091,21.6442]}},{"type":"Feature","properties":{"s":"Odisha","v":2.6},"geometry":{"type":"Point","coordinates":[84.1037,18.8226]}},{"type":"Feature","properties":{"s":"Odisha","v":2.6},"geometry":{"type":"Point","coordinates":[83.6771,20.9053]}},{"type":"Feature","properties":{"s":"Tamil Nadu","v":4.8},"geometry":{"type":"Point","coordinates":[78.4618,9.7778]}},{"type":"Feature","properties":{"s":"Tamil Nadu","v":4.8},"geometry":{"type":"Point","coordinates":[78.039,8.9041]}},{"type":"Feature","properties":{"s":"Tamil Nadu","v":4.8},"geometry":{"type":"Point","coordinates":[78.9743,12.0119]}},{"type":"Feature","properties":{"s":"Tamil Nadu","v":4.8},"geometry":{"type":"Point","coordinates":[79.5221,12.194]}},{"type":"Feature","properties":{"s":"Tamil Nadu","v":4.8},"geometry":{"type":"Point","coordinates":[78.9667,12.5996]}},{"type":"Feature","properties":{"s":"Tamil Nadu","v":4.8},"geometry":{"type":"Point","coordinates":[77.4703,9.3334]}},{"type":"Feature","properties":{"s":"Tamil Nadu","v":4.8},"geometry":{"type":"Point","coordinates":[76.6312,11.5575]}},{"type":"Feature","properties":{"s":"Tamil Nadu","v":4.8},"geometry":{"type":"Point","coordinates":[80.307,13.3388]}},{"type":"Feature","properties":{"s":"Tamil Nadu","v":4.8},"geometry":{"type":"Point","coordinates":[77.4964,9.5598]}},{"type":"Feature","properties":{"s":"Tamil Nadu","v":4.8},"geometry":{"type":"Point","coordinates":[77.8296,12.3895]}},{"type":"Feature","properties":{"s":"Tamil Nadu","v":4.8},"geometry":{"type":"Point","coordinates":[77.4642,9.8197]}},{"type":"Feature","properties":{"s":"Tamil Nadu","v":4.8},"geometry":{"type":"Point","coordinates":[78.6775,10.1223]}},{"type":"Feature","properties":{"s":"Tamil Nadu","v":4.8},"geometry":{"type":"Point","coordinates":[79.7384,11.1083]}},{"type":"Feature","properties":{"s":"Tamil Nadu","v":4.8},"geometry":{"type":"Point","coordinates":[79.5117,12.3788]}},{"type":"Feature","properties":{"s":"Tamil Nadu","v":4.8},"geometry":{"type":"Point","coordinates":[79.5176,12.5767]}},{"type":"Feature","properties":{"s":"Tamil Nadu","v":4.8},"geometry":{"type":"Point","coordinates":[79.2046,12.5102]}},{"type":"Feature","properties":{"s":"Tamil Nadu","v":4.8},"geometry":{"type":"Point","coordinates":[77.8262,8.6598]}},{"type":"Feature","properties":{"s":"Tamil Nadu","v":4.8},"geometry":{"type":"Point","coordinates":[80.171,13.0268]}},{"type":"Feature","properties":{"s":"Tamil Nadu","v":4.8},"geometry":{"type":"Point","coordinates":[79.7006,11.3884]}},{"type":"Feature","properties":{"s":"Tamil Nadu","v":4.8},"geometry":{"type":"Point","coordinates":[80.0465,13.3176]}},{"type":"Feature","properties":{"s":"Tamil Nadu","v":4.8},"geometry":{"type":"Point","coordinates":[78.9537,12.4402]}},{"type":"Feature","properties":{"s":"Tamil Nadu","v":4.8},"geometry":{"type":"Point","coordinates":[78.6098,12.3766]}},{"type":"Feature","properties":{"s":"Tamil Nadu","v":4.8},"geometry":{"type":"Point","coordinates":[78.997,11.9637]}},{"type":"Feature","properties":{"s":"Tamil Nadu","v":4.8},"geometry":{"type":"Point","coordinates":[77.7842,10.8327]}},{"type":"Feature","properties":{"s":"Tamil Nadu","v":4.8},"geometry":{"type":"Point","coordinates":[78.2279,11.4862]}},{"type":"Feature","properties":{"s":"Tamil Nadu","v":4.8},"geometry":{"type":"Point","coordinates":[77.8641,8.2619]}},{"type":"Feature","properties":{"s":"Tamil Nadu","v":4.8},"geometry":{"type":"Point","coordinates":[78.3143,10.1215]}},{"type":"Feature","properties":{"s":"Tamil Nadu","v":4.8},"geometry":{"type":"Point","coordinates":[79.7004,11.16]}},{"type":"Feature","properties":{"s":"Tamil Nadu","v":4.8},"geometry":{"type":"Point","coordinates":[77.5477,10.1719]}},{"type":"Feature","properties":{"s":"Tamil Nadu","v":4.8},"geometry":{"type":"Point","coordinates":[78.1386,10.1281]}},{"type":"Feature","properties":{"s":"Tamil Nadu","v":4.8},"geometry":{"type":"Point","coordinates":[78.1031,9.9359]}},{"type":"Feature","properties":{"s":"Tamil Nadu","v":4.8},"geometry":{"type":"Point","coordinates":[77.3892,11.0116]}},{"type":"Feature","properties":{"s":"Tamil Nadu","v":4.8},"geometry":{"type":"Point","coordinates":[77.301,8.1817]}},{"type":"Feature","properties":{"s":"Tamil Nadu","v":4.8},"geometry":{"type":"Point","coordinates":[78.9682,10.196]}},{"type":"Feature","properties":{"s":"Tamil Nadu","v":4.8},"geometry":{"type":"Point","coordinates":[77.8734,10.3893]}},{"type":"Feature","properties":{"s":"Tamil Nadu","v":4.8},"geometry":{"type":"Point","coordinates":[76.7203,11.3137]}},{"type":"Feature","properties":{"s":"Tamil Nadu","v":4.8},"geometry":{"type":"Point","coordinates":[78.1487,11.7936]}},{"type":"Feature","properties":{"s":"Tamil Nadu","v":4.8},"geometry":{"type":"Point","coordinates":[78.1882,11.6624]}},{"type":"Feature","properties":{"s":"Tamil Nadu","v":4.8},"geometry":{"type":"Point","coordinates":[77.2245,10.5882]}},{"type":"Feature","properties":{"s":"Tamil Nadu","v":4.8},"geometry":{"type":"Point","coordinates":[77.6438,9.3336]}},{"type":"Feature","properties":{"s":"Tamil Nadu","v":4.8},"geometry":{"type":"Point","coordinates":[78.0035,11.6878]}},{"type":"Feature","properties":{"s":"Tamil Nadu","v":4.8},"geometry":{"type":"Point","coordinates":[79.457,12.3908]}},{"type":"Feature","properties":{"s":"Tamil Nadu","v":4.8},"geometry":{"type":"Point","coordinates":[79.3819,10.9383]}},{"type":"Feature","properties":{"s":"Tamil Nadu","v":4.8},"geometry":{"type":"Point","coordinates":[77.9155,11.095]}},{"type":"Feature","properties":{"s":"Tamil Nadu","v":4.8},"geometry":{"type":"Point","coordinates":[78.4994,12.5594]}},{"type":"Feature","properties":{"s":"Tamil Nadu","v":4.8},"geometry":{"type":"Point","coordinates":[76.6056,11.2317]}},{"type":"Feature","properties":{"s":"Tamil Nadu","v":4.8},"geometry":{"type":"Point","coordinates":[79.0074,11.6829]}},{"type":"Feature","properties":{"s":"Tamil Nadu","v":4.8},"geometry":{"type":"Point","coordinates":[77.8578,9.0813]}},{"type":"Feature","properties":{"s":"Tamil Nadu","v":4.8},"geometry":{"type":"Point","coordinates":[78.2131,10.9247]}},{"type":"Feature","properties":{"s":"Tamil Nadu","v":4.8},"geometry":{"type":"Point","coordinates":[78.5968,10.6316]}},{"type":"Feature","properties":{"s":"Tamil Nadu","v":4.8},"geometry":{"type":"Point","coordinates":[77.4411,11.2839]}},{"type":"Feature","properties":{"s":"Tamil Nadu","v":4.8},"geometry":{"type":"Point","coordinates":[78.2276,9.2348]}},{"type":"Feature","properties":{"s":"Tamil Nadu","v":4.8},"geometry":{"type":"Point","coordinates":[79.7609,13.0998]}},{"type":"Feature","properties":{"s":"Tamil Nadu","v":4.8},"geometry":{"type":"Point","coordinates":[78.4056,9.7605]}},{"type":"Feature","properties":{"s":"Tamil Nadu","v":4.8},"geometry":{"type":"Point","coordinates":[78.3542,11.8432]}},{"type":"Feature","properties":{"s":"Tamil Nadu","v":4.8},"geometry":{"type":"Point","coordinates":[77.4618,10.2831]}},{"type":"Feature","properties":{"s":"Tamil Nadu","v":4.8},"geometry":{"type":"Point","coordinates":[77.5226,8.5514]}},{"type":"Feature","properties":{"s":"Tamil Nadu","v":4.8},"geometry":{"type":"Point","coordinates":[78.2758,10.6888]}},{"type":"Feature","properties":{"s":"Tamil Nadu","v":4.8},"geometry":{"type":"Point","coordinates":[77.1915,10.4757]}},{"type":"Feature","properties":{"s":"Tamil Nadu","v":4.8},"geometry":{"type":"Point","coordinates":[78.2101,10.4208]}},{"type":"Feature","properties":{"s":"Tamil Nadu","v":4.8},"geometry":{"type":"Point","coordinates":[78.7253,9.2988]}},{"type":"Feature","properties":{"s":"Tamil Nadu","v":4.8},"geometry":{"type":"Point","coordinates":[76.8903,10.8489]}},{"type":"Feature","properties":{"s":"Tamil Nadu","v":4.8},"geometry":{"type":"Point","coordinates":[78.7138,11.1753]}},{"type":"Feature","properties":{"s":"Tamil Nadu","v":4.8},"geometry":{"type":"Point","coordinates":[79.0941,10.8843]}},{"type":"Feature","properties":{"s":"Tamil Nadu","v":4.8},"geometry":{"type":"Point","coordinates":[77.7005,10.9915]}},{"type":"Feature","properties":{"s":"Tamil Nadu","v":4.8},"geometry":{"type":"Point","coordinates":[79.2988,12.1204]}},{"type":"Feature","properties":{"s":"Tamil Nadu","v":4.8},"geometry":{"type":"Point","coordinates":[78.3554,12.524]}},{"type":"Feature","properties":{"s":"Tamil Nadu","v":4.8},"geometry":{"type":"Point","coordinates":[79.1447,10.4968]}},{"type":"Feature","properties":{"s":"Tamil Nadu","v":4.8},"geometry":{"type":"Point","coordinates":[77.9857,8.7671]}},{"type":"Feature","properties":{"s":"Tamil Nadu","v":4.8},"geometry":{"type":"Point","coordinates":[78.9706,9.8328]}},{"type":"Feature","properties":{"s":"Tamil Nadu","v":4.8},"geometry":{"type":"Point","coordinates":[79.3284,10.5338]}},{"type":"Feature","properties":{"s":"Tamil Nadu","v":4.8},"geometry":{"type":"Point","coordinates":[78.1872,11.658]}},{"type":"Feature","properties":{"s":"Tamil Nadu","v":4.8},"geometry":{"type":"Point","coordinates":[77.3992,9.1624]}},{"type":"Feature","properties":{"s":"Tamil Nadu","v":4.8},"geometry":{"type":"Point","coordinates":[77.0701,11.4811]}},{"type":"Feature","properties":{"s":"Tamil Nadu","v":4.8},"geometry":{"type":"Point","coordinates":[79.4243,11.213]}},{"type":"Feature","properties":{"s":"Tamil Nadu","v":4.8},"geometry":{"type":"Point","coordinates":[78.633,9.7544]}},{"type":"Feature","properties":{"s":"Tamil Nadu","v":4.8},"geometry":{"type":"Point","coordinates":[77.7585,10.8448]}},{"type":"Feature","properties":{"s":"Tamil Nadu","v":4.8},"geometry":{"type":"Point","coordinates":[76.9168,10.6935]}},{"type":"Feature","properties":{"s":"Tamil Nadu","v":4.8},"geometry":{"type":"Point","coordinates":[78.0417,11.2687]}},{"type":"Feature","properties":{"s":"Tamil Nadu","v":4.8},"geometry":{"type":"Point","coordinates":[78.48,11.6599]}},{"type":"Feature","properties":{"s":"Tamil Nadu","v":4.8},"geometry":{"type":"Point","coordinates":[77.4668,8.6282]}},{"type":"Feature","properties":{"s":"Tamil Nadu","v":4.8},"geometry":{"type":"Point","coordinates":[80.0744,12.8643]}},{"type":"Feature","properties":{"s":"Tamil Nadu","v":4.8},"geometry":{"type":"Point","coordinates":[79.1006,12.0931]}},{"type":"Feature","properties":{"s":"Tamil Nadu","v":4.8},"geometry":{"type":"Point","coordinates":[76.8381,10.3934]}},{"type":"Feature","properties":{"s":"Tamil Nadu","v":4.8},"geometry":{"type":"Point","coordinates":[78.1604,8.8157]}},{"type":"Feature","properties":{"s":"Tamil Nadu","v":4.8},"geometry":{"type":"Point","coordinates":[80.2191,13.2905]}},{"type":"Feature","properties":{"s":"Uttar Pradesh","v":1.5},"geometry":{"type":"Point","coordinates":[78.4358,25.2646]}},{"type":"Feature","properties":{"s":"Uttar Pradesh","v":1.5},"geometry":{"type":"Point","coordinates":[80.8736,26.973]}},{"type":"Feature","properties":{"s":"Uttar Pradesh","v":1.5},"geometry":{"type":"Point","coordinates":[81.9386,26.0065]}},{"type":"Feature","properties":{"s":"Uttar Pradesh","v":1.5},"geometry":{"type":"Point","coordinates":[77.8806,29.3935]}},{"type":"Feature","properties":{"s":"Uttar Pradesh","v":1.5},"geometry":{"type":"Point","coordinates":[80.5921,25.8176]}},{"type":"Feature","properties":{"s":"Uttar Pradesh","v":1.5},"geometry":{"type":"Point","coordinates":[81.211,27.064]}},{"type":"Feature","properties":{"s":"Uttar Pradesh","v":1.5},"geometry":{"type":"Point","coordinates":[82.7903,27.2433]}},{"type":"Feature","properties":{"s":"Uttar Pradesh","v":1.5},"geometry":{"type":"Point","coordinates":[83.4335,25.4792]}},{"type":"Feature","properties":{"s":"Uttar Pradesh","v":1.5},"geometry":{"type":"Point","coordinates":[82.3347,26.9558]}},{"type":"Feature","properties":{"s":"Uttar Pradesh","v":1.5},"geometry":{"type":"Point","coordinates":[82.865,26.7617]}},{"type":"Feature","properties":{"s":"Uttar Pradesh","v":1.5},"geometry":{"type":"Point","coordinates":[83.1325,25.6161]}},{"type":"Feature","properties":{"s":"Uttar Pradesh","v":1.5},"geometry":{"type":"Point","coordinates":[77.8192,28.0772]}},{"type":"Feature","properties":{"s":"Uttar Pradesh","v":1.5},"geometry":{"type":"Point","coordinates":[82.2017,25.0503]}},{"type":"Feature","properties":{"s":"Uttar Pradesh","v":1.5},"geometry":{"type":"Point","coordinates":[82.4332,26.2304]}},{"type":"Feature","properties":{"s":"Uttar Pradesh","v":1.5},"geometry":{"type":"Point","coordinates":[79.3489,26.0845]}},{"type":"Feature","properties":{"s":"Uttar Pradesh","v":1.5},"geometry":{"type":"Point","coordinates":[77.2362,29.6904]}},{"type":"Feature","properties":{"s":"Uttar Pradesh","v":1.5},"geometry":{"type":"Point","coordinates":[83.244,24.6425]}},{"type":"Feature","properties":{"s":"Uttar Pradesh","v":1.5},"geometry":{"type":"Point","coordinates":[83.0886,25.452]}},{"type":"Feature","properties":{"s":"Uttar Pradesh","v":1.5},"geometry":{"type":"Point","coordinates":[77.5713,28.8168]}},{"type":"Feature","properties":{"s":"Uttar Pradesh","v":1.5},"geometry":{"type":"Point","coordinates":[82.7131,27.0014]}},{"type":"Feature","properties":{"s":"Uttar Pradesh","v":1.5},"geometry":{"type":"Point","coordinates":[79.5046,26.7693]}},{"type":"Feature","properties":{"s":"Uttar Pradesh","v":1.5},"geometry":{"type":"Point","coordinates":[79.5415,28.025]}},{"type":"Feature","properties":{"s":"Uttar Pradesh","v":1.5},"geometry":{"type":"Point","coordinates":[79.2101,25.6236]}},{"type":"Feature","properties":{"s":"Uttar Pradesh","v":1.5},"geometry":{"type":"Point","coordinates":[83.0629,24.0921]}},{"type":"Feature","properties":{"s":"Uttar Pradesh","v":1.5},"geometry":{"type":"Point","coordinates":[80.1894,28.4892]}},{"type":"Feature","properties":{"s":"Uttar Pradesh","v":1.5},"geometry":{"type":"Point","coordinates":[78.3452,26.887]}},{"type":"Feature","properties":{"s":"Uttar Pradesh","v":1.5},"geometry":{"type":"Point","coordinates":[78.1035,28.7915]}},{"type":"Feature","properties":{"s":"West Bengal","v":2.2},"geometry":{"type":"Point","coordinates":[86.8415,22.793]}},{"type":"Feature","properties":{"s":"West Bengal","v":2.2},"geometry":{"type":"Point","coordinates":[88.131,24.1896]}},{"type":"Feature","properties":{"s":"West Bengal","v":2.2},"geometry":{"type":"Point","coordinates":[86.7765,23.4745]}},{"type":"Feature","properties":{"s":"West Bengal","v":2.2},"geometry":{"type":"Point","coordinates":[88.7235,26.3414]}},{"type":"Feature","properties":{"s":"West Bengal","v":2.2},"geometry":{"type":"Point","coordinates":[88.5443,26.7468]}},{"type":"Feature","properties":{"s":"West Bengal","v":2.2},"geometry":{"type":"Point","coordinates":[86.2896,23.1586]}},{"type":"Feature","properties":{"s":"West Bengal","v":2.2},"geometry":{"type":"Point","coordinates":[88.7361,22.8301]}},{"type":"Feature","properties":{"s":"West Bengal","v":2.2},"geometry":{"type":"Point","coordinates":[88.3129,21.9288]}},{"type":"Feature","properties":{"s":"West Bengal","v":2.2},"geometry":{"type":"Point","coordinates":[88.6784,26.5911]}},{"type":"Feature","properties":{"s":"West Bengal","v":2.2},"geometry":{"type":"Point","coordinates":[86.7718,23.2947]}},{"type":"Feature","properties":{"s":"West Bengal","v":2.2},"geometry":{"type":"Point","coordinates":[88.5288,25.4619]}},{"type":"Feature","properties":{"s":"West Bengal","v":2.2},"geometry":{"type":"Point","coordinates":[88.7362,21.9625]}},{"type":"Feature","properties":{"s":"West Bengal","v":2.2},"geometry":{"type":"Point","coordinates":[86.4611,23.0454]}},{"type":"Feature","properties":{"s":"West Bengal","v":2.2},"geometry":{"type":"Point","coordinates":[87.7308,22.8561]}},{"type":"Feature","properties":{"s":"West Bengal","v":2.2},"geometry":{"type":"Point","coordinates":[87.3094,23.5487]}},{"type":"Feature","properties":{"s":"West Bengal","v":2.2},"geometry":{"type":"Point","coordinates":[88.6796,25.4705]}},{"type":"Feature","properties":{"s":"West Bengal","v":2.2},"geometry":{"type":"Point","coordinates":[88.2659,26.5644]}},{"type":"Feature","properties":{"s":"West Bengal","v":2.2},"geometry":{"type":"Point","coordinates":[87.2897,23.7819]}},{"type":"Feature","properties":{"s":"West Bengal","v":2.2},"geometry":{"type":"Point","coordinates":[88.5315,23.3067]}},{"type":"Feature","properties":{"s":"West Bengal","v":2.2},"geometry":{"type":"Point","coordinates":[88.6203,23.5228]}},{"type":"Feature","properties":{"s":"West Bengal","v":2.2},"geometry":{"type":"Point","coordinates":[88.2314,27.0564]}},{"type":"Feature","properties":{"s":"West Bengal","v":2.2},"geometry":{"type":"Point","coordinates":[87.1528,22.9772]}},{"type":"Feature","properties":{"s":"West Bengal","v":2.2},"geometry":{"type":"Point","coordinates":[88.6866,22.4291]}},{"type":"Feature","properties":{"s":"West Bengal","v":2.2},"geometry":{"type":"Point","coordinates":[86.8511,23.6221]}},{"type":"Feature","properties":{"s":"West Bengal","v":2.2},"geometry":{"type":"Point","coordinates":[87.1421,22.5362]}},{"type":"Feature","properties":{"s":"West Bengal","v":2.2},"geometry":{"type":"Point","coordinates":[89.6488,26.5592]}},{"type":"Feature","properties":{"s":"West Bengal","v":2.2},"geometry":{"type":"Point","coordinates":[86.7195,22.7455]}},{"type":"Feature","properties":{"s":"West Bengal","v":2.2},"geometry":{"type":"Point","coordinates":[87.7035,22.9051]}},{"type":"Feature","properties":{"s":"West Bengal","v":2.2},"geometry":{"type":"Point","coordinates":[86.5212,23.089]}},{"type":"Feature","properties":{"s":"West Bengal","v":2.2},"geometry":{"type":"Point","coordinates":[88.2138,23.5619]}},{"type":"Feature","properties":{"s":"West Bengal","v":2.2},"geometry":{"type":"Point","coordinates":[86.2848,23.1864]}},{"type":"Feature","properties":{"s":"West Bengal","v":2.2},"geometry":{"type":"Point","coordinates":[88.7057,25.426]}},{"type":"Feature","properties":{"s":"West Bengal","v":2.2},"geometry":{"type":"Point","coordinates":[87.2408,23.8218]}},{"type":"Feature","properties":{"s":"West Bengal","v":2.2},"geometry":{"type":"Point","coordinates":[88.8298,27.1126]}},{"type":"Feature","properties":{"s":"West Bengal","v":2.2},"geometry":{"type":"Point","coordinates":[88.5108,21.8862]}},{"type":"Feature","properties":{"s":"West Bengal","v":2.2},"geometry":{"type":"Point","coordinates":[87.8818,25.0829]}},{"type":"Feature","properties":{"s":"West Bengal","v":2.2},"geometry":{"type":"Point","coordinates":[87.8268,23.8141]}},{"type":"Feature","properties":{"s":"West Bengal","v":2.2},"geometry":{"type":"Point","coordinates":[87.2796,22.7269]}},{"type":"Feature","properties":{"s":"West Bengal","v":2.2},"geometry":{"type":"Point","coordinates":[88.2884,24.3112]}},{"type":"Feature","properties":{"s":"West Bengal","v":2.2},"geometry":{"type":"Point","coordinates":[87.2009,23.3124]}},{"type":"Feature","properties":{"s":"Andhra Pradesh","v":0.2},"geometry":{"type":"Point","coordinates":[78.9812,13.8401]}},{"type":"Feature","properties":{"s":"Andhra Pradesh","v":0.2},"geometry":{"type":"Point","coordinates":[81.2961,16.9375]}},{"type":"Feature","properties":{"s":"Andhra Pradesh","v":0.2},"geometry":{"type":"Point","coordinates":[77.7986,15.8605]}},{"type":"Feature","properties":{"s":"Andhra Pradesh","v":0.2},"geometry":{"type":"Point","coordinates":[79.0993,14.7142]}},{"type":"Feature","properties":{"s":"Andhra Pradesh","v":0.2},"geometry":{"type":"Point","coordinates":[78.5484,15.6733]}},{"type":"Feature","properties":{"s":"Andhra Pradesh","v":0.2},"geometry":{"type":"Point","coordinates":[81.8842,17.7655]}},{"type":"Feature","properties":{"s":"Puducherry","v":1.9},"geometry":{"type":"Point","coordinates":[79.8003,10.8994]}},{"type":"Feature","properties":{"s":"Puducherry","v":1.9},"geometry":{"type":"Point","coordinates":[79.8366,10.8871]}},{"type":"Feature","properties":{"s":"Puducherry","v":1.9},"geometry":{"type":"Point","coordinates":[79.8218,11.9485]}},{"type":"Feature","properties":{"s":"Puducherry","v":1.9},"geometry":{"type":"Point","coordinates":[79.8319,10.9666]}},{"type":"Feature","properties":{"s":"Puducherry","v":1.9},"geometry":{"type":"Point","coordinates":[79.7918,10.9405]}},{"type":"Feature","properties":{"s":"Puducherry","v":1.9},"geometry":{"type":"Point","coordinates":[79.784,10.9412]}},{"type":"Feature","properties":{"s":"Puducherry","v":1.9},"geometry":{"type":"Point","coordinates":[79.7823,11.8713]}},{"type":"Feature","properties":{"s":"Puducherry","v":1.9},"geometry":{"type":"Point","coordinates":[79.8082,10.916]}},{"type":"Feature","properties":{"s":"Puducherry","v":1.9},"geometry":{"type":"Point","coordinates":[79.8137,10.8914]}},{"type":"Feature","properties":{"s":"Puducherry","v":1.9},"geometry":{"type":"Point","coordinates":[79.8103,11.8897]}},{"type":"Feature","properties":{"s":"Puducherry","v":1.9},"geometry":{"type":"Point","coordinates":[79.7707,10.9303]}},{"type":"Feature","properties":{"s":"Puducherry","v":1.9},"geometry":{"type":"Point","coordinates":[79.777,11.9183]}},{"type":"Feature","properties":{"s":"Puducherry","v":1.9},"geometry":{"type":"Point","coordinates":[79.7814,10.9336]}},{"type":"Feature","properties":{"s":"Puducherry","v":1.9},"geometry":{"type":"Point","coordinates":[79.8158,11.9092]}},{"type":"Feature","properties":{"s":"Puducherry","v":1.9},"geometry":{"type":"Point","coordinates":[79.8081,10.9648]}},{"type":"Feature","properties":{"s":"Puducherry","v":1.9},"geometry":{"type":"Point","coordinates":[79.7617,11.8689]}},{"type":"Feature","properties":{"s":"Puducherry","v":1.9},"geometry":{"type":"Point","coordinates":[79.8086,11.9336]}},{"type":"Feature","properties":{"s":"Puducherry","v":1.9},"geometry":{"type":"Point","coordinates":[79.791,11.9136]}},{"type":"Feature","properties":{"s":"Puducherry","v":1.9},"geometry":{"type":"Point","coordinates":[79.7551,10.9175]}},{"type":"Feature","properties":{"s":"Puducherry","v":1.9},"geometry":{"type":"Point","coordinates":[79.8224,10.937]}},{"type":"Feature","properties":{"s":"Puducherry","v":1.9},"geometry":{"type":"Point","coordinates":[79.8172,10.9606]}},{"type":"Feature","properties":{"s":"Puducherry","v":1.9},"geometry":{"type":"Point","coordinates":[79.7978,11.8467]}},{"type":"Feature","properties":{"s":"Puducherry","v":1.9},"geometry":{"type":"Point","coordinates":[79.837,10.8482]}},{"type":"Feature","properties":{"s":"Puducherry","v":1.9},"geometry":{"type":"Point","coordinates":[79.7309,11.8986]}},{"type":"Feature","properties":{"s":"Puducherry","v":1.9},"geometry":{"type":"Point","coordinates":[79.7877,11.9381]}},{"type":"Feature","properties":{"s":"Puducherry","v":1.9},"geometry":{"type":"Point","coordinates":[79.82,11.9358]}},{"type":"Feature","properties":{"s":"Puducherry","v":1.9},"geometry":{"type":"Point","coordinates":[79.8079,10.9194]}},{"type":"Feature","properties":{"s":"Puducherry","v":1.9},"geometry":{"type":"Point","coordinates":[79.8002,10.9116]}},{"type":"Feature","properties":{"s":"Puducherry","v":1.9},"geometry":{"type":"Point","coordinates":[79.8124,10.895]}},{"type":"Feature","properties":{"s":"Puducherry","v":1.9},"geometry":{"type":"Point","coordinates":[79.759,11.8749]}},{"type":"Feature","properties":{"s":"Puducherry","v":1.9},"geometry":{"type":"Point","coordinates":[79.7557,11.8859]}},{"type":"Feature","properties":{"s":"Puducherry","v":1.9},"geometry":{"type":"Point","coordinates":[79.7962,11.8729]}},{"type":"Feature","properties":{"s":"Puducherry","v":1.9},"geometry":{"type":"Point","coordinates":[79.8359,10.9809]}},{"type":"Feature","properties":{"s":"Puducherry","v":1.9},"geometry":{"type":"Point","coordinates":[79.8262,10.9611]}},{"type":"Feature","properties":{"s":"Maharashtra","v":1.9},"geometry":{"type":"Point","coordinates":[74.0985,17.515]}},{"type":"Feature","properties":{"s":"Maharashtra","v":1.9},"geometry":{"type":"Point","coordinates":[80.351,19.3091]}},{"type":"Feature","properties":{"s":"Maharashtra","v":1.9},"geometry":{"type":"Point","coordinates":[79.8994,20.8663]}},{"type":"Feature","properties":{"s":"Maharashtra","v":1.9},"geometry":{"type":"Point","coordinates":[75.3119,19.0035]}},{"type":"Feature","properties":{"s":"Maharashtra","v":1.9},"geometry":{"type":"Point","coordinates":[80.225,20.4985]}},{"type":"Feature","properties":{"s":"Maharashtra","v":1.9},"geometry":{"type":"Point","coordinates":[75.8374,18.4305]}},{"type":"Feature","properties":{"s":"Maharashtra","v":1.9},"geometry":{"type":"Point","coordinates":[74.2478,18.0391]}},{"type":"Feature","properties":{"s":"Maharashtra","v":1.9},"geometry":{"type":"Point","coordinates":[73.9855,17.6228]}},{"type":"Feature","properties":{"s":"Maharashtra","v":1.9},"geometry":{"type":"Point","coordinates":[78.2568,20.6637]}},{"type":"Feature","properties":{"s":"Maharashtra","v":1.9},"geometry":{"type":"Point","coordinates":[76.2865,18.2275]}},{"type":"Feature","properties":{"s":"Maharashtra","v":1.9},"geometry":{"type":"Point","coordinates":[74.164,19.5174]}},{"type":"Feature","properties":{"s":"Maharashtra","v":1.9},"geometry":{"type":"Point","coordinates":[77.9647,19.7664]}},{"type":"Feature","properties":{"s":"Maharashtra","v":1.9},"geometry":{"type":"Point","coordinates":[73.8062,21.0826]}},{"type":"Feature","properties":{"s":"Maharashtra","v":1.9},"geometry":{"type":"Point","coordinates":[75.9166,17.9084]}},{"type":"Feature","properties":{"s":"Maharashtra","v":1.9},"geometry":{"type":"Point","coordinates":[74.3769,19.0881]}},{"type":"Feature","properties":{"s":"Maharashtra","v":1.9},"geometry":{"type":"Point","coordinates":[78.3311,20.3526]}},{"type":"Feature","properties":{"s":"Maharashtra","v":1.9},"geometry":{"type":"Point","coordinates":[76.1525,18.1232]}},{"type":"Feature","properties":{"s":"Maharashtra","v":1.9},"geometry":{"type":"Point","coordinates":[78.9779,21.3727]}},{"type":"Feature","properties":{"s":"Maharashtra","v":1.9},"geometry":{"type":"Point","coordinates":[74.6887,17.6896]}},{"type":"Feature","properties":{"s":"Maharashtra","v":1.9},"geometry":{"type":"Point","coordinates":[74.0077,17.3988]}},{"type":"Feature","properties":{"s":"Maharashtra","v":1.9},"geometry":{"type":"Point","coordinates":[80.0973,21.4217]}},{"type":"Feature","properties":{"s":"Maharashtra","v":1.9},"geometry":{"type":"Point","coordinates":[74.6145,18.017]}},{"type":"Feature","properties":{"s":"Maharashtra","v":1.9},"geometry":{"type":"Point","coordinates":[73.5933,17.7498]}},{"type":"Feature","properties":{"s":"Maharashtra","v":1.9},"geometry":{"type":"Point","coordinates":[73.9389,20.638]}},{"type":"Feature","properties":{"s":"Maharashtra","v":1.9},"geometry":{"type":"Point","coordinates":[73.4669,16.3067]}},{"type":"Feature","properties":{"s":"Maharashtra","v":1.9},"geometry":{"type":"Point","coordinates":[80.5895,19.6969]}},{"type":"Feature","properties":{"s":"Maharashtra","v":1.9},"geometry":{"type":"Point","coordinates":[75.2508,17.0347]}},{"type":"Feature","properties":{"s":"Maharashtra","v":1.9},"geometry":{"type":"Point","coordinates":[75.0771,17.894]}},{"type":"Feature","properties":{"s":"Maharashtra","v":1.9},"geometry":{"type":"Point","coordinates":[75.877,17.7006]}},{"type":"Feature","properties":{"s":"Maharashtra","v":1.9},"geometry":{"type":"Point","coordinates":[77.5169,20.6774]}},{"type":"Feature","properties":{"s":"Maharashtra","v":1.9},"geometry":{"type":"Point","coordinates":[80.3232,20.7169]}},{"type":"Feature","properties":{"s":"Maharashtra","v":1.9},"geometry":{"type":"Point","coordinates":[73.3602,20.1362]}},{"type":"Feature","properties":{"s":"Maharashtra","v":1.9},"geometry":{"type":"Point","coordinates":[76.5486,20.4062]}},{"type":"Feature","properties":{"s":"Maharashtra","v":1.9},"geometry":{"type":"Point","coordinates":[76.9147,18.714]}},{"type":"Feature","properties":{"s":"Daman & Diu","v":2.2},"geometry":{"type":"Point","coordinates":[72.8498,20.4252]}},{"type":"Feature","properties":{"s":"Daman & Diu","v":2.2},"geometry":{"type":"Point","coordinates":[72.8474,20.4292]}},{"type":"Feature","properties":{"s":"Daman & Diu","v":2.2},"geometry":{"type":"Point","coordinates":[72.847,20.4096]}},{"type":"Feature","properties":{"s":"Daman & Diu","v":2.2},"geometry":{"type":"Point","coordinates":[72.8511,20.4446]}},{"type":"Feature","properties":{"s":"Daman & Diu","v":2.2},"geometry":{"type":"Point","coordinates":[72.8421,20.4218]}},{"type":"Feature","properties":{"s":"Daman & Diu","v":2.2},"geometry":{"type":"Point","coordinates":[72.8352,20.3989]}},{"type":"Feature","properties":{"s":"Daman & Diu","v":2.2},"geometry":{"type":"Point","coordinates":[72.8377,20.3937]}},{"type":"Feature","properties":{"s":"Daman & Diu","v":2.2},"geometry":{"type":"Point","coordinates":[72.8537,20.4229]}},{"type":"Feature","properties":{"s":"Daman & Diu","v":2.2},"geometry":{"type":"Point","coordinates":[72.848,20.425]}},{"type":"Feature","properties":{"s":"Daman & Diu","v":2.2},"geometry":{"type":"Point","coordinates":[72.8557,20.4519]}},{"type":"Feature","properties":{"s":"Daman & Diu","v":2.2},"geometry":{"type":"Point","coordinates":[72.851,20.451]}},{"type":"Feature","properties":{"s":"Daman & Diu","v":2.2},"geometry":{"type":"Point","coordinates":[72.8425,20.4098]}},{"type":"Feature","properties":{"s":"Daman & Diu","v":2.2},"geometry":{"type":"Point","coordinates":[72.8423,20.4093]}},{"type":"Feature","properties":{"s":"Daman & Diu","v":2.2},"geometry":{"type":"Point","coordinates":[72.8338,20.3944]}},{"type":"Feature","properties":{"s":"Daman & Diu","v":2.2},"geometry":{"type":"Point","coordinates":[72.8402,20.4035]}},{"type":"Feature","properties":{"s":"Daman & Diu","v":2.2},"geometry":{"type":"Point","coordinates":[72.8452,20.4211]}},{"type":"Feature","properties":{"s":"Daman & Diu","v":2.2},"geometry":{"type":"Point","coordinates":[72.8318,20.3953]}},{"type":"Feature","properties":{"s":"Daman & Diu","v":2.2},"geometry":{"type":"Point","coordinates":[72.8302,20.3849]}},{"type":"Feature","properties":{"s":"Daman & Diu","v":2.2},"geometry":{"type":"Point","coordinates":[72.8473,20.4118]}},{"type":"Feature","properties":{"s":"Daman & Diu","v":2.2},"geometry":{"type":"Point","coordinates":[72.8472,20.4294]}},{"type":"Feature","properties":{"s":"Daman & Diu","v":2.2},"geometry":{"type":"Point","coordinates":[72.8476,20.443]}},{"type":"Feature","properties":{"s":"Daman & Diu","v":2.2},"geometry":{"type":"Point","coordinates":[72.8346,20.4052]}},{"type":"Feature","properties":{"s":"Daman & Diu","v":2.2},"geometry":{"type":"Point","coordinates":[72.8299,20.3842]}},{"type":"Feature","properties":{"s":"Daman & Diu","v":2.2},"geometry":{"type":"Point","coordinates":[72.8352,20.3904]}},{"type":"Feature","properties":{"s":"Daman & Diu","v":2.2},"geometry":{"type":"Point","coordinates":[72.8421,20.4017]}},{"type":"Feature","properties":{"s":"Daman & Diu","v":2.2},"geometry":{"type":"Point","coordinates":[72.8218,20.3687]}},{"type":"Feature","properties":{"s":"Daman & Diu","v":2.2},"geometry":{"type":"Point","coordinates":[72.8485,20.4155]}},{"type":"Feature","properties":{"s":"Daman & Diu","v":2.2},"geometry":{"type":"Point","coordinates":[72.8501,20.4499]}},{"type":"Feature","properties":{"s":"Daman & Diu","v":2.2},"geometry":{"type":"Point","coordinates":[72.85,20.4511]}},{"type":"Feature","properties":{"s":"Daman & Diu","v":2.2},"geometry":{"type":"Point","coordinates":[72.8425,20.4042]}},{"type":"Feature","properties":{"s":"Daman & Diu","v":2.2},"geometry":{"type":"Point","coordinates":[72.8535,20.4288]}},{"type":"Feature","properties":{"s":"Daman & Diu","v":2.2},"geometry":{"type":"Point","coordinates":[72.8274,20.3848]}},{"type":"Feature","properties":{"s":"Daman & Diu","v":2.2},"geometry":{"type":"Point","coordinates":[72.8504,20.4201]}},{"type":"Feature","properties":{"s":"Daman & Diu","v":2.2},"geometry":{"type":"Point","coordinates":[72.8562,20.4182]}},{"type":"Feature","properties":{"s":"Daman & Diu","v":2.2},"geometry":{"type":"Point","coordinates":[72.8299,20.3845]}},{"type":"Feature","properties":{"s":"Daman & Diu","v":2.2},"geometry":{"type":"Point","coordinates":[72.8409,20.4097]}},{"type":"Feature","properties":{"s":"Daman & Diu","v":2.2},"geometry":{"type":"Point","coordinates":[72.8444,20.4114]}},{"type":"Feature","properties":{"s":"Daman & Diu","v":2.2},"geometry":{"type":"Point","coordinates":[72.8383,20.4149]}},{"type":"Feature","properties":{"s":"Daman & Diu","v":2.2},"geometry":{"type":"Point","coordinates":[72.8501,20.4318]}},{"type":"Feature","properties":{"s":"Daman & Diu","v":2.2},"geometry":{"type":"Point","coordinates":[72.8505,20.4171]}},{"type":"Feature","properties":{"s":"Dadra & Nagar Haveli","v":2.2},"geometry":{"type":"Point","coordinates":[73.0952,20.1225]}},{"type":"Feature","properties":{"s":"Dadra & Nagar Haveli","v":2.2},"geometry":{"type":"Point","coordinates":[73.0132,20.2426]}},{"type":"Feature","properties":{"s":"Dadra & Nagar Haveli","v":2.2},"geometry":{"type":"Point","coordinates":[73.0412,20.1469]}},{"type":"Feature","properties":{"s":"Dadra & Nagar Haveli","v":2.2},"geometry":{"type":"Point","coordinates":[73.0801,20.1331]}},{"type":"Feature","properties":{"s":"Dadra & Nagar Haveli","v":2.2},"geometry":{"type":"Point","coordinates":[73.0928,20.2718]}},{"type":"Feature","properties":{"s":"Dadra & Nagar Haveli","v":2.2},"geometry":{"type":"Point","coordinates":[73.174,20.1427]}},{"type":"Feature","properties":{"s":"Dadra & Nagar Haveli","v":2.2},"geometry":{"type":"Point","coordinates":[73.1207,20.2058]}},{"type":"Feature","properties":{"s":"Dadra & Nagar Haveli","v":2.2},"geometry":{"type":"Point","coordinates":[73.1238,20.1407]}},{"type":"Feature","properties":{"s":"Dadra & Nagar Haveli","v":2.2},"geometry":{"type":"Point","coordinates":[73.0579,20.2398]}},{"type":"Feature","properties":{"s":"Dadra & Nagar Haveli","v":2.2},"geometry":{"type":"Point","coordinates":[73.1863,20.1037]}},{"type":"Feature","properties":{"s":"Dadra & Nagar Haveli","v":2.2},"geometry":{"type":"Point","coordinates":[72.9998,20.2741]}},{"type":"Feature","properties":{"s":"Dadra & Nagar Haveli","v":2.2},"geometry":{"type":"Point","coordinates":[73.0627,20.2361]}},{"type":"Feature","properties":{"s":"Dadra & Nagar Haveli","v":2.2},"geometry":{"type":"Point","coordinates":[73.022,20.2838]}},{"type":"Feature","properties":{"s":"Dadra & Nagar Haveli","v":2.2},"geometry":{"type":"Point","coordinates":[72.9472,20.2692]}},{"type":"Feature","properties":{"s":"Dadra & Nagar Haveli","v":2.2},"geometry":{"type":"Point","coordinates":[73.0208,20.2584]}},{"type":"Feature","properties":{"s":"Dadra & Nagar Haveli","v":2.2},"geometry":{"type":"Point","coordinates":[73.2022,20.1277]}},{"type":"Feature","properties":{"s":"Dadra & Nagar Haveli","v":2.2},"geometry":{"type":"Point","coordinates":[73.043,20.2156]}},{"type":"Feature","properties":{"s":"Dadra & Nagar Haveli","v":2.2},"geometry":{"type":"Point","coordinates":[73.089,20.2681]}},{"type":"Feature","properties":{"s":"Dadra & Nagar Haveli","v":2.2},"geometry":{"type":"Point","coordinates":[73.1115,20.2367]}},{"type":"Feature","properties":{"s":"Dadra & Nagar Haveli","v":2.2},"geometry":{"type":"Point","coordinates":[73.0806,20.2563]}},{"type":"Feature","properties":{"s":"Dadra & Nagar Haveli","v":2.2},"geometry":{"type":"Point","coordinates":[73.0004,20.2777]}},{"type":"Feature","properties":{"s":"Dadra & Nagar Haveli","v":2.2},"geometry":{"type":"Point","coordinates":[72.9506,20.2483]}},{"type":"Feature","properties":{"s":"Dadra & Nagar Haveli","v":2.2},"geometry":{"type":"Point","coordinates":[73.0656,20.1654]}},{"type":"Feature","properties":{"s":"Dadra & Nagar Haveli","v":2.2},"geometry":{"type":"Point","coordinates":[73.1035,20.1879]}},{"type":"Feature","properties":{"s":"Dadra & Nagar Haveli","v":2.2},"geometry":{"type":"Point","coordinates":[72.9492,20.2712]}},{"type":"Feature","properties":{"s":"Dadra & Nagar Haveli","v":2.2},"geometry":{"type":"Point","coordinates":[73.1123,20.1816]}},{"type":"Feature","properties":{"s":"Dadra & Nagar Haveli","v":2.2},"geometry":{"type":"Point","coordinates":[73.0791,20.1735]}},{"type":"Feature","properties":{"s":"Dadra & Nagar Haveli","v":2.2},"geometry":{"type":"Point","coordinates":[73.025,20.2052]}},{"type":"Feature","properties":{"s":"Dadra & Nagar Haveli","v":2.2},"geometry":{"type":"Point","coordinates":[73.0169,20.1875]}},{"type":"Feature","properties":{"s":"Dadra & Nagar Haveli","v":2.2},"geometry":{"type":"Point","coordinates":[72.9337,20.2679]}},{"type":"Feature","properties":{"s":"Dadra & Nagar Haveli","v":2.2},"geometry":{"type":"Point","coordinates":[73.1972,20.0928]}},{"type":"Feature","properties":{"s":"Dadra & Nagar Haveli","v":2.2},"geometry":{"type":"Point","coordinates":[73.0852,20.1942]}},{"type":"Feature","properties":{"s":"Dadra & Nagar Haveli","v":2.2},"geometry":{"type":"Point","coordinates":[73.0556,20.2338]}},{"type":"Feature","properties":{"s":"Dadra & Nagar Haveli","v":2.2},"geometry":{"type":"Point","coordinates":[73.0368,20.2766]}},{"type":"Feature","properties":{"s":"Dadra & Nagar Haveli","v":2.2},"geometry":{"type":"Point","coordinates":[72.9687,20.2201]}},{"type":"Feature","properties":{"s":"Dadra & Nagar Haveli","v":2.2},"geometry":{"type":"Point","coordinates":[73.081,20.133]}},{"type":"Feature","properties":{"s":"Dadra & Nagar Haveli","v":2.2},"geometry":{"type":"Point","coordinates":[73.1393,20.1379]}},{"type":"Feature","properties":{"s":"Dadra & Nagar Haveli","v":2.2},"geometry":{"type":"Point","coordinates":[73.0554,20.2206]}},{"type":"Feature","properties":{"s":"Dadra & Nagar Haveli","v":2.2},"geometry":{"type":"Point","coordinates":[73.0418,20.261]}},{"type":"Feature","properties":{"s":"Dadra & Nagar Haveli","v":2.2},"geometry":{"type":"Point","coordinates":[72.9865,20.1719]}},{"type":"Feature","properties":{"s":"Ladakh","v":7.9},"geometry":{"type":"Point","coordinates":[80.2502,35.3342]}},{"type":"Feature","properties":{"s":"Ladakh","v":7.9},"geometry":{"type":"Point","coordinates":[74.6379,35.2626]}},{"type":"Feature","properties":{"s":"Ladakh","v":7.9},"geometry":{"type":"Point","coordinates":[75.838,35.0304]}},{"type":"Feature","properties":{"s":"Ladakh","v":7.9},"geometry":{"type":"Point","coordinates":[77.3712,35.4574]}},{"type":"Feature","properties":{"s":"Ladakh","v":7.9},"geometry":{"type":"Point","coordinates":[74.8995,36.4542]}},{"type":"Feature","properties":{"s":"Ladakh","v":7.9},"geometry":{"type":"Point","coordinates":[74.7404,36.5394]}},{"type":"Feature","properties":{"s":"Ladakh","v":7.9},"geometry":{"type":"Point","coordinates":[79.6051,35.5129]}},{"type":"Feature","properties":{"s":"Ladakh","v":7.9},"geometry":{"type":"Point","coordinates":[77.7733,34.3053]}},{"type":"Feature","properties":{"s":"Ladakh","v":7.9},"geometry":{"type":"Point","coordinates":[73.6159,35.7186]}},{"type":"Feature","properties":{"s":"Ladakh","v":7.9},"geometry":{"type":"Point","coordinates":[78.6161,34.6708]}},{"type":"Feature","properties":{"s":"Ladakh","v":7.9},"geometry":{"type":"Point","coordinates":[76.1029,35.492]}},{"type":"Feature","properties":{"s":"Ladakh","v":7.9},"geometry":{"type":"Point","coordinates":[77.9625,34.5357]}},{"type":"Feature","properties":{"s":"Ladakh","v":7.9},"geometry":{"type":"Point","coordinates":[75.1657,34.7202]}},{"type":"Feature","properties":{"s":"Ladakh","v":7.9},"geometry":{"type":"Point","coordinates":[77.2438,35.0741]}},{"type":"Feature","properties":{"s":"Ladakh","v":7.9},"geometry":{"type":"Point","coordinates":[76.2829,34.6611]}},{"type":"Feature","properties":{"s":"Ladakh","v":7.9},"geometry":{"type":"Point","coordinates":[74.9728,36.6322]}},{"type":"Feature","properties":{"s":"Ladakh","v":7.9},"geometry":{"type":"Point","coordinates":[77.5814,35.3582]}},{"type":"Feature","properties":{"s":"Ladakh","v":7.9},"geometry":{"type":"Point","coordinates":[78.1724,32.8053]}},{"type":"Feature","properties":{"s":"Ladakh","v":7.9},"geometry":{"type":"Point","coordinates":[79.3978,32.8425]}},{"type":"Feature","properties":{"s":"Ladakh","v":7.9},"geometry":{"type":"Point","coordinates":[73.6296,36.4775]}},{"type":"Feature","properties":{"s":"Ladakh","v":7.9},"geometry":{"type":"Point","coordinates":[76.2434,34.2901]}},{"type":"Feature","properties":{"s":"Ladakh","v":7.9},"geometry":{"type":"Point","coordinates":[76.1891,35.4213]}},{"type":"Feature","properties":{"s":"Ladakh","v":7.9},"geometry":{"type":"Point","coordinates":[73.6022,36.4861]}},{"type":"Feature","properties":{"s":"Ladakh","v":7.9},"geometry":{"type":"Point","coordinates":[78.8686,33.7058]}},{"type":"Feature","properties":{"s":"Ladakh","v":7.9},"geometry":{"type":"Point","coordinates":[78.9311,32.9577]}},{"type":"Feature","properties":{"s":"Ladakh","v":7.9},"geometry":{"type":"Point","coordinates":[73.1915,35.7417]}},{"type":"Feature","properties":{"s":"Ladakh","v":7.9},"geometry":{"type":"Point","coordinates":[73.4058,36.2817]}},{"type":"Feature","properties":{"s":"Ladakh","v":7.9},"geometry":{"type":"Point","coordinates":[76.5522,35.6331]}},{"type":"Feature","properties":{"s":"Ladakh","v":7.9},"geometry":{"type":"Point","coordinates":[75.2794,35.5259]}},{"type":"Feature","properties":{"s":"Ladakh","v":7.9},"geometry":{"type":"Point","coordinates":[77.195,32.9595]}},{"type":"Feature","properties":{"s":"Ladakh","v":7.9},"geometry":{"type":"Point","coordinates":[74.3934,36.6684]}},{"type":"Feature","properties":{"s":"Ladakh","v":7.9},"geometry":{"type":"Point","coordinates":[74.5479,36.7805]}},{"type":"Feature","properties":{"s":"Ladakh","v":7.9},"geometry":{"type":"Point","coordinates":[78.6372,33.1933]}},{"type":"Feature","properties":{"s":"Ladakh","v":7.9},"geometry":{"type":"Point","coordinates":[77.0501,35.7389]}},{"type":"Feature","properties":{"s":"Ladakh","v":7.9},"geometry":{"type":"Point","coordinates":[74.7596,35.3978]}},{"type":"Feature","properties":{"s":"Ladakh","v":7.9},"geometry":{"type":"Point","coordinates":[79.1134,34.481]}},{"type":"Feature","properties":{"s":"Ladakh","v":7.9},"geometry":{"type":"Point","coordinates":[74.0616,36.3111]}},{"type":"Feature","properties":{"s":"Ladakh","v":7.9},"geometry":{"type":"Point","coordinates":[74.3524,36.5936]}},{"type":"Feature","properties":{"s":"Ladakh","v":7.9},"geometry":{"type":"Point","coordinates":[78.3886,34.5544]}},{"type":"Feature","properties":{"s":"Ladakh","v":7.9},"geometry":{"type":"Point","coordinates":[76.9716,33.263]}},{"type":"Feature","properties":{"s":"Ladakh","v":7.9},"geometry":{"type":"Point","coordinates":[75.3535,35.6986]}},{"type":"Feature","properties":{"s":"Ladakh","v":7.9},"geometry":{"type":"Point","coordinates":[74.3188,36.1485]}},{"type":"Feature","properties":{"s":"Ladakh","v":7.9},"geometry":{"type":"Point","coordinates":[80.2204,35.2721]}},{"type":"Feature","properties":{"s":"Ladakh","v":7.9},"geometry":{"type":"Point","coordinates":[76.6047,34.0322]}},{"type":"Feature","properties":{"s":"Ladakh","v":7.9},"geometry":{"type":"Point","coordinates":[76.4888,34.8782]}},{"type":"Feature","properties":{"s":"Ladakh","v":7.9},"geometry":{"type":"Point","coordinates":[78.2172,33.6808]}},{"type":"Feature","properties":{"s":"Ladakh","v":7.9},"geometry":{"type":"Point","coordinates":[78.8441,32.5704]}},{"type":"Feature","properties":{"s":"Ladakh","v":7.9},"geometry":{"type":"Point","coordinates":[76.5231,34.675]}},{"type":"Feature","properties":{"s":"Ladakh","v":7.9},"geometry":{"type":"Point","coordinates":[75.1735,35.8962]}},{"type":"Feature","properties":{"s":"Ladakh","v":7.9},"geometry":{"type":"Point","coordinates":[79.8157,35.416]}},{"type":"Feature","properties":{"s":"Ladakh","v":7.9},"geometry":{"type":"Point","coordinates":[77.1983,35.0441]}},{"type":"Feature","properties":{"s":"Ladakh","v":7.9},"geometry":{"type":"Point","coordinates":[75.0611,36.8689]}},{"type":"Feature","properties":{"s":"Ladakh","v":7.9},"geometry":{"type":"Point","coordinates":[77.4845,33.0952]}},{"type":"Feature","properties":{"s":"Ladakh","v":7.9},"geometry":{"type":"Point","coordinates":[73.7196,36.6304]}},{"type":"Feature","properties":{"s":"Ladakh","v":7.9},"geometry":{"type":"Point","coordinates":[74.5564,35.5303]}},{"type":"Feature","properties":{"s":"Ladakh","v":7.9},"geometry":{"type":"Point","coordinates":[77.5681,33.2373]}},{"type":"Feature","properties":{"s":"Ladakh","v":7.9},"geometry":{"type":"Point","coordinates":[74.1273,35.8664]}},{"type":"Feature","properties":{"s":"Ladakh","v":7.9},"geometry":{"type":"Point","coordinates":[77.9928,33.6118]}},{"type":"Feature","properties":{"s":"Ladakh","v":7.9},"geometry":{"type":"Point","coordinates":[77.5344,35.4568]}},{"type":"Feature","properties":{"s":"Ladakh","v":7.9},"geometry":{"type":"Point","coordinates":[76.268,34.4247]}},{"type":"Feature","properties":{"s":"Ladakh","v":7.9},"geometry":{"type":"Point","coordinates":[77.3252,34.1501]}},{"type":"Feature","properties":{"s":"Ladakh","v":7.9},"geometry":{"type":"Point","coordinates":[78.1822,33.7036]}},{"type":"Feature","properties":{"s":"Ladakh","v":7.9},"geometry":{"type":"Point","coordinates":[73.5928,35.5992]}},{"type":"Feature","properties":{"s":"Ladakh","v":7.9},"geometry":{"type":"Point","coordinates":[79.3309,35.4011]}},{"type":"Feature","properties":{"s":"Ladakh","v":7.9},"geometry":{"type":"Point","coordinates":[77.7787,33.8114]}},{"type":"Feature","properties":{"s":"Ladakh","v":7.9},"geometry":{"type":"Point","coordinates":[80.1779,35.1881]}},{"type":"Feature","properties":{"s":"Ladakh","v":7.9},"geometry":{"type":"Point","coordinates":[74.7461,36.498]}},{"type":"Feature","properties":{"s":"Ladakh","v":7.9},"geometry":{"type":"Point","coordinates":[75.6709,36.5639]}},{"type":"Feature","properties":{"s":"Ladakh","v":7.9},"geometry":{"type":"Point","coordinates":[73.8677,35.5268]}},{"type":"Feature","properties":{"s":"Ladakh","v":7.9},"geometry":{"type":"Point","coordinates":[79.247,35.9382]}},{"type":"Feature","properties":{"s":"Ladakh","v":7.9},"geometry":{"type":"Point","coordinates":[78.3542,33.3419]}},{"type":"Feature","properties":{"s":"Ladakh","v":7.9},"geometry":{"type":"Point","coordinates":[74.9791,36.2187]}},{"type":"Feature","properties":{"s":"Ladakh","v":7.9},"geometry":{"type":"Point","coordinates":[76.935,33.4612]}},{"type":"Feature","properties":{"s":"Ladakh","v":7.9},"geometry":{"type":"Point","coordinates":[77.0493,33.3969]}},{"type":"Feature","properties":{"s":"Ladakh","v":7.9},"geometry":{"type":"Point","coordinates":[77.6229,34.161]}},{"type":"Feature","properties":{"s":"Ladakh","v":7.9},"geometry":{"type":"Point","coordinates":[73.492,36.1969]}},{"type":"Feature","properties":{"s":"Ladakh","v":7.9},"geometry":{"type":"Point","coordinates":[78.4063,34.624]}},{"type":"Feature","properties":{"s":"Ladakh","v":7.9},"geometry":{"type":"Point","coordinates":[77.1444,35.7048]}},{"type":"Feature","properties":{"s":"Ladakh","v":7.9},"geometry":{"type":"Point","coordinates":[79.1534,33.2942]}},{"type":"Feature","properties":{"s":"Ladakh","v":7.9},"geometry":{"type":"Point","coordinates":[76.3527,35.4451]}},{"type":"Feature","properties":{"s":"Ladakh","v":7.9},"geometry":{"type":"Point","coordinates":[74.0867,35.6572]}},{"type":"Feature","properties":{"s":"Ladakh","v":7.9},"geometry":{"type":"Point","coordinates":[77.4938,33.4626]}},{"type":"Feature","properties":{"s":"Ladakh","v":7.9},"geometry":{"type":"Point","coordinates":[74.2911,35.7654]}},{"type":"Feature","properties":{"s":"Ladakh","v":7.9},"geometry":{"type":"Point","coordinates":[77.8314,34.57]}},{"type":"Feature","properties":{"s":"Ladakh","v":7.9},"geometry":{"type":"Point","coordinates":[78.9998,34.328]}},{"type":"Feature","properties":{"s":"Ladakh","v":7.9},"geometry":{"type":"Point","coordinates":[74.7274,36.7028]}},{"type":"Feature","properties":{"s":"Ladakh","v":7.9},"geometry":{"type":"Point","coordinates":[74.6004,35.778]}},{"type":"Feature","properties":{"s":"Ladakh","v":7.9},"geometry":{"type":"Point","coordinates":[74.8156,35.8928]}},{"type":"Feature","properties":{"s":"Ladakh","v":7.9},"geometry":{"type":"Point","coordinates":[77.396,34.1334]}},{"type":"Feature","properties":{"s":"Ladakh","v":7.9},"geometry":{"type":"Point","coordinates":[75.9286,35.3825]}},{"type":"Feature","properties":{"s":"Ladakh","v":7.9},"geometry":{"type":"Point","coordinates":[77.7454,34.8629]}},{"type":"Feature","properties":{"s":"Ladakh","v":7.9},"geometry":{"type":"Point","coordinates":[76.6998,33.5642]}},{"type":"Feature","properties":{"s":"Ladakh","v":7.9},"geometry":{"type":"Point","coordinates":[78.0137,34.06]}},{"type":"Feature","properties":{"s":"Ladakh","v":7.9},"geometry":{"type":"Point","coordinates":[78.6872,33.3497]}},{"type":"Feature","properties":{"s":"Ladakh","v":7.9},"geometry":{"type":"Point","coordinates":[75.5822,35.5339]}},{"type":"Feature","properties":{"s":"Ladakh","v":7.9},"geometry":{"type":"Point","coordinates":[75.1528,35.0417]}},{"type":"Feature","properties":{"s":"Ladakh","v":7.9},"geometry":{"type":"Point","coordinates":[78.5222,35.5961]}},{"type":"Feature","properties":{"s":"Ladakh","v":7.9},"geometry":{"type":"Point","coordinates":[73.4145,36.0864]}},{"type":"Feature","properties":{"s":"Ladakh","v":7.9},"geometry":{"type":"Point","coordinates":[75.2725,36.8334]}},{"type":"Feature","properties":{"s":"Ladakh","v":7.9},"geometry":{"type":"Point","coordinates":[73.2209,36.0509]}},{"type":"Feature","properties":{"s":"Ladakh","v":7.9},"geometry":{"type":"Point","coordinates":[78.4221,33.2384]}},{"type":"Feature","properties":{"s":"Ladakh","v":7.9},"geometry":{"type":"Point","coordinates":[76.2548,35.4551]}},{"type":"Feature","properties":{"s":"Ladakh","v":7.9},"geometry":{"type":"Point","coordinates":[75.8541,34.3021]}},{"type":"Feature","properties":{"s":"Ladakh","v":7.9},"geometry":{"type":"Point","coordinates":[74.1443,36.2278]}},{"type":"Feature","properties":{"s":"Ladakh","v":7.9},"geometry":{"type":"Point","coordinates":[80.0572,35.5267]}},{"type":"Feature","properties":{"s":"Ladakh","v":7.9},"geometry":{"type":"Point","coordinates":[73.8313,35.2368]}},{"type":"Feature","properties":{"s":"Ladakh","v":7.9},"geometry":{"type":"Point","coordinates":[73.9299,36.3051]}},{"type":"Feature","properties":{"s":"Ladakh","v":7.9},"geometry":{"type":"Point","coordinates":[77.2391,35.4996]}},{"type":"Feature","properties":{"s":"Ladakh","v":7.9},"geometry":{"type":"Point","coordinates":[78.5624,34.5164]}},{"type":"Feature","properties":{"s":"Ladakh","v":7.9},"geometry":{"type":"Point","coordinates":[78.7742,33.9594]}},{"type":"Feature","properties":{"s":"Ladakh","v":7.9},"geometry":{"type":"Point","coordinates":[76.3625,34.057]}},{"type":"Feature","properties":{"s":"Ladakh","v":7.9},"geometry":{"type":"Point","coordinates":[77.5836,35.3222]}},{"type":"Feature","properties":{"s":"Ladakh","v":7.9},"geometry":{"type":"Point","coordinates":[77.0948,34.6357]}},{"type":"Feature","properties":{"s":"Ladakh","v":7.9},"geometry":{"type":"Point","coordinates":[73.9783,36.2278]}},{"type":"Feature","properties":{"s":"Ladakh","v":7.9},"geometry":{"type":"Point","coordinates":[78.3544,35.4263]}},{"type":"Feature","properties":{"s":"Ladakh","v":7.9},"geometry":{"type":"Point","coordinates":[79.8084,35.7504]}},{"type":"Feature","properties":{"s":"Ladakh","v":7.9},"geometry":{"type":"Point","coordinates":[74.8259,35.8693]}},{"type":"Feature","properties":{"s":"Ladakh","v":7.9},"geometry":{"type":"Point","coordinates":[76.5025,34.0317]}},{"type":"Feature","properties":{"s":"Ladakh","v":7.9},"geometry":{"type":"Point","coordinates":[76.3405,34.1707]}},{"type":"Feature","properties":{"s":"Ladakh","v":7.9},"geometry":{"type":"Point","coordinates":[79.1679,35.1033]}},{"type":"Feature","properties":{"s":"Ladakh","v":7.9},"geometry":{"type":"Point","coordinates":[77.2647,33.1871]}},{"type":"Feature","properties":{"s":"Ladakh","v":7.9},"geometry":{"type":"Point","coordinates":[75.8162,35.4613]}},{"type":"Feature","properties":{"s":"Ladakh","v":7.9},"geometry":{"type":"Point","coordinates":[78.2082,33.777]}},{"type":"Feature","properties":{"s":"Ladakh","v":7.9},"geometry":{"type":"Point","coordinates":[77.185,35.0074]}},{"type":"Feature","properties":{"s":"Ladakh","v":7.9},"geometry":{"type":"Point","coordinates":[78.7654,35.5781]}},{"type":"Feature","properties":{"s":"Ladakh","v":7.9},"geometry":{"type":"Point","coordinates":[79.0929,35.4671]}},{"type":"Feature","properties":{"s":"Ladakh","v":7.9},"geometry":{"type":"Point","coordinates":[73.0033,36.2398]}},{"type":"Feature","properties":{"s":"Ladakh","v":7.9},"geometry":{"type":"Point","coordinates":[74.3332,35.2127]}},{"type":"Feature","properties":{"s":"Ladakh","v":7.9},"geometry":{"type":"Point","coordinates":[76.3372,35.9806]}},{"type":"Feature","properties":{"s":"Ladakh","v":7.9},"geometry":{"type":"Point","coordinates":[80.0034,35.6866]}},{"type":"Feature","properties":{"s":"Ladakh","v":7.9},"geometry":{"type":"Point","coordinates":[75.9294,35.4424]}},{"type":"Feature","properties":{"s":"Ladakh","v":7.9},"geometry":{"type":"Point","coordinates":[73.1659,35.8163]}},{"type":"Feature","properties":{"s":"Ladakh","v":7.9},"geometry":{"type":"Point","coordinates":[78.1539,33.6575]}},{"type":"Feature","properties":{"s":"Ladakh","v":7.9},"geometry":{"type":"Point","coordinates":[75.0721,35.8185]}},{"type":"Feature","properties":{"s":"Ladakh","v":7.9},"geometry":{"type":"Point","coordinates":[73.0606,36.0973]}},{"type":"Feature","properties":{"s":"Ladakh","v":7.9},"geometry":{"type":"Point","coordinates":[79.2261,35.6723]}},{"type":"Feature","properties":{"s":"Ladakh","v":7.9},"geometry":{"type":"Point","coordinates":[77.6291,34.6535]}},{"type":"Feature","properties":{"s":"Ladakh","v":7.9},"geometry":{"type":"Point","coordinates":[72.6001,36.1648]}},{"type":"Feature","properties":{"s":"Ladakh","v":7.9},"geometry":{"type":"Point","coordinates":[72.9249,35.9521]}},{"type":"Feature","properties":{"s":"Ladakh","v":7.9},"geometry":{"type":"Point","coordinates":[73.8386,36.1495]}},{"type":"Feature","properties":{"s":"Ladakh","v":7.9},"geometry":{"type":"Point","coordinates":[75.5381,36.1444]}},{"type":"Feature","properties":{"s":"Ladakh","v":7.9},"geometry":{"type":"Point","coordinates":[75.9055,35.7513]}},{"type":"Feature","properties":{"s":"Jammu & Kashmir","v":5.9},"geometry":{"type":"Point","coordinates":[74.7216,33.7919]}},{"type":"Feature","properties":{"s":"Jammu & Kashmir","v":5.9},"geometry":{"type":"Point","coordinates":[74.436,34.005]}},{"type":"Feature","properties":{"s":"Jammu & Kashmir","v":5.9},"geometry":{"type":"Point","coordinates":[75.4355,33.4272]}},{"type":"Feature","properties":{"s":"Jammu & Kashmir","v":5.9},"geometry":{"type":"Point","coordinates":[74.566,33.0326]}},{"type":"Feature","properties":{"s":"Jammu & Kashmir","v":5.9},"geometry":{"type":"Point","coordinates":[74.5551,33.6816]}},{"type":"Feature","properties":{"s":"Jammu & Kashmir","v":5.9},"geometry":{"type":"Point","coordinates":[74.9036,33.4778]}},{"type":"Feature","properties":{"s":"Jammu & Kashmir","v":5.9},"geometry":{"type":"Point","coordinates":[74.1923,33.1777]}},{"type":"Feature","properties":{"s":"Jammu & Kashmir","v":5.9},"geometry":{"type":"Point","coordinates":[74.7481,32.8074]}},{"type":"Feature","properties":{"s":"Jammu & Kashmir","v":5.9},"geometry":{"type":"Point","coordinates":[75.354,32.844]}},{"type":"Feature","properties":{"s":"Jammu & Kashmir","v":5.9},"geometry":{"type":"Point","coordinates":[74.143,34.014]}},{"type":"Feature","properties":{"s":"Jammu & Kashmir","v":5.9},"geometry":{"type":"Point","coordinates":[74.0236,34.4184]}},{"type":"Feature","properties":{"s":"Jammu & Kashmir","v":5.9},"geometry":{"type":"Point","coordinates":[75.9686,33.2543]}},{"type":"Feature","properties":{"s":"Jammu & Kashmir","v":5.9},"geometry":{"type":"Point","coordinates":[76.3974,33.4952]}},{"type":"Feature","properties":{"s":"Jammu & Kashmir","v":5.9},"geometry":{"type":"Point","coordinates":[74.7156,34.5111]}},{"type":"Feature","properties":{"s":"Jammu & Kashmir","v":5.9},"geometry":{"type":"Point","coordinates":[74.2222,33.2081]}},{"type":"Feature","properties":{"s":"Jammu & Kashmir","v":5.9},"geometry":{"type":"Point","coordinates":[76.2975,33.3552]}},{"type":"Feature","properties":{"s":"Jammu & Kashmir","v":5.9},"geometry":{"type":"Point","coordinates":[75.1494,32.9535]}},{"type":"Feature","properties":{"s":"Jammu & Kashmir","v":5.9},"geometry":{"type":"Point","coordinates":[74.1832,35.0452]}},{"type":"Feature","properties":{"s":"Jammu & Kashmir","v":5.9},"geometry":{"type":"Point","coordinates":[75.6597,33.1064]}},{"type":"Feature","properties":{"s":"Jammu & Kashmir","v":5.9},"geometry":{"type":"Point","coordinates":[74.3746,33.0787]}},{"type":"Feature","properties":{"s":"Jammu & Kashmir","v":5.9},"geometry":{"type":"Point","coordinates":[74.7337,32.6219]}},{"type":"Feature","properties":{"s":"Jammu & Kashmir","v":5.9},"geometry":{"type":"Point","coordinates":[73.9194,33.6609]}},{"type":"Feature","properties":{"s":"Jammu & Kashmir","v":5.9},"geometry":{"type":"Point","coordinates":[73.5312,33.9841]}},{"type":"Feature","properties":{"s":"Jammu & Kashmir","v":5.9},"geometry":{"type":"Point","coordinates":[75.3102,32.4403]}},{"type":"Feature","properties":{"s":"Jammu & Kashmir","v":5.9},"geometry":{"type":"Point","coordinates":[74.1463,34.8819]}},{"type":"Feature","properties":{"s":"Jammu & Kashmir","v":5.9},"geometry":{"type":"Point","coordinates":[75.1667,34.2547]}},{"type":"Feature","properties":{"s":"Jammu & Kashmir","v":5.9},"geometry":{"type":"Point","coordinates":[75.9716,32.9025]}},{"type":"Feature","properties":{"s":"Jammu & Kashmir","v":5.9},"geometry":{"type":"Point","coordinates":[74.1353,34.5678]}},{"type":"Feature","properties":{"s":"Jammu & Kashmir","v":5.9},"geometry":{"type":"Point","coordinates":[73.6041,33.9445]}},{"type":"Feature","properties":{"s":"Jammu & Kashmir","v":5.9},"geometry":{"type":"Point","coordinates":[74.1993,34.4731]}},{"type":"Feature","properties":{"s":"Jammu & Kashmir","v":5.9},"geometry":{"type":"Point","coordinates":[73.8064,33.9217]}},{"type":"Feature","properties":{"s":"Jammu & Kashmir","v":5.9},"geometry":{"type":"Point","coordinates":[75.6259,33.7024]}},{"type":"Feature","properties":{"s":"Jammu & Kashmir","v":5.9},"geometry":{"type":"Point","coordinates":[73.8417,34.7474]}},{"type":"Feature","properties":{"s":"Jammu & Kashmir","v":5.9},"geometry":{"type":"Point","coordinates":[75.9135,33.2488]}},{"type":"Feature","properties":{"s":"Jammu & Kashmir","v":5.9},"geometry":{"type":"Point","coordinates":[75.0615,33.737]}},{"type":"Feature","properties":{"s":"Jammu & Kashmir","v":5.9},"geometry":{"type":"Point","coordinates":[73.7454,34.0924]}},{"type":"Feature","properties":{"s":"Jammu & Kashmir","v":5.9},"geometry":{"type":"Point","coordinates":[76.2525,33.5779]}},{"type":"Feature","properties":{"s":"Jammu & Kashmir","v":5.9},"geometry":{"type":"Point","coordinates":[75.9497,33.9689]}},{"type":"Feature","properties":{"s":"Jammu & Kashmir","v":5.9},"geometry":{"type":"Point","coordinates":[73.845,33.2231]}},{"type":"Feature","properties":{"s":"Jammu & Kashmir","v":5.9},"geometry":{"type":"Point","coordinates":[74.2451,34.7063]}},{"type":"Feature","properties":{"s":"Jammu & Kashmir","v":5.9},"geometry":{"type":"Point","coordinates":[74.1757,33.5048]}},{"type":"Feature","properties":{"s":"Jammu & Kashmir","v":5.9},"geometry":{"type":"Point","coordinates":[76.1397,33.1922]}},{"type":"Feature","properties":{"s":"Jammu & Kashmir","v":5.9},"geometry":{"type":"Point","coordinates":[73.6997,34.2407]}},{"type":"Feature","properties":{"s":"Jammu & Kashmir","v":5.9},"geometry":{"type":"Point","coordinates":[73.7,34.0836]}},{"type":"Feature","properties":{"s":"Jammu & Kashmir","v":5.9},"geometry":{"type":"Point","coordinates":[76.2318,33.2434]}},{"type":"Feature","properties":{"s":"Jammu & Kashmir","v":5.9},"geometry":{"type":"Point","coordinates":[74.0133,34.7225]}},{"type":"Feature","properties":{"s":"Jammu & Kashmir","v":5.9},"geometry":{"type":"Point","coordinates":[73.5563,34.006]}},{"type":"Feature","properties":{"s":"Jammu & Kashmir","v":5.9},"geometry":{"type":"Point","coordinates":[74.2499,33.0351]}},{"type":"Feature","properties":{"s":"Jammu & Kashmir","v":5.9},"geometry":{"type":"Point","coordinates":[73.7538,34.1548]}},{"type":"Feature","properties":{"s":"Jammu & Kashmir","v":5.9},"geometry":{"type":"Point","coordinates":[73.8795,33.985]}},{"type":"Feature","properties":{"s":"Jammu & Kashmir","v":5.9},"geometry":{"type":"Point","coordinates":[75.6721,32.5781]}},{"type":"Feature","properties":{"s":"Jammu & Kashmir","v":5.9},"geometry":{"type":"Point","coordinates":[74.7796,33.4533]}},{"type":"Feature","properties":{"s":"Jammu & Kashmir","v":5.9},"geometry":{"type":"Point","coordinates":[76.0824,33.5751]}},{"type":"Feature","properties":{"s":"Jammu & Kashmir","v":5.9},"geometry":{"type":"Point","coordinates":[76.5158,33.2988]}},{"type":"Feature","properties":{"s":"Jammu & Kashmir","v":5.9},"geometry":{"type":"Point","coordinates":[75.073,32.5759]}},{"type":"Feature","properties":{"s":"Jammu & Kashmir","v":5.9},"geometry":{"type":"Point","coordinates":[76.0479,33.1389]}},{"type":"Feature","properties":{"s":"Jammu & Kashmir","v":5.9},"geometry":{"type":"Point","coordinates":[75.0909,32.9298]}},{"type":"Feature","properties":{"s":"Jammu & Kashmir","v":5.9},"geometry":{"type":"Point","coordinates":[73.986,34.6083]}},{"type":"Feature","properties":{"s":"Jammu & Kashmir","v":5.9},"geometry":{"type":"Point","coordinates":[74.9029,32.6558]}},{"type":"Feature","properties":{"s":"Jammu & Kashmir","v":5.9},"geometry":{"type":"Point","coordinates":[75.1183,34.1624]}},{"type":"Feature","properties":{"s":"Jammu & Kashmir","v":5.9},"geometry":{"type":"Point","coordinates":[74.861,33.6468]}},{"type":"Feature","properties":{"s":"Jammu & Kashmir","v":5.9},"geometry":{"type":"Point","coordinates":[74.0501,34.5687]}},{"type":"Feature","properties":{"s":"Jammu & Kashmir","v":5.9},"geometry":{"type":"Point","coordinates":[75.8322,33.9308]}},{"type":"Feature","properties":{"s":"Jammu & Kashmir","v":5.9},"geometry":{"type":"Point","coordinates":[75.505,33.4756]}},{"type":"Feature","properties":{"s":"Jammu & Kashmir","v":5.9},"geometry":{"type":"Point","coordinates":[75.7426,32.6771]}},{"type":"Feature","properties":{"s":"Jammu & Kashmir","v":5.9},"geometry":{"type":"Point","coordinates":[75.7425,33.2461]}},{"type":"Feature","properties":{"s":"Jammu & Kashmir","v":5.9},"geometry":{"type":"Point","coordinates":[74.1927,33.6425]}},{"type":"Feature","properties":{"s":"Jammu & Kashmir","v":5.9},"geometry":{"type":"Point","coordinates":[74.9035,33.1446]}},{"type":"Feature","properties":{"s":"Jammu & Kashmir","v":5.9},"geometry":{"type":"Point","coordinates":[74.983,34.361]}},{"type":"Feature","properties":{"s":"Jammu & Kashmir","v":5.9},"geometry":{"type":"Point","coordinates":[75.4981,34.0082]}},{"type":"Feature","properties":{"s":"Jammu & Kashmir","v":5.9},"geometry":{"type":"Point","coordinates":[76.2678,33.4733]}},{"type":"Feature","properties":{"s":"Jammu & Kashmir","v":5.9},"geometry":{"type":"Point","coordinates":[75.1278,33.954]}},{"type":"Feature","properties":{"s":"Jammu & Kashmir","v":5.9},"geometry":{"type":"Point","coordinates":[74.5091,33.9574]}},{"type":"Feature","properties":{"s":"Jammu & Kashmir","v":5.9},"geometry":{"type":"Point","coordinates":[75.7031,32.547]}},{"type":"Feature","properties":{"s":"Jammu & Kashmir","v":5.9},"geometry":{"type":"Point","coordinates":[74.8889,32.7039]}},{"type":"Feature","properties":{"s":"Jammu & Kashmir","v":5.9},"geometry":{"type":"Point","coordinates":[74.6541,34.261]}},{"type":"Feature","properties":{"s":"Jammu & Kashmir","v":5.9},"geometry":{"type":"Point","coordinates":[74.5224,33.656]}},{"type":"Feature","properties":{"s":"Jammu & Kashmir","v":5.9},"geometry":{"type":"Point","coordinates":[74.0184,33.1976]}},{"type":"Feature","properties":{"s":"Jammu & Kashmir","v":5.9},"geometry":{"type":"Point","coordinates":[75.25,33.7439]}},{"type":"Feature","properties":{"s":"Jammu & Kashmir","v":5.9},"geometry":{"type":"Point","coordinates":[75.1867,33.6589]}},{"type":"Feature","properties":{"s":"Jammu & Kashmir","v":5.9},"geometry":{"type":"Point","coordinates":[75.6537,33.4627]}},{"type":"Feature","properties":{"s":"Jammu & Kashmir","v":5.9},"geometry":{"type":"Point","coordinates":[75.4501,33.2139]}},{"type":"Feature","properties":{"s":"Jammu & Kashmir","v":5.9},"geometry":{"type":"Point","coordinates":[74.6744,32.5642]}},{"type":"Feature","properties":{"s":"Jammu & Kashmir","v":5.9},"geometry":{"type":"Point","coordinates":[74.4216,33.2646]}},{"type":"Feature","properties":{"s":"Jammu & Kashmir","v":5.9},"geometry":{"type":"Point","coordinates":[74.3389,35.0449]}},{"type":"Feature","properties":{"s":"Jammu & Kashmir","v":5.9},"geometry":{"type":"Point","coordinates":[75.5637,34.0269]}},{"type":"Feature","properties":{"s":"Jammu & Kashmir","v":5.9},"geometry":{"type":"Point","coordinates":[75.4192,32.9539]}},{"type":"Feature","properties":{"s":"Jammu & Kashmir","v":5.9},"geometry":{"type":"Point","coordinates":[73.9954,34.7726]}},{"type":"Feature","properties":{"s":"Jammu & Kashmir","v":5.9},"geometry":{"type":"Point","coordinates":[75.3248,32.7989]}},{"type":"Feature","properties":{"s":"Jammu & Kashmir","v":5.9},"geometry":{"type":"Point","coordinates":[75.7931,33.9746]}},{"type":"Feature","properties":{"s":"Jammu & Kashmir","v":5.9},"geometry":{"type":"Point","coordinates":[74.0251,33.3629]}},{"type":"Feature","properties":{"s":"Jammu & Kashmir","v":5.9},"geometry":{"type":"Point","coordinates":[75.6208,33.4182]}},{"type":"Feature","properties":{"s":"Jammu & Kashmir","v":5.9},"geometry":{"type":"Point","coordinates":[74.4594,33.6781]}},{"type":"Feature","properties":{"s":"Jammu & Kashmir","v":5.9},"geometry":{"type":"Point","coordinates":[75.5904,33.5707]}},{"type":"Feature","properties":{"s":"Jammu & Kashmir","v":5.9},"geometry":{"type":"Point","coordinates":[75.4923,32.5354]}},{"type":"Feature","properties":{"s":"Jammu & Kashmir","v":5.9},"geometry":{"type":"Point","coordinates":[75.2801,33.8503]}},{"type":"Feature","properties":{"s":"Jammu & Kashmir","v":5.9},"geometry":{"type":"Point","coordinates":[76.1803,33.6555]}},{"type":"Feature","properties":{"s":"Jammu & Kashmir","v":5.9},"geometry":{"type":"Point","coordinates":[74.1345,33.5802]}},{"type":"Feature","properties":{"s":"Jammu & Kashmir","v":5.9},"geometry":{"type":"Point","coordinates":[75.2851,33.3986]}},{"type":"Feature","properties":{"s":"Jammu & Kashmir","v":5.9},"geometry":{"type":"Point","coordinates":[73.6592,33.7521]}},{"type":"Feature","properties":{"s":"Jammu & Kashmir","v":5.9},"geometry":{"type":"Point","coordinates":[74.746,32.959]}},{"type":"Feature","properties":{"s":"Jammu & Kashmir","v":5.9},"geometry":{"type":"Point","coordinates":[74.2895,34.999]}},{"type":"Feature","properties":{"s":"Jammu & Kashmir","v":5.9},"geometry":{"type":"Point","coordinates":[73.973,33.1737]}},{"type":"Feature","properties":{"s":"Jammu & Kashmir","v":5.9},"geometry":{"type":"Point","coordinates":[73.7469,33.5628]}},{"type":"Feature","properties":{"s":"Jammu & Kashmir","v":5.9},"geometry":{"type":"Point","coordinates":[74.0822,33.4961]}},{"type":"Feature","properties":{"s":"Jammu & Kashmir","v":5.9},"geometry":{"type":"Point","coordinates":[75.0745,33.2513]}}]}