{"type":"FeatureCollection","features":[{"type":"Feature","properties":{"s":"Arunachal Pradesh","v":15.5},"geometry":{"type":"Point","coordinates":[95.8649,28.448]}},{"type":"Feature","properties":{"s":"Arunachal Pradesh","v":15.5},"geometry":{"type":"Point","coordinates":[93.8046,27.1457]}},{"type":"Feature","properties":{"s":"Arunachal Pradesh","v":15.5},"geometry":{"type":"Point","coordinates":[95.0914,28.4933]}},{"type":"Feature","properties":{"s":"Arunachal Pradesh","v":15.5},"geometry":{"type":"Point","coordinates":[92.3008,27.0831]}},{"type":"Feature","properties":{"s":"Arunachal Pradesh","v":15.5},"geometry":{"type":"Point","coordinates":[94.8263,27.7497]}},{"type":"Feature","properties":{"s":"Arunachal Pradesh","v":15.5},"geometry":{"type":"Point","coordinates":[96.065,27.7174]}},{"type":"Feature","properties":{"s":"Arunachal Pradesh","v":15.5},"geometry":{"type":"Point","coordinates":[93.4855,27.9764]}},{"type":"Feature","properties":{"s":"Arunachal Pradesh","v":15.5},"geometry":{"type":"Point","coordinates":[97.0573,28.0769]}},{"type":"Feature","properties":{"s":"Arunachal Pradesh","v":15.5},"geometry":{"type":"Point","coordinates":[94.7424,28.9785]}},{"type":"Feature","properties":{"s":"Arunachal Pradesh","v":15.5},"geometry":{"type":"Point","coordinates":[92.2025,26.9076]}},{"type":"Feature","properties":{"s":"Arunachal Pradesh","v":15.5},"geometry":{"type":"Point","coordinates":[94.1767,28.1259]}},{"type":"Feature","properties":{"s":"Arunachal Pradesh","v":15.5},"geometry":{"type":"Point","coordinates":[94.6716,28.1502]}},{"type":"Feature","properties":{"s":"Arunachal Pradesh","v":15.5},"geometry":{"type":"Point","coordinates":[94.1237,28.1969]}},{"type":"Feature","properties":{"s":"Arunachal Pradesh","v":15.5},"geometry":{"type":"Point","coordinates":[93.5434,27.4576]}},{"type":"Feature","properties":{"s":"Arunachal Pradesh","v":15.5},"geometry":{"type":"Point","coordinates":[94.2613,27.695]}},{"type":"Feature","properties":{"s":"Arunachal Pradesh","v":15.5},"geometry":{"type":"Point","coordinates":[94.4473,27.5949]}},{"type":"Feature","properties":{"s":"Arunachal Pradesh","v":15.5},"geometry":{"type":"Point","coordinates":[94.6157,28.9694]}},{"type":"Feature","properties":{"s":"Arunachal Pradesh","v":15.5},"geometry":{"type":"Point","coordinates":[95.4118,28.3005]}},{"type":"Feature","properties":{"s":"Arunachal Pradesh","v":15.5},"geometry":{"type":"Point","coordinates":[93.4524,28.3823]}},{"type":"Feature","properties":{"s":"Arunachal Pradesh","v":15.5},"geometry":{"type":"Point","coordinates":[95.4269,28.7061]}},{"type":"Feature","properties":{"s":"Arunachal Pradesh","v":15.5},"geometry":{"type":"Point","coordinates":[95.5249,28.6712]}},{"type":"Feature","properties":{"s":"Arunachal Pradesh","v":15.5},"geometry":{"type":"Point","coordinates":[96.7576,27.6843]}},{"type":"Feature","properties":{"s":"Arunachal Pradesh","v":15.5},"geometry":{"type":"Point","coordinates":[92.0797,27.1455]}},{"type":"Feature","properties":{"s":"Arunachal Pradesh","v":15.5},"geometry":{"type":"Point","coordinates":[92.7621,27.1186]}},{"type":"Feature","properties":{"s":"Arunachal Pradesh","v":15.5},"geometry":{"type":"Point","coordinates":[92.0815,27.7635]}},{"type":"Feature","properties":{"s":"Arunachal Pradesh","v":15.5},"geometry":{"type":"Point","coordinates":[95.2558,28.4044]}},{"type":"Feature","properties":{"s":"Arunachal Pradesh","v":15.5},"geometry":{"type":"Point","coordinates":[92.7702,27.8939]}},{"type":"Feature","properties":{"s":"Arunachal Pradesh","v":15.5},"geometry":{"type":"Point","coordinates":[93.3324,27.668]}},{"type":"Feature","properties":{"s":"Arunachal Pradesh","v":15.5},"geometry":{"type":"Point","coordinates":[95.5817,28.0625]}},{"type":"Feature","properties":{"s":"Arunachal Pradesh","v":15.5},"geometry":{"type":"Point","coordinates":[92.4778,27.1832]}},{"type":"Feature","properties":{"s":"Arunachal Pradesh","v":15.5},"geometry":{"type":"Point","coordinates":[94.6036,28.6475]}},{"type":"Feature","properties":{"s":"Arunachal Pradesh","v":15.5},"geometry":{"type":"Point","coordinates":[93.6454,28.4254]}},{"type":"Feature","properties":{"s":"Arunachal Pradesh","v":15.5},"geometry":{"type":"Point","coordinates":[94.2921,28.5267]}},{"type":"Feature","properties":{"s":"Arunachal Pradesh","v":15.5},"geometry":{"type":"Point","coordinates":[94.8565,28.9256]}},{"type":"Feature","properties":{"s":"Arunachal Pradesh","v":15.5},"geometry":{"type":"Point","coordinates":[94.7144,29.179]}},{"type":"Feature","properties":{"s":"Arunachal Pradesh","v":15.5},"geometry":{"type":"Point","coordinates":[95.3455,26.9222]}},{"type":"Feature","properties":{"s":"Arunachal Pradesh","v":15.5},"geometry":{"type":"Point","coordinates":[95.7697,27.0384]}},{"type":"Feature","properties":{"s":"Arunachal Pradesh","v":15.5},"geometry":{"type":"Point","coordinates":[96.198,28.234]}},{"type":"Feature","properties":{"s":"Arunachal Pradesh","v":15.5},"geometry":{"type":"Point","coordinates":[94.8988,27.993]}},{"type":"Feature","properties":{"s":"Arunachal Pradesh","v":15.5},"geometry":{"type":"Point","coordinates":[93.1087,27.0339]}},{"type":"Feature","properties":{"s":"Arunachal Pradesh","v":15.5},"geometry":{"type":"Point","coordinates":[93.7734,27.9767]}},{"type":"Feature","properties":{"s":"Arunachal Pradesh","v":15.5},"geometry":{"type":"Point","coordinates":[92.6335,27.0817]}},{"type":"Feature","properties":{"s":"Arunachal Pradesh","v":15.5},"geometry":{"type":"Point","coordinates":[95.6334,28.4247]}},{"type":"Feature","properties":{"s":"Arunachal Pradesh","v":15.5},"geometry":{"type":"Point","coordinates":[94.0898,28.5801]}},{"type":"Feature","properties":{"s":"Arunachal Pradesh","v":15.5},"geometry":{"type":"Point","coordinates":[94.0615,28.5719]}},{"type":"Feature","properties":{"s":"Arunachal Pradesh","v":15.5},"geometry":{"type":"Point","coordinates":[94.0918,28.5125]}},{"type":"Feature","properties":{"s":"Arunachal Pradesh","v":15.5},"geometry":{"type":"Point","coordinates":[97.0969,27.2071]}},{"type":"Feature","properties":{"s":"Arunachal Pradesh","v":15.5},"geometry":{"type":"Point","coordinates":[93.709,28.1724]}},{"type":"Feature","properties":{"s":"Arunachal Pradesh","v":15.5},"geometry":{"type":"Point","coordinates":[95.3876,28.4314]}},{"type":"Feature","properties":{"s":"Arunachal Pradesh","v":15.5},"geometry":{"type":"Point","coordinates":[96.6899,27.8436]}},{"type":"Feature","properties":{"s":"Arunachal Pradesh","v":15.5},"geometry":{"type":"Point","coordinates":[95.9516,28.6515]}},{"type":"Feature","properties":{"s":"Arunachal Pradesh","v":15.5},"geometry":{"type":"Point","coordinates":[93.3185,28.0528]}},{"type":"Feature","properties":{"s":"Arunachal Pradesh","v":15.5},"geometry":{"type":"Point","coordinates":[95.0579,27.7968]}},{"type":"Feature","properties":{"s":"Arunachal Pradesh","v":15.5},"geometry":{"type":"Point","coordinates":[93.6033,28.5141]}},{"type":"Feature","properties":{"s":"Arunachal Pradesh","v":15.5},"geometry":{"type":"Point","coordinates":[97.0816,28.1431]}},{"type":"Feature","properties":{"s":"Arunachal Pradesh","v":15.5},"geometry":{"type":"Point","coordinates":[95.7356,28.6885]}},{"type":"Feature","properties":{"s":"Arunachal Pradesh","v":15.5},"geometry":{"type":"Point","coordinates":[96.368,28.3037]}},{"type":"Feature","properties":{"s":"Arunachal Pradesh","v":15.5},"geometry":{"type":"Point","coordinates":[93.5203,28.5771]}},{"type":"Feature","properties":{"s":"Arunachal Pradesh","v":15.5},"geometry":{"type":"Point","coordinates":[92.5437,27.0396]}},{"type":"Feature","properties":{"s":"Arunachal Pradesh","v":15.5},"geometry":{"type":"Point","coordinates":[96.2113,27.3063]}},{"type":"Feature","properties":{"s":"Arunachal Pradesh","v":15.5},"geometry":{"type":"Point","coordinates":[95.3393,27.0087]}},{"type":"Feature","properties":{"s":"Arunachal Pradesh","v":15.5},"geometry":{"type":"Point","coordinates":[95.1314,28.4451]}},{"type":"Feature","properties":{"s":"Arunachal Pradesh","v":15.5},"geometry":{"type":"Point","coordinates":[93.7075,27.1288]}},{"type":"Feature","properties":{"s":"Arunachal Pradesh","v":15.5},"geometry":{"type":"Point","coordinates":[96.1356,28.172]}},{"type":"Feature","properties":{"s":"Arunachal Pradesh","v":15.5},"geometry":{"type":"Point","coordinates":[92.0185,27.5664]}},{"type":"Feature","properties":{"s":"Arunachal Pradesh","v":15.5},"geometry":{"type":"Point","coordinates":[93.744,27.4291]}},{"type":"Feature","properties":{"s":"Arunachal Pradesh","v":15.5},"geometry":{"type":"Point","coordinates":[95.2973,28.8865]}},{"type":"Feature","properties":{"s":"Arunachal Pradesh","v":15.5},"geometry":{"type":"Point","coordinates":[96.1994,28.7772]}},{"type":"Feature","properties":{"s":"Arunachal Pradesh","v":15.5},"geometry":{"type":"Point","coordinates":[93.5641,28.2077]}},{"type":"Feature","properties":{"s":"Arunachal Pradesh","v":15.5},"geometry":{"type":"Point","coordinates":[96.2661,28.8353]}},{"type":"Feature","properties":{"s":"Arunachal Pradesh","v":15.5},"geometry":{"type":"Point","coordinates":[92.7772,27.3754]}},{"type":"Feature","properties":{"s":"Arunachal Pradesh","v":15.5},"geometry":{"type":"Point","coordinates":[96.7258,28.1426]}},{"type":"Feature","properties":{"s":"Arunachal Pradesh","v":15.5},"geometry":{"type":"Point","coordinates":[96.0036,28.2431]}},{"type":"Feature","properties":{"s":"Arunachal Pradesh","v":15.5},"geometry":{"type":"Point","coordinates":[94.1529,27.6263]}},{"type":"Feature","properties":{"s":"Arunachal Pradesh","v":15.5},"geometry":{"type":"Point","coordinates":[91.9027,27.6651]}},{"type":"Feature","properties":{"s":"Arunachal Pradesh","v":15.5},"geometry":{"type":"Point","coordinates":[95.3483,28.3006]}},{"type":"Feature","properties":{"s":"Arunachal Pradesh","v":15.5},"geometry":{"type":"Point","coordinates":[91.5677,27.6186]}},{"type":"Feature","properties":{"s":"Arunachal Pradesh","v":15.5},"geometry":{"type":"Point","coordinates":[91.9939,27.6625]}},{"type":"Feature","properties":{"s":"Arunachal Pradesh","v":15.5},"geometry":{"type":"Point","coordinates":[96.2144,28.1891]}},{"type":"Feature","properties":{"s":"Arunachal Pradesh","v":15.5},"geometry":{"type":"Point","coordinates":[94.2424,27.6525]}},{"type":"Feature","properties":{"s":"Arunachal Pradesh","v":15.5},"geometry":{"type":"Point","coordinates":[93.7535,28.488]}},{"type":"Feature","properties":{"s":"Arunachal Pradesh","v":15.5},"geometry":{"type":"Point","coordinates":[94.9162,27.836]}},{"type":"Feature","properties":{"s":"Arunachal Pradesh","v":15.5},"geometry":{"type":"Point","coordinates":[94.5232,28.7887]}},{"type":"Feature","properties":{"s":"Arunachal Pradesh","v":15.5},"geometry":{"type":"Point","coordinates":[92.2641,27.5591]}},{"type":"Feature","properties":{"s":"Arunachal Pradesh","v":15.5},"geometry":{"type":"Point","coordinates":[92.654,27.2213]}},{"type":"Feature","properties":{"s":"Arunachal Pradesh","v":15.5},"geometry":{"type":"Point","coordinates":[96.5863,28.7474]}},{"type":"Feature","properties":{"s":"Arunachal Pradesh","v":15.5},"geometry":{"type":"Point","coordinates":[94.4817,28.4031]}},{"type":"Feature","properties":{"s":"Arunachal Pradesh","v":15.5},"geometry":{"type":"Point","coordinates":[96.4098,28.7949]}},{"type":"Feature","properties":{"s":"Arunachal Pradesh","v":15.5},"geometry":{"type":"Point","coordinates":[94.1434,27.9496]}},{"type":"Feature","properties":{"s":"Arunachal Pradesh","v":15.5},"geometry":{"type":"Point","coordinates":[95.6461,28.8676]}},{"type":"Feature","properties":{"s":"Arunachal Pradesh","v":15.5},"geometry":{"type":"Point","coordinates":[94.0363,28.3188]}},{"type":"Feature","properties":{"s":"Arunachal Pradesh","v":15.5},"geometry":{"type":"Point","coordinates":[93.4672,28.3654]}},{"type":"Feature","properties":{"s":"Arunachal Pradesh","v":15.5},"geometry":{"type":"Point","coordinates":[96.8482,27.5244]}},{"type":"Feature","properties":{"s":"Arunachal Pradesh","v":15.5},"geometry":{"type":"Point","coordinates":[96.6209,27.406]}},{"type":"Feature","properties":{"s":"Arunachal Pradesh","v":15.5},"geometry":{"type":"Point","coordinates":[95.8494,28.728]}},{"type":"Feature","properties":{"s":"Arunachal Pradesh","v":15.5},"geometry":{"type":"Point","coordinates":[94.7041,29.0774]}},{"type":"Feature","properties":{"s":"Arunachal Pradesh","v":15.5},"geometry":{"type":"Point","coordinates":[93.6174,27.5392]}},{"type":"Feature","properties":{"s":"Arunachal Pradesh","v":15.5},"geometry":{"type":"Point","coordinates":[96.0902,28.4935]}},{"type":"Feature","properties":{"s":"Arunachal Pradesh","v":15.5},"geometry":{"type":"Point","coordinates":[94.8214,29.0616]}},{"type":"Feature","properties":{"s":"Arunachal Pradesh","v":15.5},"geometry":{"type":"Point","coordinates":[93.2348,27.0144]}},{"type":"Feature","properties":{"s":"Arunachal Pradesh","v":15.5},"geometry":{"type":"Point","coordinates":[96.676,27.7328]}},{"type":"Feature","properties":{"s":"Arunachal Pradesh","v":15.5},"geometry":{"type":"Point","coordinates":[92.257,26.9657]}},{"type":"Feature","properties":{"s":"Arunachal Pradesh","v":15.5},"geometry":{"type":"Point","coordinates":[93.1013,28.1423]}},{"type":"Feature","properties":{"s":"Arunachal Pradesh","v":15.5},"geometry":{"type":"Point","coordinates":[94.262,28.6146]}},{"type":"Feature","properties":{"s":"Arunachal Pradesh","v":15.5},"geometry":{"type":"Point","coordinates":[94.4476,28.1846]}},{"type":"Feature","properties":{"s":"Arunachal Pradesh","v":15.5},"geometry":{"type":"Point","coordinates":[96.4204,27.9734]}},{"type":"Feature","properties":{"s":"Arunachal Pradesh","v":15.5},"geometry":{"type":"Point","coordinates":[97.0779,28.1766]}},{"type":"Feature","properties":{"s":"Arunachal Pradesh","v":15.5},"geometry":{"type":"Point","coordinates":[95.9993,27.5535]}},{"type":"Feature","properties":{"s":"Arunachal Pradesh","v":15.5},"geometry":{"type":"Point","coordinates":[93.4214,27.6033]}},{"type":"Feature","properties":{"s":"Arunachal Pradesh","v":15.5},"geometry":{"type":"Point","coordinates":[94.8289,28.0545]}},{"type":"Feature","properties":{"s":"Arunachal Pradesh","v":15.5},"geometry":{"type":"Point","coordinates":[93.4467,27.712]}},{"type":"Feature","properties":{"s":"Arunachal Pradesh","v":15.5},"geometry":{"type":"Point","coordinates":[96.0051,29.2339]}},{"type":"Feature","properties":{"s":"Arunachal Pradesh","v":15.5},"geometry":{"type":"Point","coordinates":[95.5327,29.0572]}},{"type":"Feature","properties":{"s":"Arunachal Pradesh","v":15.5},"geometry":{"type":"Point","coordinates":[93.7549,28.0315]}},{"type":"Feature","properties":{"s":"Arunachal Pradesh","v":15.5},"geometry":{"type":"Point","coordinates":[94.209,27.9594]}},{"type":"Feature","properties":{"s":"Arunachal Pradesh","v":15.5},"geometry":{"type":"Point","coordinates":[95.8761,28.5709]}},{"type":"Feature","properties":{"s":"Arunachal Pradesh","v":15.5},"geometry":{"type":"Point","coordinates":[93.5626,28.6227]}},{"type":"Feature","properties":{"s":"Arunachal Pradesh","v":15.5},"geometry":{"type":"Point","coordinates":[93.5955,28.1624]}},{"type":"Feature","properties":{"s":"Arunachal Pradesh","v":15.5},"geometry":{"type":"Point","coordinates":[94.6751,28.2344]}},{"type":"Feature","properties":{"s":"Arunachal Pradesh","v":15.5},"geometry":{"type":"Point","coordinates":[93.4104,27.1835]}},{"type":"Feature","properties":{"s":"Arunachal Pradesh","v":15.5},"geometry":{"type":"Point","coordinates":[92.2527,27.0917]}},{"type":"Feature","properties":{"s":"Arunachal Pradesh","v":15.5},"geometry":{"type":"Point","coordinates":[94.4767,28.3166]}},{"type":"Feature","properties":{"s":"Arunachal Pradesh","v":15.5},"geometry":{"type":"Point","coordinates":[92.2916,26.9917]}},{"type":"Feature","properties":{"s":"Arunachal Pradesh","v":15.5},"geometry":{"type":"Point","coordinates":[96.2902,28.587]}},{"type":"Feature","properties":{"s":"Arunachal Pradesh","v":15.5},"geometry":{"type":"Point","coordinates":[95.983,29.19]}},{"type":"Feature","properties":{"s":"Arunachal Pradesh","v":15.5},"geometry":{"type":"Point","coordinates":[93.1644,28.1191]}},{"type":"Feature","properties":{"s":"Arunachal Pradesh","v":15.5},"geometry":{"type":"Point","coordinates":[96.9449,27.8617]}},{"type":"Feature","properties":{"s":"Arunachal Pradesh","v":15.5},"geometry":{"type":"Point","coordinates":[93.5055,27.6142]}},{"type":"Feature","properties":{"s":"Arunachal Pradesh","v":15.5},"geometry":{"type":"Point","coordinates":[96.9101,27.5032]}},{"type":"Feature","properties":{"s":"Arunachal Pradesh","v":15.5},"geometry":{"type":"Point","coordinates":[95.0443,28.2967]}},{"type":"Feature","properties":{"s":"Arunachal Pradesh","v":15.5},"geometry":{"type":"Point","coordinates":[95.8825,28.6919]}},{"type":"Feature","properties":{"s":"Arunachal Pradesh","v":15.5},"geometry":{"type":"Point","coordinates":[96.5657,27.4806]}},{"type":"Feature","properties":{"s":"Arunachal Pradesh","v":15.5},"geometry":{"type":"Point","coordinates":[92.3314,27.4461]}},{"type":"Feature","properties":{"s":"Arunachal Pradesh","v":15.5},"geometry":{"type":"Point","coordinates":[93.5033,27.5776]}},{"type":"Feature","properties":{"s":"Arunachal Pradesh","v":15.5},"geometry":{"type":"Point","coordinates":[91.9783,27.6825]}},{"type":"Feature","properties":{"s":"Arunachal Pradesh","v":15.5},"geometry":{"type":"Point","coordinates":[95.8459,28.5021]}},{"type":"Feature","properties":{"s":"Arunachal Pradesh","v":15.5},"geometry":{"type":"Point","coordinates":[96.0416,28.7644]}},{"type":"Feature","properties":{"s":"Arunachal Pradesh","v":15.5},"geometry":{"type":"Point","coordinates":[92.8731,27.6611]}},{"type":"Feature","properties":{"s":"Arunachal Pradesh","v":15.5},"geometry":{"type":"Point","coordinates":[95.6672,26.9801]}},{"type":"Feature","properties":{"s":"Arunachal Pradesh","v":15.5},"geometry":{"type":"Point","coordinates":[94.9564,28.3792]}},{"type":"Feature","properties":{"s":"Arunachal Pradesh","v":15.5},"geometry":{"type":"Point","coordinates":[94.4455,29.0915]}},{"type":"Feature","properties":{"s":"Arunachal Pradesh","v":15.5},"geometry":{"type":"Point","coordinates":[93.3753,28.6083]}},{"type":"Feature","properties":{"s":"Arunachal Pradesh","v":15.5},"geometry":{"type":"Point","coordinates":[96.6697,27.6606]}},{"type":"Feature","properties":{"s":"Arunachal Pradesh","v":15.5},"geometry":{"type":"Point","coordinates":[93.7457,28.5417]}},{"type":"Feature","properties":{"s":"Arunachal Pradesh","v":15.5},"geometry":{"type":"Point","coordinates":[94.8125,29.077]}},{"type":"Feature","properties":{"s":"Arunachal Pradesh","v":15.5},"geometry":{"type":"Point","coordinates":[92.0041,27.7421]}},{"type":"Feature","properties":{"s":"Arunachal Pradesh","v":15.5},"geometry":{"type":"Point","coordinates":[96.4203,29.0151]}},{"type":"Feature","properties":{"s":"Arunachal Pradesh","v":15.5},"geometry":{"type":"Point","coordinates":[95.3187,28.7952]}},{"type":"Feature","properties":{"s":"Arunachal Pradesh","v":15.5},"geometry":{"type":"Point","coordinates":[96.7225,27.5824]}},{"type":"Feature","properties":{"s":"Arunachal Pradesh","v":15.5},"geometry":{"type":"Point","coordinates":[92.9244,27.2678]}},{"type":"Feature","properties":{"s":"Arunachal Pradesh","v":15.5},"geometry":{"type":"Point","coordinates":[93.9262,28.1447]}},{"type":"Feature","properties":{"s":"Arunachal Pradesh","v":15.5},"geometry":{"type":"Point","coordinates":[95.8312,28.0722]}},{"type":"Feature","properties":{"s":"Arunachal Pradesh","v":15.5},"geometry":{"type":"Point","coordinates":[95.9757,27.1872]}},{"type":"Feature","properties":{"s":"Arunachal Pradesh","v":15.5},"geometry":{"type":"Point","coordinates":[93.3111,28.5213]}},{"type":"Feature","properties":{"s":"Arunachal Pradesh","v":15.5},"geometry":{"type":"Point","coordinates":[93.9391,28.3652]}},{"type":"Feature","properties":{"s":"Arunachal Pradesh","v":15.5},"geometry":{"type":"Point","coordinates":[93.7257,28.0972]}},{"type":"Feature","properties":{"s":"Arunachal Pradesh","v":15.5},"geometry":{"type":"Point","coordinates":[95.9474,27.7804]}},{"type":"Feature","properties":{"s":"Arunachal Pradesh","v":15.5},"geometry":{"type":"Point","coordinates":[96.5815,27.5014]}},{"type":"Feature","properties":{"s":"Arunachal Pradesh","v":15.5},"geometry":{"type":"Point","coordinates":[93.6644,28.063]}},{"type":"Feature","properties":{"s":"Arunachal Pradesh","v":15.5},"geometry":{"type":"Point","coordinates":[96.7498,27.7093]}},{"type":"Feature","properties":{"s":"Arunachal Pradesh","v":15.5},"geometry":{"type":"Point","coordinates":[94.3857,28.9865]}},{"type":"Feature","properties":{"s":"Arunachal Pradesh","v":15.5},"geometry":{"type":"Point","coordinates":[94.0162,27.4936]}},{"type":"Feature","properties":{"s":"Arunachal Pradesh","v":15.5},"geometry":{"type":"Point","coordinates":[95.5682,29.1028]}},{"type":"Feature","properties":{"s":"Arunachal Pradesh","v":15.5},"geometry":{"type":"Point","coordinates":[93.3915,28.1912]}},{"type":"Feature","properties":{"s":"Arunachal Pradesh","v":15.5},"geometry":{"type":"Point","coordinates":[96.6109,28.1117]}},{"type":"Feature","properties":{"s":"Arunachal Pradesh","v":15.5},"geometry":{"type":"Point","coordinates":[95.1505,28.2469]}},{"type":"Feature","properties":{"s":"Arunachal Pradesh","v":15.5},"geometry":{"type":"Point","coordinates":[95.6332,27.9686]}},{"type":"Feature","properties":{"s":"Arunachal Pradesh","v":15.5},"geometry":{"type":"Point","coordinates":[94.6313,28.1805]}},{"type":"Feature","properties":{"s":"Arunachal Pradesh","v":15.5},"geometry":{"type":"Point","coordinates":[91.753,27.6157]}},{"type":"Feature","properties":{"s":"Arunachal Pradesh","v":15.5},"geometry":{"type":"Point","coordinates":[94.9513,27.7602]}},{"type":"Feature","properties":{"s":"Arunachal Pradesh","v":15.5},"geometry":{"type":"Point","coordinates":[96.0626,27.8072]}},{"type":"Feature","properties":{"s":"Arunachal Pradesh","v":15.5},"geometry":{"type":"Point","coordinates":[93.4099,26.9591]}},{"type":"Feature","properties":{"s":"Arunachal Pradesh","v":15.5},"geometry":{"type":"Point","coordinates":[95.3181,28.574]}},{"type":"Feature","properties":{"s":"Arunachal Pradesh","v":15.5},"geometry":{"type":"Point","coordinates":[93.8991,28.1476]}},{"type":"Feature","properties":{"s":"Arunachal Pradesh","v":15.5},"geometry":{"type":"Point","coordinates":[95.9215,27.6308]}},{"type":"Feature","properties":{"s":"Arunachal Pradesh","v":15.5},"geometry":{"type":"Point","coordinates":[92.1392,27.267]}},{"type":"Feature","properties":{"s":"Arunachal Pradesh","v":15.5},"geometry":{"type":"Point","coordinates":[94.1622,28.4598]}},{"type":"Feature","properties":{"s":"Arunachal Pradesh","v":15.5},"geometry":{"type":"Point","coordinates":[93.1959,27.8819]}},{"type":"Feature","properties":{"s":"Arunachal Pradesh","v":15.5},"geometry":{"type":"Point","coordinates":[93.9127,28.4332]}},{"type":"Feature","properties":{"s":"Arunachal Pradesh","v":15.5},"geometry":{"type":"Point","coordinates":[93.0668,27.3051]}},{"type":"Feature","properties":{"s":"Arunachal Pradesh","v":15.5},"geometry":{"type":"Point","coordinates":[93.1687,28.0866]}},{"type":"Feature","properties":{"s":"Arunachal Pradesh","v":15.5},"geometry":{"type":"Point","coordinates":[97.1067,27.8872]}},{"type":"Feature","properties":{"s":"Arunachal Pradesh","v":15.5},"geometry":{"type":"Point","coordinates":[96.0792,27.4973]}},{"type":"Feature","properties":{"s":"Arunachal Pradesh","v":15.5},"geometry":{"type":"Point","coordinates":[91.6003,27.5993]}},{"type":"Feature","properties":{"s":"Arunachal Pradesh","v":15.5},"geometry":{"type":"Point","coordinates":[94.555,28.28]}},{"type":"Feature","properties":{"s":"Arunachal Pradesh","v":15.5},"geometry":{"type":"Point","coordinates":[95.7343,29.2841]}},{"type":"Feature","properties":{"s":"Arunachal Pradesh","v":15.5},"geometry":{"type":"Point","coordinates":[92.1268,27.2453]}},{"type":"Feature","properties":{"s":"Arunachal Pradesh","v":15.5},"geometry":{"type":"Point","coordinates":[96.335,27.9113]}},{"type":"Feature","properties":{"s":"Arunachal Pradesh","v":15.5},"geometry":{"type":"Point","coordinates":[93.518,28.0579]}},{"type":"Feature","properties":{"s":"Arunachal Pradesh","v":15.5},"geometry":{"type":"Point","coordinates":[94.2063,27.8512]}},{"type":"Feature","properties":{"s":"Arunachal Pradesh","v":15.5},"geometry":{"type":"Point","coordinates":[92.15,26.9625]}},{"type":"Feature","properties":{"s":"Arunachal Pradesh","v":15.5},"geometry":{"type":"Point","coordinates":[96.4113,27.684]}},{"type":"Feature","properties":{"s":"Arunachal Pradesh","v":15.5},"geometry":{"type":"Point","coordinates":[96.1166,27.8139]}},{"type":"Feature","properties":{"s":"Arunachal Pradesh","v":15.5},"geometry":{"type":"Point","coordinates":[93.0645,27.9862]}},{"type":"Feature","properties":{"s":"Arunachal Pradesh","v":15.5},"geometry":{"type":"Point","coordinates":[94.4875,27.9904]}},{"type":"Feature","properties":{"s":"Arunachal Pradesh","v":15.5},"geometry":{"type":"Point","coordinates":[95.5592,28.8995]}},{"type":"Feature","properties":{"s":"Arunachal Pradesh","v":15.5},"geometry":{"type":"Point","coordinates":[91.6564,27.7331]}},{"type":"Feature","properties":{"s":"Arunachal Pradesh","v":15.5},"geometry":{"type":"Point","coordinates":[93.1372,28.2866]}},{"type":"Feature","properties":{"s":"Arunachal Pradesh","v":15.5},"geometry":{"type":"Point","coordinates":[92.6225,27.1116]}},{"type":"Feature","properties":{"s":"Arunachal Pradesh","v":15.5},"geometry":{"type":"Point","coordinates":[92.4863,27.3346]}},{"type":"Feature","properties":{"s":"Arunachal Pradesh","v":15.5},"geometry":{"type":"Point","coordinates":[96.0308,28.335]}},{"type":"Feature","properties":{"s":"Arunachal Pradesh","v":15.5},"geometry":{"type":"Point","coordinates":[96.419,28.9608]}},{"type":"Feature","properties":{"s":"Arunachal Pradesh","v":15.5},"geometry":{"type":"Point","coordinates":[95.8694,27.2221]}},{"type":"Feature","properties":{"s":"Arunachal Pradesh","v":15.5},"geometry":{"type":"Point","coordinates":[93.9296,27.3779]}},{"type":"Feature","properties":{"s":"Arunachal Pradesh","v":15.5},"geometry":{"type":"Point","coordinates":[94.5516,28.2428]}},{"type":"Feature","properties":{"s":"Arunachal Pradesh","v":15.5},"geometry":{"type":"Point","coordinates":[91.7381,27.4912]}},{"type":"Feature","properties":{"s":"Arunachal Pradesh","v":15.5},"geometry":{"type":"Point","coordinates":[95.2839,27.0451]}},{"type":"Feature","properties":{"s":"Arunachal Pradesh","v":15.5},"geometry":{"type":"Point","coordinates":[93.9783,28.0963]}},{"type":"Feature","properties":{"s":"Arunachal Pradesh","v":15.5},"geometry":{"type":"Point","coordinates":[96.7092,28.1607]}},{"type":"Feature","properties":{"s":"Arunachal Pradesh","v":15.5},"geometry":{"type":"Point","coordinates":[92.5228,27.1963]}},{"type":"Feature","properties":{"s":"Arunachal Pradesh","v":15.5},"geometry":{"type":"Point","coordinates":[93.8566,28.3334]}},{"type":"Feature","properties":{"s":"Arunachal Pradesh","v":15.5},"geometry":{"type":"Point","coordinates":[93.9124,27.8116]}},{"type":"Feature","properties":{"s":"Arunachal Pradesh","v":15.5},"geometry":{"type":"Point","coordinates":[94.3563,27.6573]}},{"type":"Feature","properties":{"s":"Arunachal Pradesh","v":15.5},"geometry":{"type":"Point","coordinates":[93.4858,26.9673]}},{"type":"Feature","properties":{"s":"Arunachal Pradesh","v":15.5},"geometry":{"type":"Point","coordinates":[95.5479,28.2723]}},{"type":"Feature","properties":{"s":"Arunachal Pradesh","v":15.5},"geometry":{"type":"Point","coordinates":[95.1718,28.3077]}},{"type":"Feature","properties":{"s":"Arunachal Pradesh","v":15.5},"geometry":{"type":"Point","coordinates":[96.4484,28.9795]}},{"type":"Feature","properties":{"s":"Arunachal Pradesh","v":15.5},"geometry":{"type":"Point","coordinates":[92.1736,27.533]}},{"type":"Feature","properties":{"s":"Arunachal Pradesh","v":15.5},"geometry":{"type":"Point","coordinates":[92.7329,28.101]}},{"type":"Feature","properties":{"s":"Arunachal Pradesh","v":15.5},"geometry":{"type":"Point","coordinates":[96.7239,28.4126]}},{"type":"Feature","properties":{"s":"Arunachal Pradesh","v":15.5},"geometry":{"type":"Point","coordinates":[97.0118,27.8698]}},{"type":"Feature","properties":{"s":"Arunachal Pradesh","v":15.5},"geometry":{"type":"Point","coordinates":[93.4674,27.1447]}},{"type":"Feature","properties":{"s":"Arunachal Pradesh","v":15.5},"geometry":{"type":"Point","coordinates":[93.4376,27.8835]}},{"type":"Feature","properties":{"s":"Arunachal Pradesh","v":15.5},"geometry":{"type":"Point","coordinates":[96.8147,27.4242]}},{"type":"Feature","properties":{"s":"Arunachal Pradesh","v":15.5},"geometry":{"type":"Point","coordinates":[96.7558,27.3856]}},{"type":"Feature","properties":{"s":"Arunachal Pradesh","v":15.5},"geometry":{"type":"Point","coordinates":[92.3894,27.5575]}},{"type":"Feature","properties":{"s":"Arunachal Pradesh","v":15.5},"geometry":{"type":"Point","coordinates":[94.0694,27.5032]}},{"type":"Feature","properties":{"s":"Arunachal Pradesh","v":15.5},"geometry":{"type":"Point","coordinates":[92.7649,27.7795]}},{"type":"Feature","properties":{"s":"Arunachal Pradesh","v":15.5},"geometry":{"type":"Point","coordinates":[94.5125,27.9356]}},{"type":"Feature","properties":{"s":"Arunachal Pradesh","v":15.5},"geometry":{"type":"Point","coordinates":[96.5012,28.1075]}},{"type":"Feature","properties":{"s":"Arunachal Pradesh","v":15.5},"geometry":{"type":"Point","coordinates":[94.5289,27.7087]}},{"type":"Feature","properties":{"s":"Arunachal Pradesh","v":15.5},"geometry":{"type":"Point","coordinates":[93.8663,27.5609]}},{"type":"Feature","properties":{"s":"Arunachal Pradesh","v":15.5},"geometry":{"type":"Point","coordinates":[93.8663,27.939]}},{"type":"Feature","properties":{"s":"Arunachal Pradesh","v":15.5},"geometry":{"type":"Point","coordinates":[95.7423,28.761]}},{"type":"Feature","properties":{"s":"Arunachal Pradesh","v":15.5},"geometry":{"type":"Point","coordinates":[93.3677,27.7373]}},{"type":"Feature","properties":{"s":"Arunachal Pradesh","v":15.5},"geometry":{"type":"Point","coordinates":[94.5725,29.1124]}},{"type":"Feature","properties":{"s":"Arunachal Pradesh","v":15.5},"geometry":{"type":"Point","coordinates":[96.0652,28.198]}},{"type":"Feature","properties":{"s":"Arunachal Pradesh","v":15.5},"geometry":{"type":"Point","coordinates":[95.4385,27.0518]}},{"type":"Feature","properties":{"s":"Arunachal Pradesh","v":15.5},"geometry":{"type":"Point","coordinates":[95.6111,29.1533]}},{"type":"Feature","properties":{"s":"Arunachal Pradesh","v":15.5},"geometry":{"type":"Point","coordinates":[94.5297,27.628]}},{"type":"Feature","properties":{"s":"Arunachal Pradesh","v":15.5},"geometry":{"type":"Point","coordinates":[95.1477,28.8516]}},{"type":"Feature","properties":{"s":"Arunachal Pradesh","v":15.5},"geometry":{"type":"Point","coordinates":[94.6865,28.8354]}},{"type":"Feature","properties":{"s":"Arunachal Pradesh","v":15.5},"geometry":{"type":"Point","coordinates":[96.5643,28.2297]}},{"type":"Feature","properties":{"s":"Arunachal Pradesh","v":15.5},"geometry":{"type":"Point","coordinates":[94.3812,28.1077]}},{"type":"Feature","properties":{"s":"Arunachal Pradesh","v":15.5},"geometry":{"type":"Point","coordinates":[96.8947,27.6969]}},{"type":"Feature","properties":{"s":"Arunachal Pradesh","v":15.5},"geometry":{"type":"Point","coordinates":[95.5646,27.9834]}},{"type":"Feature","properties":{"s":"Arunachal Pradesh","v":15.5},"geometry":{"type":"Point","coordinates":[96.0353,28.5183]}},{"type":"Feature","properties":{"s":"Arunachal Pradesh","v":15.5},"geometry":{"type":"Point","coordinates":[91.8304,27.7922]}},{"type":"Feature","properties":{"s":"Arunachal Pradesh","v":15.5},"geometry":{"type":"Point","coordinates":[95.3397,28.3749]}},{"type":"Feature","properties":{"s":"Arunachal Pradesh","v":15.5},"geometry":{"type":"Point","coordinates":[95.8891,28.4673]}},{"type":"Feature","properties":{"s":"Arunachal Pradesh","v":15.5},"geometry":{"type":"Point","coordinates":[94.7771,28.5043]}},{"type":"Feature","properties":{"s":"Arunachal Pradesh","v":15.5},"geometry":{"type":"Point","coordinates":[94.7789,28.4809]}},{"type":"Feature","properties":{"s":"Arunachal Pradesh","v":15.5},"geometry":{"type":"Point","coordinates":[93.9272,27.3278]}},{"type":"Feature","properties":{"s":"Arunachal Pradesh","v":15.5},"geometry":{"type":"Point","coordinates":[95.6852,28.0982]}},{"type":"Feature","properties":{"s":"Arunachal Pradesh","v":15.5},"geometry":{"type":"Point","coordinates":[94.3781,27.9175]}},{"type":"Feature","properties":{"s":"Arunachal Pradesh","v":15.5},"geometry":{"type":"Point","coordinates":[93.6589,27.1878]}},{"type":"Feature","properties":{"s":"Arunachal Pradesh","v":15.5},"geometry":{"type":"Point","coordinates":[93.453,28.3761]}},{"type":"Feature","properties":{"s":"Arunachal Pradesh","v":15.5},"geometry":{"type":"Point","coordinates":[95.6841,28.0248]}},{"type":"Feature","properties":{"s":"Arunachal Pradesh","v":15.5},"geometry":{"type":"Point","coordinates":[93.3205,28.5044]}},{"type":"Feature","properties":{"s":"Arunachal Pradesh","v":15.5},"geometry":{"type":"Point","coordinates":[96.2476,27.9033]}},{"type":"Feature","properties":{"s":"Arunachal Pradesh","v":15.5},"geometry":{"type":"Point","coordinates":[94.5945,27.6515]}},{"type":"Feature","properties":{"s":"Arunachal Pradesh","v":15.5},"geometry":{"type":"Point","coordinates":[94.8445,28.9477]}},{"type":"Feature","properties":{"s":"Arunachal Pradesh","v":15.5},"geometry":{"type":"Point","coordinates":[95.4925,27.8796]}},{"type":"Feature","properties":{"s":"Arunachal Pradesh","v":15.5},"geometry":{"type":"Point","coordinates":[96.9757,27.9636]}},{"type":"Feature","properties":{"s":"Arunachal Pradesh","v":15.5},"geometry":{"type":"Point","coordinates":[95.9714,27.7776]}},{"type":"Feature","properties":{"s":"Arunachal Pradesh","v":15.5},"geometry":{"type":"Point","coordinates":[95.8468,29.2413]}},{"type":"Feature","properties":{"s":"Arunachal Pradesh","v":15.5},"geometry":{"type":"Point","coordinates":[96.585,28.4282]}},{"type":"Feature","properties":{"s":"Arunachal Pradesh","v":15.5},"geometry":{"type":"Point","coordinates":[96.5342,27.9403]}},{"type":"Feature","properties":{"s":"Arunachal Pradesh","v":15.5},"geometry":{"type":"Point","coordinates":[96.4287,27.864]}},{"type":"Feature","properties":{"s":"Arunachal Pradesh","v":15.5},"geometry":{"type":"Point","coordinates":[95.3574,27.9613]}},{"type":"Feature","properties":{"s":"Arunachal Pradesh","v":15.5},"geometry":{"type":"Point","coordinates":[96.8005,28.3473]}},{"type":"Feature","properties":{"s":"Arunachal Pradesh","v":15.5},"geometry":{"type":"Point","coordinates":[93.4638,28.0955]}},{"type":"Feature","properties":{"s":"Arunachal Pradesh","v":15.5},"geometry":{"type":"Point","coordinates":[95.6477,28.1309]}},{"type":"Feature","properties":{"s":"Arunachal Pradesh","v":15.5},"geometry":{"type":"Point","coordinates":[95.2393,27.9747]}},{"type":"Feature","properties":{"s":"Arunachal Pradesh","v":15.5},"geometry":{"type":"Point","coordinates":[93.4073,28.3199]}},{"type":"Feature","properties":{"s":"Arunachal Pradesh","v":15.5},"geometry":{"type":"Point","coordinates":[95.2274,27.9703]}},{"type":"Feature","properties":{"s":"Arunachal Pradesh","v":15.5},"geometry":{"type":"Point","coordinates":[95.8588,27.6739]}},{"type":"Feature","properties":{"s":"Arunachal Pradesh","v":15.5},"geometry":{"type":"Point","coordinates":[96.7369,27.6062]}},{"type":"Feature","properties":{"s":"Arunachal Pradesh","v":15.5},"geometry":{"type":"Point","coordinates":[93.845,27.8677]}},{"type":"Feature","properties":{"s":"Assam","v":27.5},"geometry":{"type":"Point","coordinates":[92.6815,24.5945]}},{"type":"Feature","properties":{"s":"Assam","v":27.5},"geometry":{"type":"Point","coordinates":[92.3626,26.4906]}},{"type":"Feature","properties":{"s":"Assam","v":27.5},"geometry":{"type":"Point","coordinates":[94.8156,26.9569]}},{"type":"Feature","properties":{"s":"Assam","v":27.5},"geometry":{"type":"Point","coordinates":[92.7997,26.5352]}},{"type":"Feature","properties":{"s":"Assam","v":27.5},"geometry":{"type":"Point","coordinates":[95.023,27.5828]}},{"type":"Feature","properties":{"s":"Assam","v":27.5},"geometry":{"type":"Point","coordinates":[92.9999,24.6825]}},{"type":"Feature","properties":{"s":"Assam","v":27.5},"geometry":{"type":"Point","coordinates":[94.0246,26.8702]}},{"type":"Feature","properties":{"s":"Assam","v":27.5},"geometry":{"type":"Point","coordinates":[94.1906,26.9422]}},{"type":"Feature","properties":{"s":"Assam","v":27.5},"geometry":{"type":"Point","coordinates":[95.2934,27.2986]}},{"type":"Feature","properties":{"s":"Assam","v":27.5},"geometry":{"type":"Point","coordinates":[92.5578,25.0973]}},{"type":"Feature","properties":{"s":"Assam","v":27.5},"geometry":{"type":"Point","coordinates":[91.0786,26.6934]}},{"type":"Feature","properties":{"s":"Assam","v":27.5},"geometry":{"type":"Point","coordinates":[92.9653,26.7457]}},{"type":"Feature","properties":{"s":"Assam","v":27.5},"geometry":{"type":"Point","coordinates":[94.9549,27.0113]}},{"type":"Feature","properties":{"s":"Assam","v":27.5},"geometry":{"type":"Point","coordinates":[93.9055,26.4524]}},{"type":"Feature","properties":{"s":"Assam","v":27.5},"geometry":{"type":"Point","coordinates":[89.9456,26.6988]}},{"type":"Feature","properties":{"s":"Assam","v":27.5},"geometry":{"type":"Point","coordinates":[90.8057,26.5939]}},{"type":"Feature","properties":{"s":"Assam","v":27.5},"geometry":{"type":"Point","coordinates":[92.7605,24.952]}},{"type":"Feature","properties":{"s":"Assam","v":27.5},"geometry":{"type":"Point","coordinates":[94.1901,26.5274]}},{"type":"Feature","properties":{"s":"Assam","v":27.5},"geometry":{"type":"Point","coordinates":[93.1349,26.3391]}},{"type":"Feature","properties":{"s":"Assam","v":27.5},"geometry":{"type":"Point","coordinates":[91.3752,26.289]}},{"type":"Feature","properties":{"s":"Assam","v":27.5},"geometry":{"type":"Point","coordinates":[90.4611,26.235]}},{"type":"Feature","properties":{"s":"Assam","v":27.5},"geometry":{"type":"Point","coordinates":[92.3841,26.1315]}},{"type":"Feature","properties":{"s":"Assam","v":27.5},"geometry":{"type":"Point","coordinates":[90.5744,26.0064]}},{"type":"Feature","properties":{"s":"Assam","v":27.5},"geometry":{"type":"Point","coordinates":[91.6711,26.1242]}},{"type":"Feature","properties":{"s":"Assam","v":27.5},"geometry":{"type":"Point","coordinates":[92.9187,26.4697]}},{"type":"Feature","properties":{"s":"Assam","v":27.5},"geometry":{"type":"Point","coordinates":[90.7919,26.5796]}},{"type":"Feature","properties":{"s":"Assam","v":27.5},"geometry":{"type":"Point","coordinates":[92.8067,25.8326]}},{"type":"Feature","properties":{"s":"Assam","v":27.5},"geometry":{"type":"Point","coordinates":[91.645,26.8144]}},{"type":"Feature","properties":{"s":"Assam","v":27.5},"geometry":{"type":"Point","coordinates":[92.569,26.0279]}},{"type":"Feature","properties":{"s":"Assam","v":27.5},"geometry":{"type":"Point","coordinates":[94.8475,27.61]}},{"type":"Feature","properties":{"s":"Assam","v":27.5},"geometry":{"type":"Point","coordinates":[91.7332,26.4706]}},{"type":"Feature","properties":{"s":"Assam","v":27.5},"geometry":{"type":"Point","coordinates":[91.7173,26.3189]}},{"type":"Feature","properties":{"s":"Assam","v":27.5},"geometry":{"type":"Point","coordinates":[92.4285,26.5178]}},{"type":"Feature","properties":{"s":"Assam","v":27.5},"geometry":{"type":"Point","coordinates":[92.1689,26.7581]}},{"type":"Feature","properties":{"s":"Assam","v":27.5},"geometry":{"type":"Point","coordinates":[93.2147,25.4165]}},{"type":"Feature","properties":{"s":"Assam","v":27.5},"geometry":{"type":"Point","coordinates":[93.0828,26.1795]}},{"type":"Feature","properties":{"s":"Assam","v":27.5},"geometry":{"type":"Point","coordinates":[92.0513,26.7208]}},{"type":"Feature","properties":{"s":"Assam","v":27.5},"geometry":{"type":"Point","coordinates":[95.1939,27.4111]}},{"type":"Feature","properties":{"s":"Assam","v":27.5},"geometry":{"type":"Point","coordinates":[89.9369,26.5848]}},{"type":"Feature","properties":{"s":"Assam","v":27.5},"geometry":{"type":"Point","coordinates":[93.4273,26.0903]}},{"type":"Feature","properties":{"s":"Assam","v":27.5},"geometry":{"type":"Point","coordinates":[94.9933,27.6988]}},{"type":"Feature","properties":{"s":"Assam","v":27.5},"geometry":{"type":"Point","coordinates":[93.7081,26.5981]}},{"type":"Feature","properties":{"s":"Assam","v":27.5},"geometry":{"type":"Point","coordinates":[93.8,26.1543]}},{"type":"Feature","properties":{"s":"Assam","v":27.5},"geometry":{"type":"Point","coordinates":[92.6473,25.9838]}},{"type":"Feature","properties":{"s":"Assam","v":27.5},"geometry":{"type":"Point","coordinates":[95.0658,27.2793]}},{"type":"Feature","properties":{"s":"Assam","v":27.5},"geometry":{"type":"Point","coordinates":[95.6405,27.7285]}},{"type":"Feature","properties":{"s":"Assam","v":27.5},"geometry":{"type":"Point","coordinates":[92.7274,26.6805]}},{"type":"Feature","properties":{"s":"Assam","v":27.5},"geometry":{"type":"Point","coordinates":[91.1338,26.4644]}},{"type":"Feature","properties":{"s":"Assam","v":27.5},"geometry":{"type":"Point","coordinates":[90.4825,26.4154]}},{"type":"Feature","properties":{"s":"Assam","v":27.5},"geometry":{"type":"Point","coordinates":[90.3904,26.2903]}},{"type":"Feature","properties":{"s":"Assam","v":27.5},"geometry":{"type":"Point","coordinates":[91.1836,26.1658]}},{"type":"Feature","properties":{"s":"Assam","v":27.5},"geometry":{"type":"Point","coordinates":[93.0743,26.747]}},{"type":"Feature","properties":{"s":"Assam","v":27.5},"geometry":{"type":"Point","coordinates":[93.5535,26.1512]}},{"type":"Feature","properties":{"s":"Assam","v":27.5},"geometry":{"type":"Point","coordinates":[92.8083,26.6798]}},{"type":"Feature","properties":{"s":"Assam","v":27.5},"geometry":{"type":"Point","coordinates":[92.9131,25.8916]}},{"type":"Feature","properties":{"s":"Assam","v":27.5},"geometry":{"type":"Point","coordinates":[90.4153,26.5456]}},{"type":"Feature","properties":{"s":"Assam","v":27.5},"geometry":{"type":"Point","coordinates":[93.4345,25.3565]}},{"type":"Feature","properties":{"s":"Assam","v":27.5},"geometry":{"type":"Point","coordinates":[90.8932,26.5337]}},{"type":"Feature","properties":{"s":"Assam","v":27.5},"geometry":{"type":"Point","coordinates":[94.0184,26.3493]}},{"type":"Feature","properties":{"s":"Assam","v":27.5},"geometry":{"type":"Point","coordinates":[91.0449,26.6109]}},{"type":"Feature","properties":{"s":"Assam","v":27.5},"geometry":{"type":"Point","coordinates":[92.281,24.2979]}},{"type":"Feature","properties":{"s":"Assam","v":27.5},"geometry":{"type":"Point","coordinates":[92.5049,24.6913]}},{"type":"Feature","properties":{"s":"Assam","v":27.5},"geometry":{"type":"Point","coordinates":[92.9079,24.5924]}},{"type":"Feature","properties":{"s":"Assam","v":27.5},"geometry":{"type":"Point","coordinates":[92.3184,26.2103]}},{"type":"Feature","properties":{"s":"Assam","v":27.5},"geometry":{"type":"Point","coordinates":[91.8614,26.0986]}},{"type":"Feature","properties":{"s":"Assam","v":27.5},"geometry":{"type":"Point","coordinates":[92.1326,26.8881]}},{"type":"Feature","properties":{"s":"Assam","v":27.5},"geometry":{"type":"Point","coordinates":[90.6647,26.0774]}},{"type":"Feature","properties":{"s":"Assam","v":27.5},"geometry":{"type":"Point","coordinates":[91.3764,26.1659]}},{"type":"Feature","properties":{"s":"Assam","v":27.5},"geometry":{"type":"Point","coordinates":[92.6481,25.444]}},{"type":"Feature","properties":{"s":"Assam","v":27.5},"geometry":{"type":"Point","coordinates":[95.3454,27.684]}},{"type":"Feature","properties":{"s":"Assam","v":27.5},"geometry":{"type":"Point","coordinates":[91.141,26.3209]}},{"type":"Feature","properties":{"s":"Assam","v":27.5},"geometry":{"type":"Point","coordinates":[93.3875,25.7162]}},{"type":"Feature","properties":{"s":"Assam","v":27.5},"geometry":{"type":"Point","coordinates":[90.3917,26.1067]}},{"type":"Feature","properties":{"s":"Assam","v":27.5},"geometry":{"type":"Point","coordinates":[94.6738,26.7715]}},{"type":"Feature","properties":{"s":"Assam","v":27.5},"geometry":{"type":"Point","coordinates":[92.9053,25.7004]}},{"type":"Feature","properties":{"s":"Assam","v":27.5},"geometry":{"type":"Point","coordinates":[92.2065,26.3859]}},{"type":"Feature","properties":{"s":"Assam","v":27.5},"geometry":{"type":"Point","coordinates":[93.5621,26.066]}},{"type":"Feature","properties":{"s":"Assam","v":27.5},"geometry":{"type":"Point","coordinates":[92.7808,26.4412]}},{"type":"Feature","properties":{"s":"Assam","v":27.5},"geometry":{"type":"Point","coordinates":[94.0571,26.7316]}},{"type":"Feature","properties":{"s":"Assam","v":27.5},"geometry":{"type":"Point","coordinates":[93.2095,26.9173]}},{"type":"Feature","properties":{"s":"Assam","v":27.5},"geometry":{"type":"Point","coordinates":[90.6044,26.4547]}},{"type":"Feature","properties":{"s":"Assam","v":27.5},"geometry":{"type":"Point","coordinates":[92.8854,24.7197]}},{"type":"Feature","properties":{"s":"Assam","v":27.5},"geometry":{"type":"Point","coordinates":[92.7486,24.5432]}},{"type":"Feature","properties":{"s":"Assam","v":27.5},"geometry":{"type":"Point","coordinates":[94.8034,27.6581]}},{"type":"Feature","properties":{"s":"Assam","v":27.5},"geometry":{"type":"Point","coordinates":[93.3439,26.5705]}},{"type":"Feature","properties":{"s":"Assam","v":27.5},"geometry":{"type":"Point","coordinates":[91.4808,26.6489]}},{"type":"Feature","properties":{"s":"Assam","v":27.5},"geometry":{"type":"Point","coordinates":[91.8031,26.6009]}},{"type":"Feature","properties":{"s":"Assam","v":27.5},"geometry":{"type":"Point","coordinates":[94.7228,27.1369]}},{"type":"Feature","properties":{"s":"Assam","v":27.5},"geometry":{"type":"Point","coordinates":[91.5897,26.4857]}},{"type":"Feature","properties":{"s":"Assam","v":27.5},"geometry":{"type":"Point","coordinates":[92.8986,26.3359]}},{"type":"Feature","properties":{"s":"Assam","v":27.5},"geometry":{"type":"Point","coordinates":[93.2565,25.9692]}},{"type":"Feature","properties":{"s":"Assam","v":27.5},"geometry":{"type":"Point","coordinates":[91.5272,26.6251]}},{"type":"Feature","properties":{"s":"Assam","v":27.5},"geometry":{"type":"Point","coordinates":[95.0736,26.9993]}},{"type":"Feature","properties":{"s":"Assam","v":27.5},"geometry":{"type":"Point","coordinates":[90.3031,26.7725]}},{"type":"Feature","properties":{"s":"Assam","v":27.5},"geometry":{"type":"Point","coordinates":[90.5544,26.4074]}},{"type":"Feature","properties":{"s":"Assam","v":27.5},"geometry":{"type":"Point","coordinates":[94.2758,26.7655]}},{"type":"Feature","properties":{"s":"Assam","v":27.5},"geometry":{"type":"Point","coordinates":[92.7483,25.535]}},{"type":"Feature","properties":{"s":"Assam","v":27.5},"geometry":{"type":"Point","coordinates":[91.2783,26.0774]}},{"type":"Feature","properties":{"s":"Assam","v":27.5},"geometry":{"type":"Point","coordinates":[91.9162,26.8482]}},{"type":"Feature","properties":{"s":"Assam","v":27.5},"geometry":{"type":"Point","coordinates":[92.8352,26.5085]}},{"type":"Feature","properties":{"s":"Assam","v":27.5},"geometry":{"type":"Point","coordinates":[92.9277,25.9913]}},{"type":"Feature","properties":{"s":"Assam","v":27.5},"geometry":{"type":"Point","coordinates":[91.2098,26.4143]}},{"type":"Feature","properties":{"s":"Assam","v":27.5},"geometry":{"type":"Point","coordinates":[94.2836,27.3223]}},{"type":"Feature","properties":{"s":"Assam","v":27.5},"geometry":{"type":"Point","coordinates":[93.088,25.7672]}},{"type":"Feature","properties":{"s":"Assam","v":27.5},"geometry":{"type":"Point","coordinates":[92.4987,25.1064]}},{"type":"Feature","properties":{"s":"Assam","v":27.5},"geometry":{"type":"Point","coordinates":[93.9147,27.2335]}},{"type":"Feature","properties":{"s":"Assam","v":27.5},"geometry":{"type":"Point","coordinates":[92.6228,24.7244]}},{"type":"Feature","properties":{"s":"Assam","v":27.5},"geometry":{"type":"Point","coordinates":[91.3434,26.3912]}},{"type":"Feature","properties":{"s":"Assam","v":27.5},"geometry":{"type":"Point","coordinates":[93.6359,26.3816]}},{"type":"Feature","properties":{"s":"Assam","v":27.5},"geometry":{"type":"Point","coordinates":[92.9015,24.7192]}},{"type":"Feature","properties":{"s":"Assam","v":27.5},"geometry":{"type":"Point","coordinates":[91.535,26.3683]}},{"type":"Feature","properties":{"s":"Assam","v":27.5},"geometry":{"type":"Point","coordinates":[89.9903,25.883]}},{"type":"Feature","properties":{"s":"Assam","v":27.5},"geometry":{"type":"Point","coordinates":[91.8445,26.7433]}},{"type":"Feature","properties":{"s":"Assam","v":27.5},"geometry":{"type":"Point","coordinates":[94.6747,27.3939]}},{"type":"Feature","properties":{"s":"Assam","v":27.5},"geometry":{"type":"Point","coordinates":[89.92,25.8435]}},{"type":"Feature","properties":{"s":"Assam","v":27.5},"geometry":{"type":"Point","coordinates":[92.6319,25.0036]}},{"type":"Feature","properties":{"s":"Assam","v":27.5},"geometry":{"type":"Point","coordinates":[91.2616,26.2122]}},{"type":"Feature","properties":{"s":"Assam","v":27.5},"geometry":{"type":"Point","coordinates":[93.1846,25.7689]}},{"type":"Feature","properties":{"s":"Assam","v":27.5},"geometry":{"type":"Point","coordinates":[92.3058,26.1751]}},{"type":"Feature","properties":{"s":"Assam","v":27.5},"geometry":{"type":"Point","coordinates":[90.8266,26.5211]}},{"type":"Feature","properties":{"s":"Assam","v":27.5},"geometry":{"type":"Point","coordinates":[91.9151,26.6206]}},{"type":"Feature","properties":{"s":"Assam","v":27.5},"geometry":{"type":"Point","coordinates":[92.5642,25.6555]}},{"type":"Feature","properties":{"s":"Assam","v":27.5},"geometry":{"type":"Point","coordinates":[93.0123,25.6878]}},{"type":"Feature","properties":{"s":"Assam","v":27.5},"geometry":{"type":"Point","coordinates":[93.045,26.762]}},{"type":"Feature","properties":{"s":"Assam","v":27.5},"geometry":{"type":"Point","coordinates":[95.0947,27.0151]}},{"type":"Feature","properties":{"s":"Assam","v":27.5},"geometry":{"type":"Point","coordinates":[94.0291,26.2953]}},{"type":"Feature","properties":{"s":"Assam","v":27.5},"geometry":{"type":"Point","coordinates":[91.2436,26.7367]}},{"type":"Feature","properties":{"s":"Assam","v":27.5},"geometry":{"type":"Point","coordinates":[91.9363,26.313]}},{"type":"Feature","properties":{"s":"Assam","v":27.5},"geometry":{"type":"Point","coordinates":[95.0245,27.3301]}},{"type":"Feature","properties":{"s":"Assam","v":27.5},"geometry":{"type":"Point","coordinates":[93.9029,26.8046]}},{"type":"Feature","properties":{"s":"Assam","v":27.5},"geometry":{"type":"Point","coordinates":[93.4825,26.4776]}},{"type":"Feature","properties":{"s":"Assam","v":27.5},"geometry":{"type":"Point","coordinates":[93.5601,26.5832]}},{"type":"Feature","properties":{"s":"Assam","v":27.5},"geometry":{"type":"Point","coordinates":[90.4011,26.502]}},{"type":"Feature","properties":{"s":"Assam","v":27.5},"geometry":{"type":"Point","coordinates":[91.4278,26.3196]}},{"type":"Feature","properties":{"s":"Assam","v":27.5},"geometry":{"type":"Point","coordinates":[91.9603,26.6764]}},{"type":"Feature","properties":{"s":"Assam","v":27.5},"geometry":{"type":"Point","coordinates":[93.1282,26.666]}},{"type":"Feature","properties":{"s":"Assam","v":27.5},"geometry":{"type":"Point","coordinates":[91.1463,26.5123]}},{"type":"Feature","properties":{"s":"Assam","v":27.5},"geometry":{"type":"Point","coordinates":[90.5884,26.5694]}},{"type":"Feature","properties":{"s":"Assam","v":27.5},"geometry":{"type":"Point","coordinates":[93.045,26.6403]}},{"type":"Feature","properties":{"s":"Assam","v":27.5},"geometry":{"type":"Point","coordinates":[94.1857,26.6147]}},{"type":"Feature","properties":{"s":"Assam","v":27.5},"geometry":{"type":"Point","coordinates":[90.3984,26.5591]}},{"type":"Feature","properties":{"s":"Assam","v":27.5},"geometry":{"type":"Point","coordinates":[93.2404,26.0094]}},{"type":"Feature","properties":{"s":"Assam","v":27.5},"geometry":{"type":"Point","coordinates":[94.2194,27.0828]}},{"type":"Feature","properties":{"s":"Assam","v":27.5},"geometry":{"type":"Point","coordinates":[92.604,24.2743]}},{"type":"Feature","properties":{"s":"Assam","v":27.5},"geometry":{"type":"Point","coordinates":[92.657,26.7535]}},{"type":"Feature","properties":{"s":"Assam","v":27.5},"geometry":{"type":"Point","coordinates":[90.4104,26.268]}},{"type":"Feature","properties":{"s":"Assam","v":27.5},"geometry":{"type":"Point","coordinates":[92.639,26.5306]}},{"type":"Feature","properties":{"s":"Assam","v":27.5},"geometry":{"type":"Point","coordinates":[93.4461,25.6641]}},{"type":"Feature","properties":{"s":"Assam","v":27.5},"geometry":{"type":"Point","coordinates":[93.5444,25.767]}},{"type":"Feature","properties":{"s":"Assam","v":27.5},"geometry":{"type":"Point","coordinates":[94.9623,27.349]}},{"type":"Feature","properties":{"s":"Assam","v":27.5},"geometry":{"type":"Point","coordinates":[93.577,26.4292]}},{"type":"Feature","properties":{"s":"Assam","v":27.5},"geometry":{"type":"Point","coordinates":[94.2936,26.5996]}},{"type":"Feature","properties":{"s":"Assam","v":27.5},"geometry":{"type":"Point","coordinates":[93.2834,25.7663]}},{"type":"Feature","properties":{"s":"Assam","v":27.5},"geometry":{"type":"Point","coordinates":[91.6324,26.1719]}},{"type":"Feature","properties":{"s":"Assam","v":27.5},"geometry":{"type":"Point","coordinates":[90.6226,26.533]}},{"type":"Feature","properties":{"s":"Assam","v":27.5},"geometry":{"type":"Point","coordinates":[93.8238,26.9585]}},{"type":"Feature","properties":{"s":"Assam","v":27.5},"geometry":{"type":"Point","coordinates":[93.4335,25.9741]}},{"type":"Feature","properties":{"s":"Assam","v":27.5},"geometry":{"type":"Point","coordinates":[93.8069,26.8786]}},{"type":"Feature","properties":{"s":"Assam","v":27.5},"geometry":{"type":"Point","coordinates":[95.8154,27.2995]}},{"type":"Feature","properties":{"s":"Assam","v":27.5},"geometry":{"type":"Point","coordinates":[93.4038,25.9305]}},{"type":"Feature","properties":{"s":"Assam","v":27.5},"geometry":{"type":"Point","coordinates":[92.5225,24.3315]}},{"type":"Feature","properties":{"s":"Assam","v":27.5},"geometry":{"type":"Point","coordinates":[94.5335,27.1371]}},{"type":"Feature","properties":{"s":"Assam","v":27.5},"geometry":{"type":"Point","coordinates":[92.7989,26.1299]}},{"type":"Feature","properties":{"s":"Assam","v":27.5},"geometry":{"type":"Point","coordinates":[92.4118,26.9343]}},{"type":"Feature","properties":{"s":"Assam","v":27.5},"geometry":{"type":"Point","coordinates":[92.552,24.388]}},{"type":"Feature","properties":{"s":"Assam","v":27.5},"geometry":{"type":"Point","coordinates":[92.7785,26.7617]}},{"type":"Feature","properties":{"s":"Assam","v":27.5},"geometry":{"type":"Point","coordinates":[93.3953,25.729]}},{"type":"Feature","properties":{"s":"Assam","v":27.5},"geometry":{"type":"Point","coordinates":[92.2551,24.6241]}},{"type":"Feature","properties":{"s":"Assam","v":27.5},"geometry":{"type":"Point","coordinates":[93.577,26.4263]}},{"type":"Feature","properties":{"s":"Assam","v":27.5},"geometry":{"type":"Point","coordinates":[94.4684,26.9217]}},{"type":"Feature","properties":{"s":"Assam","v":27.5},"geometry":{"type":"Point","coordinates":[93.8361,25.9677]}},{"type":"Feature","properties":{"s":"Assam","v":27.5},"geometry":{"type":"Point","coordinates":[92.4413,25.9611]}},{"type":"Feature","properties":{"s":"Assam","v":27.5},"geometry":{"type":"Point","coordinates":[94.9933,27.2916]}},{"type":"Feature","properties":{"s":"Assam","v":27.5},"geometry":{"type":"Point","coordinates":[92.0573,26.4184]}},{"type":"Feature","properties":{"s":"Assam","v":27.5},"geometry":{"type":"Point","coordinates":[92.8067,26.0086]}},{"type":"Feature","properties":{"s":"Assam","v":27.5},"geometry":{"type":"Point","coordinates":[92.3719,24.3956]}},{"type":"Feature","properties":{"s":"Assam","v":27.5},"geometry":{"type":"Point","coordinates":[92.7363,26.1153]}},{"type":"Feature","properties":{"s":"Assam","v":27.5},"geometry":{"type":"Point","coordinates":[93.5764,26.0821]}},{"type":"Feature","properties":{"s":"Assam","v":27.5},"geometry":{"type":"Point","coordinates":[92.6055,26.6075]}},{"type":"Feature","properties":{"s":"Assam","v":27.5},"geometry":{"type":"Point","coordinates":[92.7339,26.5059]}},{"type":"Feature","properties":{"s":"Assam","v":27.5},"geometry":{"type":"Point","coordinates":[92.892,26.1598]}},{"type":"Feature","properties":{"s":"Assam","v":27.5},"geometry":{"type":"Point","coordinates":[92.2494,26.1268]}},{"type":"Feature","properties":{"s":"Assam","v":27.5},"geometry":{"type":"Point","coordinates":[93.8731,26.002]}},{"type":"Feature","properties":{"s":"Assam","v":27.5},"geometry":{"type":"Point","coordinates":[91.2128,25.8809]}},{"type":"Feature","properties":{"s":"Assam","v":27.5},"geometry":{"type":"Point","coordinates":[90.6463,25.9877]}},{"type":"Feature","properties":{"s":"Assam","v":27.5},"geometry":{"type":"Point","coordinates":[95.3202,27.7808]}},{"type":"Feature","properties":{"s":"Assam","v":27.5},"geometry":{"type":"Point","coordinates":[92.6968,25.8023]}},{"type":"Feature","properties":{"s":"Assam","v":27.5},"geometry":{"type":"Point","coordinates":[93.377,26.6735]}},{"type":"Feature","properties":{"s":"Assam","v":27.5},"geometry":{"type":"Point","coordinates":[92.4525,26.0791]}},{"type":"Feature","properties":{"s":"Assam","v":27.5},"geometry":{"type":"Point","coordinates":[93.1522,26.3854]}},{"type":"Feature","properties":{"s":"Assam","v":27.5},"geometry":{"type":"Point","coordinates":[91.4298,26.5301]}},{"type":"Feature","properties":{"s":"Assam","v":27.5},"geometry":{"type":"Point","coordinates":[90.7467,26.2167]}},{"type":"Feature","properties":{"s":"Assam","v":27.5},"geometry":{"type":"Point","coordinates":[89.9923,26.2033]}},{"type":"Feature","properties":{"s":"Assam","v":27.5},"geometry":{"type":"Point","coordinates":[95.2102,27.5285]}},{"type":"Feature","properties":{"s":"Assam","v":27.5},"geometry":{"type":"Point","coordinates":[92.5977,24.7624]}},{"type":"Feature","properties":{"s":"Assam","v":27.5},"geometry":{"type":"Point","coordinates":[92.7784,26.7709]}},{"type":"Feature","properties":{"s":"Assam","v":27.5},"geometry":{"type":"Point","coordinates":[94.8992,27.4513]}},{"type":"Feature","properties":{"s":"Assam","v":27.5},"geometry":{"type":"Point","coordinates":[92.6431,24.4978]}},{"type":"Feature","properties":{"s":"Assam","v":27.5},"geometry":{"type":"Point","coordinates":[92.4513,26.8694]}},{"type":"Feature","properties":{"s":"Assam","v":27.5},"geometry":{"type":"Point","coordinates":[95.4834,27.7998]}},{"type":"Feature","properties":{"s":"Assam","v":27.5},"geometry":{"type":"Point","coordinates":[93.3878,26.2207]}},{"type":"Feature","properties":{"s":"Assam","v":27.5},"geometry":{"type":"Point","coordinates":[93.1134,25.3474]}},{"type":"Feature","properties":{"s":"Assam","v":27.5},"geometry":{"type":"Point","coordinates":[95.6273,27.9354]}},{"type":"Feature","properties":{"s":"Assam","v":27.5},"geometry":{"type":"Point","coordinates":[93.3162,25.1936]}},{"type":"Feature","properties":{"s":"Assam","v":27.5},"geometry":{"type":"Point","coordinates":[94.0563,26.972]}},{"type":"Feature","properties":{"s":"Assam","v":27.5},"geometry":{"type":"Point","coordinates":[90.6839,26.3033]}},{"type":"Feature","properties":{"s":"Assam","v":27.5},"geometry":{"type":"Point","coordinates":[89.8566,26.6774]}},{"type":"Feature","properties":{"s":"Assam","v":27.5},"geometry":{"type":"Point","coordinates":[90.7932,26.0246]}},{"type":"Feature","properties":{"s":"Assam","v":27.5},"geometry":{"type":"Point","coordinates":[95.8278,27.4031]}},{"type":"Feature","properties":{"s":"Assam","v":27.5},"geometry":{"type":"Point","coordinates":[91.9808,26.2755]}},{"type":"Feature","properties":{"s":"Assam","v":27.5},"geometry":{"type":"Point","coordinates":[91.1802,26.002]}},{"type":"Feature","properties":{"s":"Assam","v":27.5},"geometry":{"type":"Point","coordinates":[95.3637,27.5061]}},{"type":"Feature","properties":{"s":"Assam","v":27.5},"geometry":{"type":"Point","coordinates":[92.2922,25.7426]}},{"type":"Feature","properties":{"s":"Assam","v":27.5},"geometry":{"type":"Point","coordinates":[94.5065,27.0191]}},{"type":"Feature","properties":{"s":"Assam","v":27.5},"geometry":{"type":"Point","coordinates":[91.2682,26.5382]}},{"type":"Feature","properties":{"s":"Assam","v":27.5},"geometry":{"type":"Point","coordinates":[90.5708,26.1035]}},{"type":"Feature","properties":{"s":"Assam","v":27.5},"geometry":{"type":"Point","coordinates":[92.1902,26.5311]}},{"type":"Feature","properties":{"s":"Assam","v":27.5},"geometry":{"type":"Point","coordinates":[92.3829,26.382]}},{"type":"Feature","properties":{"s":"Assam","v":27.5},"geometry":{"type":"Point","coordinates":[92.3541,24.3108]}},{"type":"Feature","properties":{"s":"Assam","v":27.5},"geometry":{"type":"Point","coordinates":[92.2906,26.5523]}},{"type":"Feature","properties":{"s":"Assam","v":27.5},"geometry":{"type":"Point","coordinates":[93.4927,26.2993]}},{"type":"Feature","properties":{"s":"Assam","v":27.5},"geometry":{"type":"Point","coordinates":[93.7735,26.764]}},{"type":"Feature","properties":{"s":"Assam","v":27.5},"geometry":{"type":"Point","coordinates":[92.26,25.7529]}},{"type":"Feature","properties":{"s":"Assam","v":27.5},"geometry":{"type":"Point","coordinates":[92.4202,24.5407]}},{"type":"Feature","properties":{"s":"Assam","v":27.5},"geometry":{"type":"Point","coordinates":[95.2487,27.2267]}},{"type":"Feature","properties":{"s":"Assam","v":27.5},"geometry":{"type":"Point","coordinates":[95.1392,27.2032]}},{"type":"Feature","properties":{"s":"Assam","v":27.5},"geometry":{"type":"Point","coordinates":[92.8767,24.7714]}},{"type":"Feature","properties":{"s":"Assam","v":27.5},"geometry":{"type":"Point","coordinates":[93.197,25.7435]}},{"type":"Feature","properties":{"s":"Assam","v":27.5},"geometry":{"type":"Point","coordinates":[90.1861,26.7603]}},{"type":"Feature","properties":{"s":"Assam","v":27.5},"geometry":{"type":"Point","coordinates":[93.1065,25.498]}},{"type":"Feature","properties":{"s":"Assam","v":27.5},"geometry":{"type":"Point","coordinates":[92.7732,26.7287]}},{"type":"Feature","properties":{"s":"Assam","v":27.5},"geometry":{"type":"Point","coordinates":[94.9715,27.5363]}},{"type":"Feature","properties":{"s":"Assam","v":27.5},"geometry":{"type":"Point","coordinates":[92.3695,26.4419]}},{"type":"Feature","properties":{"s":"Assam","v":27.5},"geometry":{"type":"Point","coordinates":[90.0172,25.9489]}},{"type":"Feature","properties":{"s":"Assam","v":27.5},"geometry":{"type":"Point","coordinates":[94.4413,27.2549]}},{"type":"Feature","properties":{"s":"Assam","v":27.5},"geometry":{"type":"Point","coordinates":[91.5979,26.8103]}},{"type":"Feature","properties":{"s":"Assam","v":27.5},"geometry":{"type":"Point","coordinates":[90.2965,26.0453]}},{"type":"Feature","properties":{"s":"Assam","v":27.5},"geometry":{"type":"Point","coordinates":[94.9754,27.1417]}},{"type":"Feature","properties":{"s":"Assam","v":27.5},"geometry":{"type":"Point","coordinates":[94.8553,27.5985]}},{"type":"Feature","properties":{"s":"Assam","v":27.5},"geometry":{"type":"Point","coordinates":[93.8154,26.282]}},{"type":"Feature","properties":{"s":"Assam","v":27.5},"geometry":{"type":"Point","coordinates":[93.067,25.4391]}},{"type":"Feature","properties":{"s":"Assam","v":27.5},"geometry":{"type":"Point","coordinates":[93.0326,25.9214]}},{"type":"Feature","properties":{"s":"Assam","v":27.5},"geometry":{"type":"Point","coordinates":[92.9052,26.5299]}},{"type":"Feature","properties":{"s":"Assam","v":27.5},"geometry":{"type":"Point","coordinates":[89.8343,26.268]}},{"type":"Feature","properties":{"s":"Assam","v":27.5},"geometry":{"type":"Point","coordinates":[93.1943,25.6007]}},{"type":"Feature","properties":{"s":"Assam","v":27.5},"geometry":{"type":"Point","coordinates":[89.9589,26.0474]}},{"type":"Feature","properties":{"s":"Assam","v":27.5},"geometry":{"type":"Point","coordinates":[92.9865,24.683]}},{"type":"Feature","properties":{"s":"Assam","v":27.5},"geometry":{"type":"Point","coordinates":[92.9993,25.7585]}},{"type":"Feature","properties":{"s":"Assam","v":27.5},"geometry":{"type":"Point","coordinates":[90.4854,26.0452]}},{"type":"Feature","properties":{"s":"Assam","v":27.5},"geometry":{"type":"Point","coordinates":[89.7663,26.1824]}},{"type":"Feature","properties":{"s":"Assam","v":27.5},"geometry":{"type":"Point","coordinates":[92.863,25.2487]}},{"type":"Feature","properties":{"s":"Assam","v":27.5},"geometry":{"type":"Point","coordinates":[89.9817,25.6025]}},{"type":"Feature","properties":{"s":"Assam","v":27.5},"geometry":{"type":"Point","coordinates":[91.5119,26.537]}},{"type":"Feature","properties":{"s":"Assam","v":27.5},"geometry":{"type":"Point","coordinates":[93.0758,26.6546]}},{"type":"Feature","properties":{"s":"Assam","v":27.5},"geometry":{"type":"Point","coordinates":[92.1257,26.3512]}},{"type":"Feature","properties":{"s":"Assam","v":27.5},"geometry":{"type":"Point","coordinates":[93.676,26.3432]}},{"type":"Feature","properties":{"s":"Assam","v":27.5},"geometry":{"type":"Point","coordinates":[91.1707,26.0691]}},{"type":"Feature","properties":{"s":"Assam","v":27.5},"geometry":{"type":"Point","coordinates":[91.3179,26.6542]}},{"type":"Feature","properties":{"s":"Assam","v":27.5},"geometry":{"type":"Point","coordinates":[92.9547,25.043]}},{"type":"Feature","properties":{"s":"Assam","v":27.5},"geometry":{"type":"Point","coordinates":[92.6403,25.9664]}},{"type":"Feature","properties":{"s":"Assam","v":27.5},"geometry":{"type":"Point","coordinates":[92.616,26.2593]}},{"type":"Feature","properties":{"s":"Assam","v":27.5},"geometry":{"type":"Point","coordinates":[93.0161,25.2712]}},{"type":"Feature","properties":{"s":"Assam","v":27.5},"geometry":{"type":"Point","coordinates":[90.8856,26.3738]}},{"type":"Feature","properties":{"s":"Assam","v":27.5},"geometry":{"type":"Point","coordinates":[93.3349,26.0741]}},{"type":"Feature","properties":{"s":"Assam","v":27.5},"geometry":{"type":"Point","coordinates":[93.5546,26.7902]}},{"type":"Feature","properties":{"s":"Assam","v":27.5},"geometry":{"type":"Point","coordinates":[94.9645,27.4177]}},{"type":"Feature","properties":{"s":"Assam","v":27.5},"geometry":{"type":"Point","coordinates":[95.3687,27.4957]}},{"type":"Feature","properties":{"s":"Assam","v":27.5},"geometry":{"type":"Point","coordinates":[93.9057,27.1177]}},{"type":"Feature","properties":{"s":"Assam","v":27.5},"geometry":{"type":"Point","coordinates":[92.6637,24.4127]}},{"type":"Feature","properties":{"s":"Assam","v":27.5},"geometry":{"type":"Point","coordinates":[90.488,26.6202]}},{"type":"Feature","properties":{"s":"Assam","v":27.5},"geometry":{"type":"Point","coordinates":[92.7469,25.7375]}},{"type":"Feature","properties":{"s":"Assam","v":27.5},"geometry":{"type":"Point","coordinates":[93.9101,27.0181]}},{"type":"Feature","properties":{"s":"Assam","v":27.5},"geometry":{"type":"Point","coordinates":[93.2413,25.9867]}},{"type":"Feature","properties":{"s":"Assam","v":27.5},"geometry":{"type":"Point","coordinates":[93.9848,26.8578]}},{"type":"Feature","properties":{"s":"Assam","v":27.5},"geometry":{"type":"Point","coordinates":[94.0163,26.7274]}},{"type":"Feature","properties":{"s":"Assam","v":27.5},"geometry":{"type":"Point","coordinates":[92.2248,26.6861]}},{"type":"Feature","properties":{"s":"Assam","v":27.5},"geometry":{"type":"Point","coordinates":[95.4722,27.4547]}},{"type":"Feature","properties":{"s":"Assam","v":27.5},"geometry":{"type":"Point","coordinates":[95.5868,27.5571]}},{"type":"Feature","properties":{"s":"Assam","v":27.5},"geometry":{"type":"Point","coordinates":[92.5292,25.6063]}},{"type":"Feature","properties":{"s":"Assam","v":27.5},"geometry":{"type":"Point","coordinates":[94.5402,26.8253]}},{"type":"Feature","properties":{"s":"Assam","v":27.5},"geometry":{"type":"Point","coordinates":[92.6968,26.398]}},{"type":"Feature","properties":{"s":"Assam","v":27.5},"geometry":{"type":"Point","coordinates":[90.2775,26.0447]}},{"type":"Feature","properties":{"s":"Assam","v":27.5},"geometry":{"type":"Point","coordinates":[91.3409,25.9449]}},{"type":"Feature","properties":{"s":"Assam","v":27.5},"geometry":{"type":"Point","coordinates":[90.8649,25.9495]}},{"type":"Feature","properties":{"s":"Assam","v":27.5},"geometry":{"type":"Point","coordinates":[91.2345,25.9851]}},{"type":"Feature","properties":{"s":"Assam","v":27.5},"geometry":{"type":"Point","coordinates":[90.9506,26.1563]}},{"type":"Feature","properties":{"s":"Assam","v":27.5},"geometry":{"type":"Point","coordinates":[92.8156,26.6025]}},{"type":"Feature","properties":{"s":"Assam","v":27.5},"geometry":{"type":"Point","coordinates":[92.7989,24.5102]}},{"type":"Feature","properties":{"s":"Assam","v":27.5},"geometry":{"type":"Point","coordinates":[93.2423,25.509]}},{"type":"Feature","properties":{"s":"Assam","v":27.5},"geometry":{"type":"Point","coordinates":[92.8234,26.417]}},{"type":"Feature","properties":{"s":"Assam","v":27.5},"geometry":{"type":"Point","coordinates":[95.7385,27.3633]}},{"type":"Feature","properties":{"s":"Assam","v":27.5},"geometry":{"type":"Point","coordinates":[91.9865,26.3036]}},{"type":"Feature","properties":{"s":"Assam","v":27.5},"geometry":{"type":"Point","coordinates":[95.1109,27.6879]}},{"type":"Feature","properties":{"s":"Assam","v":27.5},"geometry":{"type":"Point","coordinates":[91.2899,26.3546]}},{"type":"Feature","properties":{"s":"Assam","v":27.5},"geometry":{"type":"Point","coordinates":[93.0939,25.3695]}},{"type":"Feature","properties":{"s":"Assam","v":27.5},"geometry":{"type":"Point","coordinates":[92.0047,26.6813]}},{"type":"Feature","properties":{"s":"Assam","v":27.5},"geometry":{"type":"Point","coordinates":[92.8467,26.2422]}},{"type":"Feature","properties":{"s":"Assam","v":27.5},"geometry":{"type":"Point","coordinates":[92.6275,26.0506]}},{"type":"Feature","properties":{"s":"Assam","v":27.5},"geometry":{"type":"Point","coordinates":[93.0461,25.5743]}},{"type":"Feature","properties":{"s":"Assam","v":27.5},"geometry":{"type":"Point","coordinates":[90.9061,26.255]}},{"type":"Feature","properties":{"s":"Assam","v":27.5},"geometry":{"type":"Point","coordinates":[90.7871,26.7115]}},{"type":"Feature","properties":{"s":"Assam","v":27.5},"geometry":{"type":"Point","coordinates":[92.5041,24.4915]}},{"type":"Feature","properties":{"s":"Assam","v":27.5},"geometry":{"type":"Point","coordinates":[94.2757,26.9689]}},{"type":"Feature","properties":{"s":"Assam","v":27.5},"geometry":{"type":"Point","coordinates":[92.0788,26.0839]}},{"type":"Feature","properties":{"s":"Assam","v":27.5},"geometry":{"type":"Point","coordinates":[92.537,26.6554]}},{"type":"Feature","properties":{"s":"Assam","v":27.5},"geometry":{"type":"Point","coordinates":[95.0436,27.3881]}},{"type":"Feature","properties":{"s":"Assam","v":27.5},"geometry":{"type":"Point","coordinates":[89.9181,25.6481]}},{"type":"Feature","properties":{"s":"Assam","v":27.5},"geometry":{"type":"Point","coordinates":[92.4807,25.9756]}},{"type":"Feature","properties":{"s":"Assam","v":27.5},"geometry":{"type":"Point","coordinates":[94.0642,26.8684]}},{"type":"Feature","properties":{"s":"Assam","v":27.5},"geometry":{"type":"Point","coordinates":[95.1529,27.765]}},{"type":"Feature","properties":{"s":"Assam","v":27.5},"geometry":{"type":"Point","coordinates":[94.0688,27.2334]}},{"type":"Feature","properties":{"s":"Assam","v":27.5},"geometry":{"type":"Point","coordinates":[91.0647,25.8916]}},{"type":"Feature","properties":{"s":"Assam","v":27.5},"geometry":{"type":"Point","coordinates":[95.4435,27.7721]}},{"type":"Feature","properties":{"s":"Assam","v":27.5},"geometry":{"type":"Point","coordinates":[92.9667,25.312]}},{"type":"Feature","properties":{"s":"Assam","v":27.5},"geometry":{"type":"Point","coordinates":[91.066,26.7046]}},{"type":"Feature","properties":{"s":"Assam","v":27.5},"geometry":{"type":"Point","coordinates":[95.21,27.5727]}},{"type":"Feature","properties":{"s":"Assam","v":27.5},"geometry":{"type":"Point","coordinates":[93.4264,25.6748]}},{"type":"Feature","properties":{"s":"Assam","v":27.5},"geometry":{"type":"Point","coordinates":[95.3133,27.2047]}},{"type":"Feature","properties":{"s":"Assam","v":27.5},"geometry":{"type":"Point","coordinates":[92.6996,25.8315]}},{"type":"Feature","properties":{"s":"Assam","v":27.5},"geometry":{"type":"Point","coordinates":[95.2772,27.1507]}},{"type":"Feature","properties":{"s":"Assam","v":27.5},"geometry":{"type":"Point","coordinates":[93.8046,26.2902]}},{"type":"Feature","properties":{"s":"Assam","v":27.5},"geometry":{"type":"Point","coordinates":[94.2989,26.7007]}},{"type":"Feature","properties":{"s":"Assam","v":27.5},"geometry":{"type":"Point","coordinates":[93.8194,26.3541]}},{"type":"Feature","properties":{"s":"Assam","v":27.5},"geometry":{"type":"Point","coordinates":[92.6794,25.1291]}},{"type":"Feature","properties":{"s":"Assam","v":27.5},"geometry":{"type":"Point","coordinates":[93.6042,26.9454]}},{"type":"Feature","properties":{"s":"Assam","v":27.5},"geometry":{"type":"Point","coordinates":[93.5731,25.7916]}},{"type":"Feature","properties":{"s":"Assam","v":27.5},"geometry":{"type":"Point","coordinates":[94.8238,26.9865]}},{"type":"Feature","properties":{"s":"Assam","v":27.5},"geometry":{"type":"Point","coordinates":[94.7148,27.0428]}},{"type":"Feature","properties":{"s":"Assam","v":27.5},"geometry":{"type":"Point","coordinates":[92.8986,26.1973]}},{"type":"Feature","properties":{"s":"Assam","v":27.5},"geometry":{"type":"Point","coordinates":[92.7345,26.8477]}},{"type":"Feature","properties":{"s":"Assam","v":27.5},"geometry":{"type":"Point","coordinates":[92.287,25.7388]}},{"type":"Feature","properties":{"s":"Assam","v":27.5},"geometry":{"type":"Point","coordinates":[93.5262,26.4069]}},{"type":"Feature","properties":{"s":"Assam","v":27.5},"geometry":{"type":"Point","coordinates":[92.504,25.7738]}},{"type":"Feature","properties":{"s":"Assam","v":27.5},"geometry":{"type":"Point","coordinates":[92.8215,25.8288]}},{"type":"Feature","properties":{"s":"Assam","v":27.5},"geometry":{"type":"Point","coordinates":[95.4399,27.2909]}},{"type":"Feature","properties":{"s":"Assam","v":27.5},"geometry":{"type":"Point","coordinates":[90.1103,26.7444]}},{"type":"Feature","properties":{"s":"Assam","v":27.5},"geometry":{"type":"Point","coordinates":[90.0592,25.9289]}},{"type":"Feature","properties":{"s":"Assam","v":27.5},"geometry":{"type":"Point","coordinates":[89.9898,25.9028]}},{"type":"Feature","properties":{"s":"Assam","v":27.5},"geometry":{"type":"Point","coordinates":[93.4267,26.5914]}},{"type":"Feature","properties":{"s":"Assam","v":27.5},"geometry":{"type":"Point","coordinates":[89.8751,25.8929]}},{"type":"Feature","properties":{"s":"Assam","v":27.5},"geometry":{"type":"Point","coordinates":[93.2408,26.5502]}},{"type":"Feature","properties":{"s":"Assam","v":27.5},"geometry":{"type":"Point","coordinates":[91.2891,26.6097]}},{"type":"Feature","properties":{"s":"Assam","v":27.5},"geometry":{"type":"Point","coordinates":[94.2444,27.4908]}},{"type":"Feature","properties":{"s":"Assam","v":27.5},"geometry":{"type":"Point","coordinates":[94.3484,26.6608]}},{"type":"Feature","properties":{"s":"Assam","v":27.5},"geometry":{"type":"Point","coordinates":[90.5152,26.7598]}},{"type":"Feature","properties":{"s":"Assam","v":27.5},"geometry":{"type":"Point","coordinates":[94.0158,26.3998]}},{"type":"Feature","properties":{"s":"Assam","v":27.5},"geometry":{"type":"Point","coordinates":[89.8583,26.3926]}},{"type":"Feature","properties":{"s":"Assam","v":27.5},"geometry":{"type":"Point","coordinates":[94.3064,27.3376]}},{"type":"Feature","properties":{"s":"Assam","v":27.5},"geometry":{"type":"Point","coordinates":[93.8942,26.8983]}},{"type":"Feature","properties":{"s":"Assam","v":27.5},"geometry":{"type":"Point","coordinates":[93.3407,25.5423]}},{"type":"Feature","properties":{"s":"Assam","v":27.5},"geometry":{"type":"Point","coordinates":[94.0966,26.4639]}},{"type":"Feature","properties":{"s":"Assam","v":27.5},"geometry":{"type":"Point","coordinates":[93.8765,25.9827]}},{"type":"Feature","properties":{"s":"Assam","v":27.5},"geometry":{"type":"Point","coordinates":[92.2144,26.0927]}},{"type":"Feature","properties":{"s":"Assam","v":27.5},"geometry":{"type":"Point","coordinates":[95.8334,27.5554]}},{"type":"Feature","properties":{"s":"Assam","v":27.5},"geometry":{"type":"Point","coordinates":[94.3167,27.1084]}},{"type":"Feature","properties":{"s":"Assam","v":27.5},"geometry":{"type":"Point","coordinates":[93.0175,25.208]}},{"type":"Feature","properties":{"s":"Assam","v":27.5},"geometry":{"type":"Point","coordinates":[89.8864,26.6033]}},{"type":"Feature","properties":{"s":"Assam","v":27.5},"geometry":{"type":"Point","coordinates":[93.2069,25.5179]}},{"type":"Feature","properties":{"s":"Assam","v":27.5},"geometry":{"type":"Point","coordinates":[94.8156,27.3849]}},{"type":"Feature","properties":{"s":"Assam","v":27.5},"geometry":{"type":"Point","coordinates":[93.2831,26.4179]}},{"type":"Feature","properties":{"s":"Assam","v":27.5},"geometry":{"type":"Point","coordinates":[93.831,25.9298]}},{"type":"Feature","properties":{"s":"Assam","v":27.5},"geometry":{"type":"Point","coordinates":[92.2598,24.3836]}},{"type":"Feature","properties":{"s":"Assam","v":27.5},"geometry":{"type":"Point","coordinates":[93.8592,26.6209]}},{"type":"Feature","properties":{"s":"Assam","v":27.5},"geometry":{"type":"Point","coordinates":[91.9922,26.565]}},{"type":"Feature","properties":{"s":"Assam","v":27.5},"geometry":{"type":"Point","coordinates":[91.7748,26.3385]}},{"type":"Feature","properties":{"s":"Assam","v":27.5},"geometry":{"type":"Point","coordinates":[94.3603,27.2423]}},{"type":"Feature","properties":{"s":"Assam","v":27.5},"geometry":{"type":"Point","coordinates":[89.9858,25.9575]}},{"type":"Feature","properties":{"s":"Assam","v":27.5},"geometry":{"type":"Point","coordinates":[94.9026,27.0877]}},{"type":"Feature","properties":{"s":"Assam","v":27.5},"geometry":{"type":"Point","coordinates":[93.5825,26.2007]}},{"type":"Feature","properties":{"s":"Assam","v":27.5},"geometry":{"type":"Point","coordinates":[91.6972,26.6152]}},{"type":"Feature","properties":{"s":"Assam","v":27.5},"geometry":{"type":"Point","coordinates":[93.1087,25.3036]}},{"type":"Feature","properties":{"s":"Assam","v":27.5},"geometry":{"type":"Point","coordinates":[93.1526,25.3214]}},{"type":"Feature","properties":{"s":"Assam","v":27.5},"geometry":{"type":"Point","coordinates":[92.7441,25.8074]}},{"type":"Feature","properties":{"s":"Assam","v":27.5},"geometry":{"type":"Point","coordinates":[93.3868,25.6288]}},{"type":"Feature","properties":{"s":"Assam","v":27.5},"geometry":{"type":"Point","coordinates":[92.5366,26.8431]}},{"type":"Feature","properties":{"s":"Assam","v":27.5},"geometry":{"type":"Point","coordinates":[95.4992,27.4908]}},{"type":"Feature","properties":{"s":"Assam","v":27.5},"geometry":{"type":"Point","coordinates":[95.054,27.5106]}},{"type":"Feature","properties":{"s":"Assam","v":27.5},"geometry":{"type":"Point","coordinates":[90.3498,25.992]}},{"type":"Feature","properties":{"s":"Assam","v":27.5},"geometry":{"type":"Point","coordinates":[95.0985,27.0772]}},{"type":"Feature","properties":{"s":"Assam","v":27.5},"geometry":{"type":"Point","coordinates":[90.13,26.2561]}},{"type":"Feature","properties":{"s":"Assam","v":27.5},"geometry":{"type":"Point","coordinates":[90.19,26.7531]}},{"type":"Feature","properties":{"s":"Assam","v":27.5},"geometry":{"type":"Point","coordinates":[92.515,24.4922]}},{"type":"Feature","properties":{"s":"Assam","v":27.5},"geometry":{"type":"Point","coordinates":[92.4798,24.3739]}},{"type":"Feature","properties":{"s":"Assam","v":27.5},"geometry":{"type":"Point","coordinates":[93.1276,26.8073]}},{"type":"Feature","properties":{"s":"Assam","v":27.5},"geometry":{"type":"Point","coordinates":[92.2608,24.5444]}},{"type":"Feature","properties":{"s":"Assam","v":27.5},"geometry":{"type":"Point","coordinates":[93.6178,26.8356]}},{"type":"Feature","properties":{"s":"Assam","v":27.5},"geometry":{"type":"Point","coordinates":[94.5575,27.2581]}},{"type":"Feature","properties":{"s":"Assam","v":27.5},"geometry":{"type":"Point","coordinates":[90.6018,26.7033]}},{"type":"Feature","properties":{"s":"Assam","v":27.5},"geometry":{"type":"Point","coordinates":[91.5036,26.6308]}},{"type":"Feature","properties":{"s":"Assam","v":27.5},"geometry":{"type":"Point","coordinates":[92.2387,26.2411]}},{"type":"Feature","properties":{"s":"Assam","v":27.5},"geometry":{"type":"Point","coordinates":[92.812,26.5159]}},{"type":"Feature","properties":{"s":"Assam","v":27.5},"geometry":{"type":"Point","coordinates":[93.7149,26.8341]}},{"type":"Feature","properties":{"s":"Assam","v":27.5},"geometry":{"type":"Point","coordinates":[93.2566,26.9001]}},{"type":"Feature","properties":{"s":"Assam","v":27.5},"geometry":{"type":"Point","coordinates":[92.9871,25.8837]}},{"type":"Feature","properties":{"s":"Assam","v":27.5},"geometry":{"type":"Point","coordinates":[92.6263,25.8715]}},{"type":"Feature","properties":{"s":"Assam","v":27.5},"geometry":{"type":"Point","coordinates":[93.5504,26.8418]}},{"type":"Feature","properties":{"s":"Assam","v":27.5},"geometry":{"type":"Point","coordinates":[90.266,26.335]}},{"type":"Feature","properties":{"s":"Assam","v":27.5},"geometry":{"type":"Point","coordinates":[93.8715,26.8284]}},{"type":"Feature","properties":{"s":"Assam","v":27.5},"geometry":{"type":"Point","coordinates":[95.2209,27.1347]}},{"type":"Feature","properties":{"s":"Assam","v":27.5},"geometry":{"type":"Point","coordinates":[93.3687,26.3475]}},{"type":"Feature","properties":{"s":"Assam","v":27.5},"geometry":{"type":"Point","coordinates":[92.2641,24.2747]}},{"type":"Feature","properties":{"s":"Assam","v":27.5},"geometry":{"type":"Point","coordinates":[92.6373,26.0295]}},{"type":"Feature","properties":{"s":"Assam","v":27.5},"geometry":{"type":"Point","coordinates":[95.6823,27.4389]}},{"type":"Feature","properties":{"s":"Assam","v":27.5},"geometry":{"type":"Point","coordinates":[93.1928,25.5653]}},{"type":"Feature","properties":{"s":"Assam","v":27.5},"geometry":{"type":"Point","coordinates":[90.5445,26.4525]}},{"type":"Feature","properties":{"s":"Assam","v":27.5},"geometry":{"type":"Point","coordinates":[92.893,26.5185]}},{"type":"Feature","properties":{"s":"Assam","v":27.5},"geometry":{"type":"Point","coordinates":[93.8197,26.0008]}},{"type":"Feature","properties":{"s":"Assam","v":27.5},"geometry":{"type":"Point","coordinates":[89.9717,25.8281]}},{"type":"Feature","properties":{"s":"Assam","v":27.5},"geometry":{"type":"Point","coordinates":[95.6912,27.4347]}},{"type":"Feature","properties":{"s":"Assam","v":27.5},"geometry":{"type":"Point","coordinates":[90.4002,26.6339]}},{"type":"Feature","properties":{"s":"Assam","v":27.5},"geometry":{"type":"Point","coordinates":[90.7707,26.7551]}},{"type":"Feature","properties":{"s":"Assam","v":27.5},"geometry":{"type":"Point","coordinates":[95.1557,27.7549]}},{"type":"Feature","properties":{"s":"Assam","v":27.5},"geometry":{"type":"Point","coordinates":[91.9866,26.2244]}},{"type":"Feature","properties":{"s":"Assam","v":27.5},"geometry":{"type":"Point","coordinates":[92.9315,25.9572]}},{"type":"Feature","properties":{"s":"Assam","v":27.5},"geometry":{"type":"Point","coordinates":[94.8333,27.1475]}},{"type":"Feature","properties":{"s":"Assam","v":27.5},"geometry":{"type":"Point","coordinates":[92.8512,25.4929]}},{"type":"Feature","properties":{"s":"Assam","v":27.5},"geometry":{"type":"Point","coordinates":[92.8505,25.6466]}},{"type":"Feature","properties":{"s":"Assam","v":27.5},"geometry":{"type":"Point","coordinates":[92.7269,25.5899]}},{"type":"Feature","properties":{"s":"Assam","v":27.5},"geometry":{"type":"Point","coordinates":[91.9561,26.4152]}},{"type":"Feature","properties":{"s":"Assam","v":27.5},"geometry":{"type":"Point","coordinates":[92.5416,26.1274]}},{"type":"Feature","properties":{"s":"Assam","v":27.5},"geometry":{"type":"Point","coordinates":[92.8821,26.1468]}},{"type":"Feature","properties":{"s":"Assam","v":27.5},"geometry":{"type":"Point","coordinates":[90.796,26.3303]}},{"type":"Feature","properties":{"s":"Assam","v":27.5},"geometry":{"type":"Point","coordinates":[91.9022,26.5882]}},{"type":"Feature","properties":{"s":"Assam","v":27.5},"geometry":{"type":"Point","coordinates":[92.9943,26.1995]}},{"type":"Feature","properties":{"s":"Assam","v":27.5},"geometry":{"type":"Point","coordinates":[95.5204,27.842]}},{"type":"Feature","properties":{"s":"Assam","v":27.5},"geometry":{"type":"Point","coordinates":[92.3434,24.2604]}},{"type":"Feature","properties":{"s":"Assam","v":27.5},"geometry":{"type":"Point","coordinates":[90.4093,26.2961]}},{"type":"Feature","properties":{"s":"Assam","v":27.5},"geometry":{"type":"Point","coordinates":[93.6761,26.7594]}},{"type":"Feature","properties":{"s":"Assam","v":27.5},"geometry":{"type":"Point","coordinates":[93.0358,24.8363]}},{"type":"Feature","properties":{"s":"Assam","v":27.5},"geometry":{"type":"Point","coordinates":[94.1687,26.7996]}},{"type":"Feature","properties":{"s":"Assam","v":27.5},"geometry":{"type":"Point","coordinates":[92.2161,26.1731]}},{"type":"Feature","properties":{"s":"Assam","v":27.5},"geometry":{"type":"Point","coordinates":[89.8893,26.0187]}},{"type":"Feature","properties":{"s":"Assam","v":27.5},"geometry":{"type":"Point","coordinates":[94.896,27.2141]}},{"type":"Feature","properties":{"s":"Assam","v":27.5},"geometry":{"type":"Point","coordinates":[90.5816,26.258]}},{"type":"Feature","properties":{"s":"Assam","v":27.5},"geometry":{"type":"Point","coordinates":[90.4785,26.8065]}},{"type":"Feature","properties":{"s":"Assam","v":27.5},"geometry":{"type":"Point","coordinates":[95.4733,27.8141]}},{"type":"Feature","properties":{"s":"Assam","v":27.5},"geometry":{"type":"Point","coordinates":[90.0206,26.5206]}},{"type":"Feature","properties":{"s":"Assam","v":27.5},"geometry":{"type":"Point","coordinates":[92.386,24.7397]}},{"type":"Feature","properties":{"s":"Assam","v":27.5},"geometry":{"type":"Point","coordinates":[92.9864,25.1714]}},{"type":"Feature","properties":{"s":"Assam","v":27.5},"geometry":{"type":"Point","coordinates":[90.3093,26.0118]}},{"type":"Feature","properties":{"s":"Assam","v":27.5},"geometry":{"type":"Point","coordinates":[93.9385,26.0307]}},{"type":"Feature","properties":{"s":"Assam","v":27.5},"geometry":{"type":"Point","coordinates":[92.2167,25.7405]}},{"type":"Feature","properties":{"s":"Assam","v":27.5},"geometry":{"type":"Point","coordinates":[92.9242,25.8403]}},{"type":"Feature","properties":{"s":"Assam","v":27.5},"geometry":{"type":"Point","coordinates":[93.2261,25.5919]}},{"type":"Feature","properties":{"s":"Assam","v":27.5},"geometry":{"type":"Point","coordinates":[92.5582,25.6886]}},{"type":"Feature","properties":{"s":"Assam","v":27.5},"geometry":{"type":"Point","coordinates":[92.6888,24.6441]}},{"type":"Feature","properties":{"s":"Assam","v":27.5},"geometry":{"type":"Point","coordinates":[92.5448,26.0429]}},{"type":"Feature","properties":{"s":"Assam","v":27.5},"geometry":{"type":"Point","coordinates":[91.1251,26.2261]}},{"type":"Feature","properties":{"s":"Assam","v":27.5},"geometry":{"type":"Point","coordinates":[92.8801,25.3335]}},{"type":"Feature","properties":{"s":"Assam","v":27.5},"geometry":{"type":"Point","coordinates":[93.2416,26.7614]}},{"type":"Feature","properties":{"s":"Assam","v":27.5},"geometry":{"type":"Point","coordinates":[90.3869,26.3964]}},{"type":"Feature","properties":{"s":"Assam","v":27.5},"geometry":{"type":"Point","coordinates":[89.7505,26.2451]}},{"type":"Feature","properties":{"s":"Assam","v":27.5},"geometry":{"type":"Point","coordinates":[94.8926,27.0674]}},{"type":"Feature","properties":{"s":"Assam","v":27.5},"geometry":{"type":"Point","coordinates":[91.1625,25.9503]}},{"type":"Feature","properties":{"s":"Assam","v":27.5},"geometry":{"type":"Point","coordinates":[93.0729,26.3503]}},{"type":"Feature","properties":{"s":"Assam","v":27.5},"geometry":{"type":"Point","coordinates":[93.729,26.72]}},{"type":"Feature","properties":{"s":"Assam","v":27.5},"geometry":{"type":"Point","coordinates":[91.5826,26.6509]}},{"type":"Feature","properties":{"s":"Assam","v":27.5},"geometry":{"type":"Point","coordinates":[92.3012,24.5633]}},{"type":"Feature","properties":{"s":"Assam","v":27.5},"geometry":{"type":"Point","coordinates":[94.7991,27.5581]}},{"type":"Feature","properties":{"s":"Assam","v":27.5},"geometry":{"type":"Point","coordinates":[94.656,27.049]}},{"type":"Feature","properties":{"s":"Assam","v":27.5},"geometry":{"type":"Point","coordinates":[93.1364,25.0943]}},{"type":"Feature","properties":{"s":"Assam","v":27.5},"geometry":{"type":"Point","coordinates":[91.0667,26.1839]}},{"type":"Feature","properties":{"s":"Assam","v":27.5},"geometry":{"type":"Point","coordinates":[92.4882,26.1354]}},{"type":"Feature","properties":{"s":"Assam","v":27.5},"geometry":{"type":"Point","coordinates":[93.7261,26.1203]}},{"type":"Feature","properties":{"s":"Assam","v":27.5},"geometry":{"type":"Point","coordinates":[92.8613,25.4534]}},{"type":"Feature","properties":{"s":"Assam","v":27.5},"geometry":{"type":"Point","coordinates":[94.5195,26.9879]}},{"type":"Feature","properties":{"s":"Assam","v":27.5},"geometry":{"type":"Point","coordinates":[92.4513,26.8529]}},{"type":"Feature","properties":{"s":"Assam","v":27.5},"geometry":{"type":"Point","coordinates":[90.2066,26.105]}},{"type":"Feature","properties":{"s":"Assam","v":27.5},"geometry":{"type":"Point","coordinates":[92.7217,25.8894]}},{"type":"Feature","properties":{"s":"Assam","v":27.5},"geometry":{"type":"Point","coordinates":[92.7446,26.8801]}},{"type":"Feature","properties":{"s":"Assam","v":27.5},"geometry":{"type":"Point","coordinates":[91.5054,25.9751]}},{"type":"Feature","properties":{"s":"Assam","v":27.5},"geometry":{"type":"Point","coordinates":[92.8336,25.1476]}},{"type":"Feature","properties":{"s":"Assam","v":27.5},"geometry":{"type":"Point","coordinates":[94.3439,27.2482]}},{"type":"Feature","properties":{"s":"Assam","v":27.5},"geometry":{"type":"Point","coordinates":[92.2245,26.8458]}},{"type":"Feature","properties":{"s":"Assam","v":27.5},"geometry":{"type":"Point","coordinates":[90.6933,26.4077]}},{"type":"Feature","properties":{"s":"Assam","v":27.5},"geometry":{"type":"Point","coordinates":[92.7563,25.7048]}},{"type":"Feature","properties":{"s":"Assam","v":27.5},"geometry":{"type":"Point","coordinates":[92.6653,26.8928]}},{"type":"Feature","properties":{"s":"Assam","v":27.5},"geometry":{"type":"Point","coordinates":[93.0204,25.5746]}},{"type":"Feature","properties":{"s":"Assam","v":27.5},"geometry":{"type":"Point","coordinates":[90.1963,26.2797]}},{"type":"Feature","properties":{"s":"Assam","v":27.5},"geometry":{"type":"Point","coordinates":[94.4254,27.4151]}},{"type":"Feature","properties":{"s":"Assam","v":27.5},"geometry":{"type":"Point","coordinates":[90.561,26.1055]}},{"type":"Feature","properties":{"s":"Assam","v":27.5},"geometry":{"type":"Point","coordinates":[92.9332,26.1451]}},{"type":"Feature","properties":{"s":"Assam","v":27.5},"geometry":{"type":"Point","coordinates":[91.7082,26.2246]}},{"type":"Feature","properties":{"s":"Assam","v":27.5},"geometry":{"type":"Point","coordinates":[94.3397,27.0767]}},{"type":"Feature","properties":{"s":"Assam","v":27.5},"geometry":{"type":"Point","coordinates":[93.2026,26.0987]}},{"type":"Feature","properties":{"s":"Assam","v":27.5},"geometry":{"type":"Point","coordinates":[91.2666,26.6423]}},{"type":"Feature","properties":{"s":"Assam","v":27.5},"geometry":{"type":"Point","coordinates":[92.3567,24.4915]}},{"type":"Feature","properties":{"s":"Assam","v":27.5},"geometry":{"type":"Point","coordinates":[90.1087,26.3586]}},{"type":"Feature","properties":{"s":"Assam","v":27.5},"geometry":{"type":"Point","coordinates":[93.017,24.5912]}},{"type":"Feature","properties":{"s":"Assam","v":27.5},"geometry":{"type":"Point","coordinates":[90.5951,26.4729]}},{"type":"Feature","properties":{"s":"Assam","v":27.5},"geometry":{"type":"Point","coordinates":[93.1498,26.5424]}},{"type":"Feature","properties":{"s":"Assam","v":27.5},"geometry":{"type":"Point","coordinates":[94.635,27.0906]}},{"type":"Feature","properties":{"s":"Assam","v":27.5},"geometry":{"type":"Point","coordinates":[94.1884,26.6671]}},{"type":"Feature","properties":{"s":"Assam","v":27.5},"geometry":{"type":"Point","coordinates":[90.0806,26.4213]}},{"type":"Feature","properties":{"s":"Assam","v":27.5},"geometry":{"type":"Point","coordinates":[95.1524,27.3898]}},{"type":"Feature","properties":{"s":"Chandigarh","v":0.5},"geometry":{"type":"Point","coordinates":[76.7578,30.7234]}},{"type":"Feature","properties":{"s":"Chandigarh","v":0.5},"geometry":{"type":"Point","coordinates":[76.7402,30.7578]}},{"type":"Feature","properties":{"s":"Chandigarh","v":0.5},"geometry":{"type":"Point","coordinates":[76.8131,30.7011]}},{"type":"Feature","properties":{"s":"Chandigarh","v":0.5},"geometry":{"type":"Point","coordinates":[76.7997,30.7678]}},{"type":"Feature","properties":{"s":"Chandigarh","v":0.5},"geometry":{"type":"Point","coordinates":[76.7808,30.7296]}},{"type":"Feature","properties":{"s":"Chandigarh","v":0.5},"geometry":{"type":"Point","coordinates":[76.8141,30.6931]}},{"type":"Feature","properties":{"s":"Chandigarh","v":0.5},"geometry":{"type":"Point","coordinates":[76.7784,30.7764]}},{"type":"Feature","properties":{"s":"Chandigarh","v":0.5},"geometry":{"type":"Point","coordinates":[76.7287,30.7553]}},{"type":"Feature","properties":{"s":"Chandigarh","v":0.5},"geometry":{"type":"Point","coordinates":[76.7365,30.7602]}},{"type":"Feature","properties":{"s":"Chhattisgarh","v":2.4},"geometry":{"type":"Point","coordinates":[82.7923,23.3947]}},{"type":"Feature","properties":{"s":"Chhattisgarh","v":2.4},"geometry":{"type":"Point","coordinates":[81.4513,18.216]}},{"type":"Feature","properties":{"s":"Chhattisgarh","v":2.4},"geometry":{"type":"Point","coordinates":[80.979,18.5704]}},{"type":"Feature","properties":{"s":"Chhattisgarh","v":2.4},"geometry":{"type":"Point","coordinates":[81.0474,20.4563]}},{"type":"Feature","properties":{"s":"Chhattisgarh","v":2.4},"geometry":{"type":"Point","coordinates":[81.3869,18.6125]}},{"type":"Feature","properties":{"s":"Chhattisgarh","v":2.4},"geometry":{"type":"Point","coordinates":[83.258,22.4252]}},{"type":"Feature","properties":{"s":"Chhattisgarh","v":2.4},"geometry":{"type":"Point","coordinates":[82.714,21.1932]}},{"type":"Feature","properties":{"s":"Chhattisgarh","v":2.4},"geometry":{"type":"Point","coordinates":[81.5087,18.5579]}},{"type":"Feature","properties":{"s":"Chhattisgarh","v":2.4},"geometry":{"type":"Point","coordinates":[83.0425,21.3299]}},{"type":"Feature","properties":{"s":"Chhattisgarh","v":2.4},"geometry":{"type":"Point","coordinates":[81.8797,21.9461]}},{"type":"Feature","properties":{"s":"Chhattisgarh","v":2.4},"geometry":{"type":"Point","coordinates":[83.0634,22.0149]}},{"type":"Feature","properties":{"s":"Chhattisgarh","v":2.4},"geometry":{"type":"Point","coordinates":[83.5872,23.5463]}},{"type":"Feature","properties":{"s":"Chhattisgarh","v":2.4},"geometry":{"type":"Point","coordinates":[83.1421,21.2051]}},{"type":"Feature","properties":{"s":"Chhattisgarh","v":2.4},"geometry":{"type":"Point","coordinates":[81.1911,19.5806]}},{"type":"Feature","properties":{"s":"Chhattisgarh","v":2.4},"geometry":{"type":"Point","coordinates":[81.138,18.6361]}},{"type":"Feature","properties":{"s":"Chhattisgarh","v":2.4},"geometry":{"type":"Point","coordinates":[81.9361,23.7564]}},{"type":"Feature","properties":{"s":"Chhattisgarh","v":2.4},"geometry":{"type":"Point","coordinates":[83.3121,23.5946]}},{"type":"Feature","properties":{"s":"Chhattisgarh","v":2.4},"geometry":{"type":"Point","coordinates":[83.2436,23.6927]}},{"type":"Feature","properties":{"s":"Chhattisgarh","v":2.4},"geometry":{"type":"Point","coordinates":[82.4267,22.1848]}},{"type":"Feature","properties":{"s":"Chhattisgarh","v":2.4},"geometry":{"type":"Point","coordinates":[81.3065,18.4931]}},{"type":"Feature","properties":{"s":"Chhattisgarh","v":2.4},"geometry":{"type":"Point","coordinates":[82.5738,23.4656]}},{"type":"Feature","properties":{"s":"Chhattisgarh","v":2.4},"geometry":{"type":"Point","coordinates":[80.7533,18.9136]}},{"type":"Feature","properties":{"s":"Chhattisgarh","v":2.4},"geometry":{"type":"Point","coordinates":[80.8947,18.1833]}},{"type":"Feature","properties":{"s":"Chhattisgarh","v":2.4},"geometry":{"type":"Point","coordinates":[81.8211,20.6933]}},{"type":"Feature","properties":{"s":"Chhattisgarh","v":2.4},"geometry":{"type":"Point","coordinates":[82.8543,22.6113]}},{"type":"Feature","properties":{"s":"Chhattisgarh","v":2.4},"geometry":{"type":"Point","coordinates":[81.9777,22.6855]}},{"type":"Feature","properties":{"s":"Chhattisgarh","v":2.4},"geometry":{"type":"Point","coordinates":[83.6927,22.5962]}},{"type":"Feature","properties":{"s":"Chhattisgarh","v":2.4},"geometry":{"type":"Point","coordinates":[81.7759,22.0298]}},{"type":"Feature","properties":{"s":"Chhattisgarh","v":2.4},"geometry":{"type":"Point","coordinates":[82.3193,22.8802]}},{"type":"Feature","properties":{"s":"Chhattisgarh","v":2.4},"geometry":{"type":"Point","coordinates":[80.9651,19.5656]}},{"type":"Feature","properties":{"s":"Chhattisgarh","v":2.4},"geometry":{"type":"Point","coordinates":[81.9241,21.1949]}},{"type":"Feature","properties":{"s":"Chhattisgarh","v":2.4},"geometry":{"type":"Point","coordinates":[83.035,22.3475]}},{"type":"Feature","properties":{"s":"Chhattisgarh","v":2.4},"geometry":{"type":"Point","coordinates":[81.0617,18.7845]}},{"type":"Feature","properties":{"s":"Chhattisgarh","v":2.4},"geometry":{"type":"Point","coordinates":[82.3118,22.7206]}},{"type":"Feature","properties":{"s":"Chhattisgarh","v":2.4},"geometry":{"type":"Point","coordinates":[82.6932,22.1757]}},{"type":"Feature","properties":{"s":"Chhattisgarh","v":2.4},"geometry":{"type":"Point","coordinates":[83.2732,21.5079]}},{"type":"Feature","properties":{"s":"Chhattisgarh","v":2.4},"geometry":{"type":"Point","coordinates":[84.0011,22.5994]}},{"type":"Feature","properties":{"s":"Chhattisgarh","v":2.4},"geometry":{"type":"Point","coordinates":[82.9166,23.589]}},{"type":"Feature","properties":{"s":"Chhattisgarh","v":2.4},"geometry":{"type":"Point","coordinates":[82.6875,22.6016]}},{"type":"Feature","properties":{"s":"Chhattisgarh","v":2.4},"geometry":{"type":"Point","coordinates":[82.7465,21.5274]}},{"type":"Feature","properties":{"s":"Chhattisgarh","v":2.4},"geometry":{"type":"Point","coordinates":[81.7839,19.0728]}},{"type":"Feature","properties":{"s":"Chhattisgarh","v":2.4},"geometry":{"type":"Point","coordinates":[82.0872,18.9491]}},{"type":"Feature","properties":{"s":"Chhattisgarh","v":2.4},"geometry":{"type":"Point","coordinates":[81.6626,18.8768]}},{"type":"Feature","properties":{"s":"Delhi","v":2.7},"geometry":{"type":"Point","coordinates":[77.1575,28.5919]}},{"type":"Feature","properties":{"s":"Delhi","v":2.7},"geometry":{"type":"Point","coordinates":[77.1784,28.8354]}},{"type":"Feature","properties":{"s":"Delhi","v":2.7},"geometry":{"type":"Point","coordinates":[77.1747,28.6085]}},{"type":"Feature","properties":{"s":"Delhi","v":2.7},"geometry":{"type":"Point","coordinates":[77.0576,28.6418]}},{"type":"Feature","properties":{"s":"Delhi","v":2.7},"geometry":{"type":"Point","coordinates":[77.1931,28.5423]}},{"type":"Feature","properties":{"s":"Delhi","v":2.7},"geometry":{"type":"Point","coordinates":[77.1668,28.7258]}},{"type":"Feature","properties":{"s":"Delhi","v":2.7},"geometry":{"type":"Point","coordinates":[77.2028,28.7248]}},{"type":"Feature","properties":{"s":"Delhi","v":2.7},"geometry":{"type":"Point","coordinates":[77.2638,28.6041]}},{"type":"Feature","properties":{"s":"Delhi","v":2.7},"geometry":{"type":"Point","coordinates":[76.8989,28.5853]}},{"type":"Feature","properties":{"s":"Delhi","v":2.7},"geometry":{"type":"Point","coordinates":[77.1267,28.6691]}},{"type":"Feature","properties":{"s":"Delhi","v":2.7},"geometry":{"type":"Point","coordinates":[77.1628,28.6751]}},{"type":"Feature","properties":{"s":"Delhi","v":2.7},"geometry":{"type":"Point","coordinates":[77.3003,28.7003]}},{"type":"Feature","properties":{"s":"Delhi","v":2.7},"geometry":{"type":"Point","coordinates":[77.0504,28.5957]}},{"type":"Feature","properties":{"s":"Delhi","v":2.7},"geometry":{"type":"Point","coordinates":[77.1392,28.5926]}},{"type":"Feature","properties":{"s":"Delhi","v":2.7},"geometry":{"type":"Point","coordinates":[77.163,28.7888]}},{"type":"Feature","properties":{"s":"Delhi","v":2.7},"geometry":{"type":"Point","coordinates":[77.2076,28.7743]}},{"type":"Feature","properties":{"s":"Delhi","v":2.7},"geometry":{"type":"Point","coordinates":[77.1092,28.832]}},{"type":"Feature","properties":{"s":"Delhi","v":2.7},"geometry":{"type":"Point","coordinates":[77.0835,28.7611]}},{"type":"Feature","properties":{"s":"Delhi","v":2.7},"geometry":{"type":"Point","coordinates":[77.1025,28.7906]}},{"type":"Feature","properties":{"s":"Delhi","v":2.7},"geometry":{"type":"Point","coordinates":[77.1988,28.487]}},{"type":"Feature","properties":{"s":"Delhi","v":2.7},"geometry":{"type":"Point","coordinates":[77.2159,28.681]}},{"type":"Feature","properties":{"s":"Delhi","v":2.7},"geometry":{"type":"Point","coordinates":[77.2975,28.4993]}},{"type":"Feature","properties":{"s":"Delhi","v":2.7},"geometry":{"type":"Point","coordinates":[76.8814,28.518]}},{"type":"Feature","properties":{"s":"Delhi","v":2.7},"geometry":{"type":"Point","coordinates":[77.1748,28.6033]}},{"type":"Feature","properties":{"s":"Delhi","v":2.7},"geometry":{"type":"Point","coordinates":[76.9584,28.5672]}},{"type":"Feature","properties":{"s":"Delhi","v":2.7},"geometry":{"type":"Point","coordinates":[76.9897,28.6205]}},{"type":"Feature","properties":{"s":"Delhi","v":2.7},"geometry":{"type":"Point","coordinates":[77.0142,28.6862]}},{"type":"Feature","properties":{"s":"Delhi","v":2.7},"geometry":{"type":"Point","coordinates":[77.1131,28.7763]}},{"type":"Feature","properties":{"s":"Delhi","v":2.7},"geometry":{"type":"Point","coordinates":[77.1988,28.4783]}},{"type":"Feature","properties":{"s":"Delhi","v":2.7},"geometry":{"type":"Point","coordinates":[77.2327,28.4734]}},{"type":"Feature","properties":{"s":"Delhi","v":2.7},"geometry":{"type":"Point","coordinates":[77.1471,28.778]}},{"type":"Feature","properties":{"s":"Delhi","v":2.7},"geometry":{"type":"Point","coordinates":[76.912,28.5519]}},{"type":"Feature","properties":{"s":"Delhi","v":2.7},"geometry":{"type":"Point","coordinates":[77.1935,28.6651]}},{"type":"Feature","properties":{"s":"Delhi","v":2.7},"geometry":{"type":"Point","coordinates":[77.2405,28.518]}},{"type":"Feature","properties":{"s":"Delhi","v":2.7},"geometry":{"type":"Point","coordinates":[77.164,28.686]}},{"type":"Feature","properties":{"s":"Delhi","v":2.7},"geometry":{"type":"Point","coordinates":[77.1674,28.6512]}},{"type":"Feature","properties":{"s":"Delhi","v":2.7},"geometry":{"type":"Point","coordinates":[77.2499,28.672]}},{"type":"Feature","properties":{"s":"Delhi","v":2.7},"geometry":{"type":"Point","coordinates":[77.281,28.5255]}},{"type":"Feature","properties":{"s":"Delhi","v":2.7},"geometry":{"type":"Point","coordinates":[77.2259,28.6486]}},{"type":"Feature","properties":{"s":"Delhi","v":2.7},"geometry":{"type":"Point","coordinates":[77.1236,28.5464]}},{"type":"Feature","properties":{"s":"Delhi","v":2.7},"geometry":{"type":"Point","coordinates":[77.3376,28.5179]}},{"type":"Feature","properties":{"s":"Delhi","v":2.7},"geometry":{"type":"Point","coordinates":[77.1744,28.5356]}},{"type":"Feature","properties":{"s":"Delhi","v":2.7},"geometry":{"type":"Point","coordinates":[77.1621,28.8073]}},{"type":"Feature","properties":{"s":"Delhi","v":2.7},"geometry":{"type":"Point","coordinates":[77.2127,28.6605]}},{"type":"Feature","properties":{"s":"Delhi","v":2.7},"geometry":{"type":"Point","coordinates":[77.2098,28.6084]}},{"type":"Feature","properties":{"s":"Delhi","v":2.7},"geometry":{"type":"Point","coordinates":[77.101,28.746]}},{"type":"Feature","properties":{"s":"Delhi","v":2.7},"geometry":{"type":"Point","coordinates":[77.2901,28.6275]}},{"type":"Feature","properties":{"s":"Delhi","v":2.7},"geometry":{"type":"Point","coordinates":[77.2425,28.748]}},{"type":"Feature","properties":{"s":"Delhi","v":2.7},"geometry":{"type":"Point","coordinates":[77.0378,28.688]}},{"type":"Feature","properties":{"s":"Goa","v":2.7},"geometry":{"type":"Point","coordinates":[73.9131,15.6024]}},{"type":"Feature","properties":{"s":"Goa","v":2.7},"geometry":{"type":"Point","coordinates":[73.999,15.3158]}},{"type":"Feature","properties":{"s":"Goa","v":2.7},"geometry":{"type":"Point","coordinates":[74.0184,15.2262]}},{"type":"Feature","properties":{"s":"Goa","v":2.7},"geometry":{"type":"Point","coordinates":[74.1511,15.2159]}},{"type":"Feature","properties":{"s":"Goa","v":2.7},"geometry":{"type":"Point","coordinates":[74.2113,15.1315]}},{"type":"Feature","properties":{"s":"Goa","v":2.7},"geometry":{"type":"Point","coordinates":[74.1382,15.5805]}},{"type":"Feature","properties":{"s":"Goa","v":2.7},"geometry":{"type":"Point","coordinates":[73.7587,15.7034]}},{"type":"Feature","properties":{"s":"Goa","v":2.7},"geometry":{"type":"Point","coordinates":[74.1868,15.3489]}},{"type":"Feature","properties":{"s":"Goa","v":2.7},"geometry":{"type":"Point","coordinates":[73.9534,15.5687]}},{"type":"Feature","properties":{"s":"Goa","v":2.7},"geometry":{"type":"Point","coordinates":[74.1854,15.4208]}},{"type":"Feature","properties":{"s":"Goa","v":2.7},"geometry":{"type":"Point","coordinates":[74.0168,15.0574]}},{"type":"Feature","properties":{"s":"Goa","v":2.7},"geometry":{"type":"Point","coordinates":[74.2789,15.1805]}},{"type":"Feature","properties":{"s":"Goa","v":2.7},"geometry":{"type":"Point","coordinates":[73.9645,15.6176]}},{"type":"Feature","properties":{"s":"Goa","v":2.7},"geometry":{"type":"Point","coordinates":[74.0719,15.328]}},{"type":"Feature","properties":{"s":"Goa","v":2.7},"geometry":{"type":"Point","coordinates":[74.0238,15.5178]}},{"type":"Feature","properties":{"s":"Goa","v":2.7},"geometry":{"type":"Point","coordinates":[74.2251,15.0793]}},{"type":"Feature","properties":{"s":"Goa","v":2.7},"geometry":{"type":"Point","coordinates":[73.9875,15.0677]}},{"type":"Feature","properties":{"s":"Goa","v":2.7},"geometry":{"type":"Point","coordinates":[73.9757,15.2623]}},{"type":"Feature","properties":{"s":"Goa","v":2.7},"geometry":{"type":"Point","coordinates":[73.9717,15.4438]}},{"type":"Feature","properties":{"s":"Goa","v":2.7},"geometry":{"type":"Point","coordinates":[74.2516,15.2005]}},{"type":"Feature","properties":{"s":"Goa","v":2.7},"geometry":{"type":"Point","coordinates":[74.0397,15.1141]}},{"type":"Feature","properties":{"s":"Goa","v":2.7},"geometry":{"type":"Point","coordinates":[74.2144,15.5258]}},{"type":"Feature","properties":{"s":"Goa","v":2.7},"geometry":{"type":"Point","coordinates":[73.9794,15.4819]}},{"type":"Feature","properties":{"s":"Goa","v":2.7},"geometry":{"type":"Point","coordinates":[74.1717,15.2612]}},{"type":"Feature","properties":{"s":"Goa","v":2.7},"geometry":{"type":"Point","coordinates":[73.9627,15.5133]}},{"type":"Feature","properties":{"s":"Goa","v":2.7},"geometry":{"type":"Point","coordinates":[74.1108,15.0232]}},{"type":"Feature","properties":{"s":"Goa","v":2.7},"geometry":{"type":"Point","coordinates":[73.9314,15.2428]}},{"type":"Feature","properties":{"s":"Goa","v":2.7},"geometry":{"type":"Point","coordinates":[73.709,15.6791]}},{"type":"Feature","properties":{"s":"Goa","v":2.7},"geometry":{"type":"Point","coordinates":[73.873,15.7389]}},{"type":"Feature","properties":{"s":"Goa","v":2.7},"geometry":{"type":"Point","coordinates":[74.1697,15.1339]}},{"type":"Feature","properties":{"s":"Goa","v":2.7},"geometry":{"type":"Point","coordinates":[73.9186,15.5963]}},{"type":"Feature","properties":{"s":"Goa","v":2.7},"geometry":{"type":"Point","coordinates":[73.769,15.5388]}},{"type":"Feature","properties":{"s":"Goa","v":2.7},"geometry":{"type":"Point","coordinates":[74.2739,15.4019]}},{"type":"Feature","properties":{"s":"Goa","v":2.7},"geometry":{"type":"Point","coordinates":[73.9438,15.5556]}},{"type":"Feature","properties":{"s":"Goa","v":2.7},"geometry":{"type":"Point","coordinates":[73.9886,15.4265]}},{"type":"Feature","properties":{"s":"Goa","v":2.7},"geometry":{"type":"Point","coordinates":[73.8224,15.6604]}},{"type":"Feature","properties":{"s":"Goa","v":2.7},"geometry":{"type":"Point","coordinates":[74.1122,15.3419]}},{"type":"Feature","properties":{"s":"Goa","v":2.7},"geometry":{"type":"Point","coordinates":[74.2586,15.5039]}},{"type":"Feature","properties":{"s":"Goa","v":2.7},"geometry":{"type":"Point","coordinates":[74.0913,14.9225]}},{"type":"Feature","properties":{"s":"Goa","v":2.7},"geometry":{"type":"Point","coordinates":[74.2898,15.1875]}},{"type":"Feature","properties":{"s":"Goa","v":2.7},"geometry":{"type":"Point","coordinates":[74.0791,15.4668]}},{"type":"Feature","properties":{"s":"Goa","v":2.7},"geometry":{"type":"Point","coordinates":[74.0925,15.6402]}},{"type":"Feature","properties":{"s":"Goa","v":2.7},"geometry":{"type":"Point","coordinates":[74.0731,15.489]}},{"type":"Feature","properties":{"s":"Goa","v":2.7},"geometry":{"type":"Point","coordinates":[74.191,15.5285]}},{"type":"Feature","properties":{"s":"Goa","v":2.7},"geometry":{"type":"Point","coordinates":[74.2212,15.1249]}},{"type":"Feature","properties":{"s":"Goa","v":2.7},"geometry":{"type":"Point","coordinates":[73.6967,15.6849]}},{"type":"Feature","properties":{"s":"Goa","v":2.7},"geometry":{"type":"Point","coordinates":[74.2389,15.4338]}},{"type":"Feature","properties":{"s":"Goa","v":2.7},"geometry":{"type":"Point","coordinates":[74.0641,14.9757]}},{"type":"Feature","properties":{"s":"Goa","v":2.7},"geometry":{"type":"Point","coordinates":[73.9934,15.5771]}},{"type":"Feature","properties":{"s":"Haryana","v":2.8},"geometry":{"type":"Point","coordinates":[76.1244,29.6019]}},{"type":"Feature","properties":{"s":"Haryana","v":2.8},"geometry":{"type":"Point","coordinates":[75.461,29.5651]}},{"type":"Feature","properties":{"s":"Haryana","v":2.8},"geometry":{"type":"Point","coordinates":[76.4444,28.5966]}},{"type":"Feature","properties":{"s":"Haryana","v":2.8},"geometry":{"type":"Point","coordinates":[76.6825,28.8762]}},{"type":"Feature","properties":{"s":"Haryana","v":2.8},"geometry":{"type":"Point","coordinates":[76.0323,29.3012]}},{"type":"Feature","properties":{"s":"Haryana","v":2.8},"geometry":{"type":"Point","coordinates":[76.3984,29.5059]}},{"type":"Feature","properties":{"s":"Haryana","v":2.8},"geometry":{"type":"Point","coordinates":[76.3917,29.2158]}},{"type":"Feature","properties":{"s":"Haryana","v":2.8},"geometry":{"type":"Point","coordinates":[76.212,28.2894]}},{"type":"Feature","properties":{"s":"Haryana","v":2.8},"geometry":{"type":"Point","coordinates":[76.116,29.0848]}},{"type":"Feature","properties":{"s":"Haryana","v":2.8},"geometry":{"type":"Point","coordinates":[76.97,28.8438]}},{"type":"Feature","properties":{"s":"Haryana","v":2.8},"geometry":{"type":"Point","coordinates":[76.8636,28.6581]}},{"type":"Feature","properties":{"s":"Haryana","v":2.8},"geometry":{"type":"Point","coordinates":[75.7668,28.9061]}},{"type":"Feature","properties":{"s":"Haryana","v":2.8},"geometry":{"type":"Point","coordinates":[76.9528,28.2195]}},{"type":"Feature","properties":{"s":"Haryana","v":2.8},"geometry":{"type":"Point","coordinates":[75.165,29.2924]}},{"type":"Feature","properties":{"s":"Haryana","v":2.8},"geometry":{"type":"Point","coordinates":[76.7243,29.3846]}},{"type":"Feature","properties":{"s":"Haryana","v":2.8},"geometry":{"type":"Point","coordinates":[76.8093,29.1647]}},{"type":"Feature","properties":{"s":"Haryana","v":2.8},"geometry":{"type":"Point","coordinates":[77.3891,30.1626]}},{"type":"Feature","properties":{"s":"Haryana","v":2.8},"geometry":{"type":"Point","coordinates":[76.4782,28.7151]}},{"type":"Feature","properties":{"s":"Haryana","v":2.8},"geometry":{"type":"Point","coordinates":[76.7232,29.2769]}},{"type":"Feature","properties":{"s":"Haryana","v":2.8},"geometry":{"type":"Point","coordinates":[75.8872,29.6703]}},{"type":"Feature","properties":{"s":"Haryana","v":2.8},"geometry":{"type":"Point","coordinates":[76.2171,29.9619]}},{"type":"Feature","properties":{"s":"Haryana","v":2.8},"geometry":{"type":"Point","coordinates":[76.3808,29.7423]}},{"type":"Feature","properties":{"s":"Haryana","v":2.8},"geometry":{"type":"Point","coordinates":[76.9949,30.5361]}},{"type":"Feature","properties":{"s":"Haryana","v":2.8},"geometry":{"type":"Point","coordinates":[76.9593,30.3666]}},{"type":"Feature","properties":{"s":"Haryana","v":2.8},"geometry":{"type":"Point","coordinates":[75.896,28.8745]}},{"type":"Feature","properties":{"s":"Haryana","v":2.8},"geometry":{"type":"Point","coordinates":[76.2384,28.2905]}},{"type":"Feature","properties":{"s":"Haryana","v":2.8},"geometry":{"type":"Point","coordinates":[76.7225,28.7512]}},{"type":"Feature","properties":{"s":"Haryana","v":2.8},"geometry":{"type":"Point","coordinates":[77.3723,30.3189]}},{"type":"Feature","properties":{"s":"Haryana","v":2.8},"geometry":{"type":"Point","coordinates":[76.4908,29.7678]}},{"type":"Feature","properties":{"s":"Haryana","v":2.8},"geometry":{"type":"Point","coordinates":[76.3619,28.8294]}},{"type":"Feature","properties":{"s":"Haryana","v":2.8},"geometry":{"type":"Point","coordinates":[75.8106,29.0791]}},{"type":"Feature","properties":{"s":"Haryana","v":2.8},"geometry":{"type":"Point","coordinates":[76.1615,29.4225]}},{"type":"Feature","properties":{"s":"Haryana","v":2.8},"geometry":{"type":"Point","coordinates":[76.7652,28.9344]}},{"type":"Feature","properties":{"s":"Haryana","v":2.8},"geometry":{"type":"Point","coordinates":[76.437,28.9014]}},{"type":"Feature","properties":{"s":"Haryana","v":2.8},"geometry":{"type":"Point","coordinates":[75.5525,29.1663]}},{"type":"Feature","properties":{"s":"Haryana","v":2.8},"geometry":{"type":"Point","coordinates":[76.6998,28.6576]}},{"type":"Feature","properties":{"s":"Haryana","v":2.8},"geometry":{"type":"Point","coordinates":[76.26,29.7688]}},{"type":"Feature","properties":{"s":"Haryana","v":2.8},"geometry":{"type":"Point","coordinates":[75.6883,29.6025]}},{"type":"Feature","properties":{"s":"Haryana","v":2.8},"geometry":{"type":"Point","coordinates":[76.3727,28.1714]}},{"type":"Feature","properties":{"s":"Haryana","v":2.8},"geometry":{"type":"Point","coordinates":[77.1925,30.1386]}},{"type":"Feature","properties":{"s":"Haryana","v":2.8},"geometry":{"type":"Point","coordinates":[76.8723,28.6497]}},{"type":"Feature","properties":{"s":"Haryana","v":2.8},"geometry":{"type":"Point","coordinates":[77.1448,29.0463]}},{"type":"Feature","properties":{"s":"Haryana","v":2.8},"geometry":{"type":"Point","coordinates":[77.0784,29.9695]}},{"type":"Feature","properties":{"s":"Haryana","v":2.8},"geometry":{"type":"Point","coordinates":[76.9633,30.648]}},{"type":"Feature","properties":{"s":"Haryana","v":2.8},"geometry":{"type":"Point","coordinates":[76.744,28.2203]}},{"type":"Feature","properties":{"s":"Haryana","v":2.8},"geometry":{"type":"Point","coordinates":[77.4983,28.2948]}},{"type":"Feature","properties":{"s":"Haryana","v":2.8},"geometry":{"type":"Point","coordinates":[75.1161,29.3766]}},{"type":"Feature","properties":{"s":"Haryana","v":2.8},"geometry":{"type":"Point","coordinates":[77.0616,29.5639]}},{"type":"Feature","properties":{"s":"Haryana","v":2.8},"geometry":{"type":"Point","coordinates":[77.044,29.4984]}},{"type":"Feature","properties":{"s":"Haryana","v":2.8},"geometry":{"type":"Point","coordinates":[76.2104,29.8758]}},{"type":"Feature","properties":{"s":"Himachal Pradesh","v":1.5},"geometry":{"type":"Point","coordinates":[78.3566,32.3543]}},{"type":"Feature","properties":{"s":"Himachal Pradesh","v":1.5},"geometry":{"type":"Point","coordinates":[75.9577,31.8982]}},{"type":"Feature","properties":{"s":"Himachal Pradesh","v":1.5},"geometry":{"type":"Point","coordinates":[78.7438,31.3158]}},{"type":"Feature","properties":{"s":"Himachal Pradesh","v":1.5},"geometry":{"type":"Point","coordinates":[78.5277,31.4541]}},{"type":"Feature","properties":{"s":"Himachal Pradesh","v":1.5},"geometry":{"type":"Point","coordinates":[77.2849,31.8985]}},{"type":"Feature","properties":{"s":"Himachal Pradesh","v":1.5},"geometry":{"type":"Point","coordinates":[76.356,32.1425]}},{"type":"Feature","properties":{"s":"Himachal Pradesh","v":1.5},"geometry":{"type":"Point","coordinates":[77.6307,30.722]}},{"type":"Feature","properties":{"s":"Himachal Pradesh","v":1.5},"geometry":{"type":"Point","coordinates":[76.1096,31.8491]}},{"type":"Feature","properties":{"s":"Himachal Pradesh","v":1.5},"geometry":{"type":"Point","coordinates":[77.2152,31.649]}},{"type":"Feature","properties":{"s":"Himachal Pradesh","v":1.5},"geometry":{"type":"Point","coordinates":[77.1084,31.4624]}},{"type":"Feature","properties":{"s":"Himachal Pradesh","v":1.5},"geometry":{"type":"Point","coordinates":[76.4076,32.6861]}},{"type":"Feature","properties":{"s":"Himachal Pradesh","v":1.5},"geometry":{"type":"Point","coordinates":[77.6333,32.8238]}},{"type":"Feature","properties":{"s":"Himachal Pradesh","v":1.5},"geometry":{"type":"Point","coordinates":[78.6687,31.6906]}},{"type":"Feature","properties":{"s":"Himachal Pradesh","v":1.5},"geometry":{"type":"Point","coordinates":[77.1976,31.6152]}},{"type":"Feature","properties":{"s":"Himachal Pradesh","v":1.5},"geometry":{"type":"Point","coordinates":[77.5327,31.2063]}},{"type":"Feature","properties":{"s":"Himachal Pradesh","v":1.5},"geometry":{"type":"Point","coordinates":[77.2738,31.6638]}},{"type":"Feature","properties":{"s":"Himachal Pradesh","v":1.5},"geometry":{"type":"Point","coordinates":[77.4671,31.7491]}},{"type":"Feature","properties":{"s":"Himachal Pradesh","v":1.5},"geometry":{"type":"Point","coordinates":[76.0211,32.8274]}},{"type":"Feature","properties":{"s":"Himachal Pradesh","v":1.5},"geometry":{"type":"Point","coordinates":[76.9858,32.1002]}},{"type":"Feature","properties":{"s":"Himachal Pradesh","v":1.5},"geometry":{"type":"Point","coordinates":[77.7373,31.4486]}},{"type":"Feature","properties":{"s":"Himachal Pradesh","v":1.5},"geometry":{"type":"Point","coordinates":[77.4836,32.3911]}},{"type":"Feature","properties":{"s":"Himachal Pradesh","v":1.5},"geometry":{"type":"Point","coordinates":[77.1454,32.0821]}},{"type":"Feature","properties":{"s":"Himachal Pradesh","v":1.5},"geometry":{"type":"Point","coordinates":[76.3147,32.3039]}},{"type":"Feature","properties":{"s":"Himachal Pradesh","v":1.5},"geometry":{"type":"Point","coordinates":[78.0352,31.8121]}},{"type":"Feature","properties":{"s":"Himachal Pradesh","v":1.5},"geometry":{"type":"Point","coordinates":[77.6967,30.5802]}},{"type":"Feature","properties":{"s":"Himachal Pradesh","v":1.5},"geometry":{"type":"Point","coordinates":[77.0734,32.9054]}},{"type":"Feature","properties":{"s":"Himachal Pradesh","v":1.5},"geometry":{"type":"Point","coordinates":[76.2738,32.3045]}},{"type":"Feature","properties":{"s":"Jharkhand","v":3.1},"geometry":{"type":"Point","coordinates":[85.7407,22.2267]}},{"type":"Feature","properties":{"s":"Jharkhand","v":3.1},"geometry":{"type":"Point","coordinates":[85.6282,22.7873]}},{"type":"Feature","properties":{"s":"Jharkhand","v":3.1},"geometry":{"type":"Point","coordinates":[86.0218,23.8092]}},{"type":"Feature","properties":{"s":"Jharkhand","v":3.1},"geometry":{"type":"Point","coordinates":[85.2535,22.7149]}},{"type":"Feature","properties":{"s":"Jharkhand","v":3.1},"geometry":{"type":"Point","coordinates":[86.4312,22.8339]}},{"type":"Feature","properties":{"s":"Jharkhand","v":3.1},"geometry":{"type":"Point","coordinates":[85.954,24.3688]}},{"type":"Feature","properties":{"s":"Jharkhand","v":3.1},"geometry":{"type":"Point","coordinates":[86.433,24.2172]}},{"type":"Feature","properties":{"s":"Jharkhand","v":3.1},"geometry":{"type":"Point","coordinates":[85.4365,23.2692]}},{"type":"Feature","properties":{"s":"Jharkhand","v":3.1},"geometry":{"type":"Point","coordinates":[87.2745,24.6724]}},{"type":"Feature","properties":{"s":"Jharkhand","v":3.1},"geometry":{"type":"Point","coordinates":[86.1856,23.4783]}},{"type":"Feature","properties":{"s":"Jharkhand","v":3.1},"geometry":{"type":"Point","coordinates":[85.5505,24.0732]}},{"type":"Feature","properties":{"s":"Jharkhand","v":3.1},"geometry":{"type":"Point","coordinates":[84.7911,22.5853]}},{"type":"Feature","properties":{"s":"Jharkhand","v":3.1},"geometry":{"type":"Point","coordinates":[83.8632,23.7874]}},{"type":"Feature","properties":{"s":"Jharkhand","v":3.1},"geometry":{"type":"Point","coordinates":[86.632,23.9059]}},{"type":"Feature","properties":{"s":"Jharkhand","v":3.1},"geometry":{"type":"Point","coordinates":[85.1874,22.2074]}},{"type":"Feature","properties":{"s":"Jharkhand","v":3.1},"geometry":{"type":"Point","coordinates":[85.7731,24.6556]}},{"type":"Feature","properties":{"s":"Jharkhand","v":3.1},"geometry":{"type":"Point","coordinates":[83.5944,24.0561]}},{"type":"Feature","properties":{"s":"Jharkhand","v":3.1},"geometry":{"type":"Point","coordinates":[84.1417,23.6593]}},{"type":"Feature","properties":{"s":"Jharkhand","v":3.1},"geometry":{"type":"Point","coordinates":[86.1694,22.7815]}},{"type":"Feature","properties":{"s":"Jharkhand","v":3.1},"geometry":{"type":"Point","coordinates":[84.6187,23.6495]}},{"type":"Feature","properties":{"s":"Jharkhand","v":3.1},"geometry":{"type":"Point","coordinates":[84.0896,23.7017]}},{"type":"Feature","properties":{"s":"Jharkhand","v":3.1},"geometry":{"type":"Point","coordinates":[85.6014,22.9347]}},{"type":"Feature","properties":{"s":"Jharkhand","v":3.1},"geometry":{"type":"Point","coordinates":[85.0882,23.4203]}},{"type":"Feature","properties":{"s":"Jharkhand","v":3.1},"geometry":{"type":"Point","coordinates":[84.6075,22.5855]}},{"type":"Feature","properties":{"s":"Jharkhand","v":3.1},"geometry":{"type":"Point","coordinates":[85.0637,23.4793]}},{"type":"Feature","properties":{"s":"Jharkhand","v":3.1},"geometry":{"type":"Point","coordinates":[85.9381,22.6369]}},{"type":"Feature","properties":{"s":"Jharkhand","v":3.1},"geometry":{"type":"Point","coordinates":[84.8118,24.1453]}},{"type":"Feature","properties":{"s":"Jharkhand","v":3.1},"geometry":{"type":"Point","coordinates":[85.8013,23.6506]}},{"type":"Feature","properties":{"s":"Jharkhand","v":3.1},"geometry":{"type":"Point","coordinates":[85.3764,22.4809]}},{"type":"Feature","properties":{"s":"Jharkhand","v":3.1},"geometry":{"type":"Point","coordinates":[84.3968,24.2843]}},{"type":"Feature","properties":{"s":"Jharkhand","v":3.1},"geometry":{"type":"Point","coordinates":[87.2858,24.1169]}},{"type":"Feature","properties":{"s":"Jharkhand","v":3.1},"geometry":{"type":"Point","coordinates":[83.6328,24.1278]}},{"type":"Feature","properties":{"s":"Jharkhand","v":3.1},"geometry":{"type":"Point","coordinates":[85.5645,22.181]}},{"type":"Feature","properties":{"s":"Jharkhand","v":3.1},"geometry":{"type":"Point","coordinates":[85.9099,22.1666]}},{"type":"Feature","properties":{"s":"Jharkhand","v":3.1},"geometry":{"type":"Point","coordinates":[85.5833,22.3183]}},{"type":"Feature","properties":{"s":"Jharkhand","v":3.1},"geometry":{"type":"Point","coordinates":[84.3413,22.8472]}},{"type":"Feature","properties":{"s":"Jharkhand","v":3.1},"geometry":{"type":"Point","coordinates":[85.5941,23.0983]}},{"type":"Feature","properties":{"s":"Jharkhand","v":3.1},"geometry":{"type":"Point","coordinates":[86.1934,23.7977]}},{"type":"Feature","properties":{"s":"Jharkhand","v":3.1},"geometry":{"type":"Point","coordinates":[84.7472,23.3]}},{"type":"Feature","properties":{"s":"Jharkhand","v":3.1},"geometry":{"type":"Point","coordinates":[87.8109,24.6372]}},{"type":"Feature","properties":{"s":"Jharkhand","v":3.1},"geometry":{"type":"Point","coordinates":[86.664,24.5576]}},{"type":"Feature","properties":{"s":"Jharkhand","v":3.1},"geometry":{"type":"Point","coordinates":[85.9345,24.5515]}},{"type":"Feature","properties":{"s":"Jharkhand","v":3.1},"geometry":{"type":"Point","coordinates":[86.5102,23.9558]}},{"type":"Feature","properties":{"s":"Jharkhand","v":3.1},"geometry":{"type":"Point","coordinates":[84.8834,24.3336]}},{"type":"Feature","properties":{"s":"Jharkhand","v":3.1},"geometry":{"type":"Point","coordinates":[85.0869,22.9648]}},{"type":"Feature","properties":{"s":"Jharkhand","v":3.1},"geometry":{"type":"Point","coordinates":[85.8391,22.9076]}},{"type":"Feature","properties":{"s":"Jharkhand","v":3.1},"geometry":{"type":"Point","coordinates":[85.3904,22.1982]}},{"type":"Feature","properties":{"s":"Jharkhand","v":3.1},"geometry":{"type":"Point","coordinates":[85.6981,23.5625]}},{"type":"Feature","properties":{"s":"Jharkhand","v":3.1},"geometry":{"type":"Point","coordinates":[87.7479,24.5357]}},{"type":"Feature","properties":{"s":"Jharkhand","v":3.1},"geometry":{"type":"Point","coordinates":[85.1264,24.4176]}},{"type":"Feature","properties":{"s":"Jharkhand","v":3.1},"geometry":{"type":"Point","coordinates":[84.2898,23.4516]}},{"type":"Feature","properties":{"s":"Jharkhand","v":3.1},"geometry":{"type":"Point","coordinates":[85.4099,23.2368]}},{"type":"Feature","properties":{"s":"Jharkhand","v":3.1},"geometry":{"type":"Point","coordinates":[84.2804,23.225]}},{"type":"Feature","properties":{"s":"Jharkhand","v":3.1},"geometry":{"type":"Point","coordinates":[84.6845,24.0544]}},{"type":"Feature","properties":{"s":"Jharkhand","v":3.1},"geometry":{"type":"Point","coordinates":[86.3649,23.9762]}},{"type":"Feature","properties":{"s":"Jharkhand","v":3.1},"geometry":{"type":"Point","coordinates":[83.5935,24.1614]}},{"type":"Feature","properties":{"s":"Karnataka","v":2.1},"geometry":{"type":"Point","coordinates":[77.1622,13.0361]}},{"type":"Feature","properties":{"s":"Karnataka","v":2.1},"geometry":{"type":"Point","coordinates":[74.9298,15.7352]}},{"type":"Feature","properties":{"s":"Karnataka","v":2.1},"geometry":{"type":"Point","coordinates":[76.2758,14.094]}},{"type":"Feature","properties":{"s":"Karnataka","v":2.1},"geometry":{"type":"Point","coordinates":[75.8966,16.2628]}},{"type":"Feature","properties":{"s":"Karnataka","v":2.1},"geometry":{"type":"Point","coordinates":[76.4109,16.5178]}},{"type":"Feature","properties":{"s":"Karnataka","v":2.1},"geometry":{"type":"Point","coordinates":[76.492,13.8071]}},{"type":"Feature","properties":{"s":"Karnataka","v":2.1},"geometry":{"type":"Point","coordinates":[75.7038,13.6866]}},{"type":"Feature","properties":{"s":"Karnataka","v":2.1},"geometry":{"type":"Point","coordinates":[77.4408,13.6604]}},{"type":"Feature","properties":{"s":"Karnataka","v":2.1},"geometry":{"type":"Point","coordinates":[76.598,17.541]}},{"type":"Feature","properties":{"s":"Karnataka","v":2.1},"geometry":{"type":"Point","coordinates":[74.8494,16.6182]}},{"type":"Feature","properties":{"s":"Karnataka","v":2.1},"geometry":{"type":"Point","coordinates":[74.8654,15.5481]}},{"type":"Feature","properties":{"s":"Karnataka","v":2.1},"geometry":{"type":"Point","coordinates":[77.1076,16.6149]}},{"type":"Feature","properties":{"s":"Karnataka","v":2.1},"geometry":{"type":"Point","coordinates":[75.1341,13.2717]}},{"type":"Feature","properties":{"s":"Karnataka","v":2.1},"geometry":{"type":"Point","coordinates":[75.228,13.7151]}},{"type":"Feature","properties":{"s":"Karnataka","v":2.1},"geometry":{"type":"Point","coordinates":[77.4791,17.7229]}},{"type":"Feature","properties":{"s":"Karnataka","v":2.1},"geometry":{"type":"Point","coordinates":[76.516,14.3599]}},{"type":"Feature","properties":{"s":"Karnataka","v":2.1},"geometry":{"type":"Point","coordinates":[76.1665,13.9505]}},{"type":"Feature","properties":{"s":"Karnataka","v":2.1},"geometry":{"type":"Point","coordinates":[76.3758,15.6873]}},{"type":"Feature","properties":{"s":"Karnataka","v":2.1},"geometry":{"type":"Point","coordinates":[77.1182,17.6914]}},{"type":"Feature","properties":{"s":"Karnataka","v":2.1},"geometry":{"type":"Point","coordinates":[75.597,16.6211]}},{"type":"Feature","properties":{"s":"Karnataka","v":2.1},"geometry":{"type":"Point","coordinates":[76.3181,11.9279]}},{"type":"Feature","properties":{"s":"Karnataka","v":2.1},"geometry":{"type":"Point","coordinates":[77.0218,17.9167]}},{"type":"Feature","properties":{"s":"Karnataka","v":2.1},"geometry":{"type":"Point","coordinates":[75.6272,15.5302]}},{"type":"Feature","properties":{"s":"Karnataka","v":2.1},"geometry":{"type":"Point","coordinates":[76.9971,13.93]}},{"type":"Feature","properties":{"s":"Karnataka","v":2.1},"geometry":{"type":"Point","coordinates":[75.459,13.609]}},{"type":"Feature","properties":{"s":"Karnataka","v":2.1},"geometry":{"type":"Point","coordinates":[76.0338,15.0633]}},{"type":"Feature","properties":{"s":"Karnataka","v":2.1},"geometry":{"type":"Point","coordinates":[76.1211,13.7057]}},{"type":"Feature","properties":{"s":"Karnataka","v":2.1},"geometry":{"type":"Point","coordinates":[77.0913,13.3443]}},{"type":"Feature","properties":{"s":"Karnataka","v":2.1},"geometry":{"type":"Point","coordinates":[76.4821,11.9059]}},{"type":"Feature","properties":{"s":"Karnataka","v":2.1},"geometry":{"type":"Point","coordinates":[75.8535,12.5222]}},{"type":"Feature","properties":{"s":"Karnataka","v":2.1},"geometry":{"type":"Point","coordinates":[76.7253,16.1566]}},{"type":"Feature","properties":{"s":"Karnataka","v":2.1},"geometry":{"type":"Point","coordinates":[76.3947,16.36]}},{"type":"Feature","properties":{"s":"Karnataka","v":2.1},"geometry":{"type":"Point","coordinates":[77.2863,12.2507]}},{"type":"Feature","properties":{"s":"Karnataka","v":2.1},"geometry":{"type":"Point","coordinates":[76.6313,14.4241]}},{"type":"Feature","properties":{"s":"Karnataka","v":2.1},"geometry":{"type":"Point","coordinates":[77.4934,13.3178]}},{"type":"Feature","properties":{"s":"Karnataka","v":2.1},"geometry":{"type":"Point","coordinates":[75.5381,15.6663]}},{"type":"Feature","properties":{"s":"Karnataka","v":2.1},"geometry":{"type":"Point","coordinates":[77.1347,12.6768]}},{"type":"Feature","properties":{"s":"Karnataka","v":2.1},"geometry":{"type":"Point","coordinates":[75.995,17.0828]}},{"type":"Feature","properties":{"s":"Manipur","v":4.4},"geometry":{"type":"Point","coordinates":[93.4015,24.5784]}},{"type":"Feature","properties":{"s":"Manipur","v":4.4},"geometry":{"type":"Point","coordinates":[94.5043,24.8208]}},{"type":"Feature","properties":{"s":"Manipur","v":4.4},"geometry":{"type":"Point","coordinates":[93.8166,24.7164]}},{"type":"Feature","properties":{"s":"Manipur","v":4.4},"geometry":{"type":"Point","coordinates":[94.5155,24.8036]}},{"type":"Feature","properties":{"s":"Manipur","v":4.4},"geometry":{"type":"Point","coordinates":[94.0727,24.1208]}},{"type":"Feature","properties":{"s":"Manipur","v":4.4},"geometry":{"type":"Point","coordinates":[93.8155,24.0679]}},{"type":"Feature","properties":{"s":"Manipur","v":4.4},"geometry":{"type":"Point","coordinates":[94.5734,25.1986]}},{"type":"Feature","properties":{"s":"Manipur","v":4.4},"geometry":{"type":"Point","coordinates":[93.71,24.3882]}},{"type":"Feature","properties":{"s":"Manipur","v":4.4},"geometry":{"type":"Point","coordinates":[93.912,24.4187]}},{"type":"Feature","properties":{"s":"Manipur","v":4.4},"geometry":{"type":"Point","coordinates":[93.444,24.7367]}},{"type":"Feature","properties":{"s":"Manipur","v":4.4},"geometry":{"type":"Point","coordinates":[93.9565,24.0633]}},{"type":"Feature","properties":{"s":"Manipur","v":4.4},"geometry":{"type":"Point","coordinates":[94.0791,24.6376]}},{"type":"Feature","properties":{"s":"Manipur","v":4.4},"geometry":{"type":"Point","coordinates":[93.3459,24.6391]}},{"type":"Feature","properties":{"s":"Manipur","v":4.4},"geometry":{"type":"Point","coordinates":[93.8078,24.8406]}},{"type":"Feature","properties":{"s":"Manipur","v":4.4},"geometry":{"type":"Point","coordinates":[93.5606,24.2382]}},{"type":"Feature","properties":{"s":"Manipur","v":4.4},"geometry":{"type":"Point","coordinates":[94.014,24.7065]}},{"type":"Feature","properties":{"s":"Manipur","v":4.4},"geometry":{"type":"Point","coordinates":[93.4146,24.766]}},{"type":"Feature","properties":{"s":"Manipur","v":4.4},"geometry":{"type":"Point","coordinates":[93.1606,24.345]}},{"type":"Feature","properties":{"s":"Manipur","v":4.4},"geometry":{"type":"Point","coordinates":[93.4916,24.0545]}},{"type":"Feature","properties":{"s":"Manipur","v":4.4},"geometry":{"type":"Point","coordinates":[94.0827,24.0685]}},{"type":"Feature","properties":{"s":"Manipur","v":4.4},"geometry":{"type":"Point","coordinates":[94.4832,24.9071]}},{"type":"Feature","properties":{"s":"Manipur","v":4.4},"geometry":{"type":"Point","coordinates":[93.7014,24.8265]}},{"type":"Feature","properties":{"s":"Manipur","v":4.4},"geometry":{"type":"Point","coordinates":[94.5044,25.1005]}},{"type":"Feature","properties":{"s":"Manipur","v":4.4},"geometry":{"type":"Point","coordinates":[92.998,24.1224]}},{"type":"Feature","properties":{"s":"Manipur","v":4.4},"geometry":{"type":"Point","coordinates":[94.2538,25.3176]}},{"type":"Feature","properties":{"s":"Manipur","v":4.4},"geometry":{"type":"Point","coordinates":[93.5903,24.733]}},{"type":"Feature","properties":{"s":"Manipur","v":4.4},"geometry":{"type":"Point","coordinates":[93.7856,24.071]}},{"type":"Feature","properties":{"s":"Manipur","v":4.4},"geometry":{"type":"Point","coordinates":[93.7853,24.5103]}},{"type":"Feature","properties":{"s":"Manipur","v":4.4},"geometry":{"type":"Point","coordinates":[93.6858,24.7304]}},{"type":"Feature","properties":{"s":"Manipur","v":4.4},"geometry":{"type":"Point","coordinates":[93.9076,24.3952]}},{"type":"Feature","properties":{"s":"Manipur","v":4.4},"geometry":{"type":"Point","coordinates":[94.1757,25.3236]}},{"type":"Feature","properties":{"s":"Manipur","v":4.4},"geometry":{"type":"Point","coordinates":[93.2606,24.8286]}},{"type":"Feature","properties":{"s":"Manipur","v":4.4},"geometry":{"type":"Point","coordinates":[94.5035,25.0213]}},{"type":"Feature","properties":{"s":"Manipur","v":4.4},"geometry":{"type":"Point","coordinates":[93.9814,25.0383]}},{"type":"Feature","properties":{"s":"Manipur","v":4.4},"geometry":{"type":"Point","coordinates":[93.1272,24.681]}},{"type":"Feature","properties":{"s":"Manipur","v":4.4},"geometry":{"type":"Point","coordinates":[94.202,24.6911]}},{"type":"Feature","properties":{"s":"Manipur","v":4.4},"geometry":{"type":"Point","coordinates":[93.336,24.7305]}},{"type":"Feature","properties":{"s":"Manipur","v":4.4},"geometry":{"type":"Point","coordinates":[93.5781,23.9904]}},{"type":"Feature","properties":{"s":"Manipur","v":4.4},"geometry":{"type":"Point","coordinates":[94.2342,25.1088]}},{"type":"Feature","properties":{"s":"Manipur","v":4.4},"geometry":{"type":"Point","coordinates":[94.0733,24.1062]}},{"type":"Feature","properties":{"s":"Manipur","v":4.4},"geometry":{"type":"Point","coordinates":[94.67,24.9998]}},{"type":"Feature","properties":{"s":"Manipur","v":4.4},"geometry":{"type":"Point","coordinates":[93.6332,24.3959]}},{"type":"Feature","properties":{"s":"Manipur","v":4.4},"geometry":{"type":"Point","coordinates":[93.601,24.3703]}},{"type":"Feature","properties":{"s":"Manipur","v":4.4},"geometry":{"type":"Point","coordinates":[94.3094,24.2574]}},{"type":"Feature","properties":{"s":"Manipur","v":4.4},"geometry":{"type":"Point","coordinates":[94.261,24.2891]}},{"type":"Feature","properties":{"s":"Manipur","v":4.4},"geometry":{"type":"Point","coordinates":[93.2657,24.5879]}},{"type":"Feature","properties":{"s":"Manipur","v":4.4},"geometry":{"type":"Point","coordinates":[93.9307,23.9627]}},{"type":"Feature","properties":{"s":"Manipur","v":4.4},"geometry":{"type":"Point","coordinates":[93.4504,24.8801]}},{"type":"Feature","properties":{"s":"Manipur","v":4.4},"geometry":{"type":"Point","coordinates":[94.1991,24.9955]}},{"type":"Feature","properties":{"s":"Manipur","v":4.4},"geometry":{"type":"Point","coordinates":[94.3349,24.8857]}},{"type":"Feature","properties":{"s":"Manipur","v":4.4},"geometry":{"type":"Point","coordinates":[93.7218,25.0331]}},{"type":"Feature","properties":{"s":"Manipur","v":4.4},"geometry":{"type":"Point","coordinates":[94.2363,24.7222]}},{"type":"Feature","properties":{"s":"Manipur","v":4.4},"geometry":{"type":"Point","coordinates":[94.3527,24.649]}},{"type":"Feature","properties":{"s":"Manipur","v":4.4},"geometry":{"type":"Point","coordinates":[93.8451,24.0137]}},{"type":"Feature","properties":{"s":"Manipur","v":4.4},"geometry":{"type":"Point","coordinates":[94.4446,25.0457]}},{"type":"Feature","properties":{"s":"Manipur","v":4.4},"geometry":{"type":"Point","coordinates":[93.3095,24.9969]}},{"type":"Feature","properties":{"s":"Manipur","v":4.4},"geometry":{"type":"Point","coordinates":[94.5963,25.0713]}},{"type":"Feature","properties":{"s":"Manipur","v":4.4},"geometry":{"type":"Point","coordinates":[94.2129,24.4792]}},{"type":"Feature","properties":{"s":"Manipur","v":4.4},"geometry":{"type":"Point","coordinates":[94.2232,24.0309]}},{"type":"Feature","properties":{"s":"Manipur","v":4.4},"geometry":{"type":"Point","coordinates":[94.4399,24.65]}},{"type":"Feature","properties":{"s":"Manipur","v":4.4},"geometry":{"type":"Point","coordinates":[94.3013,24.415]}},{"type":"Feature","properties":{"s":"Manipur","v":4.4},"geometry":{"type":"Point","coordinates":[93.6681,24.6539]}},{"type":"Feature","properties":{"s":"Manipur","v":4.4},"geometry":{"type":"Point","coordinates":[94.4045,24.8943]}},{"type":"Feature","properties":{"s":"Manipur","v":4.4},"geometry":{"type":"Point","coordinates":[93.7524,24.934]}},{"type":"Feature","properties":{"s":"Manipur","v":4.4},"geometry":{"type":"Point","coordinates":[93.8315,24.1577]}},{"type":"Feature","properties":{"s":"Manipur","v":4.4},"geometry":{"type":"Point","coordinates":[93.4891,25.0981]}},{"type":"Feature","properties":{"s":"Manipur","v":4.4},"geometry":{"type":"Point","coordinates":[94.595,25.4814]}},{"type":"Feature","properties":{"s":"Manipur","v":4.4},"geometry":{"type":"Point","coordinates":[94.6676,24.9526]}},{"type":"Feature","properties":{"s":"Manipur","v":4.4},"geometry":{"type":"Point","coordinates":[94.5237,25.016]}},{"type":"Feature","properties":{"s":"Manipur","v":4.4},"geometry":{"type":"Point","coordinates":[94.3753,24.6245]}},{"type":"Feature","properties":{"s":"Manipur","v":4.4},"geometry":{"type":"Point","coordinates":[93.0348,24.1042]}},{"type":"Feature","properties":{"s":"Manipur","v":4.4},"geometry":{"type":"Point","coordinates":[93.4066,24.7887]}},{"type":"Feature","properties":{"s":"Manipur","v":4.4},"geometry":{"type":"Point","coordinates":[94.4169,24.9088]}},{"type":"Feature","properties":{"s":"Manipur","v":4.4},"geometry":{"type":"Point","coordinates":[93.5462,24.5455]}},{"type":"Feature","properties":{"s":"Manipur","v":4.4},"geometry":{"type":"Point","coordinates":[93.5042,24.5281]}},{"type":"Feature","properties":{"s":"Manipur","v":4.4},"geometry":{"type":"Point","coordinates":[94.5669,25.336]}},{"type":"Feature","properties":{"s":"Manipur","v":4.4},"geometry":{"type":"Point","coordinates":[94.2819,24.8145]}},{"type":"Feature","properties":{"s":"Manipur","v":4.4},"geometry":{"type":"Point","coordinates":[94.0636,24.337]}},{"type":"Feature","properties":{"s":"Manipur","v":4.4},"geometry":{"type":"Point","coordinates":[94.4294,24.993]}},{"type":"Feature","properties":{"s":"Meghalaya","v":8.3},"geometry":{"type":"Point","coordinates":[91.6354,25.4449]}},{"type":"Feature","properties":{"s":"Meghalaya","v":8.3},"geometry":{"type":"Point","coordinates":[90.3721,25.858]}},{"type":"Feature","properties":{"s":"Meghalaya","v":8.3},"geometry":{"type":"Point","coordinates":[91.8121,25.7288]}},{"type":"Feature","properties":{"s":"Meghalaya","v":8.3},"geometry":{"type":"Point","coordinates":[91.3043,25.1947]}},{"type":"Feature","properties":{"s":"Meghalaya","v":8.3},"geometry":{"type":"Point","coordinates":[90.1317,25.3419]}},{"type":"Feature","properties":{"s":"Meghalaya","v":8.3},"geometry":{"type":"Point","coordinates":[91.999,25.3558]}},{"type":"Feature","properties":{"s":"Meghalaya","v":8.3},"geometry":{"type":"Point","coordinates":[90.5341,25.1892]}},{"type":"Feature","properties":{"s":"Meghalaya","v":8.3},"geometry":{"type":"Point","coordinates":[92.6009,25.5332]}},{"type":"Feature","properties":{"s":"Meghalaya","v":8.3},"geometry":{"type":"Point","coordinates":[90.4046,25.9188]}},{"type":"Feature","properties":{"s":"Meghalaya","v":8.3},"geometry":{"type":"Point","coordinates":[92.5915,25.3555]}},{"type":"Feature","properties":{"s":"Meghalaya","v":8.3},"geometry":{"type":"Point","coordinates":[91.2585,25.4333]}},{"type":"Feature","properties":{"s":"Meghalaya","v":8.3},"geometry":{"type":"Point","coordinates":[92.2727,25.1698]}},{"type":"Feature","properties":{"s":"Meghalaya","v":8.3},"geometry":{"type":"Point","coordinates":[90.5408,25.2585]}},{"type":"Feature","properties":{"s":"Meghalaya","v":8.3},"geometry":{"type":"Point","coordinates":[92.1264,25.5677]}},{"type":"Feature","properties":{"s":"Meghalaya","v":8.3},"geometry":{"type":"Point","coordinates":[92.1761,25.329]}},{"type":"Feature","properties":{"s":"Meghalaya","v":8.3},"geometry":{"type":"Point","coordinates":[91.2093,25.5175]}},{"type":"Feature","properties":{"s":"Meghalaya","v":8.3},"geometry":{"type":"Point","coordinates":[91.2266,25.7388]}},{"type":"Feature","properties":{"s":"Meghalaya","v":8.3},"geometry":{"type":"Point","coordinates":[91.5413,25.8664]}},{"type":"Feature","properties":{"s":"Meghalaya","v":8.3},"geometry":{"type":"Point","coordinates":[92.3893,25.3739]}},{"type":"Feature","properties":{"s":"Meghalaya","v":8.3},"geometry":{"type":"Point","coordinates":[90.8075,25.3774]}},{"type":"Feature","properties":{"s":"Meghalaya","v":8.3},"geometry":{"type":"Point","coordinates":[90.8902,25.1837]}},{"type":"Feature","properties":{"s":"Meghalaya","v":8.3},"geometry":{"type":"Point","coordinates":[91.197,25.8288]}},{"type":"Feature","properties":{"s":"Meghalaya","v":8.3},"geometry":{"type":"Point","coordinates":[90.8074,25.2422]}},{"type":"Feature","properties":{"s":"Meghalaya","v":8.3},"geometry":{"type":"Point","coordinates":[91.2861,25.345]}},{"type":"Feature","properties":{"s":"Meghalaya","v":8.3},"geometry":{"type":"Point","coordinates":[90.4216,25.2277]}},{"type":"Feature","properties":{"s":"Meghalaya","v":8.3},"geometry":{"type":"Point","coordinates":[90.871,25.5881]}},{"type":"Feature","properties":{"s":"Meghalaya","v":8.3},"geometry":{"type":"Point","coordinates":[90.6435,25.7769]}},{"type":"Feature","properties":{"s":"Meghalaya","v":8.3},"geometry":{"type":"Point","coordinates":[91.9701,25.8359]}},{"type":"Feature","properties":{"s":"Meghalaya","v":8.3},"geometry":{"type":"Point","coordinates":[90.3195,25.6074]}},{"type":"Feature","properties":{"s":"Meghalaya","v":8.3},"geometry":{"type":"Point","coordinates":[91.786,25.6334]}},{"type":"Feature","properties":{"s":"Meghalaya","v":8.3},"geometry":{"type":"Point","coordinates":[91.1343,25.6291]}},{"type":"Feature","properties":{"s":"Meghalaya","v":8.3},"geometry":{"type":"Point","coordinates":[91.0187,25.8062]}},{"type":"Feature","properties":{"s":"Meghalaya","v":8.3},"geometry":{"type":"Point","coordinates":[90.3435,25.6031]}},{"type":"Feature","properties":{"s":"Meghalaya","v":8.3},"geometry":{"type":"Point","coordinates":[92.1036,25.2314]}},{"type":"Feature","properties":{"s":"Meghalaya","v":8.3},"geometry":{"type":"Point","coordinates":[91.6347,25.1664]}},{"type":"Feature","properties":{"s":"Meghalaya","v":8.3},"geometry":{"type":"Point","coordinates":[90.1153,25.6412]}},{"type":"Feature","properties":{"s":"Meghalaya","v":8.3},"geometry":{"type":"Point","coordinates":[92.1219,25.425]}},{"type":"Feature","properties":{"s":"Meghalaya","v":8.3},"geometry":{"type":"Point","coordinates":[91.6988,25.747]}},{"type":"Feature","properties":{"s":"Meghalaya","v":8.3},"geometry":{"type":"Point","coordinates":[92.3484,25.7231]}},{"type":"Feature","properties":{"s":"Meghalaya","v":8.3},"geometry":{"type":"Point","coordinates":[90.3468,25.9522]}},{"type":"Feature","properties":{"s":"Meghalaya","v":8.3},"geometry":{"type":"Point","coordinates":[92.4326,25.7248]}},{"type":"Feature","properties":{"s":"Meghalaya","v":8.3},"geometry":{"type":"Point","coordinates":[91.1713,25.2607]}},{"type":"Feature","properties":{"s":"Meghalaya","v":8.3},"geometry":{"type":"Point","coordinates":[91.5964,26.023]}},{"type":"Feature","properties":{"s":"Meghalaya","v":8.3},"geometry":{"type":"Point","coordinates":[90.5772,25.8837]}},{"type":"Feature","properties":{"s":"Meghalaya","v":8.3},"geometry":{"type":"Point","coordinates":[91.5607,25.9401]}},{"type":"Feature","properties":{"s":"Meghalaya","v":8.3},"geometry":{"type":"Point","coordinates":[92.3448,25.3998]}},{"type":"Feature","properties":{"s":"Meghalaya","v":8.3},"geometry":{"type":"Point","coordinates":[90.1135,25.6303]}},{"type":"Feature","properties":{"s":"Meghalaya","v":8.3},"geometry":{"type":"Point","coordinates":[90.5235,25.5829]}},{"type":"Feature","properties":{"s":"Meghalaya","v":8.3},"geometry":{"type":"Point","coordinates":[90.9731,25.7154]}},{"type":"Feature","properties":{"s":"Meghalaya","v":8.3},"geometry":{"type":"Point","coordinates":[92.0307,25.9384]}},{"type":"Feature","properties":{"s":"Meghalaya","v":8.3},"geometry":{"type":"Point","coordinates":[91.4667,25.4463]}},{"type":"Feature","properties":{"s":"Meghalaya","v":8.3},"geometry":{"type":"Point","coordinates":[91.8056,26.1004]}},{"type":"Feature","properties":{"s":"Meghalaya","v":8.3},"geometry":{"type":"Point","coordinates":[91.6278,25.7412]}},{"type":"Feature","properties":{"s":"Meghalaya","v":8.3},"geometry":{"type":"Point","coordinates":[90.919,25.5449]}},{"type":"Feature","properties":{"s":"Meghalaya","v":8.3},"geometry":{"type":"Point","coordinates":[91.8046,25.6018]}},{"type":"Feature","properties":{"s":"Meghalaya","v":8.3},"geometry":{"type":"Point","coordinates":[90.6361,25.5857]}},{"type":"Feature","properties":{"s":"Meghalaya","v":8.3},"geometry":{"type":"Point","coordinates":[91.5631,25.9159]}},{"type":"Feature","properties":{"s":"Meghalaya","v":8.3},"geometry":{"type":"Point","coordinates":[91.8001,25.9606]}},{"type":"Feature","properties":{"s":"Meghalaya","v":8.3},"geometry":{"type":"Point","coordinates":[90.416,25.8414]}},{"type":"Feature","properties":{"s":"Meghalaya","v":8.3},"geometry":{"type":"Point","coordinates":[91.1714,25.6205]}},{"type":"Feature","properties":{"s":"Meghalaya","v":8.3},"geometry":{"type":"Point","coordinates":[90.2321,25.3064]}},{"type":"Feature","properties":{"s":"Meghalaya","v":8.3},"geometry":{"type":"Point","coordinates":[91.66,25.6662]}},{"type":"Feature","properties":{"s":"Meghalaya","v":8.3},"geometry":{"type":"Point","coordinates":[91.3242,25.6087]}},{"type":"Feature","properties":{"s":"Meghalaya","v":8.3},"geometry":{"type":"Point","coordinates":[92.6233,25.3215]}},{"type":"Feature","properties":{"s":"Meghalaya","v":8.3},"geometry":{"type":"Point","coordinates":[91.8316,25.9685]}},{"type":"Feature","properties":{"s":"Meghalaya","v":8.3},"geometry":{"type":"Point","coordinates":[91.9188,25.353]}},{"type":"Feature","properties":{"s":"Meghalaya","v":8.3},"geometry":{"type":"Point","coordinates":[91.8866,25.9299]}},{"type":"Feature","properties":{"s":"Meghalaya","v":8.3},"geometry":{"type":"Point","coordinates":[91.202,25.5049]}},{"type":"Feature","properties":{"s":"Meghalaya","v":8.3},"geometry":{"type":"Point","coordinates":[90.6681,25.2759]}},{"type":"Feature","properties":{"s":"Meghalaya","v":8.3},"geometry":{"type":"Point","coordinates":[90.2129,25.4731]}},{"type":"Feature","properties":{"s":"Meghalaya","v":8.3},"geometry":{"type":"Point","coordinates":[90.8318,25.6112]}},{"type":"Feature","properties":{"s":"Meghalaya","v":8.3},"geometry":{"type":"Point","coordinates":[89.9516,25.5174]}},{"type":"Feature","properties":{"s":"Meghalaya","v":8.3},"geometry":{"type":"Point","coordinates":[92.2968,25.6854]}},{"type":"Feature","properties":{"s":"Meghalaya","v":8.3},"geometry":{"type":"Point","coordinates":[90.2532,25.294]}},{"type":"Feature","properties":{"s":"Meghalaya","v":8.3},"geometry":{"type":"Point","coordinates":[91.6979,25.3363]}},{"type":"Feature","properties":{"s":"Meghalaya","v":8.3},"geometry":{"type":"Point","coordinates":[92.522,25.3655]}},{"type":"Feature","properties":{"s":"Meghalaya","v":8.3},"geometry":{"type":"Point","coordinates":[91.7729,25.3979]}},{"type":"Feature","properties":{"s":"Meghalaya","v":8.3},"geometry":{"type":"Point","coordinates":[91.5536,25.6344]}},{"type":"Feature","properties":{"s":"Meghalaya","v":8.3},"geometry":{"type":"Point","coordinates":[90.0619,25.464]}},{"type":"Feature","properties":{"s":"Meghalaya","v":8.3},"geometry":{"type":"Point","coordinates":[91.1611,25.2404]}},{"type":"Feature","properties":{"s":"Meghalaya","v":8.3},"geometry":{"type":"Point","coordinates":[90.0522,25.5278]}},{"type":"Feature","properties":{"s":"Meghalaya","v":8.3},"geometry":{"type":"Point","coordinates":[90.7004,25.7098]}},{"type":"Feature","properties":{"s":"Meghalaya","v":8.3},"geometry":{"type":"Point","coordinates":[90.3353,25.2848]}},{"type":"Feature","properties":{"s":"Meghalaya","v":8.3},"geometry":{"type":"Point","coordinates":[92.1344,25.781]}},{"type":"Feature","properties":{"s":"Meghalaya","v":8.3},"geometry":{"type":"Point","coordinates":[91.9034,25.4835]}},{"type":"Feature","properties":{"s":"Meghalaya","v":8.3},"geometry":{"type":"Point","coordinates":[90.7523,25.9474]}},{"type":"Feature","properties":{"s":"Meghalaya","v":8.3},"geometry":{"type":"Point","coordinates":[90.2326,25.3666]}},{"type":"Feature","properties":{"s":"Meghalaya","v":8.3},"geometry":{"type":"Point","coordinates":[92.5084,25.1534]}},{"type":"Feature","properties":{"s":"Meghalaya","v":8.3},"geometry":{"type":"Point","coordinates":[90.5629,25.6128]}},{"type":"Feature","properties":{"s":"Meghalaya","v":8.3},"geometry":{"type":"Point","coordinates":[90.5001,25.3136]}},{"type":"Feature","properties":{"s":"Meghalaya","v":8.3},"geometry":{"type":"Point","coordinates":[91.3448,25.6431]}},{"type":"Feature","properties":{"s":"Meghalaya","v":8.3},"geometry":{"type":"Point","coordinates":[91.6069,25.4483]}},{"type":"Feature","properties":{"s":"Meghalaya","v":8.3},"geometry":{"type":"Point","coordinates":[92.593,25.4274]}},{"type":"Feature","properties":{"s":"Meghalaya","v":8.3},"geometry":{"type":"Point","coordinates":[90.4227,25.1791]}},{"type":"Feature","properties":{"s":"Meghalaya","v":8.3},"geometry":{"type":"Point","coordinates":[91.7993,25.6909]}},{"type":"Feature","properties":{"s":"Meghalaya","v":8.3},"geometry":{"type":"Point","coordinates":[91.351,25.3273]}},{"type":"Feature","properties":{"s":"Meghalaya","v":8.3},"geometry":{"type":"Point","coordinates":[90.975,25.8315]}},{"type":"Feature","properties":{"s":"Meghalaya","v":8.3},"geometry":{"type":"Point","coordinates":[92.4244,25.4286]}},{"type":"Feature","properties":{"s":"Meghalaya","v":8.3},"geometry":{"type":"Point","coordinates":[92.6595,25.2412]}},{"type":"Feature","properties":{"s":"Meghalaya","v":8.3},"geometry":{"type":"Point","coordinates":[91.6709,25.4228]}},{"type":"Feature","properties":{"s":"Meghalaya","v":8.3},"geometry":{"type":"Point","coordinates":[92.3275,25.643]}},{"type":"Feature","properties":{"s":"Meghalaya","v":8.3},"geometry":{"type":"Point","coordinates":[92.1013,25.6535]}},{"type":"Feature","properties":{"s":"Meghalaya","v":8.3},"geometry":{"type":"Point","coordinates":[90.2135,25.4759]}},{"type":"Feature","properties":{"s":"Meghalaya","v":8.3},"geometry":{"type":"Point","coordinates":[90.3304,25.5389]}},{"type":"Feature","properties":{"s":"Meghalaya","v":8.3},"geometry":{"type":"Point","coordinates":[91.1813,25.7055]}},{"type":"Feature","properties":{"s":"Meghalaya","v":8.3},"geometry":{"type":"Point","coordinates":[91.4014,25.5181]}},{"type":"Feature","properties":{"s":"Meghalaya","v":8.3},"geometry":{"type":"Point","coordinates":[92.0584,25.7792]}},{"type":"Feature","properties":{"s":"Meghalaya","v":8.3},"geometry":{"type":"Point","coordinates":[90.3505,25.8446]}},{"type":"Feature","properties":{"s":"Meghalaya","v":8.3},"geometry":{"type":"Point","coordinates":[92.3585,25.1998]}},{"type":"Feature","properties":{"s":"Meghalaya","v":8.3},"geometry":{"type":"Point","coordinates":[90.9314,25.7575]}},{"type":"Feature","properties":{"s":"Meghalaya","v":8.3},"geometry":{"type":"Point","coordinates":[92.0054,25.4965]}},{"type":"Feature","properties":{"s":"Meghalaya","v":8.3},"geometry":{"type":"Point","coordinates":[91.2281,25.4982]}},{"type":"Feature","properties":{"s":"Meghalaya","v":8.3},"geometry":{"type":"Point","coordinates":[91.3509,25.4293]}},{"type":"Feature","properties":{"s":"Meghalaya","v":8.3},"geometry":{"type":"Point","coordinates":[90.7805,25.1803]}},{"type":"Feature","properties":{"s":"Meghalaya","v":8.3},"geometry":{"type":"Point","coordinates":[91.9581,25.6811]}},{"type":"Feature","properties":{"s":"Meghalaya","v":8.3},"geometry":{"type":"Point","coordinates":[91.9598,25.5816]}},{"type":"Feature","properties":{"s":"Meghalaya","v":8.3},"geometry":{"type":"Point","coordinates":[90.8689,25.3587]}},{"type":"Feature","properties":{"s":"Meghalaya","v":8.3},"geometry":{"type":"Point","coordinates":[90.4092,25.9426]}},{"type":"Feature","properties":{"s":"Meghalaya","v":8.3},"geometry":{"type":"Point","coordinates":[91.7996,25.4512]}},{"type":"Feature","properties":{"s":"Meghalaya","v":8.3},"geometry":{"type":"Point","coordinates":[90.8748,25.4298]}},{"type":"Feature","properties":{"s":"Meghalaya","v":8.3},"geometry":{"type":"Point","coordinates":[92.0538,25.8801]}},{"type":"Feature","properties":{"s":"Meghalaya","v":8.3},"geometry":{"type":"Point","coordinates":[92.0318,25.5475]}},{"type":"Feature","properties":{"s":"Meghalaya","v":8.3},"geometry":{"type":"Point","coordinates":[91.0465,25.4729]}},{"type":"Feature","properties":{"s":"Meghalaya","v":8.3},"geometry":{"type":"Point","coordinates":[91.7903,25.4152]}},{"type":"Feature","properties":{"s":"Meghalaya","v":8.3},"geometry":{"type":"Point","coordinates":[92.2698,25.5738]}},{"type":"Feature","properties":{"s":"Meghalaya","v":8.3},"geometry":{"type":"Point","coordinates":[91.456,25.8145]}},{"type":"Feature","properties":{"s":"Meghalaya","v":8.3},"geometry":{"type":"Point","coordinates":[91.8633,25.2352]}},{"type":"Feature","properties":{"s":"Meghalaya","v":8.3},"geometry":{"type":"Point","coordinates":[92.1315,25.447]}},{"type":"Feature","properties":{"s":"Meghalaya","v":8.3},"geometry":{"type":"Point","coordinates":[90.4831,25.5637]}},{"type":"Feature","properties":{"s":"Meghalaya","v":8.3},"geometry":{"type":"Point","coordinates":[90.8107,25.8464]}},{"type":"Feature","properties":{"s":"Meghalaya","v":8.3},"geometry":{"type":"Point","coordinates":[91.1515,25.6053]}},{"type":"Feature","properties":{"s":"Meghalaya","v":8.3},"geometry":{"type":"Point","coordinates":[90.9214,25.7785]}},{"type":"Feature","properties":{"s":"Meghalaya","v":8.3},"geometry":{"type":"Point","coordinates":[90.9603,25.222]}},{"type":"Feature","properties":{"s":"Meghalaya","v":8.3},"geometry":{"type":"Point","coordinates":[91.6687,25.4196]}},{"type":"Feature","properties":{"s":"Meghalaya","v":8.3},"geometry":{"type":"Point","coordinates":[90.9067,25.8124]}},{"type":"Feature","properties":{"s":"Meghalaya","v":8.3},"geometry":{"type":"Point","coordinates":[92.277,25.1722]}},{"type":"Feature","properties":{"s":"Meghalaya","v":8.3},"geometry":{"type":"Point","coordinates":[92.0273,25.6889]}},{"type":"Feature","properties":{"s":"Meghalaya","v":8.3},"geometry":{"type":"Point","coordinates":[90.6389,25.8541]}},{"type":"Feature","properties":{"s":"Meghalaya","v":8.3},"geometry":{"type":"Point","coordinates":[91.2481,25.435]}},{"type":"Feature","properties":{"s":"Meghalaya","v":8.3},"geometry":{"type":"Point","coordinates":[91.3188,25.4546]}},{"type":"Feature","properties":{"s":"Meghalaya","v":8.3},"geometry":{"type":"Point","coordinates":[92.4404,25.4203]}},{"type":"Feature","properties":{"s":"Meghalaya","v":8.3},"geometry":{"type":"Point","coordinates":[92.1146,25.6039]}},{"type":"Feature","properties":{"s":"Meghalaya","v":8.3},"geometry":{"type":"Point","coordinates":[91.2058,25.4762]}},{"type":"Feature","properties":{"s":"Meghalaya","v":8.3},"geometry":{"type":"Point","coordinates":[91.1213,25.7542]}},{"type":"Feature","properties":{"s":"Meghalaya","v":8.3},"geometry":{"type":"Point","coordinates":[91.1804,25.2724]}},{"type":"Feature","properties":{"s":"Meghalaya","v":8.3},"geometry":{"type":"Point","coordinates":[90.556,25.8358]}},{"type":"Feature","properties":{"s":"Meghalaya","v":8.3},"geometry":{"type":"Point","coordinates":[92.0897,25.7817]}},{"type":"Feature","properties":{"s":"Meghalaya","v":8.3},"geometry":{"type":"Point","coordinates":[91.4276,25.2273]}},{"type":"Feature","properties":{"s":"Meghalaya","v":8.3},"geometry":{"type":"Point","coordinates":[91.1842,25.4667]}},{"type":"Feature","properties":{"s":"Mizoram","v":12.9},"geometry":{"type":"Point","coordinates":[92.5868,22.3993]}},{"type":"Feature","properties":{"s":"Mizoram","v":12.9},"geometry":{"type":"Point","coordinates":[93.2734,23.8356]}},{"type":"Feature","properties":{"s":"Mizoram","v":12.9},"geometry":{"type":"Point","coordinates":[92.886,23.1556]}},{"type":"Feature","properties":{"s":"Mizoram","v":12.9},"geometry":{"type":"Point","coordinates":[93.0765,23.1325]}},{"type":"Feature","properties":{"s":"Mizoram","v":12.9},"geometry":{"type":"Point","coordinates":[92.5565,23.858]}},{"type":"Feature","properties":{"s":"Mizoram","v":12.9},"geometry":{"type":"Point","coordinates":[92.9442,24.1857]}},{"type":"Feature","properties":{"s":"Mizoram","v":12.9},"geometry":{"type":"Point","coordinates":[92.8317,23.1553]}},{"type":"Feature","properties":{"s":"Mizoram","v":12.9},"geometry":{"type":"Point","coordinates":[92.9033,22.8084]}},{"type":"Feature","properties":{"s":"Mizoram","v":12.9},"geometry":{"type":"Point","coordinates":[92.6619,22.7153]}},{"type":"Feature","properties":{"s":"Mizoram","v":12.9},"geometry":{"type":"Point","coordinates":[93.2288,23.7463]}},{"type":"Feature","properties":{"s":"Mizoram","v":12.9},"geometry":{"type":"Point","coordinates":[92.9727,22.3275]}},{"type":"Feature","properties":{"s":"Mizoram","v":12.9},"geometry":{"type":"Point","coordinates":[93.2163,24.0327]}},{"type":"Feature","properties":{"s":"Mizoram","v":12.9},"geometry":{"type":"Point","coordinates":[92.5544,24.0752]}},{"type":"Feature","properties":{"s":"Mizoram","v":12.9},"geometry":{"type":"Point","coordinates":[92.6769,23.4788]}},{"type":"Feature","properties":{"s":"Mizoram","v":12.9},"geometry":{"type":"Point","coordinates":[92.4821,24.0134]}},{"type":"Feature","properties":{"s":"Mizoram","v":12.9},"geometry":{"type":"Point","coordinates":[92.7907,23.0014]}},{"type":"Feature","properties":{"s":"Mizoram","v":12.9},"geometry":{"type":"Point","coordinates":[92.8719,23.8004]}},{"type":"Feature","properties":{"s":"Mizoram","v":12.9},"geometry":{"type":"Point","coordinates":[92.7321,23.263]}},{"type":"Feature","properties":{"s":"Mizoram","v":12.9},"geometry":{"type":"Point","coordinates":[92.9978,22.9043]}},{"type":"Feature","properties":{"s":"Mizoram","v":12.9},"geometry":{"type":"Point","coordinates":[93.3505,23.5479]}},{"type":"Feature","properties":{"s":"Mizoram","v":12.9},"geometry":{"type":"Point","coordinates":[92.375,23.7795]}},{"type":"Feature","properties":{"s":"Mizoram","v":12.9},"geometry":{"type":"Point","coordinates":[93.2861,23.6098]}},{"type":"Feature","properties":{"s":"Mizoram","v":12.9},"geometry":{"type":"Point","coordinates":[92.8181,22.6238]}},{"type":"Feature","properties":{"s":"Mizoram","v":12.9},"geometry":{"type":"Point","coordinates":[92.8989,24.02]}},{"type":"Feature","properties":{"s":"Mizoram","v":12.9},"geometry":{"type":"Point","coordinates":[92.6355,23.0842]}},{"type":"Feature","properties":{"s":"Mizoram","v":12.9},"geometry":{"type":"Point","coordinates":[93.0872,23.6622]}},{"type":"Feature","properties":{"s":"Mizoram","v":12.9},"geometry":{"type":"Point","coordinates":[92.6043,23.2423]}},{"type":"Feature","properties":{"s":"Mizoram","v":12.9},"geometry":{"type":"Point","coordinates":[93.1275,22.6181]}},{"type":"Feature","properties":{"s":"Mizoram","v":12.9},"geometry":{"type":"Point","coordinates":[92.3879,23.5093]}},{"type":"Feature","properties":{"s":"Mizoram","v":12.9},"geometry":{"type":"Point","coordinates":[92.9261,23.9795]}},{"type":"Feature","properties":{"s":"Mizoram","v":12.9},"geometry":{"type":"Point","coordinates":[92.9171,23.1984]}},{"type":"Feature","properties":{"s":"Mizoram","v":12.9},"geometry":{"type":"Point","coordinates":[92.8,23.763]}},{"type":"Feature","properties":{"s":"Mizoram","v":12.9},"geometry":{"type":"Point","coordinates":[92.6526,23.5655]}},{"type":"Feature","properties":{"s":"Mizoram","v":12.9},"geometry":{"type":"Point","coordinates":[92.9185,22.9093]}},{"type":"Feature","properties":{"s":"Mizoram","v":12.9},"geometry":{"type":"Point","coordinates":[92.8143,22.3806]}},{"type":"Feature","properties":{"s":"Mizoram","v":12.9},"geometry":{"type":"Point","coordinates":[92.6791,22.0459]}},{"type":"Feature","properties":{"s":"Mizoram","v":12.9},"geometry":{"type":"Point","coordinates":[93.0011,24.3944]}},{"type":"Feature","properties":{"s":"Mizoram","v":12.9},"geometry":{"type":"Point","coordinates":[93.0738,22.535]}},{"type":"Feature","properties":{"s":"Mizoram","v":12.9},"geometry":{"type":"Point","coordinates":[93.0339,22.2666]}},{"type":"Feature","properties":{"s":"Mizoram","v":12.9},"geometry":{"type":"Point","coordinates":[93.2526,23.7683]}},{"type":"Feature","properties":{"s":"Mizoram","v":12.9},"geometry":{"type":"Point","coordinates":[93.3898,23.7432]}},{"type":"Feature","properties":{"s":"Mizoram","v":12.9},"geometry":{"type":"Point","coordinates":[92.797,23.3949]}},{"type":"Feature","properties":{"s":"Mizoram","v":12.9},"geometry":{"type":"Point","coordinates":[92.8909,23.3578]}},{"type":"Feature","properties":{"s":"Mizoram","v":12.9},"geometry":{"type":"Point","coordinates":[92.4071,23.0747]}},{"type":"Feature","properties":{"s":"Mizoram","v":12.9},"geometry":{"type":"Point","coordinates":[93.0006,22.5559]}},{"type":"Feature","properties":{"s":"Mizoram","v":12.9},"geometry":{"type":"Point","coordinates":[93.1035,24.0264]}},{"type":"Feature","properties":{"s":"Mizoram","v":12.9},"geometry":{"type":"Point","coordinates":[92.8621,23.9663]}},{"type":"Feature","properties":{"s":"Mizoram","v":12.9},"geometry":{"type":"Point","coordinates":[93.1947,23.6747]}},{"type":"Feature","properties":{"s":"Mizoram","v":12.9},"geometry":{"type":"Point","coordinates":[92.3674,23.49]}},{"type":"Feature","properties":{"s":"Mizoram","v":12.9},"geometry":{"type":"Point","coordinates":[92.5817,23.7322]}},{"type":"Feature","properties":{"s":"Mizoram","v":12.9},"geometry":{"type":"Point","coordinates":[93.141,23.0604]}},{"type":"Feature","properties":{"s":"Mizoram","v":12.9},"geometry":{"type":"Point","coordinates":[92.5526,23.1871]}},{"type":"Feature","properties":{"s":"Mizoram","v":12.9},"geometry":{"type":"Point","coordinates":[92.767,22.6142]}},{"type":"Feature","properties":{"s":"Mizoram","v":12.9},"geometry":{"type":"Point","coordinates":[92.8178,23.457]}},{"type":"Feature","properties":{"s":"Mizoram","v":12.9},"geometry":{"type":"Point","coordinates":[93.1298,23.2907]}},{"type":"Feature","properties":{"s":"Mizoram","v":12.9},"geometry":{"type":"Point","coordinates":[92.513,22.7831]}},{"type":"Feature","properties":{"s":"Mizoram","v":12.9},"geometry":{"type":"Point","coordinates":[93.0371,22.2957]}},{"type":"Feature","properties":{"s":"Mizoram","v":12.9},"geometry":{"type":"Point","coordinates":[93.0236,23.0557]}},{"type":"Feature","properties":{"s":"Mizoram","v":12.9},"geometry":{"type":"Point","coordinates":[92.778,24.3372]}},{"type":"Feature","properties":{"s":"Mizoram","v":12.9},"geometry":{"type":"Point","coordinates":[92.514,22.9127]}},{"type":"Feature","properties":{"s":"Mizoram","v":12.9},"geometry":{"type":"Point","coordinates":[92.799,24.0664]}},{"type":"Feature","properties":{"s":"Mizoram","v":12.9},"geometry":{"type":"Point","coordinates":[92.4787,23.2369]}},{"type":"Feature","properties":{"s":"Mizoram","v":12.9},"geometry":{"type":"Point","coordinates":[93.2771,23.8407]}},{"type":"Feature","properties":{"s":"Mizoram","v":12.9},"geometry":{"type":"Point","coordinates":[92.925,24.0641]}},{"type":"Feature","properties":{"s":"Mizoram","v":12.9},"geometry":{"type":"Point","coordinates":[92.92,24.17]}},{"type":"Feature","properties":{"s":"Mizoram","v":12.9},"geometry":{"type":"Point","coordinates":[92.6121,23.0853]}},{"type":"Feature","properties":{"s":"Mizoram","v":12.9},"geometry":{"type":"Point","coordinates":[92.5264,23.0796]}},{"type":"Feature","properties":{"s":"Mizoram","v":12.9},"geometry":{"type":"Point","coordinates":[92.3036,23.7028]}},{"type":"Feature","properties":{"s":"Mizoram","v":12.9},"geometry":{"type":"Point","coordinates":[93.0749,23.5756]}},{"type":"Feature","properties":{"s":"Mizoram","v":12.9},"geometry":{"type":"Point","coordinates":[93.0269,22.9435]}},{"type":"Feature","properties":{"s":"Mizoram","v":12.9},"geometry":{"type":"Point","coordinates":[93.3249,23.4079]}},{"type":"Feature","properties":{"s":"Mizoram","v":12.9},"geometry":{"type":"Point","coordinates":[93.0668,23.9313]}},{"type":"Feature","properties":{"s":"Mizoram","v":12.9},"geometry":{"type":"Point","coordinates":[92.5334,23.3688]}},{"type":"Feature","properties":{"s":"Mizoram","v":12.9},"geometry":{"type":"Point","coordinates":[93.0723,22.917]}},{"type":"Feature","properties":{"s":"Mizoram","v":12.9},"geometry":{"type":"Point","coordinates":[92.872,23.1266]}},{"type":"Feature","properties":{"s":"Mizoram","v":12.9},"geometry":{"type":"Point","coordinates":[92.5875,24.0114]}},{"type":"Feature","properties":{"s":"Mizoram","v":12.9},"geometry":{"type":"Point","coordinates":[93.1192,23.4811]}},{"type":"Feature","properties":{"s":"Mizoram","v":12.9},"geometry":{"type":"Point","coordinates":[93.1267,22.6113]}},{"type":"Feature","properties":{"s":"Mizoram","v":12.9},"geometry":{"type":"Point","coordinates":[92.8852,23.8464]}},{"type":"Feature","properties":{"s":"Mizoram","v":12.9},"geometry":{"type":"Point","coordinates":[92.7596,22.7761]}},{"type":"Feature","properties":{"s":"Mizoram","v":12.9},"geometry":{"type":"Point","coordinates":[92.9858,23.796]}},{"type":"Feature","properties":{"s":"Mizoram","v":12.9},"geometry":{"type":"Point","coordinates":[92.5416,23.1029]}},{"type":"Feature","properties":{"s":"Mizoram","v":12.9},"geometry":{"type":"Point","coordinates":[92.9397,23.8469]}},{"type":"Feature","properties":{"s":"Mizoram","v":12.9},"geometry":{"type":"Point","coordinates":[92.3312,24.189]}},{"type":"Feature","properties":{"s":"Mizoram","v":12.9},"geometry":{"type":"Point","coordinates":[92.4849,23.0613]}},{"type":"Feature","properties":{"s":"Mizoram","v":12.9},"geometry":{"type":"Point","coordinates":[92.8283,22.9203]}},{"type":"Feature","properties":{"s":"Mizoram","v":12.9},"geometry":{"type":"Point","coordinates":[92.9134,23.8821]}},{"type":"Feature","properties":{"s":"Mizoram","v":12.9},"geometry":{"type":"Point","coordinates":[93.099,22.9569]}},{"type":"Feature","properties":{"s":"Mizoram","v":12.9},"geometry":{"type":"Point","coordinates":[92.6486,23.019]}},{"type":"Feature","properties":{"s":"Mizoram","v":12.9},"geometry":{"type":"Point","coordinates":[92.8243,23.265]}},{"type":"Feature","properties":{"s":"Mizoram","v":12.9},"geometry":{"type":"Point","coordinates":[92.6945,24.2469]}},{"type":"Feature","properties":{"s":"Mizoram","v":12.9},"geometry":{"type":"Point","coordinates":[93.0872,23.7689]}},{"type":"Feature","properties":{"s":"Mizoram","v":12.9},"geometry":{"type":"Point","coordinates":[92.8938,23.0762]}},{"type":"Feature","properties":{"s":"Mizoram","v":12.9},"geometry":{"type":"Point","coordinates":[92.9371,22.1387]}},{"type":"Feature","properties":{"s":"Mizoram","v":12.9},"geometry":{"type":"Point","coordinates":[92.3635,23.9767]}},{"type":"Feature","properties":{"s":"Mizoram","v":12.9},"geometry":{"type":"Point","coordinates":[93.2311,23.4896]}},{"type":"Feature","properties":{"s":"Mizoram","v":12.9},"geometry":{"type":"Point","coordinates":[92.7112,23.8966]}},{"type":"Feature","properties":{"s":"Mizoram","v":12.9},"geometry":{"type":"Point","coordinates":[92.7701,23.0111]}},{"type":"Feature","properties":{"s":"Mizoram","v":12.9},"geometry":{"type":"Point","coordinates":[93.3247,23.7663]}},{"type":"Feature","properties":{"s":"Mizoram","v":12.9},"geometry":{"type":"Point","coordinates":[92.4346,23.226]}},{"type":"Feature","properties":{"s":"Mizoram","v":12.9},"geometry":{"type":"Point","coordinates":[93.113,23.4386]}},{"type":"Feature","properties":{"s":"Mizoram","v":12.9},"geometry":{"type":"Point","coordinates":[92.4742,23.5842]}},{"type":"Feature","properties":{"s":"Mizoram","v":12.9},"geometry":{"type":"Point","coordinates":[92.8739,22.4655]}},{"type":"Feature","properties":{"s":"Mizoram","v":12.9},"geometry":{"type":"Point","coordinates":[92.7157,22.3574]}},{"type":"Feature","properties":{"s":"Mizoram","v":12.9},"geometry":{"type":"Point","coordinates":[92.5001,23.127]}},{"type":"Feature","properties":{"s":"Mizoram","v":12.9},"geometry":{"type":"Point","coordinates":[92.8311,24.3556]}},{"type":"Feature","properties":{"s":"Mizoram","v":12.9},"geometry":{"type":"Point","coordinates":[92.5893,23.1135]}},{"type":"Feature","properties":{"s":"Mizoram","v":12.9},"geometry":{"type":"Point","coordinates":[93.0789,22.7265]}},{"type":"Feature","properties":{"s":"Mizoram","v":12.9},"geometry":{"type":"Point","coordinates":[92.7485,24.4641]}},{"type":"Feature","properties":{"s":"Mizoram","v":12.9},"geometry":{"type":"Point","coordinates":[92.406,23.252]}},{"type":"Feature","properties":{"s":"Mizoram","v":12.9},"geometry":{"type":"Point","coordinates":[92.6987,22.5983]}},{"type":"Feature","properties":{"s":"Mizoram","v":12.9},"geometry":{"type":"Point","coordinates":[92.7747,24.15]}},{"type":"Feature","properties":{"s":"Mizoram","v":12.9},"geometry":{"type":"Point","coordinates":[93.1922,24.0034]}},{"type":"Feature","properties":{"s":"Mizoram","v":12.9},"geometry":{"type":"Point","coordinates":[93.0167,23.3664]}},{"type":"Feature","properties":{"s":"Mizoram","v":12.9},"geometry":{"type":"Point","coordinates":[93.1065,23.3514]}},{"type":"Feature","properties":{"s":"Mizoram","v":12.9},"geometry":{"type":"Point","coordinates":[92.9508,23.2122]}},{"type":"Feature","properties":{"s":"Mizoram","v":12.9},"geometry":{"type":"Point","coordinates":[92.5079,23.0658]}},{"type":"Feature","properties":{"s":"Mizoram","v":12.9},"geometry":{"type":"Point","coordinates":[93.0023,23.4802]}},{"type":"Feature","properties":{"s":"Mizoram","v":12.9},"geometry":{"type":"Point","coordinates":[93.3076,23.4424]}},{"type":"Feature","properties":{"s":"Mizoram","v":12.9},"geometry":{"type":"Point","coordinates":[92.8835,22.7574]}},{"type":"Feature","properties":{"s":"Mizoram","v":12.9},"geometry":{"type":"Point","coordinates":[92.4292,24.1473]}},{"type":"Feature","properties":{"s":"Mizoram","v":12.9},"geometry":{"type":"Point","coordinates":[92.7613,24.4513]}},{"type":"Feature","properties":{"s":"Mizoram","v":12.9},"geometry":{"type":"Point","coordinates":[92.4001,23.4532]}},{"type":"Feature","properties":{"s":"Mizoram","v":12.9},"geometry":{"type":"Point","coordinates":[92.6778,22.3951]}},{"type":"Feature","properties":{"s":"Mizoram","v":12.9},"geometry":{"type":"Point","coordinates":[92.4624,23.3046]}},{"type":"Feature","properties":{"s":"Mizoram","v":12.9},"geometry":{"type":"Point","coordinates":[92.8253,22.682]}},{"type":"Feature","properties":{"s":"Mizoram","v":12.9},"geometry":{"type":"Point","coordinates":[92.6098,23.6761]}},{"type":"Feature","properties":{"s":"Mizoram","v":12.9},"geometry":{"type":"Point","coordinates":[92.4073,22.9588]}},{"type":"Feature","properties":{"s":"Mizoram","v":12.9},"geometry":{"type":"Point","coordinates":[93.3751,23.7876]}},{"type":"Feature","properties":{"s":"Mizoram","v":12.9},"geometry":{"type":"Point","coordinates":[92.7252,23.0547]}},{"type":"Feature","properties":{"s":"Mizoram","v":12.9},"geometry":{"type":"Point","coordinates":[92.3314,23.6467]}},{"type":"Feature","properties":{"s":"Mizoram","v":12.9},"geometry":{"type":"Point","coordinates":[93.3087,23.9457]}},{"type":"Feature","properties":{"s":"Mizoram","v":12.9},"geometry":{"type":"Point","coordinates":[93.0445,23.2215]}},{"type":"Feature","properties":{"s":"Mizoram","v":12.9},"geometry":{"type":"Point","coordinates":[92.974,24.2466]}},{"type":"Feature","properties":{"s":"Mizoram","v":12.9},"geometry":{"type":"Point","coordinates":[92.6604,23.3201]}},{"type":"Feature","properties":{"s":"Mizoram","v":12.9},"geometry":{"type":"Point","coordinates":[92.7294,23.6463]}},{"type":"Feature","properties":{"s":"Mizoram","v":12.9},"geometry":{"type":"Point","coordinates":[92.7291,23.1901]}},{"type":"Feature","properties":{"s":"Mizoram","v":12.9},"geometry":{"type":"Point","coordinates":[92.4074,23.3239]}},{"type":"Feature","properties":{"s":"Mizoram","v":12.9},"geometry":{"type":"Point","coordinates":[92.7891,22.752]}},{"type":"Feature","properties":{"s":"Mizoram","v":12.9},"geometry":{"type":"Point","coordinates":[92.6361,23.3953]}},{"type":"Feature","properties":{"s":"Mizoram","v":12.9},"geometry":{"type":"Point","coordinates":[93.1981,23.086]}},{"type":"Feature","properties":{"s":"Mizoram","v":12.9},"geometry":{"type":"Point","coordinates":[92.467,23.9194]}},{"type":"Feature","properties":{"s":"Mizoram","v":12.9},"geometry":{"type":"Point","coordinates":[92.7338,22.8774]}},{"type":"Feature","properties":{"s":"Mizoram","v":12.9},"geometry":{"type":"Point","coordinates":[92.7261,22.9679]}},{"type":"Feature","properties":{"s":"Mizoram","v":12.9},"geometry":{"type":"Point","coordinates":[92.9994,23.05]}},{"type":"Feature","properties":{"s":"Mizoram","v":12.9},"geometry":{"type":"Point","coordinates":[92.9698,22.2251]}},{"type":"Feature","properties":{"s":"Mizoram","v":12.9},"geometry":{"type":"Point","coordinates":[92.421,23.269]}},{"type":"Feature","properties":{"s":"Mizoram","v":12.9},"geometry":{"type":"Point","coordinates":[93.0082,23.4841]}},{"type":"Feature","properties":{"s":"Mizoram","v":12.9},"geometry":{"type":"Point","coordinates":[93.3681,23.8454]}},{"type":"Feature","properties":{"s":"Mizoram","v":12.9},"geometry":{"type":"Point","coordinates":[93.1186,22.9806]}},{"type":"Feature","properties":{"s":"Mizoram","v":12.9},"geometry":{"type":"Point","coordinates":[92.3788,24.2016]}},{"type":"Feature","properties":{"s":"Mizoram","v":12.9},"geometry":{"type":"Point","coordinates":[92.6379,24.2561]}},{"type":"Feature","properties":{"s":"Mizoram","v":12.9},"geometry":{"type":"Point","coordinates":[93.3855,23.6195]}},{"type":"Feature","properties":{"s":"Mizoram","v":12.9},"geometry":{"type":"Point","coordinates":[92.5846,23.1945]}},{"type":"Feature","properties":{"s":"Mizoram","v":12.9},"geometry":{"type":"Point","coordinates":[92.9129,23.1596]}},{"type":"Feature","properties":{"s":"Mizoram","v":12.9},"geometry":{"type":"Point","coordinates":[93.335,23.5667]}},{"type":"Feature","properties":{"s":"Mizoram","v":12.9},"geometry":{"type":"Point","coordinates":[93.1266,23.7236]}},{"type":"Feature","properties":{"s":"Mizoram","v":12.9},"geometry":{"type":"Point","coordinates":[93.0208,22.95]}},{"type":"Feature","properties":{"s":"Mizoram","v":12.9},"geometry":{"type":"Point","coordinates":[93.2676,24.021]}},{"type":"Feature","properties":{"s":"Mizoram","v":12.9},"geometry":{"type":"Point","coordinates":[92.9222,23.9316]}},{"type":"Feature","properties":{"s":"Mizoram","v":12.9},"geometry":{"type":"Point","coordinates":[92.9578,24.2524]}},{"type":"Feature","properties":{"s":"Mizoram","v":12.9},"geometry":{"type":"Point","coordinates":[92.3021,23.7975]}},{"type":"Feature","properties":{"s":"Mizoram","v":12.9},"geometry":{"type":"Point","coordinates":[92.627,23.6892]}},{"type":"Feature","properties":{"s":"Mizoram","v":12.9},"geometry":{"type":"Point","coordinates":[92.8226,23.1565]}},{"type":"Feature","properties":{"s":"Mizoram","v":12.9},"geometry":{"type":"Point","coordinates":[92.7354,24.3314]}},{"type":"Feature","properties":{"s":"Mizoram","v":12.9},"geometry":{"type":"Point","coordinates":[92.3627,23.7597]}},{"type":"Feature","properties":{"s":"Mizoram","v":12.9},"geometry":{"type":"Point","coordinates":[92.8478,24.3357]}},{"type":"Feature","properties":{"s":"Mizoram","v":12.9},"geometry":{"type":"Point","coordinates":[92.8581,22.7435]}},{"type":"Feature","properties":{"s":"Mizoram","v":12.9},"geometry":{"type":"Point","coordinates":[92.7412,22.8023]}},{"type":"Feature","properties":{"s":"Mizoram","v":12.9},"geometry":{"type":"Point","coordinates":[93.2981,23.5972]}},{"type":"Feature","properties":{"s":"Mizoram","v":12.9},"geometry":{"type":"Point","coordinates":[92.8416,24.2433]}},{"type":"Feature","properties":{"s":"Mizoram","v":12.9},"geometry":{"type":"Point","coordinates":[92.5006,23.6389]}},{"type":"Feature","properties":{"s":"Mizoram","v":12.9},"geometry":{"type":"Point","coordinates":[92.6395,23.6668]}},{"type":"Feature","properties":{"s":"Mizoram","v":12.9},"geometry":{"type":"Point","coordinates":[92.5278,23.9862]}},{"type":"Feature","properties":{"s":"Mizoram","v":12.9},"geometry":{"type":"Point","coordinates":[93.0892,23.9855]}},{"type":"Feature","properties":{"s":"Mizoram","v":12.9},"geometry":{"type":"Point","coordinates":[92.6682,23.4067]}},{"type":"Feature","properties":{"s":"Mizoram","v":12.9},"geometry":{"type":"Point","coordinates":[92.9373,24.3344]}},{"type":"Feature","properties":{"s":"Mizoram","v":12.9},"geometry":{"type":"Point","coordinates":[92.9493,22.8787]}},{"type":"Feature","properties":{"s":"Mizoram","v":12.9},"geometry":{"type":"Point","coordinates":[93.0024,23.1092]}},{"type":"Feature","properties":{"s":"Mizoram","v":12.9},"geometry":{"type":"Point","coordinates":[92.6092,22.3382]}},{"type":"Feature","properties":{"s":"Mizoram","v":12.9},"geometry":{"type":"Point","coordinates":[93.3137,23.4668]}},{"type":"Feature","properties":{"s":"Mizoram","v":12.9},"geometry":{"type":"Point","coordinates":[92.4962,22.8081]}},{"type":"Feature","properties":{"s":"Mizoram","v":12.9},"geometry":{"type":"Point","coordinates":[92.5378,23.432]}},{"type":"Feature","properties":{"s":"Mizoram","v":12.9},"geometry":{"type":"Point","coordinates":[92.9892,23.4883]}},{"type":"Feature","properties":{"s":"Mizoram","v":12.9},"geometry":{"type":"Point","coordinates":[92.8038,22.7406]}},{"type":"Feature","properties":{"s":"Mizoram","v":12.9},"geometry":{"type":"Point","coordinates":[92.8354,23.6575]}},{"type":"Feature","properties":{"s":"Mizoram","v":12.9},"geometry":{"type":"Point","coordinates":[93.0881,23.9823]}},{"type":"Feature","properties":{"s":"Mizoram","v":12.9},"geometry":{"type":"Point","coordinates":[92.8972,23.0412]}},{"type":"Feature","properties":{"s":"Mizoram","v":12.9},"geometry":{"type":"Point","coordinates":[93.3518,23.6956]}},{"type":"Feature","properties":{"s":"Mizoram","v":12.9},"geometry":{"type":"Point","coordinates":[92.761,22.7329]}},{"type":"Feature","properties":{"s":"Mizoram","v":12.9},"geometry":{"type":"Point","coordinates":[92.9519,22.0668]}},{"type":"Feature","properties":{"s":"Mizoram","v":12.9},"geometry":{"type":"Point","coordinates":[93.0611,23.8128]}},{"type":"Feature","properties":{"s":"Mizoram","v":12.9},"geometry":{"type":"Point","coordinates":[92.4655,23.0484]}},{"type":"Feature","properties":{"s":"Mizoram","v":12.9},"geometry":{"type":"Point","coordinates":[92.5304,22.9477]}},{"type":"Feature","properties":{"s":"Mizoram","v":12.9},"geometry":{"type":"Point","coordinates":[93.1551,22.326]}},{"type":"Feature","properties":{"s":"Mizoram","v":12.9},"geometry":{"type":"Point","coordinates":[93.2577,23.1137]}},{"type":"Feature","properties":{"s":"Mizoram","v":12.9},"geometry":{"type":"Point","coordinates":[92.8891,23.0096]}},{"type":"Feature","properties":{"s":"Mizoram","v":12.9},"geometry":{"type":"Point","coordinates":[93.092,23.5566]}},{"type":"Feature","properties":{"s":"Mizoram","v":12.9},"geometry":{"type":"Point","coordinates":[92.9271,24.0151]}},{"type":"Feature","properties":{"s":"Mizoram","v":12.9},"geometry":{"type":"Point","coordinates":[93.3453,23.9846]}},{"type":"Feature","properties":{"s":"Mizoram","v":12.9},"geometry":{"type":"Point","coordinates":[92.6318,23.5302]}},{"type":"Feature","properties":{"s":"Mizoram","v":12.9},"geometry":{"type":"Point","coordinates":[92.6857,22.1377]}},{"type":"Feature","properties":{"s":"Mizoram","v":12.9},"geometry":{"type":"Point","coordinates":[92.9133,23.6736]}},{"type":"Feature","properties":{"s":"Mizoram","v":12.9},"geometry":{"type":"Point","coordinates":[92.8371,23.3649]}},{"type":"Feature","properties":{"s":"Mizoram","v":12.9},"geometry":{"type":"Point","coordinates":[92.866,23.3403]}},{"type":"Feature","properties":{"s":"Mizoram","v":12.9},"geometry":{"type":"Point","coordinates":[92.597,24.1787]}},{"type":"Feature","properties":{"s":"Mizoram","v":12.9},"geometry":{"type":"Point","coordinates":[92.6132,23.5625]}},{"type":"Feature","properties":{"s":"Mizoram","v":12.9},"geometry":{"type":"Point","coordinates":[92.7494,24.3088]}},{"type":"Feature","properties":{"s":"Mizoram","v":12.9},"geometry":{"type":"Point","coordinates":[92.9221,22.6833]}},{"type":"Feature","properties":{"s":"Mizoram","v":12.9},"geometry":{"type":"Point","coordinates":[93.1321,23.9723]}},{"type":"Feature","properties":{"s":"Mizoram","v":12.9},"geometry":{"type":"Point","coordinates":[93.0278,22.6457]}},{"type":"Feature","properties":{"s":"Mizoram","v":12.9},"geometry":{"type":"Point","coordinates":[92.3455,23.7139]}},{"type":"Feature","properties":{"s":"Mizoram","v":12.9},"geometry":{"type":"Point","coordinates":[92.4739,24.1141]}},{"type":"Feature","properties":{"s":"Mizoram","v":12.9},"geometry":{"type":"Point","coordinates":[92.4799,22.8434]}},{"type":"Feature","properties":{"s":"Mizoram","v":12.9},"geometry":{"type":"Point","coordinates":[92.4958,22.8721]}},{"type":"Feature","properties":{"s":"Mizoram","v":12.9},"geometry":{"type":"Point","coordinates":[92.6418,23.8638]}},{"type":"Feature","properties":{"s":"Mizoram","v":12.9},"geometry":{"type":"Point","coordinates":[93.1036,23.2261]}},{"type":"Feature","properties":{"s":"Mizoram","v":12.9},"geometry":{"type":"Point","coordinates":[92.8608,22.1543]}},{"type":"Feature","properties":{"s":"Mizoram","v":12.9},"geometry":{"type":"Point","coordinates":[93.0196,22.591]}},{"type":"Feature","properties":{"s":"Mizoram","v":12.9},"geometry":{"type":"Point","coordinates":[92.7201,24.0854]}},{"type":"Feature","properties":{"s":"Mizoram","v":12.9},"geometry":{"type":"Point","coordinates":[93.0703,24.033]}},{"type":"Feature","properties":{"s":"Mizoram","v":12.9},"geometry":{"type":"Point","coordinates":[92.7025,22.13]}},{"type":"Feature","properties":{"s":"Mizoram","v":12.9},"geometry":{"type":"Point","coordinates":[92.9389,24.0813]}},{"type":"Feature","properties":{"s":"Mizoram","v":12.9},"geometry":{"type":"Point","coordinates":[93.0025,23.9412]}},{"type":"Feature","properties":{"s":"Mizoram","v":12.9},"geometry":{"type":"Point","coordinates":[92.4344,23.1628]}},{"type":"Feature","properties":{"s":"Mizoram","v":12.9},"geometry":{"type":"Point","coordinates":[92.8774,22.1647]}},{"type":"Feature","properties":{"s":"Mizoram","v":12.9},"geometry":{"type":"Point","coordinates":[92.8023,23.1904]}},{"type":"Feature","properties":{"s":"Mizoram","v":12.9},"geometry":{"type":"Point","coordinates":[92.3974,24.1689]}},{"type":"Feature","properties":{"s":"Mizoram","v":12.9},"geometry":{"type":"Point","coordinates":[92.736,23.957]}},{"type":"Feature","properties":{"s":"Mizoram","v":12.9},"geometry":{"type":"Point","coordinates":[92.8794,24.0976]}},{"type":"Feature","properties":{"s":"Mizoram","v":12.9},"geometry":{"type":"Point","coordinates":[92.9962,22.1238]}},{"type":"Feature","properties":{"s":"Mizoram","v":12.9},"geometry":{"type":"Point","coordinates":[92.9535,24.2849]}},{"type":"Feature","properties":{"s":"Nagaland","v":6.4},"geometry":{"type":"Point","coordinates":[94.3827,25.955]}},{"type":"Feature","properties":{"s":"Nagaland","v":6.4},"geometry":{"type":"Point","coordinates":[94.5019,26.1137]}},{"type":"Feature","properties":{"s":"Nagaland","v":6.4},"geometry":{"type":"Point","coordinates":[94.1688,26.1475]}},{"type":"Feature","properties":{"s":"Nagaland","v":6.4},"geometry":{"type":"Point","coordinates":[94.7896,26.1856]}},{"type":"Feature","properties":{"s":"Nagaland","v":6.4},"geometry":{"type":"Point","coordinates":[95.0473,26.589]}},{"type":"Feature","properties":{"s":"Nagaland","v":6.4},"geometry":{"type":"Point","coordinates":[94.7296,26.6473]}},{"type":"Feature","properties":{"s":"Nagaland","v":6.4},"geometry":{"type":"Point","coordinates":[94.618,25.5691]}},{"type":"Feature","properties":{"s":"Nagaland","v":6.4},"geometry":{"type":"Point","coordinates":[94.3387,26.4238]}},{"type":"Feature","properties":{"s":"Nagaland","v":6.4},"geometry":{"type":"Point","coordinates":[94.471,25.8438]}},{"type":"Feature","properties":{"s":"Nagaland","v":6.4},"geometry":{"type":"Point","coordinates":[93.4988,25.3978]}},{"type":"Feature","properties":{"s":"Nagaland","v":6.4},"geometry":{"type":"Point","coordinates":[95.1829,26.9905]}},{"type":"Feature","properties":{"s":"Nagaland","v":6.4},"geometry":{"type":"Point","coordinates":[94.3051,25.7632]}},{"type":"Feature","properties":{"s":"Nagaland","v":6.4},"geometry":{"type":"Point","coordinates":[95.1165,26.1676]}},{"type":"Feature","properties":{"s":"Nagaland","v":6.4},"geometry":{"type":"Point","coordinates":[94.8596,25.7339]}},{"type":"Feature","properties":{"s":"Nagaland","v":6.4},"geometry":{"type":"Point","coordinates":[94.9608,26.8086]}},{"type":"Feature","properties":{"s":"Nagaland","v":6.4},"geometry":{"type":"Point","coordinates":[94.1908,26.135]}},{"type":"Feature","properties":{"s":"Nagaland","v":6.4},"geometry":{"type":"Point","coordinates":[94.8916,26.1844]}},{"type":"Feature","properties":{"s":"Nagaland","v":6.4},"geometry":{"type":"Point","coordinates":[94.5822,25.8669]}},{"type":"Feature","properties":{"s":"Nagaland","v":6.4},"geometry":{"type":"Point","coordinates":[93.453,25.473]}},{"type":"Feature","properties":{"s":"Nagaland","v":6.4},"geometry":{"type":"Point","coordinates":[94.9355,26.9107]}},{"type":"Feature","properties":{"s":"Nagaland","v":6.4},"geometry":{"type":"Point","coordinates":[95.0095,25.7544]}},{"type":"Feature","properties":{"s":"Nagaland","v":6.4},"geometry":{"type":"Point","coordinates":[94.6845,26.3846]}},{"type":"Feature","properties":{"s":"Nagaland","v":6.4},"geometry":{"type":"Point","coordinates":[94.557,26.1282]}},{"type":"Feature","properties":{"s":"Nagaland","v":6.4},"geometry":{"type":"Point","coordinates":[94.4299,26.0674]}},{"type":"Feature","properties":{"s":"Nagaland","v":6.4},"geometry":{"type":"Point","coordinates":[93.4526,25.439]}},{"type":"Feature","properties":{"s":"Nagaland","v":6.4},"geometry":{"type":"Point","coordinates":[93.8188,25.7679]}},{"type":"Feature","properties":{"s":"Nagaland","v":6.4},"geometry":{"type":"Point","coordinates":[94.4734,26.6223]}},{"type":"Feature","properties":{"s":"Nagaland","v":6.4},"geometry":{"type":"Point","coordinates":[94.6142,26.3301]}},{"type":"Feature","properties":{"s":"Nagaland","v":6.4},"geometry":{"type":"Point","coordinates":[94.6764,26.3313]}},{"type":"Feature","properties":{"s":"Nagaland","v":6.4},"geometry":{"type":"Point","coordinates":[94.8704,26.0901]}},{"type":"Feature","properties":{"s":"Nagaland","v":6.4},"geometry":{"type":"Point","coordinates":[94.7817,25.8266]}},{"type":"Feature","properties":{"s":"Nagaland","v":6.4},"geometry":{"type":"Point","coordinates":[94.0409,25.9031]}},{"type":"Feature","properties":{"s":"Nagaland","v":6.4},"geometry":{"type":"Point","coordinates":[94.8606,26.7965]}},{"type":"Feature","properties":{"s":"Nagaland","v":6.4},"geometry":{"type":"Point","coordinates":[95.0907,25.9781]}},{"type":"Feature","properties":{"s":"Nagaland","v":6.4},"geometry":{"type":"Point","coordinates":[94.7881,25.8521]}},{"type":"Feature","properties":{"s":"Nagaland","v":6.4},"geometry":{"type":"Point","coordinates":[95.0171,26.5551]}},{"type":"Feature","properties":{"s":"Nagaland","v":6.4},"geometry":{"type":"Point","coordinates":[93.4581,25.6167]}},{"type":"Feature","properties":{"s":"Nagaland","v":6.4},"geometry":{"type":"Point","coordinates":[94.7036,26.0171]}},{"type":"Feature","properties":{"s":"Nagaland","v":6.4},"geometry":{"type":"Point","coordinates":[94.8457,26.5874]}},{"type":"Feature","properties":{"s":"Nagaland","v":6.4},"geometry":{"type":"Point","coordinates":[94.576,26.2855]}},{"type":"Feature","properties":{"s":"Nagaland","v":6.4},"geometry":{"type":"Point","coordinates":[94.898,25.9174]}},{"type":"Feature","properties":{"s":"Nagaland","v":6.4},"geometry":{"type":"Point","coordinates":[94.1683,26.1985]}},{"type":"Feature","properties":{"s":"Nagaland","v":6.4},"geometry":{"type":"Point","coordinates":[94.4261,25.9068]}},{"type":"Feature","properties":{"s":"Nagaland","v":6.4},"geometry":{"type":"Point","coordinates":[95.1728,26.847]}},{"type":"Feature","properties":{"s":"Nagaland","v":6.4},"geometry":{"type":"Point","coordinates":[94.5892,25.9667]}},{"type":"Feature","properties":{"s":"Nagaland","v":6.4},"geometry":{"type":"Point","coordinates":[93.9953,26.1195]}},{"type":"Feature","properties":{"s":"Nagaland","v":6.4},"geometry":{"type":"Point","coordinates":[94.5684,26.2472]}},{"type":"Feature","properties":{"s":"Nagaland","v":6.4},"geometry":{"type":"Point","coordinates":[94.271,26.3785]}},{"type":"Feature","properties":{"s":"Nagaland","v":6.4},"geometry":{"type":"Point","coordinates":[95.0466,26.7545]}},{"type":"Feature","properties":{"s":"Nagaland","v":6.4},"geometry":{"type":"Point","coordinates":[94.9685,26.1341]}},{"type":"Feature","properties":{"s":"Nagaland","v":6.4},"geometry":{"type":"Point","coordinates":[93.5912,25.2563]}},{"type":"Feature","properties":{"s":"Nagaland","v":6.4},"geometry":{"type":"Point","coordinates":[93.801,25.788]}},{"type":"Feature","properties":{"s":"Nagaland","v":6.4},"geometry":{"type":"Point","coordinates":[93.9716,25.6515]}},{"type":"Feature","properties":{"s":"Nagaland","v":6.4},"geometry":{"type":"Point","coordinates":[94.3396,26.4478]}},{"type":"Feature","properties":{"s":"Nagaland","v":6.4},"geometry":{"type":"Point","coordinates":[95.0352,25.7609]}},{"type":"Feature","properties":{"s":"Nagaland","v":6.4},"geometry":{"type":"Point","coordinates":[94.3368,26.1323]}},{"type":"Feature","properties":{"s":"Nagaland","v":6.4},"geometry":{"type":"Point","coordinates":[94.2583,25.9903]}},{"type":"Feature","properties":{"s":"Nagaland","v":6.4},"geometry":{"type":"Point","coordinates":[94.3587,25.66]}},{"type":"Feature","properties":{"s":"Nagaland","v":6.4},"geometry":{"type":"Point","coordinates":[94.8484,26.619]}},{"type":"Feature","properties":{"s":"Nagaland","v":6.4},"geometry":{"type":"Point","coordinates":[94.3433,25.9278]}},{"type":"Feature","properties":{"s":"Nagaland","v":6.4},"geometry":{"type":"Point","coordinates":[94.1651,26.1193]}},{"type":"Feature","properties":{"s":"Nagaland","v":6.4},"geometry":{"type":"Point","coordinates":[94.4624,26.0238]}},{"type":"Feature","properties":{"s":"Nagaland","v":6.4},"geometry":{"type":"Point","coordinates":[93.7002,25.4974]}},{"type":"Feature","properties":{"s":"Nagaland","v":6.4},"geometry":{"type":"Point","coordinates":[94.0787,25.8616]}},{"type":"Feature","properties":{"s":"Nagaland","v":6.4},"geometry":{"type":"Point","coordinates":[94.8617,26.4147]}},{"type":"Feature","properties":{"s":"Nagaland","v":6.4},"geometry":{"type":"Point","coordinates":[94.3888,25.7607]}},{"type":"Feature","properties":{"s":"Nagaland","v":6.4},"geometry":{"type":"Point","coordinates":[94.7664,26.3312]}},{"type":"Feature","properties":{"s":"Nagaland","v":6.4},"geometry":{"type":"Point","coordinates":[94.821,26.1843]}},{"type":"Feature","properties":{"s":"Nagaland","v":6.4},"geometry":{"type":"Point","coordinates":[94.1746,25.7005]}},{"type":"Feature","properties":{"s":"Nagaland","v":6.4},"geometry":{"type":"Point","coordinates":[93.3811,25.5595]}},{"type":"Feature","properties":{"s":"Nagaland","v":6.4},"geometry":{"type":"Point","coordinates":[93.4055,25.4988]}},{"type":"Feature","properties":{"s":"Nagaland","v":6.4},"geometry":{"type":"Point","coordinates":[94.1148,26.0462]}},{"type":"Feature","properties":{"s":"Nagaland","v":6.4},"geometry":{"type":"Point","coordinates":[94.3869,26.486]}},{"type":"Feature","properties":{"s":"Nagaland","v":6.4},"geometry":{"type":"Point","coordinates":[93.666,25.6574]}},{"type":"Feature","properties":{"s":"Nagaland","v":6.4},"geometry":{"type":"Point","coordinates":[94.4662,26.2406]}},{"type":"Feature","properties":{"s":"Nagaland","v":6.4},"geometry":{"type":"Point","coordinates":[95.0153,26.2069]}},{"type":"Feature","properties":{"s":"Nagaland","v":6.4},"geometry":{"type":"Point","coordinates":[95.0596,26.1684]}},{"type":"Feature","properties":{"s":"Nagaland","v":6.4},"geometry":{"type":"Point","coordinates":[94.1679,26.3462]}},{"type":"Feature","properties":{"s":"Nagaland","v":6.4},"geometry":{"type":"Point","coordinates":[94.975,26.0671]}},{"type":"Feature","properties":{"s":"Nagaland","v":6.4},"geometry":{"type":"Point","coordinates":[93.9052,25.7763]}},{"type":"Feature","properties":{"s":"Nagaland","v":6.4},"geometry":{"type":"Point","coordinates":[95.2119,26.6909]}},{"type":"Feature","properties":{"s":"Nagaland","v":6.4},"geometry":{"type":"Point","coordinates":[94.7222,25.5051]}},{"type":"Feature","properties":{"s":"Nagaland","v":6.4},"geometry":{"type":"Point","coordinates":[94.7978,25.915]}},{"type":"Feature","properties":{"s":"Nagaland","v":6.4},"geometry":{"type":"Point","coordinates":[95.045,26.8492]}},{"type":"Feature","properties":{"s":"Nagaland","v":6.4},"geometry":{"type":"Point","coordinates":[94.9831,26.6285]}},{"type":"Feature","properties":{"s":"Nagaland","v":6.4},"geometry":{"type":"Point","coordinates":[95.1129,26.8106]}},{"type":"Feature","properties":{"s":"Nagaland","v":6.4},"geometry":{"type":"Point","coordinates":[95.1919,26.8103]}},{"type":"Feature","properties":{"s":"Nagaland","v":6.4},"geometry":{"type":"Point","coordinates":[94.8291,26.5871]}},{"type":"Feature","properties":{"s":"Nagaland","v":6.4},"geometry":{"type":"Point","coordinates":[94.4845,26.66]}},{"type":"Feature","properties":{"s":"Nagaland","v":6.4},"geometry":{"type":"Point","coordinates":[94.3692,25.5744]}},{"type":"Feature","properties":{"s":"Nagaland","v":6.4},"geometry":{"type":"Point","coordinates":[94.1121,26.1859]}},{"type":"Feature","properties":{"s":"Nagaland","v":6.4},"geometry":{"type":"Point","coordinates":[93.5964,25.4438]}},{"type":"Feature","properties":{"s":"Nagaland","v":6.4},"geometry":{"type":"Point","coordinates":[94.1919,26.4247]}},{"type":"Feature","properties":{"s":"Nagaland","v":6.4},"geometry":{"type":"Point","coordinates":[94.5769,26.305]}},{"type":"Feature","properties":{"s":"Nagaland","v":6.4},"geometry":{"type":"Point","coordinates":[95.0201,26.0611]}},{"type":"Feature","properties":{"s":"Nagaland","v":6.4},"geometry":{"type":"Point","coordinates":[94.2322,25.6833]}},{"type":"Feature","properties":{"s":"Nagaland","v":6.4},"geometry":{"type":"Point","coordinates":[95.1118,26.6065]}},{"type":"Feature","properties":{"s":"Nagaland","v":6.4},"geometry":{"type":"Point","coordinates":[94.3521,25.5414]}},{"type":"Feature","properties":{"s":"Nagaland","v":6.4},"geometry":{"type":"Point","coordinates":[94.8437,26.6467]}},{"type":"Feature","properties":{"s":"Nagaland","v":6.4},"geometry":{"type":"Point","coordinates":[94.3228,26.4199]}},{"type":"Feature","properties":{"s":"Nagaland","v":6.4},"geometry":{"type":"Point","coordinates":[95.1885,26.9923]}},{"type":"Feature","properties":{"s":"Nagaland","v":6.4},"geometry":{"type":"Point","coordinates":[94.873,25.7594]}},{"type":"Feature","properties":{"s":"Nagaland","v":6.4},"geometry":{"type":"Point","coordinates":[93.917,25.6628]}},{"type":"Feature","properties":{"s":"Nagaland","v":6.4},"geometry":{"type":"Point","coordinates":[94.9339,26.3054]}},{"type":"Feature","properties":{"s":"Nagaland","v":6.4},"geometry":{"type":"Point","coordinates":[94.6404,25.7721]}},{"type":"Feature","properties":{"s":"Nagaland","v":6.4},"geometry":{"type":"Point","coordinates":[94.7907,26.3459]}},{"type":"Feature","properties":{"s":"Nagaland","v":6.4},"geometry":{"type":"Point","coordinates":[94.9006,26.2911]}},{"type":"Feature","properties":{"s":"Nagaland","v":6.4},"geometry":{"type":"Point","coordinates":[94.2635,26.3244]}},{"type":"Feature","properties":{"s":"Nagaland","v":6.4},"geometry":{"type":"Point","coordinates":[93.6193,25.3671]}},{"type":"Feature","properties":{"s":"Nagaland","v":6.4},"geometry":{"type":"Point","coordinates":[94.0762,25.6418]}},{"type":"Feature","properties":{"s":"Nagaland","v":6.4},"geometry":{"type":"Point","coordinates":[93.5738,25.2971]}},{"type":"Feature","properties":{"s":"Nagaland","v":6.4},"geometry":{"type":"Point","coordinates":[94.3671,26.2584]}},{"type":"Feature","properties":{"s":"Nagaland","v":6.4},"geometry":{"type":"Point","coordinates":[94.2779,25.97]}},{"type":"Feature","properties":{"s":"Nagaland","v":6.4},"geometry":{"type":"Point","coordinates":[95.1865,26.7737]}},{"type":"Feature","properties":{"s":"Nagaland","v":6.4},"geometry":{"type":"Point","coordinates":[95.0185,25.7826]}},{"type":"Feature","properties":{"s":"Punjab","v":1.5},"geometry":{"type":"Point","coordinates":[76.7279,30.3713]}},{"type":"Feature","properties":{"s":"Punjab","v":1.5},"geometry":{"type":"Point","coordinates":[74.919,30.5704]}},{"type":"Feature","properties":{"s":"Punjab","v":1.5},"geometry":{"type":"Point","coordinates":[75.1925,31.3979]}},{"type":"Feature","properties":{"s":"Punjab","v":1.5},"geometry":{"type":"Point","coordinates":[75.9956,31.5525]}},{"type":"Feature","properties":{"s":"Punjab","v":1.5},"geometry":{"type":"Point","coordinates":[75.0339,31.2034]}},{"type":"Feature","properties":{"s":"Punjab","v":1.5},"geometry":{"type":"Point","coordinates":[74.685,31.8503]}},{"type":"Feature","properties":{"s":"Punjab","v":1.5},"geometry":{"type":"Point","coordinates":[74.7112,30.7335]}},{"type":"Feature","properties":{"s":"Punjab","v":1.5},"geometry":{"type":"Point","coordinates":[75.8285,30.8734]}},{"type":"Feature","properties":{"s":"Punjab","v":1.5},"geometry":{"type":"Point","coordinates":[75.8192,31.0718]}},{"type":"Feature","properties":{"s":"Punjab","v":1.5},"geometry":{"type":"Point","coordinates":[75.5311,31.2676]}},{"type":"Feature","properties":{"s":"Punjab","v":1.5},"geometry":{"type":"Point","coordinates":[76.4272,30.1417]}},{"type":"Feature","properties":{"s":"Punjab","v":1.5},"geometry":{"type":"Point","coordinates":[74.994,30.0328]}},{"type":"Feature","properties":{"s":"Punjab","v":1.5},"geometry":{"type":"Point","coordinates":[76.1488,30.1945]}},{"type":"Feature","properties":{"s":"Punjab","v":1.5},"geometry":{"type":"Point","coordinates":[74.333,30.1124]}},{"type":"Feature","properties":{"s":"Punjab","v":1.5},"geometry":{"type":"Point","coordinates":[75.7539,30.1398]}},{"type":"Feature","properties":{"s":"Punjab","v":1.5},"geometry":{"type":"Point","coordinates":[75.3795,31.2803]}},{"type":"Feature","properties":{"s":"Punjab","v":1.5},"geometry":{"type":"Point","coordinates":[75.3615,30.8095]}},{"type":"Feature","properties":{"s":"Punjab","v":1.5},"geometry":{"type":"Point","coordinates":[75.7551,30.6811]}},{"type":"Feature","properties":{"s":"Punjab","v":1.5},"geometry":{"type":"Point","coordinates":[74.3153,30.3636]}},{"type":"Feature","properties":{"s":"Punjab","v":1.5},"geometry":{"type":"Point","coordinates":[73.935,30.3032]}},{"type":"Feature","properties":{"s":"Punjab","v":1.5},"geometry":{"type":"Point","coordinates":[76.3117,30.5742]}},{"type":"Feature","properties":{"s":"Punjab","v":1.5},"geometry":{"type":"Point","coordinates":[75.8749,29.9988]}},{"type":"Feature","properties":{"s":"Punjab","v":1.5},"geometry":{"type":"Point","coordinates":[75.5817,31.3157]}},{"type":"Feature","properties":{"s":"Punjab","v":1.5},"geometry":{"type":"Point","coordinates":[74.0166,30.124]}},{"type":"Feature","properties":{"s":"Punjab","v":1.5},"geometry":{"type":"Point","coordinates":[75.4277,30.5092]}},{"type":"Feature","properties":{"s":"Punjab","v":1.5},"geometry":{"type":"Point","coordinates":[75.7758,31.7264]}},{"type":"Feature","properties":{"s":"Punjab","v":1.5},"geometry":{"type":"Point","coordinates":[75.0088,31.8103]}},{"type":"Feature","properties":{"s":"Rajasthan","v":3.1},"geometry":{"type":"Point","coordinates":[71.6404,26.0503]}},{"type":"Feature","properties":{"s":"Rajasthan","v":3.1},"geometry":{"type":"Point","coordinates":[74.0701,26.2375]}},{"type":"Feature","properties":{"s":"Rajasthan","v":3.1},"geometry":{"type":"Point","coordinates":[70.7093,25.9952]}},{"type":"Feature","properties":{"s":"Rajasthan","v":3.1},"geometry":{"type":"Point","coordinates":[74.4829,24.7174]}},{"type":"Feature","properties":{"s":"Rajasthan","v":3.1},"geometry":{"type":"Point","coordinates":[71.7748,25.994]}},{"type":"Feature","properties":{"s":"Rajasthan","v":3.1},"geometry":{"type":"Point","coordinates":[73.3356,27.5257]}},{"type":"Feature","properties":{"s":"Rajasthan","v":3.1},"geometry":{"type":"Point","coordinates":[74.3696,24.3009]}},{"type":"Feature","properties":{"s":"Rajasthan","v":3.1},"geometry":{"type":"Point","coordinates":[71.7227,27.3981]}},{"type":"Feature","properties":{"s":"Rajasthan","v":3.1},"geometry":{"type":"Point","coordinates":[75.338,25.3739]}},{"type":"Feature","properties":{"s":"Rajasthan","v":3.1},"geometry":{"type":"Point","coordinates":[76.6807,26.3644]}},{"type":"Feature","properties":{"s":"Rajasthan","v":3.1},"geometry":{"type":"Point","coordinates":[72.8909,24.9122]}},{"type":"Feature","properties":{"s":"Rajasthan","v":3.1},"geometry":{"type":"Point","coordinates":[72.9408,26.9314]}},{"type":"Feature","properties":{"s":"Rajasthan","v":3.1},"geometry":{"type":"Point","coordinates":[71.8674,24.9204]}},{"type":"Feature","properties":{"s":"Rajasthan","v":3.1},"geometry":{"type":"Point","coordinates":[70.7475,25.3777]}},{"type":"Feature","properties":{"s":"Rajasthan","v":3.1},"geometry":{"type":"Point","coordinates":[74.0693,26.8681]}},{"type":"Feature","properties":{"s":"Rajasthan","v":3.1},"geometry":{"type":"Point","coordinates":[71.2821,25.7827]}},{"type":"Feature","properties":{"s":"Rajasthan","v":3.1},"geometry":{"type":"Point","coordinates":[73.4975,29.9304]}},{"type":"Feature","properties":{"s":"Rajasthan","v":3.1},"geometry":{"type":"Point","coordinates":[72.9376,24.4119]}},{"type":"Feature","properties":{"s":"Rajasthan","v":3.1},"geometry":{"type":"Point","coordinates":[70.3884,27.1842]}},{"type":"Feature","properties":{"s":"Rajasthan","v":3.1},"geometry":{"type":"Point","coordinates":[71.9677,27.4181]}},{"type":"Feature","properties":{"s":"Rajasthan","v":3.1},"geometry":{"type":"Point","coordinates":[77.2147,26.78]}},{"type":"Feature","properties":{"s":"Rajasthan","v":3.1},"geometry":{"type":"Point","coordinates":[71.5336,26.2582]}},{"type":"Feature","properties":{"s":"Rajasthan","v":3.1},"geometry":{"type":"Point","coordinates":[74.1793,29.0355]}},{"type":"Feature","properties":{"s":"Rajasthan","v":3.1},"geometry":{"type":"Point","coordinates":[72.1703,28.1786]}},{"type":"Feature","properties":{"s":"Rajasthan","v":3.1},"geometry":{"type":"Point","coordinates":[70.6081,26.0974]}},{"type":"Feature","properties":{"s":"Rajasthan","v":3.1},"geometry":{"type":"Point","coordinates":[72.0012,24.9669]}},{"type":"Feature","properties":{"s":"Rajasthan","v":3.1},"geometry":{"type":"Point","coordinates":[73.2953,28.3755]}},{"type":"Feature","properties":{"s":"Rajasthan","v":3.1},"geometry":{"type":"Point","coordinates":[73.3003,25.6452]}},{"type":"Feature","properties":{"s":"Rajasthan","v":3.1},"geometry":{"type":"Point","coordinates":[76.97,27.5547]}},{"type":"Feature","properties":{"s":"Rajasthan","v":3.1},"geometry":{"type":"Point","coordinates":[71.688,27.3773]}},{"type":"Feature","properties":{"s":"Rajasthan","v":3.1},"geometry":{"type":"Point","coordinates":[72.6276,25.2655]}},{"type":"Feature","properties":{"s":"Rajasthan","v":3.1},"geometry":{"type":"Point","coordinates":[73.4967,24.3012]}},{"type":"Feature","properties":{"s":"Rajasthan","v":3.1},"geometry":{"type":"Point","coordinates":[74.1798,29.4461]}},{"type":"Feature","properties":{"s":"Rajasthan","v":3.1},"geometry":{"type":"Point","coordinates":[70.9994,26.6674]}},{"type":"Feature","properties":{"s":"Rajasthan","v":3.1},"geometry":{"type":"Point","coordinates":[73.8347,28.0396]}},{"type":"Feature","properties":{"s":"Rajasthan","v":3.1},"geometry":{"type":"Point","coordinates":[73.998,26.5561]}},{"type":"Feature","properties":{"s":"Rajasthan","v":3.1},"geometry":{"type":"Point","coordinates":[69.8868,26.725]}},{"type":"Feature","properties":{"s":"Rajasthan","v":3.1},"geometry":{"type":"Point","coordinates":[74.6526,25.5708]}},{"type":"Feature","properties":{"s":"Rajasthan","v":3.1},"geometry":{"type":"Point","coordinates":[76.4436,26.0951]}},{"type":"Feature","properties":{"s":"Rajasthan","v":3.1},"geometry":{"type":"Point","coordinates":[73.0627,25.523]}},{"type":"Feature","properties":{"s":"Rajasthan","v":3.1},"geometry":{"type":"Point","coordinates":[76.8794,26.2433]}},{"type":"Feature","properties":{"s":"Rajasthan","v":3.1},"geometry":{"type":"Point","coordinates":[72.4415,28.5871]}},{"type":"Feature","properties":{"s":"Rajasthan","v":3.1},"geometry":{"type":"Point","coordinates":[76.9696,27.529]}},{"type":"Feature","properties":{"s":"Rajasthan","v":3.1},"geometry":{"type":"Point","coordinates":[71.5331,25.3436]}},{"type":"Feature","properties":{"s":"Rajasthan","v":3.1},"geometry":{"type":"Point","coordinates":[76.1284,26.6505]}},{"type":"Feature","properties":{"s":"Rajasthan","v":3.1},"geometry":{"type":"Point","coordinates":[76.1776,26.9938]}},{"type":"Feature","properties":{"s":"Rajasthan","v":3.1},"geometry":{"type":"Point","coordinates":[72.5439,25.2658]}},{"type":"Feature","properties":{"s":"Rajasthan","v":3.1},"geometry":{"type":"Point","coordinates":[73.0866,28.1786]}},{"type":"Feature","properties":{"s":"Rajasthan","v":3.1},"geometry":{"type":"Point","coordinates":[73.9769,26.7241]}},{"type":"Feature","properties":{"s":"Rajasthan","v":3.1},"geometry":{"type":"Point","coordinates":[76.0452,27.1596]}},{"type":"Feature","properties":{"s":"Rajasthan","v":3.1},"geometry":{"type":"Point","coordinates":[74.9084,27.7447]}},{"type":"Feature","properties":{"s":"Rajasthan","v":3.1},"geometry":{"type":"Point","coordinates":[74.2121,26.0728]}},{"type":"Feature","properties":{"s":"Rajasthan","v":3.1},"geometry":{"type":"Point","coordinates":[75.0016,27.0223]}},{"type":"Feature","properties":{"s":"Rajasthan","v":3.1},"geometry":{"type":"Point","coordinates":[70.6721,27.2889]}},{"type":"Feature","properties":{"s":"Rajasthan","v":3.1},"geometry":{"type":"Point","coordinates":[73.3606,26.9267]}},{"type":"Feature","properties":{"s":"Rajasthan","v":3.1},"geometry":{"type":"Point","coordinates":[74.5102,26.8293]}},{"type":"Feature","properties":{"s":"Sikkim","v":18.2},"geometry":{"type":"Point","coordinates":[88.6395,27.3171]}},{"type":"Feature","properties":{"s":"Sikkim","v":18.2},"geometry":{"type":"Point","coordinates":[88.6892,28.0513]}},{"type":"Feature","properties":{"s":"Sikkim","v":18.2},"geometry":{"type":"Point","coordinates":[88.5418,27.8393]}},{"type":"Feature","properties":{"s":"Sikkim","v":18.2},"geometry":{"type":"Point","coordinates":[88.4288,27.6007]}},{"type":"Feature","properties":{"s":"Sikkim","v":18.2},"geometry":{"type":"Point","coordinates":[88.1349,27.3917]}},{"type":"Feature","properties":{"s":"Sikkim","v":18.2},"geometry":{"type":"Point","coordinates":[88.5041,27.5858]}},{"type":"Feature","properties":{"s":"Sikkim","v":18.2},"geometry":{"type":"Point","coordinates":[88.4346,27.5303]}},{"type":"Feature","properties":{"s":"Sikkim","v":18.2},"geometry":{"type":"Point","coordinates":[88.0623,27.4845]}},{"type":"Feature","properties":{"s":"Sikkim","v":18.2},"geometry":{"type":"Point","coordinates":[88.5765,27.2724]}},{"type":"Feature","properties":{"s":"Sikkim","v":18.2},"geometry":{"type":"Point","coordinates":[88.5416,27.2703]}},{"type":"Feature","properties":{"s":"Sikkim","v":18.2},"geometry":{"type":"Point","coordinates":[88.236,27.1437]}},{"type":"Feature","properties":{"s":"Sikkim","v":18.2},"geometry":{"type":"Point","coordinates":[88.7443,27.8704]}},{"type":"Feature","properties":{"s":"Sikkim","v":18.2},"geometry":{"type":"Point","coordinates":[88.4593,27.7765]}},{"type":"Feature","properties":{"s":"Sikkim","v":18.2},"geometry":{"type":"Point","coordinates":[88.7307,27.6513]}},{"type":"Feature","properties":{"s":"Sikkim","v":18.2},"geometry":{"type":"Point","coordinates":[88.8016,27.288]}},{"type":"Feature","properties":{"s":"Sikkim","v":18.2},"geometry":{"type":"Point","coordinates":[88.1175,27.2878]}},{"type":"Feature","properties":{"s":"Sikkim","v":18.2},"geometry":{"type":"Point","coordinates":[88.7383,27.4275]}},{"type":"Feature","properties":{"s":"Sikkim","v":18.2},"geometry":{"type":"Point","coordinates":[88.297,27.5127]}},{"type":"Feature","properties":{"s":"Sikkim","v":18.2},"geometry":{"type":"Point","coordinates":[88.4009,27.3874]}},{"type":"Feature","properties":{"s":"Sikkim","v":18.2},"geometry":{"type":"Point","coordinates":[88.3431,27.3749]}},{"type":"Feature","properties":{"s":"Sikkim","v":18.2},"geometry":{"type":"Point","coordinates":[88.3674,27.1246]}},{"type":"Feature","properties":{"s":"Sikkim","v":18.2},"geometry":{"type":"Point","coordinates":[88.3531,27.3665]}},{"type":"Feature","properties":{"s":"Sikkim","v":18.2},"geometry":{"type":"Point","coordinates":[88.1803,27.4731]}},{"type":"Feature","properties":{"s":"Sikkim","v":18.2},"geometry":{"type":"Point","coordinates":[88.5732,27.664]}},{"type":"Feature","properties":{"s":"Sikkim","v":18.2},"geometry":{"type":"Point","coordinates":[88.3661,27.7684]}},{"type":"Feature","properties":{"s":"Sikkim","v":18.2},"geometry":{"type":"Point","coordinates":[88.7371,27.61]}},{"type":"Feature","properties":{"s":"Sikkim","v":18.2},"geometry":{"type":"Point","coordinates":[88.6844,27.8769]}},{"type":"Feature","properties":{"s":"Sikkim","v":18.2},"geometry":{"type":"Point","coordinates":[88.2784,27.2777]}},{"type":"Feature","properties":{"s":"Sikkim","v":18.2},"geometry":{"type":"Point","coordinates":[88.5516,27.1905]}},{"type":"Feature","properties":{"s":"Sikkim","v":18.2},"geometry":{"type":"Point","coordinates":[88.2745,27.9547]}},{"type":"Feature","properties":{"s":"Sikkim","v":18.2},"geometry":{"type":"Point","coordinates":[88.2073,27.8874]}},{"type":"Feature","properties":{"s":"Sikkim","v":18.2},"geometry":{"type":"Point","coordinates":[88.4456,27.7765]}},{"type":"Feature","properties":{"s":"Sikkim","v":18.2},"geometry":{"type":"Point","coordinates":[88.7706,27.9636]}},{"type":"Feature","properties":{"s":"Sikkim","v":18.2},"geometry":{"type":"Point","coordinates":[88.7876,27.3198]}},{"type":"Feature","properties":{"s":"Sikkim","v":18.2},"geometry":{"type":"Point","coordinates":[88.4523,27.2546]}},{"type":"Feature","properties":{"s":"Sikkim","v":18.2},"geometry":{"type":"Point","coordinates":[88.2024,27.3555]}},{"type":"Feature","properties":{"s":"Sikkim","v":18.2},"geometry":{"type":"Point","coordinates":[88.4523,27.5555]}},{"type":"Feature","properties":{"s":"Sikkim","v":18.2},"geometry":{"type":"Point","coordinates":[88.5221,27.3271]}},{"type":"Feature","properties":{"s":"Sikkim","v":18.2},"geometry":{"type":"Point","coordinates":[88.3585,27.1335]}},{"type":"Feature","properties":{"s":"Sikkim","v":18.2},"geometry":{"type":"Point","coordinates":[88.7274,27.7854]}},{"type":"Feature","properties":{"s":"Sikkim","v":18.2},"geometry":{"type":"Point","coordinates":[88.5857,27.3711]}},{"type":"Feature","properties":{"s":"Sikkim","v":18.2},"geometry":{"type":"Point","coordinates":[88.3698,27.1053]}},{"type":"Feature","properties":{"s":"Sikkim","v":18.2},"geometry":{"type":"Point","coordinates":[88.2828,27.5961]}},{"type":"Feature","properties":{"s":"Sikkim","v":18.2},"geometry":{"type":"Point","coordinates":[88.2137,27.7943]}},{"type":"Feature","properties":{"s":"Sikkim","v":18.2},"geometry":{"type":"Point","coordinates":[88.3574,27.3985]}},{"type":"Feature","properties":{"s":"Sikkim","v":18.2},"geometry":{"type":"Point","coordinates":[88.498,27.7708]}},{"type":"Feature","properties":{"s":"Sikkim","v":18.2},"geometry":{"type":"Point","coordinates":[88.6996,27.6504]}},{"type":"Feature","properties":{"s":"Sikkim","v":18.2},"geometry":{"type":"Point","coordinates":[88.6206,27.1894]}},{"type":"Feature","properties":{"s":"Sikkim","v":18.2},"geometry":{"type":"Point","coordinates":[88.5334,27.7621]}},{"type":"Feature","properties":{"s":"Sikkim","v":18.2},"geometry":{"type":"Point","coordinates":[88.6129,27.5525]}},{"type":"Feature","properties":{"s":"Sikkim","v":18.2},"geometry":{"type":"Point","coordinates":[88.4351,27.2502]}},{"type":"Feature","properties":{"s":"Sikkim","v":18.2},"geometry":{"type":"Point","coordinates":[88.4522,27.5834]}},{"type":"Feature","properties":{"s":"Sikkim","v":18.2},"geometry":{"type":"Point","coordinates":[88.6411,27.7513]}},{"type":"Feature","properties":{"s":"Sikkim","v":18.2},"geometry":{"type":"Point","coordinates":[88.6388,27.213]}},{"type":"Feature","properties":{"s":"Sikkim","v":18.2},"geometry":{"type":"Point","coordinates":[88.3813,27.2552]}},{"type":"Feature","properties":{"s":"Sikkim","v":18.2},"geometry":{"type":"Point","coordinates":[88.2673,27.4752]}},{"type":"Feature","properties":{"s":"Sikkim","v":18.2},"geometry":{"type":"Point","coordinates":[88.4982,27.6576]}},{"type":"Feature","properties":{"s":"Sikkim","v":18.2},"geometry":{"type":"Point","coordinates":[88.54,27.77]}},{"type":"Feature","properties":{"s":"Sikkim","v":18.2},"geometry":{"type":"Point","coordinates":[88.6161,27.7201]}},{"type":"Feature","properties":{"s":"Sikkim","v":18.2},"geometry":{"type":"Point","coordinates":[88.4578,27.2967]}},{"type":"Feature","properties":{"s":"Sikkim","v":18.2},"geometry":{"type":"Point","coordinates":[88.0713,27.4326]}},{"type":"Feature","properties":{"s":"Sikkim","v":18.2},"geometry":{"type":"Point","coordinates":[88.6169,27.7292]}},{"type":"Feature","properties":{"s":"Sikkim","v":18.2},"geometry":{"type":"Point","coordinates":[88.7382,27.6169]}},{"type":"Feature","properties":{"s":"Sikkim","v":18.2},"geometry":{"type":"Point","coordinates":[88.4377,27.4553]}},{"type":"Feature","properties":{"s":"Sikkim","v":18.2},"geometry":{"type":"Point","coordinates":[88.2274,27.525]}},{"type":"Feature","properties":{"s":"Sikkim","v":18.2},"geometry":{"type":"Point","coordinates":[88.1283,27.9125]}},{"type":"Feature","properties":{"s":"Sikkim","v":18.2},"geometry":{"type":"Point","coordinates":[88.5142,27.5571]}},{"type":"Feature","properties":{"s":"Sikkim","v":18.2},"geometry":{"type":"Point","coordinates":[88.805,27.6161]}},{"type":"Feature","properties":{"s":"Sikkim","v":18.2},"geometry":{"type":"Point","coordinates":[88.237,27.5054]}},{"type":"Feature","properties":{"s":"Sikkim","v":18.2},"geometry":{"type":"Point","coordinates":[88.1585,27.3315]}},{"type":"Feature","properties":{"s":"Sikkim","v":18.2},"geometry":{"type":"Point","coordinates":[88.1836,27.6432]}},{"type":"Feature","properties":{"s":"Sikkim","v":18.2},"geometry":{"type":"Point","coordinates":[88.6825,27.6156]}},{"type":"Feature","properties":{"s":"Sikkim","v":18.2},"geometry":{"type":"Point","coordinates":[88.1456,27.5954]}},{"type":"Feature","properties":{"s":"Sikkim","v":18.2},"geometry":{"type":"Point","coordinates":[88.3791,27.5141]}},{"type":"Feature","properties":{"s":"Sikkim","v":18.2},"geometry":{"type":"Point","coordinates":[88.1918,27.6949]}},{"type":"Feature","properties":{"s":"Sikkim","v":18.2},"geometry":{"type":"Point","coordinates":[88.7352,27.2077]}},{"type":"Feature","properties":{"s":"Sikkim","v":18.2},"geometry":{"type":"Point","coordinates":[88.7387,27.2063]}},{"type":"Feature","properties":{"s":"Sikkim","v":18.2},"geometry":{"type":"Point","coordinates":[88.2948,27.605]}},{"type":"Feature","properties":{"s":"Sikkim","v":18.2},"geometry":{"type":"Point","coordinates":[88.5177,27.496]}},{"type":"Feature","properties":{"s":"Sikkim","v":18.2},"geometry":{"type":"Point","coordinates":[88.6445,27.3395]}},{"type":"Feature","properties":{"s":"Sikkim","v":18.2},"geometry":{"type":"Point","coordinates":[88.3262,27.7545]}},{"type":"Feature","properties":{"s":"Sikkim","v":18.2},"geometry":{"type":"Point","coordinates":[88.2969,27.9292]}},{"type":"Feature","properties":{"s":"Sikkim","v":18.2},"geometry":{"type":"Point","coordinates":[88.5369,27.8769]}},{"type":"Feature","properties":{"s":"Sikkim","v":18.2},"geometry":{"type":"Point","coordinates":[88.7866,27.6064]}},{"type":"Feature","properties":{"s":"Sikkim","v":18.2},"geometry":{"type":"Point","coordinates":[88.6036,27.8825]}},{"type":"Feature","properties":{"s":"Sikkim","v":18.2},"geometry":{"type":"Point","coordinates":[88.779,27.5047]}},{"type":"Feature","properties":{"s":"Sikkim","v":18.2},"geometry":{"type":"Point","coordinates":[88.3974,27.123]}},{"type":"Feature","properties":{"s":"Sikkim","v":18.2},"geometry":{"type":"Point","coordinates":[88.3279,27.2343]}},{"type":"Feature","properties":{"s":"Sikkim","v":18.2},"geometry":{"type":"Point","coordinates":[88.3405,27.4338]}},{"type":"Feature","properties":{"s":"Sikkim","v":18.2},"geometry":{"type":"Point","coordinates":[88.6144,27.604]}},{"type":"Feature","properties":{"s":"Sikkim","v":18.2},"geometry":{"type":"Point","coordinates":[88.7436,27.8662]}},{"type":"Feature","properties":{"s":"Sikkim","v":18.2},"geometry":{"type":"Point","coordinates":[88.5377,27.2361]}},{"type":"Feature","properties":{"s":"Sikkim","v":18.2},"geometry":{"type":"Point","coordinates":[88.6794,28.0488]}},{"type":"Feature","properties":{"s":"Sikkim","v":18.2},"geometry":{"type":"Point","coordinates":[88.7594,27.6497]}},{"type":"Feature","properties":{"s":"Sikkim","v":18.2},"geometry":{"type":"Point","coordinates":[88.7455,27.7781]}},{"type":"Feature","properties":{"s":"Sikkim","v":18.2},"geometry":{"type":"Point","coordinates":[88.3351,27.5087]}},{"type":"Feature","properties":{"s":"Sikkim","v":18.2},"geometry":{"type":"Point","coordinates":[88.7611,27.5229]}},{"type":"Feature","properties":{"s":"Sikkim","v":18.2},"geometry":{"type":"Point","coordinates":[88.3498,27.3775]}},{"type":"Feature","properties":{"s":"Sikkim","v":18.2},"geometry":{"type":"Point","coordinates":[88.5101,27.755]}},{"type":"Feature","properties":{"s":"Sikkim","v":18.2},"geometry":{"type":"Point","coordinates":[88.137,27.1775]}},{"type":"Feature","properties":{"s":"Sikkim","v":18.2},"geometry":{"type":"Point","coordinates":[88.4157,27.7]}},{"type":"Feature","properties":{"s":"Sikkim","v":18.2},"geometry":{"type":"Point","coordinates":[88.0444,27.2661]}},{"type":"Feature","properties":{"s":"Sikkim","v":18.2},"geometry":{"type":"Point","coordinates":[88.7516,27.5709]}},{"type":"Feature","properties":{"s":"Sikkim","v":18.2},"geometry":{"type":"Point","coordinates":[88.3535,27.5944]}},{"type":"Feature","properties":{"s":"Sikkim","v":18.2},"geometry":{"type":"Point","coordinates":[88.4117,27.2724]}},{"type":"Feature","properties":{"s":"Sikkim","v":18.2},"geometry":{"type":"Point","coordinates":[88.3748,27.9087]}},{"type":"Feature","properties":{"s":"Sikkim","v":18.2},"geometry":{"type":"Point","coordinates":[88.2496,27.4716]}},{"type":"Feature","properties":{"s":"Sikkim","v":18.2},"geometry":{"type":"Point","coordinates":[88.3611,27.4405]}},{"type":"Feature","properties":{"s":"Sikkim","v":18.2},"geometry":{"type":"Point","coordinates":[88.8378,27.3168]}},{"type":"Feature","properties":{"s":"Sikkim","v":18.2},"geometry":{"type":"Point","coordinates":[88.6769,28.0804]}},{"type":"Feature","properties":{"s":"Sikkim","v":18.2},"geometry":{"type":"Point","coordinates":[88.7323,27.4543]}},{"type":"Feature","properties":{"s":"Sikkim","v":18.2},"geometry":{"type":"Point","coordinates":[88.5848,27.7165]}},{"type":"Feature","properties":{"s":"Sikkim","v":18.2},"geometry":{"type":"Point","coordinates":[88.3021,27.3174]}},{"type":"Feature","properties":{"s":"Sikkim","v":18.2},"geometry":{"type":"Point","coordinates":[88.2227,27.3007]}},{"type":"Feature","properties":{"s":"Sikkim","v":18.2},"geometry":{"type":"Point","coordinates":[88.2001,27.473]}},{"type":"Feature","properties":{"s":"Sikkim","v":18.2},"geometry":{"type":"Point","coordinates":[88.475,27.6741]}},{"type":"Feature","properties":{"s":"Sikkim","v":18.2},"geometry":{"type":"Point","coordinates":[88.5839,28.0404]}},{"type":"Feature","properties":{"s":"Sikkim","v":18.2},"geometry":{"type":"Point","coordinates":[88.8458,27.9018]}},{"type":"Feature","properties":{"s":"Sikkim","v":18.2},"geometry":{"type":"Point","coordinates":[88.5436,27.9168]}},{"type":"Feature","properties":{"s":"Sikkim","v":18.2},"geometry":{"type":"Point","coordinates":[88.6492,27.7944]}},{"type":"Feature","properties":{"s":"Sikkim","v":18.2},"geometry":{"type":"Point","coordinates":[88.0809,27.3818]}},{"type":"Feature","properties":{"s":"Sikkim","v":18.2},"geometry":{"type":"Point","coordinates":[88.295,27.6281]}},{"type":"Feature","properties":{"s":"Sikkim","v":18.2},"geometry":{"type":"Point","coordinates":[88.2766,27.8225]}},{"type":"Feature","properties":{"s":"Sikkim","v":18.2},"geometry":{"type":"Point","coordinates":[88.8369,27.9908]}},{"type":"Feature","properties":{"s":"Sikkim","v":18.2},"geometry":{"type":"Point","coordinates":[88.2548,27.9538]}},{"type":"Feature","properties":{"s":"Sikkim","v":18.2},"geometry":{"type":"Point","coordinates":[88.8693,27.3105]}},{"type":"Feature","properties":{"s":"Sikkim","v":18.2},"geometry":{"type":"Point","coordinates":[88.37,27.9585]}},{"type":"Feature","properties":{"s":"Sikkim","v":18.2},"geometry":{"type":"Point","coordinates":[88.7233,27.5062]}},{"type":"Feature","properties":{"s":"Sikkim","v":18.2},"geometry":{"type":"Point","coordinates":[88.5664,27.7692]}},{"type":"Feature","properties":{"s":"Sikkim","v":18.2},"geometry":{"type":"Point","coordinates":[88.2482,27.4841]}},{"type":"Feature","properties":{"s":"Sikkim","v":18.2},"geometry":{"type":"Point","coordinates":[88.7514,27.2964]}},{"type":"Feature","properties":{"s":"Sikkim","v":18.2},"geometry":{"type":"Point","coordinates":[88.1316,27.461]}},{"type":"Feature","properties":{"s":"Sikkim","v":18.2},"geometry":{"type":"Point","coordinates":[88.7161,27.9088]}},{"type":"Feature","properties":{"s":"Sikkim","v":18.2},"geometry":{"type":"Point","coordinates":[88.5985,27.8695]}},{"type":"Feature","properties":{"s":"Sikkim","v":18.2},"geometry":{"type":"Point","coordinates":[88.5098,27.3986]}},{"type":"Feature","properties":{"s":"Sikkim","v":18.2},"geometry":{"type":"Point","coordinates":[88.5799,27.3824]}},{"type":"Feature","properties":{"s":"Sikkim","v":18.2},"geometry":{"type":"Point","coordinates":[88.7735,27.4727]}},{"type":"Feature","properties":{"s":"Sikkim","v":18.2},"geometry":{"type":"Point","coordinates":[88.664,28.0113]}},{"type":"Feature","properties":{"s":"Sikkim","v":18.2},"geometry":{"type":"Point","coordinates":[88.7407,28.0706]}},{"type":"Feature","properties":{"s":"Sikkim","v":18.2},"geometry":{"type":"Point","coordinates":[88.1569,27.9164]}},{"type":"Feature","properties":{"s":"Sikkim","v":18.2},"geometry":{"type":"Point","coordinates":[88.3019,27.2398]}},{"type":"Feature","properties":{"s":"Sikkim","v":18.2},"geometry":{"type":"Point","coordinates":[88.1532,27.8993]}},{"type":"Feature","properties":{"s":"Sikkim","v":18.2},"geometry":{"type":"Point","coordinates":[88.6172,27.2761]}},{"type":"Feature","properties":{"s":"Sikkim","v":18.2},"geometry":{"type":"Point","coordinates":[88.2827,27.9196]}},{"type":"Feature","properties":{"s":"Sikkim","v":18.2},"geometry":{"type":"Point","coordinates":[88.4338,27.6223]}},{"type":"Feature","properties":{"s":"Sikkim","v":18.2},"geometry":{"type":"Point","coordinates":[88.5106,27.5801]}},{"type":"Feature","properties":{"s":"Sikkim","v":18.2},"geometry":{"type":"Point","coordinates":[88.3831,27.1685]}},{"type":"Feature","properties":{"s":"Sikkim","v":18.2},"geometry":{"type":"Point","coordinates":[88.3712,27.3214]}},{"type":"Feature","properties":{"s":"Sikkim","v":18.2},"geometry":{"type":"Point","coordinates":[88.4245,27.8664]}},{"type":"Feature","properties":{"s":"Sikkim","v":18.2},"geometry":{"type":"Point","coordinates":[88.4691,27.7491]}},{"type":"Feature","properties":{"s":"Sikkim","v":18.2},"geometry":{"type":"Point","coordinates":[88.2792,27.3062]}},{"type":"Feature","properties":{"s":"Sikkim","v":18.2},"geometry":{"type":"Point","coordinates":[88.0229,27.2293]}},{"type":"Feature","properties":{"s":"Sikkim","v":18.2},"geometry":{"type":"Point","coordinates":[88.6838,27.2635]}},{"type":"Feature","properties":{"s":"Sikkim","v":18.2},"geometry":{"type":"Point","coordinates":[88.4248,27.2791]}},{"type":"Feature","properties":{"s":"Sikkim","v":18.2},"geometry":{"type":"Point","coordinates":[88.3218,27.3903]}},{"type":"Feature","properties":{"s":"Sikkim","v":18.2},"geometry":{"type":"Point","coordinates":[88.5845,27.5823]}},{"type":"Feature","properties":{"s":"Sikkim","v":18.2},"geometry":{"type":"Point","coordinates":[88.4555,27.8572]}},{"type":"Feature","properties":{"s":"Sikkim","v":18.2},"geometry":{"type":"Point","coordinates":[88.8303,27.9392]}},{"type":"Feature","properties":{"s":"Sikkim","v":18.2},"geometry":{"type":"Point","coordinates":[88.3497,27.9013]}},{"type":"Feature","properties":{"s":"Sikkim","v":18.2},"geometry":{"type":"Point","coordinates":[88.5147,27.5582]}},{"type":"Feature","properties":{"s":"Sikkim","v":18.2},"geometry":{"type":"Point","coordinates":[88.0901,27.1772]}},{"type":"Feature","properties":{"s":"Sikkim","v":18.2},"geometry":{"type":"Point","coordinates":[88.3518,27.7269]}},{"type":"Feature","properties":{"s":"Sikkim","v":18.2},"geometry":{"type":"Point","coordinates":[88.4149,27.9492]}},{"type":"Feature","properties":{"s":"Sikkim","v":18.2},"geometry":{"type":"Point","coordinates":[88.2539,27.1716]}},{"type":"Feature","properties":{"s":"Sikkim","v":18.2},"geometry":{"type":"Point","coordinates":[88.833,27.8969]}},{"type":"Feature","properties":{"s":"Sikkim","v":18.2},"geometry":{"type":"Point","coordinates":[88.3877,27.97]}},{"type":"Feature","properties":{"s":"Sikkim","v":18.2},"geometry":{"type":"Point","coordinates":[88.7836,27.2199]}},{"type":"Feature","properties":{"s":"Sikkim","v":18.2},"geometry":{"type":"Point","coordinates":[88.2249,27.4522]}},{"type":"Feature","properties":{"s":"Sikkim","v":18.2},"geometry":{"type":"Point","coordinates":[88.1716,27.6877]}},{"type":"Feature","properties":{"s":"Sikkim","v":18.2},"geometry":{"type":"Point","coordinates":[88.8391,27.7866]}},{"type":"Feature","properties":{"s":"Sikkim","v":18.2},"geometry":{"type":"Point","coordinates":[88.5973,27.9626]}},{"type":"Feature","properties":{"s":"Sikkim","v":18.2},"geometry":{"type":"Point","coordinates":[88.0832,27.373]}},{"type":"Feature","properties":{"s":"Sikkim","v":18.2},"geometry":{"type":"Point","coordinates":[88.0756,27.3292]}},{"type":"Feature","properties":{"s":"Sikkim","v":18.2},"geometry":{"type":"Point","coordinates":[88.7762,27.3781]}},{"type":"Feature","properties":{"s":"Sikkim","v":18.2},"geometry":{"type":"Point","coordinates":[88.7429,27.2088]}},{"type":"Feature","properties":{"s":"Sikkim","v":18.2},"geometry":{"type":"Point","coordinates":[88.5282,27.5624]}},{"type":"Feature","properties":{"s":"Sikkim","v":18.2},"geometry":{"type":"Point","coordinates":[88.2626,27.4648]}},{"type":"Feature","properties":{"s":"Sikkim","v":18.2},"geometry":{"type":"Point","coordinates":[88.6971,28.0605]}},{"type":"Feature","properties":{"s":"Sikkim","v":18.2},"geometry":{"type":"Point","coordinates":[88.355,27.5409]}},{"type":"Feature","properties":{"s":"Sikkim","v":18.2},"geometry":{"type":"Point","coordinates":[88.4377,27.8949]}},{"type":"Feature","properties":{"s":"Sikkim","v":18.2},"geometry":{"type":"Point","coordinates":[88.8003,27.9503]}},{"type":"Feature","properties":{"s":"Sikkim","v":18.2},"geometry":{"type":"Point","coordinates":[88.2862,27.6698]}},{"type":"Feature","properties":{"s":"Sikkim","v":18.2},"geometry":{"type":"Point","coordinates":[88.8595,27.8866]}},{"type":"Feature","properties":{"s":"Sikkim","v":18.2},"geometry":{"type":"Point","coordinates":[88.6637,27.8102]}},{"type":"Feature","properties":{"s":"Sikkim","v":18.2},"geometry":{"type":"Point","coordinates":[88.2972,27.3242]}},{"type":"Feature","properties":{"s":"Sikkim","v":18.2},"geometry":{"type":"Point","coordinates":[88.2432,27.4335]}},{"type":"Feature","properties":{"s":"Sikkim","v":18.2},"geometry":{"type":"Point","coordinates":[88.4489,27.6393]}},{"type":"Feature","properties":{"s":"Sikkim","v":18.2},"geometry":{"type":"Point","coordinates":[88.5229,27.513]}},{"type":"Feature","properties":{"s":"Sikkim","v":18.2},"geometry":{"type":"Point","coordinates":[88.6514,27.2657]}},{"type":"Feature","properties":{"s":"Sikkim","v":18.2},"geometry":{"type":"Point","coordinates":[88.3265,27.8905]}},{"type":"Feature","properties":{"s":"Sikkim","v":18.2},"geometry":{"type":"Point","coordinates":[88.1581,27.6262]}},{"type":"Feature","properties":{"s":"Sikkim","v":18.2},"geometry":{"type":"Point","coordinates":[88.1854,27.7442]}},{"type":"Feature","properties":{"s":"Sikkim","v":18.2},"geometry":{"type":"Point","coordinates":[88.8319,27.7763]}},{"type":"Feature","properties":{"s":"Sikkim","v":18.2},"geometry":{"type":"Point","coordinates":[88.117,27.2234]}},{"type":"Feature","properties":{"s":"Sikkim","v":18.2},"geometry":{"type":"Point","coordinates":[88.6331,27.4762]}},{"type":"Feature","properties":{"s":"Sikkim","v":18.2},"geometry":{"type":"Point","coordinates":[88.7558,27.2183]}},{"type":"Feature","properties":{"s":"Sikkim","v":18.2},"geometry":{"type":"Point","coordinates":[88.2599,27.6858]}},{"type":"Feature","properties":{"s":"Sikkim","v":18.2},"geometry":{"type":"Point","coordinates":[88.6112,27.5686]}},{"type":"Feature","properties":{"s":"Sikkim","v":18.2},"geometry":{"type":"Point","coordinates":[88.1839,27.1937]}},{"type":"Feature","properties":{"s":"Sikkim","v":18.2},"geometry":{"type":"Point","coordinates":[88.7784,27.4302]}},{"type":"Feature","properties":{"s":"Sikkim","v":18.2},"geometry":{"type":"Point","coordinates":[88.1492,27.4115]}},{"type":"Feature","properties":{"s":"Sikkim","v":18.2},"geometry":{"type":"Point","coordinates":[88.2449,27.5102]}},{"type":"Feature","properties":{"s":"Sikkim","v":18.2},"geometry":{"type":"Point","coordinates":[88.8173,27.8696]}},{"type":"Feature","properties":{"s":"Sikkim","v":18.2},"geometry":{"type":"Point","coordinates":[88.5446,27.2681]}},{"type":"Feature","properties":{"s":"Sikkim","v":18.2},"geometry":{"type":"Point","coordinates":[88.2416,27.451]}},{"type":"Feature","properties":{"s":"Sikkim","v":18.2},"geometry":{"type":"Point","coordinates":[88.5169,27.8807]}},{"type":"Feature","properties":{"s":"Sikkim","v":18.2},"geometry":{"type":"Point","coordinates":[88.4744,27.392]}},{"type":"Feature","properties":{"s":"Sikkim","v":18.2},"geometry":{"type":"Point","coordinates":[88.4224,27.7943]}},{"type":"Feature","properties":{"s":"Sikkim","v":18.2},"geometry":{"type":"Point","coordinates":[88.6368,27.8033]}},{"type":"Feature","properties":{"s":"Sikkim","v":18.2},"geometry":{"type":"Point","coordinates":[88.5646,27.8058]}},{"type":"Feature","properties":{"s":"Sikkim","v":18.2},"geometry":{"type":"Point","coordinates":[88.6063,27.2073]}},{"type":"Feature","properties":{"s":"Sikkim","v":18.2},"geometry":{"type":"Point","coordinates":[88.5043,27.1514]}},{"type":"Feature","properties":{"s":"Sikkim","v":18.2},"geometry":{"type":"Point","coordinates":[88.8426,27.7877]}},{"type":"Feature","properties":{"s":"Sikkim","v":18.2},"geometry":{"type":"Point","coordinates":[88.5891,28.0723]}},{"type":"Feature","properties":{"s":"Sikkim","v":18.2},"geometry":{"type":"Point","coordinates":[88.3748,27.4728]}},{"type":"Feature","properties":{"s":"Sikkim","v":18.2},"geometry":{"type":"Point","coordinates":[88.0938,27.3006]}},{"type":"Feature","properties":{"s":"Sikkim","v":18.2},"geometry":{"type":"Point","coordinates":[88.1943,27.5239]}},{"type":"Feature","properties":{"s":"Sikkim","v":18.2},"geometry":{"type":"Point","coordinates":[88.2135,27.506]}},{"type":"Feature","properties":{"s":"Sikkim","v":18.2},"geometry":{"type":"Point","coordinates":[88.5776,27.3108]}},{"type":"Feature","properties":{"s":"Sikkim","v":18.2},"geometry":{"type":"Point","coordinates":[88.565,28.0167]}},{"type":"Feature","properties":{"s":"Sikkim","v":18.2},"geometry":{"type":"Point","coordinates":[88.1959,27.2812]}},{"type":"Feature","properties":{"s":"Sikkim","v":18.2},"geometry":{"type":"Point","coordinates":[88.716,27.6807]}},{"type":"Feature","properties":{"s":"Sikkim","v":18.2},"geometry":{"type":"Point","coordinates":[88.112,27.3218]}},{"type":"Feature","properties":{"s":"Sikkim","v":18.2},"geometry":{"type":"Point","coordinates":[88.7654,27.215]}},{"type":"Feature","properties":{"s":"Sikkim","v":18.2},"geometry":{"type":"Point","coordinates":[88.2136,27.2256]}},{"type":"Feature","properties":{"s":"Sikkim","v":18.2},"geometry":{"type":"Point","coordinates":[88.2223,27.6767]}},{"type":"Feature","properties":{"s":"Sikkim","v":18.2},"geometry":{"type":"Point","coordinates":[88.2395,27.9022]}},{"type":"Feature","properties":{"s":"Sikkim","v":18.2},"geometry":{"type":"Point","coordinates":[88.4555,27.7116]}},{"type":"Feature","properties":{"s":"Sikkim","v":18.2},"geometry":{"type":"Point","coordinates":[88.7504,27.2095]}},{"type":"Feature","properties":{"s":"Sikkim","v":18.2},"geometry":{"type":"Point","coordinates":[88.1097,27.213]}},{"type":"Feature","properties":{"s":"Sikkim","v":18.2},"geometry":{"type":"Point","coordinates":[88.5093,27.3663]}},{"type":"Feature","properties":{"s":"Sikkim","v":18.2},"geometry":{"type":"Point","coordinates":[88.5605,27.2037]}},{"type":"Feature","properties":{"s":"Sikkim","v":18.2},"geometry":{"type":"Point","coordinates":[88.3073,27.8656]}},{"type":"Feature","properties":{"s":"Sikkim","v":18.2},"geometry":{"type":"Point","coordinates":[88.3515,27.2357]}},{"type":"Feature","properties":{"s":"Sikkim","v":18.2},"geometry":{"type":"Point","coordinates":[88.5497,27.6024]}},{"type":"Feature","properties":{"s":"Sikkim","v":18.2},"geometry":{"type":"Point","coordinates":[88.6102,27.2129]}},{"type":"Feature","properties":{"s":"Sikkim","v":18.2},"geometry":{"type":"Point","coordinates":[88.5733,27.8729]}},{"type":"Feature","properties":{"s":"Sikkim","v":18.2},"geometry":{"type":"Point","coordinates":[88.3384,27.1241]}},{"type":"Feature","properties":{"s":"Sikkim","v":18.2},"geometry":{"type":"Point","coordinates":[88.5541,27.9726]}},{"type":"Feature","properties":{"s":"Sikkim","v":18.2},"geometry":{"type":"Point","coordinates":[88.1149,27.2648]}},{"type":"Feature","properties":{"s":"Sikkim","v":18.2},"geometry":{"type":"Point","coordinates":[88.2194,27.2951]}},{"type":"Feature","properties":{"s":"Sikkim","v":18.2},"geometry":{"type":"Point","coordinates":[88.3347,27.443]}},{"type":"Feature","properties":{"s":"Sikkim","v":18.2},"geometry":{"type":"Point","coordinates":[88.1807,27.9091]}},{"type":"Feature","properties":{"s":"Sikkim","v":18.2},"geometry":{"type":"Point","coordinates":[88.785,27.8563]}},{"type":"Feature","properties":{"s":"Sikkim","v":18.2},"geometry":{"type":"Point","coordinates":[88.7043,27.7519]}},{"type":"Feature","properties":{"s":"Sikkim","v":18.2},"geometry":{"type":"Point","coordinates":[88.5504,27.5673]}},{"type":"Feature","properties":{"s":"Sikkim","v":18.2},"geometry":{"type":"Point","coordinates":[88.5669,27.421]}},{"type":"Feature","properties":{"s":"Sikkim","v":18.2},"geometry":{"type":"Point","coordinates":[88.1398,27.6284]}},{"type":"Feature","properties":{"s":"Sikkim","v":18.2},"geometry":{"type":"Point","coordinates":[88.7246,27.4702]}},{"type":"Feature","properties":{"s":"Sikkim","v":18.2},"geometry":{"type":"Point","coordinates":[88.4025,27.845]}},{"type":"Feature","properties":{"s":"Sikkim","v":18.2},"geometry":{"type":"Point","coordinates":[88.586,27.9494]}},{"type":"Feature","properties":{"s":"Sikkim","v":18.2},"geometry":{"type":"Point","coordinates":[88.8805,27.2974]}},{"type":"Feature","properties":{"s":"Sikkim","v":18.2},"geometry":{"type":"Point","coordinates":[88.4836,27.3936]}},{"type":"Feature","properties":{"s":"Sikkim","v":18.2},"geometry":{"type":"Point","coordinates":[88.6165,27.9096]}},{"type":"Feature","properties":{"s":"Sikkim","v":18.2},"geometry":{"type":"Point","coordinates":[88.4128,27.6969]}},{"type":"Feature","properties":{"s":"Sikkim","v":18.2},"geometry":{"type":"Point","coordinates":[88.1857,27.432]}},{"type":"Feature","properties":{"s":"Sikkim","v":18.2},"geometry":{"type":"Point","coordinates":[88.1983,27.1546]}},{"type":"Feature","properties":{"s":"Sikkim","v":18.2},"geometry":{"type":"Point","coordinates":[88.1157,27.2913]}},{"type":"Feature","properties":{"s":"Sikkim","v":18.2},"geometry":{"type":"Point","coordinates":[88.2225,27.8537]}},{"type":"Feature","properties":{"s":"Sikkim","v":18.2},"geometry":{"type":"Point","coordinates":[88.0593,27.4526]}},{"type":"Feature","properties":{"s":"Sikkim","v":18.2},"geometry":{"type":"Point","coordinates":[88.0684,27.237]}},{"type":"Feature","properties":{"s":"Sikkim","v":18.2},"geometry":{"type":"Point","coordinates":[88.2294,27.8327]}},{"type":"Feature","properties":{"s":"Sikkim","v":18.2},"geometry":{"type":"Point","coordinates":[88.1992,27.7592]}},{"type":"Feature","properties":{"s":"Sikkim","v":18.2},"geometry":{"type":"Point","coordinates":[88.2544,27.7515]}},{"type":"Feature","properties":{"s":"Sikkim","v":18.2},"geometry":{"type":"Point","coordinates":[88.1236,27.3427]}},{"type":"Feature","properties":{"s":"Sikkim","v":18.2},"geometry":{"type":"Point","coordinates":[88.7772,27.8541]}},{"type":"Feature","properties":{"s":"Sikkim","v":18.2},"geometry":{"type":"Point","coordinates":[88.2174,27.5102]}},{"type":"Feature","properties":{"s":"Sikkim","v":18.2},"geometry":{"type":"Point","coordinates":[88.6403,27.6468]}},{"type":"Feature","properties":{"s":"Sikkim","v":18.2},"geometry":{"type":"Point","coordinates":[88.4247,27.9908]}},{"type":"Feature","properties":{"s":"Sikkim","v":18.2},"geometry":{"type":"Point","coordinates":[88.6228,27.6114]}},{"type":"Feature","properties":{"s":"Sikkim","v":18.2},"geometry":{"type":"Point","coordinates":[88.0529,27.2684]}},{"type":"Feature","properties":{"s":"Sikkim","v":18.2},"geometry":{"type":"Point","coordinates":[88.5885,27.4243]}},{"type":"Feature","properties":{"s":"Sikkim","v":18.2},"geometry":{"type":"Point","coordinates":[88.5157,28.0153]}},{"type":"Feature","properties":{"s":"Sikkim","v":18.2},"geometry":{"type":"Point","coordinates":[88.5611,27.3252]}},{"type":"Feature","properties":{"s":"Sikkim","v":18.2},"geometry":{"type":"Point","coordinates":[88.5031,27.5461]}},{"type":"Feature","properties":{"s":"Sikkim","v":18.2},"geometry":{"type":"Point","coordinates":[88.5703,27.4893]}},{"type":"Feature","properties":{"s":"Sikkim","v":18.2},"geometry":{"type":"Point","coordinates":[88.5225,27.559]}},{"type":"Feature","properties":{"s":"Sikkim","v":18.2},"geometry":{"type":"Point","coordinates":[88.412,27.2276]}},{"type":"Feature","properties":{"s":"Sikkim","v":18.2},"geometry":{"type":"Point","coordinates":[88.4105,27.836]}},{"type":"Feature","properties":{"s":"Sikkim","v":18.2},"geometry":{"type":"Point","coordinates":[88.3695,27.831]}},{"type":"Feature","properties":{"s":"Sikkim","v":18.2},"geometry":{"type":"Point","coordinates":[88.6214,27.6783]}},{"type":"Feature","properties":{"s":"Sikkim","v":18.2},"geometry":{"type":"Point","coordinates":[88.771,27.5749]}},{"type":"Feature","properties":{"s":"Sikkim","v":18.2},"geometry":{"type":"Point","coordinates":[88.8182,27.3194]}},{"type":"Feature","properties":{"s":"Sikkim","v":18.2},"geometry":{"type":"Point","coordinates":[88.5714,27.9715]}},{"type":"Feature","properties":{"s":"Sikkim","v":18.2},"geometry":{"type":"Point","coordinates":[88.5045,27.2397]}},{"type":"Feature","properties":{"s":"Sikkim","v":18.2},"geometry":{"type":"Point","coordinates":[88.2192,27.2784]}},{"type":"Feature","properties":{"s":"Sikkim","v":18.2},"geometry":{"type":"Point","coordinates":[88.7556,27.5256]}},{"type":"Feature","properties":{"s":"Sikkim","v":18.2},"geometry":{"type":"Point","coordinates":[88.4,27.7547]}},{"type":"Feature","properties":{"s":"Sikkim","v":18.2},"geometry":{"type":"Point","coordinates":[88.1522,27.4182]}},{"type":"Feature","properties":{"s":"Sikkim","v":18.2},"geometry":{"type":"Point","coordinates":[88.6724,27.9014]}},{"type":"Feature","properties":{"s":"Sikkim","v":18.2},"geometry":{"type":"Point","coordinates":[88.183,27.5776]}},{"type":"Feature","properties":{"s":"Sikkim","v":18.2},"geometry":{"type":"Point","coordinates":[88.406,27.5286]}},{"type":"Feature","properties":{"s":"Sikkim","v":18.2},"geometry":{"type":"Point","coordinates":[88.6097,27.2664]}},{"type":"Feature","properties":{"s":"Sikkim","v":18.2},"geometry":{"type":"Point","coordinates":[88.1635,27.148]}},{"type":"Feature","properties":{"s":"Sikkim","v":18.2},"geometry":{"type":"Point","coordinates":[88.7582,27.8227]}},{"type":"Feature","properties":{"s":"Sikkim","v":18.2},"geometry":{"type":"Point","coordinates":[88.3888,27.6978]}},{"type":"Feature","properties":{"s":"Sikkim","v":18.2},"geometry":{"type":"Point","coordinates":[88.5474,27.5771]}},{"type":"Feature","properties":{"s":"Sikkim","v":18.2},"geometry":{"type":"Point","coordinates":[88.6076,27.4353]}},{"type":"Feature","properties":{"s":"Sikkim","v":18.2},"geometry":{"type":"Point","coordinates":[88.6283,27.935]}},{"type":"Feature","properties":{"s":"Sikkim","v":18.2},"geometry":{"type":"Point","coordinates":[88.4257,27.4062]}},{"type":"Feature","properties":{"s":"Sikkim","v":18.2},"geometry":{"type":"Point","coordinates":[88.1841,27.9424]}},{"type":"Feature","properties":{"s":"Sikkim","v":18.2},"geometry":{"type":"Point","coordinates":[88.6193,27.7816]}},{"type":"Feature","properties":{"s":"Sikkim","v":18.2},"geometry":{"type":"Point","coordinates":[88.7506,27.3702]}},{"type":"Feature","properties":{"s":"Sikkim","v":18.2},"geometry":{"type":"Point","coordinates":[88.7611,27.9213]}},{"type":"Feature","properties":{"s":"Sikkim","v":18.2},"geometry":{"type":"Point","coordinates":[88.2278,27.852]}},{"type":"Feature","properties":{"s":"Sikkim","v":18.2},"geometry":{"type":"Point","coordinates":[88.6587,27.4675]}},{"type":"Feature","properties":{"s":"Sikkim","v":18.2},"geometry":{"type":"Point","coordinates":[88.2659,27.2337]}},{"type":"Feature","properties":{"s":"Sikkim","v":18.2},"geometry":{"type":"Point","coordinates":[88.3531,27.6213]}},{"type":"Feature","properties":{"s":"Sikkim","v":18.2},"geometry":{"type":"Point","coordinates":[88.7072,27.2924]}},{"type":"Feature","properties":{"s":"Sikkim","v":18.2},"geometry":{"type":"Point","coordinates":[88.8375,27.3012]}},{"type":"Feature","properties":{"s":"Sikkim","v":18.2},"geometry":{"type":"Point","coordinates":[88.2914,27.6447]}},{"type":"Feature","properties":{"s":"Sikkim","v":18.2},"geometry":{"type":"Point","coordinates":[88.1483,27.227]}},{"type":"Feature","properties":{"s":"Sikkim","v":18.2},"geometry":{"type":"Point","coordinates":[88.5119,27.3152]}},{"type":"Feature","properties":{"s":"Sikkim","v":18.2},"geometry":{"type":"Point","coordinates":[88.6385,27.6169]}},{"type":"Feature","properties":{"s":"Sikkim","v":18.2},"geometry":{"type":"Point","coordinates":[88.3032,27.2467]}},{"type":"Feature","properties":{"s":"Sikkim","v":18.2},"geometry":{"type":"Point","coordinates":[88.3152,27.798]}},{"type":"Feature","properties":{"s":"Sikkim","v":18.2},"geometry":{"type":"Point","coordinates":[88.5714,27.3568]}},{"type":"Feature","properties":{"s":"Sikkim","v":18.2},"geometry":{"type":"Point","coordinates":[88.2883,27.7821]}},{"type":"Feature","properties":{"s":"Sikkim","v":18.2},"geometry":{"type":"Point","coordinates":[88.444,27.8505]}},{"type":"Feature","properties":{"s":"Sikkim","v":18.2},"geometry":{"type":"Point","coordinates":[88.6791,27.9863]}},{"type":"Feature","properties":{"s":"Sikkim","v":18.2},"geometry":{"type":"Point","coordinates":[88.3703,27.9262]}},{"type":"Feature","properties":{"s":"Sikkim","v":18.2},"geometry":{"type":"Point","coordinates":[88.5149,27.4428]}},{"type":"Feature","properties":{"s":"Sikkim","v":18.2},"geometry":{"type":"Point","coordinates":[88.4069,27.1378]}},{"type":"Feature","properties":{"s":"Sikkim","v":18.2},"geometry":{"type":"Point","coordinates":[88.4421,27.687]}},{"type":"Feature","properties":{"s":"Sikkim","v":18.2},"geometry":{"type":"Point","coordinates":[88.7226,27.2252]}},{"type":"Feature","properties":{"s":"Sikkim","v":18.2},"geometry":{"type":"Point","coordinates":[88.258,27.838]}},{"type":"Feature","properties":{"s":"Sikkim","v":18.2},"geometry":{"type":"Point","coordinates":[88.7091,27.635]}},{"type":"Feature","properties":{"s":"Sikkim","v":18.2},"geometry":{"type":"Point","coordinates":[88.7086,27.4864]}},{"type":"Feature","properties":{"s":"Tripura","v":32.8},"geometry":{"type":"Point","coordinates":[91.6549,23.6254]}},{"type":"Feature","properties":{"s":"Tripura","v":32.8},"geometry":{"type":"Point","coordinates":[91.691,23.9894]}},{"type":"Feature","properties":{"s":"Tripura","v":32.8},"geometry":{"type":"Point","coordinates":[91.7424,23.1841]}},{"type":"Feature","properties":{"s":"Tripura","v":32.8},"geometry":{"type":"Point","coordinates":[91.7797,23.5292]}},{"type":"Feature","properties":{"s":"Tripura","v":32.8},"geometry":{"type":"Point","coordinates":[91.5628,23.8357]}},{"type":"Feature","properties":{"s":"Tripura","v":32.8},"geometry":{"type":"Point","coordinates":[91.4424,24.0437]}},{"type":"Feature","properties":{"s":"Tripura","v":32.8},"geometry":{"type":"Point","coordinates":[92.0349,24.1994]}},{"type":"Feature","properties":{"s":"Tripura","v":32.8},"geometry":{"type":"Point","coordinates":[92.1967,24.4445]}},{"type":"Feature","properties":{"s":"Tripura","v":32.8},"geometry":{"type":"Point","coordinates":[91.6127,23.5229]}},{"type":"Feature","properties":{"s":"Tripura","v":32.8},"geometry":{"type":"Point","coordinates":[91.5253,23.0966]}},{"type":"Feature","properties":{"s":"Tripura","v":32.8},"geometry":{"type":"Point","coordinates":[91.497,23.3537]}},{"type":"Feature","properties":{"s":"Tripura","v":32.8},"geometry":{"type":"Point","coordinates":[92.0072,23.9213]}},{"type":"Feature","properties":{"s":"Tripura","v":32.8},"geometry":{"type":"Point","coordinates":[91.7512,23.1435]}},{"type":"Feature","properties":{"s":"Tripura","v":32.8},"geometry":{"type":"Point","coordinates":[91.9576,24.3229]}},{"type":"Feature","properties":{"s":"Tripura","v":32.8},"geometry":{"type":"Point","coordinates":[92.0997,23.7586]}},{"type":"Feature","properties":{"s":"Tripura","v":32.8},"geometry":{"type":"Point","coordinates":[91.3401,23.3566]}},{"type":"Feature","properties":{"s":"Tripura","v":32.8},"geometry":{"type":"Point","coordinates":[91.4117,23.9274]}},{"type":"Feature","properties":{"s":"Tripura","v":32.8},"geometry":{"type":"Point","coordinates":[91.823,23.9306]}},{"type":"Feature","properties":{"s":"Tripura","v":32.8},"geometry":{"type":"Point","coordinates":[91.5917,23.8223]}},{"type":"Feature","properties":{"s":"Tripura","v":32.8},"geometry":{"type":"Point","coordinates":[91.9964,24.1834]}},{"type":"Feature","properties":{"s":"Tripura","v":32.8},"geometry":{"type":"Point","coordinates":[91.7695,24.0259]}},{"type":"Feature","properties":{"s":"Tripura","v":32.8},"geometry":{"type":"Point","coordinates":[91.3913,23.5579]}},{"type":"Feature","properties":{"s":"Tripura","v":32.8},"geometry":{"type":"Point","coordinates":[91.9297,23.4879]}},{"type":"Feature","properties":{"s":"Tripura","v":32.8},"geometry":{"type":"Point","coordinates":[91.5949,23.5447]}},{"type":"Feature","properties":{"s":"Tripura","v":32.8},"geometry":{"type":"Point","coordinates":[91.5849,23.1502]}},{"type":"Feature","properties":{"s":"Tripura","v":32.8},"geometry":{"type":"Point","coordinates":[91.3817,23.3587]}},{"type":"Feature","properties":{"s":"Tripura","v":32.8},"geometry":{"type":"Point","coordinates":[91.2274,23.705]}},{"type":"Feature","properties":{"s":"Tripura","v":32.8},"geometry":{"type":"Point","coordinates":[91.4868,23.4552]}},{"type":"Feature","properties":{"s":"Tripura","v":32.8},"geometry":{"type":"Point","coordinates":[91.6883,23.567]}},{"type":"Feature","properties":{"s":"Tripura","v":32.8},"geometry":{"type":"Point","coordinates":[91.2345,23.8646]}},{"type":"Feature","properties":{"s":"Tripura","v":32.8},"geometry":{"type":"Point","coordinates":[91.6795,23.4628]}},{"type":"Feature","properties":{"s":"Tripura","v":32.8},"geometry":{"type":"Point","coordinates":[91.9846,24.2454]}},{"type":"Feature","properties":{"s":"Tripura","v":32.8},"geometry":{"type":"Point","coordinates":[92.0126,24.1397]}},{"type":"Feature","properties":{"s":"Tripura","v":32.8},"geometry":{"type":"Point","coordinates":[92.0567,24.0777]}},{"type":"Feature","properties":{"s":"Tripura","v":32.8},"geometry":{"type":"Point","coordinates":[91.5822,23.6075]}},{"type":"Feature","properties":{"s":"Tripura","v":32.8},"geometry":{"type":"Point","coordinates":[92.1774,24.2757]}},{"type":"Feature","properties":{"s":"Tripura","v":32.8},"geometry":{"type":"Point","coordinates":[91.7204,23.0862]}},{"type":"Feature","properties":{"s":"Tripura","v":32.8},"geometry":{"type":"Point","coordinates":[91.8482,24.151]}},{"type":"Feature","properties":{"s":"Tripura","v":32.8},"geometry":{"type":"Point","coordinates":[91.4745,23.2184]}},{"type":"Feature","properties":{"s":"Tripura","v":32.8},"geometry":{"type":"Point","coordinates":[91.7024,23.0991]}},{"type":"Feature","properties":{"s":"Tripura","v":32.8},"geometry":{"type":"Point","coordinates":[91.8163,23.9489]}},{"type":"Feature","properties":{"s":"Tripura","v":32.8},"geometry":{"type":"Point","coordinates":[91.7806,23.8759]}},{"type":"Feature","properties":{"s":"Tripura","v":32.8},"geometry":{"type":"Point","coordinates":[92.0799,23.8946]}},{"type":"Feature","properties":{"s":"Tripura","v":32.8},"geometry":{"type":"Point","coordinates":[91.8172,23.6822]}},{"type":"Feature","properties":{"s":"Tripura","v":32.8},"geometry":{"type":"Point","coordinates":[91.9124,23.7567]}},{"type":"Feature","properties":{"s":"Tripura","v":32.8},"geometry":{"type":"Point","coordinates":[91.248,23.6022]}},{"type":"Feature","properties":{"s":"Tripura","v":32.8},"geometry":{"type":"Point","coordinates":[91.7289,24.1272]}},{"type":"Feature","properties":{"s":"Tripura","v":32.8},"geometry":{"type":"Point","coordinates":[91.9385,23.6203]}},{"type":"Feature","properties":{"s":"Tripura","v":32.8},"geometry":{"type":"Point","coordinates":[92.1929,24.2188]}},{"type":"Feature","properties":{"s":"Tripura","v":32.8},"geometry":{"type":"Point","coordinates":[91.4006,24.0685]}},{"type":"Feature","properties":{"s":"Tripura","v":32.8},"geometry":{"type":"Point","coordinates":[92.2105,24.3493]}},{"type":"Feature","properties":{"s":"Tripura","v":32.8},"geometry":{"type":"Point","coordinates":[91.4725,23.5889]}},{"type":"Feature","properties":{"s":"Tripura","v":32.8},"geometry":{"type":"Point","coordinates":[91.38,23.4524]}},{"type":"Feature","properties":{"s":"Tripura","v":32.8},"geometry":{"type":"Point","coordinates":[92.2178,23.7521]}},{"type":"Feature","properties":{"s":"Tripura","v":32.8},"geometry":{"type":"Point","coordinates":[91.8097,23.7776]}},{"type":"Feature","properties":{"s":"Tripura","v":32.8},"geometry":{"type":"Point","coordinates":[91.6525,23.1384]}},{"type":"Feature","properties":{"s":"Tripura","v":32.8},"geometry":{"type":"Point","coordinates":[91.8722,23.4854]}},{"type":"Feature","properties":{"s":"Tripura","v":32.8},"geometry":{"type":"Point","coordinates":[92.1833,23.7601]}},{"type":"Feature","properties":{"s":"Tripura","v":32.8},"geometry":{"type":"Point","coordinates":[91.8389,23.7569]}},{"type":"Feature","properties":{"s":"Tripura","v":32.8},"geometry":{"type":"Point","coordinates":[91.9783,24.1742]}},{"type":"Feature","properties":{"s":"Tripura","v":32.8},"geometry":{"type":"Point","coordinates":[91.5398,23.9624]}},{"type":"Feature","properties":{"s":"Tripura","v":32.8},"geometry":{"type":"Point","coordinates":[91.5519,23.8233]}},{"type":"Feature","properties":{"s":"Tripura","v":32.8},"geometry":{"type":"Point","coordinates":[91.7742,23.5461]}},{"type":"Feature","properties":{"s":"Tripura","v":32.8},"geometry":{"type":"Point","coordinates":[91.8197,23.7217]}},{"type":"Feature","properties":{"s":"Tripura","v":32.8},"geometry":{"type":"Point","coordinates":[91.8653,24.0361]}},{"type":"Feature","properties":{"s":"Tripura","v":32.8},"geometry":{"type":"Point","coordinates":[91.2386,23.7431]}},{"type":"Feature","properties":{"s":"Tripura","v":32.8},"geometry":{"type":"Point","coordinates":[91.5816,23.3757]}},{"type":"Feature","properties":{"s":"Tripura","v":32.8},"geometry":{"type":"Point","coordinates":[91.2315,23.5004]}},{"type":"Feature","properties":{"s":"Tripura","v":32.8},"geometry":{"type":"Point","coordinates":[92.2443,24.1802]}},{"type":"Feature","properties":{"s":"Tripura","v":32.8},"geometry":{"type":"Point","coordinates":[91.6348,23.7132]}},{"type":"Feature","properties":{"s":"Tripura","v":32.8},"geometry":{"type":"Point","coordinates":[92.0334,24.0775]}},{"type":"Feature","properties":{"s":"Tripura","v":32.8},"geometry":{"type":"Point","coordinates":[92.2533,23.7281]}},{"type":"Feature","properties":{"s":"Tripura","v":32.8},"geometry":{"type":"Point","coordinates":[92.2222,23.87]}},{"type":"Feature","properties":{"s":"Tripura","v":32.8},"geometry":{"type":"Point","coordinates":[91.7321,23.6486]}},{"type":"Feature","properties":{"s":"Tripura","v":32.8},"geometry":{"type":"Point","coordinates":[91.2724,23.7493]}},{"type":"Feature","properties":{"s":"Tripura","v":32.8},"geometry":{"type":"Point","coordinates":[91.7624,23.2242]}},{"type":"Feature","properties":{"s":"Tripura","v":32.8},"geometry":{"type":"Point","coordinates":[92.1681,24.4467]}},{"type":"Feature","properties":{"s":"Tripura","v":32.8},"geometry":{"type":"Point","coordinates":[91.6973,24.0892]}},{"type":"Feature","properties":{"s":"Tripura","v":32.8},"geometry":{"type":"Point","coordinates":[91.6468,23.8111]}},{"type":"Feature","properties":{"s":"Tripura","v":32.8},"geometry":{"type":"Point","coordinates":[91.2483,23.6772]}},{"type":"Feature","properties":{"s":"Tripura","v":32.8},"geometry":{"type":"Point","coordinates":[91.8933,23.8214]}},{"type":"Feature","properties":{"s":"Tripura","v":32.8},"geometry":{"type":"Point","coordinates":[91.7224,23.49]}},{"type":"Feature","properties":{"s":"Tripura","v":32.8},"geometry":{"type":"Point","coordinates":[91.3634,23.7066]}},{"type":"Feature","properties":{"s":"Tripura","v":32.8},"geometry":{"type":"Point","coordinates":[91.4557,23.7931]}},{"type":"Feature","properties":{"s":"Tripura","v":32.8},"geometry":{"type":"Point","coordinates":[91.7271,23.8794]}},{"type":"Feature","properties":{"s":"Tripura","v":32.8},"geometry":{"type":"Point","coordinates":[92.2865,23.8673]}},{"type":"Feature","properties":{"s":"Tripura","v":32.8},"geometry":{"type":"Point","coordinates":[91.6856,23.5154]}},{"type":"Feature","properties":{"s":"Tripura","v":32.8},"geometry":{"type":"Point","coordinates":[91.4797,23.8767]}},{"type":"Feature","properties":{"s":"Tripura","v":32.8},"geometry":{"type":"Point","coordinates":[91.7273,23.9263]}},{"type":"Feature","properties":{"s":"Tripura","v":32.8},"geometry":{"type":"Point","coordinates":[91.5177,23.7459]}},{"type":"Feature","properties":{"s":"Tripura","v":32.8},"geometry":{"type":"Point","coordinates":[91.7919,24.2102]}},{"type":"Feature","properties":{"s":"Tripura","v":32.8},"geometry":{"type":"Point","coordinates":[91.4214,23.8445]}},{"type":"Feature","properties":{"s":"Tripura","v":32.8},"geometry":{"type":"Point","coordinates":[91.6632,23.0367]}},{"type":"Feature","properties":{"s":"Tripura","v":32.8},"geometry":{"type":"Point","coordinates":[91.5254,24.0481]}},{"type":"Feature","properties":{"s":"Tripura","v":32.8},"geometry":{"type":"Point","coordinates":[92.0771,24.0933]}},{"type":"Feature","properties":{"s":"Tripura","v":32.8},"geometry":{"type":"Point","coordinates":[91.3418,23.7632]}},{"type":"Feature","properties":{"s":"Tripura","v":32.8},"geometry":{"type":"Point","coordinates":[91.5571,23.2809]}},{"type":"Feature","properties":{"s":"Tripura","v":32.8},"geometry":{"type":"Point","coordinates":[92.0031,24.0459]}},{"type":"Feature","properties":{"s":"Tripura","v":32.8},"geometry":{"type":"Point","coordinates":[92.2157,23.8298]}},{"type":"Feature","properties":{"s":"Tripura","v":32.8},"geometry":{"type":"Point","coordinates":[92.102,23.8793]}},{"type":"Feature","properties":{"s":"Tripura","v":32.8},"geometry":{"type":"Point","coordinates":[91.7435,23.315]}},{"type":"Feature","properties":{"s":"Tripura","v":32.8},"geometry":{"type":"Point","coordinates":[91.6566,23.0534]}},{"type":"Feature","properties":{"s":"Tripura","v":32.8},"geometry":{"type":"Point","coordinates":[91.7157,23.1893]}},{"type":"Feature","properties":{"s":"Tripura","v":32.8},"geometry":{"type":"Point","coordinates":[91.9397,24.2196]}},{"type":"Feature","properties":{"s":"Tripura","v":32.8},"geometry":{"type":"Point","coordinates":[91.7892,23.6675]}},{"type":"Feature","properties":{"s":"Tripura","v":32.8},"geometry":{"type":"Point","coordinates":[92.1717,24.4837]}},{"type":"Feature","properties":{"s":"Tripura","v":32.8},"geometry":{"type":"Point","coordinates":[91.7161,23.7982]}},{"type":"Feature","properties":{"s":"Tripura","v":32.8},"geometry":{"type":"Point","coordinates":[91.6644,23.6889]}},{"type":"Feature","properties":{"s":"Tripura","v":32.8},"geometry":{"type":"Point","coordinates":[91.6666,23.282]}},{"type":"Feature","properties":{"s":"Tripura","v":32.8},"geometry":{"type":"Point","coordinates":[91.6132,23.8464]}},{"type":"Feature","properties":{"s":"Tripura","v":32.8},"geometry":{"type":"Point","coordinates":[91.7623,24.0218]}},{"type":"Feature","properties":{"s":"Tripura","v":32.8},"geometry":{"type":"Point","coordinates":[91.4216,24.0414]}},{"type":"Feature","properties":{"s":"Tripura","v":32.8},"geometry":{"type":"Point","coordinates":[92.1602,23.7404]}},{"type":"Feature","properties":{"s":"Tripura","v":32.8},"geometry":{"type":"Point","coordinates":[91.5629,23.4063]}},{"type":"Feature","properties":{"s":"Tripura","v":32.8},"geometry":{"type":"Point","coordinates":[91.7812,23.4219]}},{"type":"Feature","properties":{"s":"Tripura","v":32.8},"geometry":{"type":"Point","coordinates":[91.2368,23.6816]}},{"type":"Feature","properties":{"s":"Tripura","v":32.8},"geometry":{"type":"Point","coordinates":[91.7166,23.3297]}},{"type":"Feature","properties":{"s":"Tripura","v":32.8},"geometry":{"type":"Point","coordinates":[91.4548,24.0242]}},{"type":"Feature","properties":{"s":"Tripura","v":32.8},"geometry":{"type":"Point","coordinates":[91.8597,23.4589]}},{"type":"Feature","properties":{"s":"Tripura","v":32.8},"geometry":{"type":"Point","coordinates":[91.3096,23.4678]}},{"type":"Feature","properties":{"s":"Tripura","v":32.8},"geometry":{"type":"Point","coordinates":[91.9684,23.7856]}},{"type":"Feature","properties":{"s":"Tripura","v":32.8},"geometry":{"type":"Point","coordinates":[91.3873,24.0877]}},{"type":"Feature","properties":{"s":"Tripura","v":32.8},"geometry":{"type":"Point","coordinates":[91.2841,23.5737]}},{"type":"Feature","properties":{"s":"Tripura","v":32.8},"geometry":{"type":"Point","coordinates":[92.2424,24.1988]}},{"type":"Feature","properties":{"s":"Tripura","v":32.8},"geometry":{"type":"Point","coordinates":[92.0554,24.3289]}},{"type":"Feature","properties":{"s":"Tripura","v":32.8},"geometry":{"type":"Point","coordinates":[91.4751,23.4259]}},{"type":"Feature","properties":{"s":"Tripura","v":32.8},"geometry":{"type":"Point","coordinates":[91.7212,23.7648]}},{"type":"Feature","properties":{"s":"Tripura","v":32.8},"geometry":{"type":"Point","coordinates":[91.5634,23.7592]}},{"type":"Feature","properties":{"s":"Tripura","v":32.8},"geometry":{"type":"Point","coordinates":[91.5669,23.4566]}},{"type":"Feature","properties":{"s":"Tripura","v":32.8},"geometry":{"type":"Point","coordinates":[91.5092,23.2294]}},{"type":"Feature","properties":{"s":"Tripura","v":32.8},"geometry":{"type":"Point","coordinates":[92.0419,24.3315]}},{"type":"Feature","properties":{"s":"Tripura","v":32.8},"geometry":{"type":"Point","coordinates":[92.0453,24.1542]}},{"type":"Feature","properties":{"s":"Tripura","v":32.8},"geometry":{"type":"Point","coordinates":[91.6274,23.8569]}},{"type":"Feature","properties":{"s":"Tripura","v":32.8},"geometry":{"type":"Point","coordinates":[92.048,23.8878]}},{"type":"Feature","properties":{"s":"Tripura","v":32.8},"geometry":{"type":"Point","coordinates":[91.6597,23.3553]}},{"type":"Feature","properties":{"s":"Tripura","v":32.8},"geometry":{"type":"Point","coordinates":[91.6003,23.8536]}},{"type":"Feature","properties":{"s":"Tripura","v":32.8},"geometry":{"type":"Point","coordinates":[91.5421,23.372]}},{"type":"Feature","properties":{"s":"Tripura","v":32.8},"geometry":{"type":"Point","coordinates":[91.7389,23.4752]}},{"type":"Feature","properties":{"s":"Tripura","v":32.8},"geometry":{"type":"Point","coordinates":[91.3854,23.537]}},{"type":"Feature","properties":{"s":"Tripura","v":32.8},"geometry":{"type":"Point","coordinates":[92.0352,23.7585]}},{"type":"Feature","properties":{"s":"Tripura","v":32.8},"geometry":{"type":"Point","coordinates":[92.2076,23.7719]}},{"type":"Feature","properties":{"s":"Tripura","v":32.8},"geometry":{"type":"Point","coordinates":[91.3115,23.7392]}},{"type":"Feature","properties":{"s":"Tripura","v":32.8},"geometry":{"type":"Point","coordinates":[91.3782,23.4209]}},{"type":"Feature","properties":{"s":"Tripura","v":32.8},"geometry":{"type":"Point","coordinates":[91.5217,23.5074]}},{"type":"Feature","properties":{"s":"Tripura","v":32.8},"geometry":{"type":"Point","coordinates":[91.5751,23.524]}},{"type":"Feature","properties":{"s":"Tripura","v":32.8},"geometry":{"type":"Point","coordinates":[91.9783,23.8664]}},{"type":"Feature","properties":{"s":"Tripura","v":32.8},"geometry":{"type":"Point","coordinates":[91.8979,23.5394]}},{"type":"Feature","properties":{"s":"Tripura","v":32.8},"geometry":{"type":"Point","coordinates":[91.6719,23.6566]}},{"type":"Feature","properties":{"s":"Tripura","v":32.8},"geometry":{"type":"Point","coordinates":[91.8147,23.9886]}},{"type":"Feature","properties":{"s":"Tripura","v":32.8},"geometry":{"type":"Point","coordinates":[91.3728,23.3217]}},{"type":"Feature","properties":{"s":"Tripura","v":32.8},"geometry":{"type":"Point","coordinates":[92.0392,23.6852]}},{"type":"Feature","properties":{"s":"Tripura","v":32.8},"geometry":{"type":"Point","coordinates":[91.9587,23.5317]}},{"type":"Feature","properties":{"s":"Tripura","v":32.8},"geometry":{"type":"Point","coordinates":[92.2461,24.0539]}},{"type":"Feature","properties":{"s":"Tripura","v":32.8},"geometry":{"type":"Point","coordinates":[91.8741,24.1362]}},{"type":"Feature","properties":{"s":"Tripura","v":32.8},"geometry":{"type":"Point","coordinates":[91.8629,23.751]}},{"type":"Feature","properties":{"s":"Tripura","v":32.8},"geometry":{"type":"Point","coordinates":[91.3595,23.526]}},{"type":"Feature","properties":{"s":"Tripura","v":32.8},"geometry":{"type":"Point","coordinates":[91.9879,24.2846]}},{"type":"Feature","properties":{"s":"Tripura","v":32.8},"geometry":{"type":"Point","coordinates":[91.8506,23.9978]}},{"type":"Feature","properties":{"s":"Tripura","v":32.8},"geometry":{"type":"Point","coordinates":[92.0182,23.8225]}},{"type":"Feature","properties":{"s":"Tripura","v":32.8},"geometry":{"type":"Point","coordinates":[91.8521,23.7222]}},{"type":"Feature","properties":{"s":"Tripura","v":32.8},"geometry":{"type":"Point","coordinates":[91.8339,23.3986]}},{"type":"Feature","properties":{"s":"Tripura","v":32.8},"geometry":{"type":"Point","coordinates":[91.6883,23.8032]}},{"type":"Feature","properties":{"s":"Tripura","v":32.8},"geometry":{"type":"Point","coordinates":[92.0466,24.2791]}},{"type":"Feature","properties":{"s":"Tripura","v":32.8},"geometry":{"type":"Point","coordinates":[91.8134,23.7055]}},{"type":"Feature","properties":{"s":"Tripura","v":32.8},"geometry":{"type":"Point","coordinates":[92.0763,23.8446]}},{"type":"Feature","properties":{"s":"Tripura","v":32.8},"geometry":{"type":"Point","coordinates":[91.7388,23.1701]}},{"type":"Feature","properties":{"s":"Tripura","v":32.8},"geometry":{"type":"Point","coordinates":[91.5575,23.2349]}},{"type":"Feature","properties":{"s":"Tripura","v":32.8},"geometry":{"type":"Point","coordinates":[92.0693,23.8777]}},{"type":"Feature","properties":{"s":"Tripura","v":32.8},"geometry":{"type":"Point","coordinates":[92.0554,24.1016]}},{"type":"Feature","properties":{"s":"Tripura","v":32.8},"geometry":{"type":"Point","coordinates":[91.6792,23.5834]}},{"type":"Feature","properties":{"s":"Tripura","v":32.8},"geometry":{"type":"Point","coordinates":[91.4978,23.5452]}},{"type":"Feature","properties":{"s":"Tripura","v":32.8},"geometry":{"type":"Point","coordinates":[91.285,23.9166]}},{"type":"Feature","properties":{"s":"Tripura","v":32.8},"geometry":{"type":"Point","coordinates":[91.6997,23.9389]}},{"type":"Feature","properties":{"s":"Tripura","v":32.8},"geometry":{"type":"Point","coordinates":[91.4045,23.3205]}},{"type":"Feature","properties":{"s":"Tripura","v":32.8},"geometry":{"type":"Point","coordinates":[92.1546,24.2806]}},{"type":"Feature","properties":{"s":"Tripura","v":32.8},"geometry":{"type":"Point","coordinates":[91.5331,23.1181]}},{"type":"Feature","properties":{"s":"Tripura","v":32.8},"geometry":{"type":"Point","coordinates":[92.187,24.1353]}},{"type":"Feature","properties":{"s":"Tripura","v":32.8},"geometry":{"type":"Point","coordinates":[91.6406,23.9885]}},{"type":"Feature","properties":{"s":"Tripura","v":32.8},"geometry":{"type":"Point","coordinates":[91.6253,23.3973]}},{"type":"Feature","properties":{"s":"Tripura","v":32.8},"geometry":{"type":"Point","coordinates":[91.7228,23.1085]}},{"type":"Feature","properties":{"s":"Tripura","v":32.8},"geometry":{"type":"Point","coordinates":[91.4314,23.5711]}},{"type":"Feature","properties":{"s":"Tripura","v":32.8},"geometry":{"type":"Point","coordinates":[91.7541,23.5986]}},{"type":"Feature","properties":{"s":"Tripura","v":32.8},"geometry":{"type":"Point","coordinates":[91.574,23.6609]}},{"type":"Feature","properties":{"s":"Tripura","v":32.8},"geometry":{"type":"Point","coordinates":[91.9643,23.8587]}},{"type":"Feature","properties":{"s":"Tripura","v":32.8},"geometry":{"type":"Point","coordinates":[91.6121,23.9178]}},{"type":"Feature","properties":{"s":"Tripura","v":32.8},"geometry":{"type":"Point","coordinates":[91.9535,24.1005]}},{"type":"Feature","properties":{"s":"Tripura","v":32.8},"geometry":{"type":"Point","coordinates":[92.1514,24.2231]}},{"type":"Feature","properties":{"s":"Tripura","v":32.8},"geometry":{"type":"Point","coordinates":[92.2852,24.0546]}},{"type":"Feature","properties":{"s":"Tripura","v":32.8},"geometry":{"type":"Point","coordinates":[91.7587,23.4694]}},{"type":"Feature","properties":{"s":"Tripura","v":32.8},"geometry":{"type":"Point","coordinates":[91.3819,23.5423]}},{"type":"Feature","properties":{"s":"Tripura","v":32.8},"geometry":{"type":"Point","coordinates":[91.2717,23.5636]}},{"type":"Feature","properties":{"s":"Tripura","v":32.8},"geometry":{"type":"Point","coordinates":[91.8964,23.7147]}},{"type":"Feature","properties":{"s":"Tripura","v":32.8},"geometry":{"type":"Point","coordinates":[91.5495,23.2949]}},{"type":"Feature","properties":{"s":"Tripura","v":32.8},"geometry":{"type":"Point","coordinates":[91.4028,23.2273]}},{"type":"Feature","properties":{"s":"Tripura","v":32.8},"geometry":{"type":"Point","coordinates":[91.454,23.585]}},{"type":"Feature","properties":{"s":"Tripura","v":32.8},"geometry":{"type":"Point","coordinates":[91.4134,23.4183]}},{"type":"Feature","properties":{"s":"Tripura","v":32.8},"geometry":{"type":"Point","coordinates":[91.4319,23.9347]}},{"type":"Feature","properties":{"s":"Tripura","v":32.8},"geometry":{"type":"Point","coordinates":[91.5011,23.1645]}},{"type":"Feature","properties":{"s":"Tripura","v":32.8},"geometry":{"type":"Point","coordinates":[92.1336,24.2857]}},{"type":"Feature","properties":{"s":"Tripura","v":32.8},"geometry":{"type":"Point","coordinates":[91.1974,23.7458]}},{"type":"Feature","properties":{"s":"Tripura","v":32.8},"geometry":{"type":"Point","coordinates":[92.2452,23.9893]}},{"type":"Feature","properties":{"s":"Tripura","v":32.8},"geometry":{"type":"Point","coordinates":[92.0617,23.888]}},{"type":"Feature","properties":{"s":"Tripura","v":32.8},"geometry":{"type":"Point","coordinates":[91.9003,23.8039]}},{"type":"Feature","properties":{"s":"Tripura","v":32.8},"geometry":{"type":"Point","coordinates":[91.8711,24.1404]}},{"type":"Feature","properties":{"s":"Tripura","v":32.8},"geometry":{"type":"Point","coordinates":[91.5351,23.5701]}},{"type":"Feature","properties":{"s":"Tripura","v":32.8},"geometry":{"type":"Point","coordinates":[91.3937,23.8081]}},{"type":"Feature","properties":{"s":"Tripura","v":32.8},"geometry":{"type":"Point","coordinates":[91.78,23.5272]}},{"type":"Feature","properties":{"s":"Tripura","v":32.8},"geometry":{"type":"Point","coordinates":[91.4168,23.3726]}},{"type":"Feature","properties":{"s":"Tripura","v":32.8},"geometry":{"type":"Point","coordinates":[91.9316,23.8289]}},{"type":"Feature","properties":{"s":"Tripura","v":32.8},"geometry":{"type":"Point","coordinates":[91.544,23.7196]}},{"type":"Feature","properties":{"s":"Tripura","v":32.8},"geometry":{"type":"Point","coordinates":[91.583,23.7788]}},{"type":"Feature","properties":{"s":"Tripura","v":32.8},"geometry":{"type":"Point","coordinates":[92.0248,24.2169]}},{"type":"Feature","properties":{"s":"Tripura","v":32.8},"geometry":{"type":"Point","coordinates":[91.5622,23.7804]}},{"type":"Feature","properties":{"s":"Tripura","v":32.8},"geometry":{"type":"Point","coordinates":[91.9299,24.0209]}},{"type":"Feature","properties":{"s":"Tripura","v":32.8},"geometry":{"type":"Point","coordinates":[91.4085,23.3984]}},{"type":"Feature","properties":{"s":"Tripura","v":32.8},"geometry":{"type":"Point","coordinates":[91.4422,23.6104]}},{"type":"Feature","properties":{"s":"Tripura","v":32.8},"geometry":{"type":"Point","coordinates":[91.6003,23.5964]}},{"type":"Feature","properties":{"s":"Tripura","v":32.8},"geometry":{"type":"Point","coordinates":[92.09,24.2728]}},{"type":"Feature","properties":{"s":"Tripura","v":32.8},"geometry":{"type":"Point","coordinates":[91.5934,23.93]}},{"type":"Feature","properties":{"s":"Tripura","v":32.8},"geometry":{"type":"Point","coordinates":[91.422,23.7418]}},{"type":"Feature","properties":{"s":"Tripura","v":32.8},"geometry":{"type":"Point","coordinates":[91.5793,23.1067]}},{"type":"Feature","properties":{"s":"Tripura","v":32.8},"geometry":{"type":"Point","coordinates":[91.8831,23.4548]}},{"type":"Feature","properties":{"s":"Tripura","v":32.8},"geometry":{"type":"Point","coordinates":[91.6773,23.2527]}},{"type":"Feature","properties":{"s":"Tripura","v":32.8},"geometry":{"type":"Point","coordinates":[91.976,24.174]}},{"type":"Feature","properties":{"s":"Tripura","v":32.8},"geometry":{"type":"Point","coordinates":[91.5694,23.4147]}},{"type":"Feature","properties":{"s":"Tripura","v":32.8},"geometry":{"type":"Point","coordinates":[92.1645,23.7842]}},{"type":"Feature","properties":{"s":"Tripura","v":32.8},"geometry":{"type":"Point","coordinates":[91.6763,23.5417]}},{"type":"Feature","properties":{"s":"Tripura","v":32.8},"geometry":{"type":"Point","coordinates":[91.2743,23.5921]}},{"type":"Feature","properties":{"s":"Tripura","v":32.8},"geometry":{"type":"Point","coordinates":[92.1728,24.3679]}},{"type":"Feature","properties":{"s":"Tripura","v":32.8},"geometry":{"type":"Point","coordinates":[91.9275,23.5348]}},{"type":"Feature","properties":{"s":"Tripura","v":32.8},"geometry":{"type":"Point","coordinates":[91.8417,23.5076]}},{"type":"Feature","properties":{"s":"Tripura","v":32.8},"geometry":{"type":"Point","coordinates":[92.095,24.0331]}},{"type":"Feature","properties":{"s":"Tripura","v":32.8},"geometry":{"type":"Point","coordinates":[91.2103,23.5798]}},{"type":"Feature","properties":{"s":"Tripura","v":32.8},"geometry":{"type":"Point","coordinates":[92.1677,24.2697]}},{"type":"Feature","properties":{"s":"Tripura","v":32.8},"geometry":{"type":"Point","coordinates":[91.4194,23.3506]}},{"type":"Feature","properties":{"s":"Tripura","v":32.8},"geometry":{"type":"Point","coordinates":[91.8163,23.9806]}},{"type":"Feature","properties":{"s":"Tripura","v":32.8},"geometry":{"type":"Point","coordinates":[91.4951,23.9448]}},{"type":"Feature","properties":{"s":"Tripura","v":32.8},"geometry":{"type":"Point","coordinates":[91.5494,23.3388]}},{"type":"Feature","properties":{"s":"Tripura","v":32.8},"geometry":{"type":"Point","coordinates":[91.7607,23.8704]}},{"type":"Feature","properties":{"s":"Tripura","v":32.8},"geometry":{"type":"Point","coordinates":[91.6691,23.8616]}},{"type":"Feature","properties":{"s":"Tripura","v":32.8},"geometry":{"type":"Point","coordinates":[92.0715,23.7139]}},{"type":"Feature","properties":{"s":"Tripura","v":32.8},"geometry":{"type":"Point","coordinates":[91.5664,23.1975]}},{"type":"Feature","properties":{"s":"Tripura","v":32.8},"geometry":{"type":"Point","coordinates":[91.8781,23.7148]}},{"type":"Feature","properties":{"s":"Tripura","v":32.8},"geometry":{"type":"Point","coordinates":[91.6327,23.2371]}},{"type":"Feature","properties":{"s":"Tripura","v":32.8},"geometry":{"type":"Point","coordinates":[92.075,23.7174]}},{"type":"Feature","properties":{"s":"Tripura","v":32.8},"geometry":{"type":"Point","coordinates":[91.4139,23.9158]}},{"type":"Feature","properties":{"s":"Tripura","v":32.8},"geometry":{"type":"Point","coordinates":[91.5843,23.4119]}},{"type":"Feature","properties":{"s":"Tripura","v":32.8},"geometry":{"type":"Point","coordinates":[91.3008,23.7193]}},{"type":"Feature","properties":{"s":"Tripura","v":32.8},"geometry":{"type":"Point","coordinates":[91.6414,24.0524]}},{"type":"Feature","properties":{"s":"Tripura","v":32.8},"geometry":{"type":"Point","coordinates":[91.8594,24.0127]}},{"type":"Feature","properties":{"s":"Tripura","v":32.8},"geometry":{"type":"Point","coordinates":[91.7993,23.6496]}},{"type":"Feature","properties":{"s":"Tripura","v":32.8},"geometry":{"type":"Point","coordinates":[91.7392,23.7871]}},{"type":"Feature","properties":{"s":"Tripura","v":32.8},"geometry":{"type":"Point","coordinates":[92.2677,24.2601]}},{"type":"Feature","properties":{"s":"Tripura","v":32.8},"geometry":{"type":"Point","coordinates":[91.8581,23.7519]}},{"type":"Feature","properties":{"s":"Tripura","v":32.8},"geometry":{"type":"Point","coordinates":[91.7897,23.4423]}},{"type":"Feature","properties":{"s":"Tripura","v":32.8},"geometry":{"type":"Point","coordinates":[91.8134,23.598]}},{"type":"Feature","properties":{"s":"Tripura","v":32.8},"geometry":{"type":"Point","coordinates":[92.0719,24.0412]}},{"type":"Feature","properties":{"s":"Tripura","v":32.8},"geometry":{"type":"Point","coordinates":[91.5256,24.0124]}},{"type":"Feature","properties":{"s":"Tripura","v":32.8},"geometry":{"type":"Point","coordinates":[92.1905,24.2678]}},{"type":"Feature","properties":{"s":"Tripura","v":32.8},"geometry":{"type":"Point","coordinates":[91.3808,23.1469]}},{"type":"Feature","properties":{"s":"Tripura","v":32.8},"geometry":{"type":"Point","coordinates":[91.9735,24.1833]}},{"type":"Feature","properties":{"s":"Tripura","v":32.8},"geometry":{"type":"Point","coordinates":[91.5852,23.6008]}},{"type":"Feature","properties":{"s":"Tripura","v":32.8},"geometry":{"type":"Point","coordinates":[92.1304,24.0745]}},{"type":"Feature","properties":{"s":"Tripura","v":32.8},"geometry":{"type":"Point","coordinates":[91.9178,23.5577]}},{"type":"Feature","properties":{"s":"Tripura","v":32.8},"geometry":{"type":"Point","coordinates":[92.1159,24.2537]}},{"type":"Feature","properties":{"s":"Tripura","v":32.8},"geometry":{"type":"Point","coordinates":[92.2914,24.0117]}},{"type":"Feature","properties":{"s":"Tripura","v":32.8},"geometry":{"type":"Point","coordinates":[91.6915,23.5071]}},{"type":"Feature","properties":{"s":"Tripura","v":32.8},"geometry":{"type":"Point","coordinates":[91.8269,23.9081]}},{"type":"Feature","properties":{"s":"Tripura","v":32.8},"geometry":{"type":"Point","coordinates":[91.6528,23.3112]}},{"type":"Feature","properties":{"s":"Tripura","v":32.8},"geometry":{"type":"Point","coordinates":[91.7699,23.4355]}},{"type":"Feature","properties":{"s":"Tripura","v":32.8},"geometry":{"type":"Point","coordinates":[92.1758,23.9093]}},{"type":"Feature","properties":{"s":"Tripura","v":32.8},"geometry":{"type":"Point","coordinates":[91.4052,23.691]}},{"type":"Feature","properties":{"s":"Tripura","v":32.8},"geometry":{"type":"Point","coordinates":[91.7834,24.0608]}},{"type":"Feature","properties":{"s":"Tripura","v":32.8},"geometry":{"type":"Point","coordinates":[91.422,23.7484]}},{"type":"Feature","properties":{"s":"Tripura","v":32.8},"geometry":{"type":"Point","coordinates":[91.9432,24.0572]}},{"type":"Feature","properties":{"s":"Tripura","v":32.8},"geometry":{"type":"Point","coordinates":[91.6142,23.2926]}},{"type":"Feature","properties":{"s":"Tripura","v":32.8},"geometry":{"type":"Point","coordinates":[91.9732,23.684]}},{"type":"Feature","properties":{"s":"Tripura","v":32.8},"geometry":{"type":"Point","coordinates":[91.498,23.3423]}},{"type":"Feature","properties":{"s":"Tripura","v":32.8},"geometry":{"type":"Point","coordinates":[91.6925,23.4098]}},{"type":"Feature","properties":{"s":"Tripura","v":32.8},"geometry":{"type":"Point","coordinates":[91.4253,23.7094]}},{"type":"Feature","properties":{"s":"Tripura","v":32.8},"geometry":{"type":"Point","coordinates":[91.4742,23.3529]}},{"type":"Feature","properties":{"s":"Tripura","v":32.8},"geometry":{"type":"Point","coordinates":[91.4943,23.1706]}},{"type":"Feature","properties":{"s":"Tripura","v":32.8},"geometry":{"type":"Point","coordinates":[91.4055,23.5778]}},{"type":"Feature","properties":{"s":"Tripura","v":32.8},"geometry":{"type":"Point","coordinates":[91.8406,23.52]}},{"type":"Feature","properties":{"s":"Tripura","v":32.8},"geometry":{"type":"Point","coordinates":[91.9885,24.2199]}},{"type":"Feature","properties":{"s":"Tripura","v":32.8},"geometry":{"type":"Point","coordinates":[91.3013,23.9639]}},{"type":"Feature","properties":{"s":"Tripura","v":32.8},"geometry":{"type":"Point","coordinates":[91.2197,23.605]}},{"type":"Feature","properties":{"s":"Tripura","v":32.8},"geometry":{"type":"Point","coordinates":[92.089,23.8596]}},{"type":"Feature","properties":{"s":"Tripura","v":32.8},"geometry":{"type":"Point","coordinates":[91.6832,23.7697]}},{"type":"Feature","properties":{"s":"Tripura","v":32.8},"geometry":{"type":"Point","coordinates":[91.5437,23.4566]}},{"type":"Feature","properties":{"s":"Tripura","v":32.8},"geometry":{"type":"Point","coordinates":[91.7448,23.1514]}},{"type":"Feature","properties":{"s":"Tripura","v":32.8},"geometry":{"type":"Point","coordinates":[92.0336,23.9269]}},{"type":"Feature","properties":{"s":"Tripura","v":32.8},"geometry":{"type":"Point","coordinates":[92.0714,23.7694]}},{"type":"Feature","properties":{"s":"Tripura","v":32.8},"geometry":{"type":"Point","coordinates":[91.5483,23.8662]}},{"type":"Feature","properties":{"s":"Tripura","v":32.8},"geometry":{"type":"Point","coordinates":[91.8251,23.5942]}},{"type":"Feature","properties":{"s":"Tripura","v":32.8},"geometry":{"type":"Point","coordinates":[91.9776,24.0265]}},{"type":"Feature","properties":{"s":"Tripura","v":32.8},"geometry":{"type":"Point","coordinates":[91.8577,23.7226]}},{"type":"Feature","properties":{"s":"Tripura","v":32.8},"geometry":{"type":"Point","coordinates":[91.5463,23.9918]}},{"type":"Feature","properties":{"s":"Tripura","v":32.8},"geometry":{"type":"Point","coordinates":[91.8792,24.0506]}},{"type":"Feature","properties":{"s":"Tripura","v":32.8},"geometry":{"type":"Point","coordinates":[91.7575,23.6183]}},{"type":"Feature","properties":{"s":"Tripura","v":32.8},"geometry":{"type":"Point","coordinates":[91.9208,23.5609]}},{"type":"Feature","properties":{"s":"Tripura","v":32.8},"geometry":{"type":"Point","coordinates":[92.2996,23.9319]}},{"type":"Feature","properties":{"s":"Tripura","v":32.8},"geometry":{"type":"Point","coordinates":[91.4218,23.6512]}},{"type":"Feature","properties":{"s":"Tripura","v":32.8},"geometry":{"type":"Point","coordinates":[91.7681,24.0367]}},{"type":"Feature","properties":{"s":"Tripura","v":32.8},"geometry":{"type":"Point","coordinates":[92.2138,23.8872]}},{"type":"Feature","properties":{"s":"Tripura","v":32.8},"geometry":{"type":"Point","coordinates":[91.8552,23.9496]}},{"type":"Feature","properties":{"s":"Tripura","v":32.8},"geometry":{"type":"Point","coordinates":[91.9773,24.3508]}},{"type":"Feature","properties":{"s":"Tripura","v":32.8},"geometry":{"type":"Point","coordinates":[91.9341,23.9583]}},{"type":"Feature","properties":{"s":"Tripura","v":32.8},"geometry":{"type":"Point","coordinates":[92.0288,24.2555]}},{"type":"Feature","properties":{"s":"Tripura","v":32.8},"geometry":{"type":"Point","coordinates":[91.7144,23.834]}},{"type":"Feature","properties":{"s":"Tripura","v":32.8},"geometry":{"type":"Point","coordinates":[92.0037,24.0254]}},{"type":"Feature","properties":{"s":"Tripura","v":32.8},"geometry":{"type":"Point","coordinates":[91.6009,23.9435]}},{"type":"Feature","properties":{"s":"Tripura","v":32.8},"geometry":{"type":"Point","coordinates":[91.6016,23.6497]}},{"type":"Feature","properties":{"s":"Tripura","v":32.8},"geometry":{"type":"Point","coordinates":[91.6991,23.4613]}},{"type":"Feature","properties":{"s":"Tripura","v":32.8},"geometry":{"type":"Point","coordinates":[91.9484,23.4466]}},{"type":"Feature","properties":{"s":"Tripura","v":32.8},"geometry":{"type":"Point","coordinates":[91.2689,23.893]}},{"type":"Feature","properties":{"s":"Tripura","v":32.8},"geometry":{"type":"Point","coordinates":[91.3112,23.8784]}},{"type":"Feature","properties":{"s":"Tripura","v":32.8},"geometry":{"type":"Point","coordinates":[91.8384,24.1418]}},{"type":"Feature","properties":{"s":"Tripura","v":32.8},"geometry":{"type":"Point","coordinates":[91.1855,23.6702]}},{"type":"Feature","properties":{"s":"Tripura","v":32.8},"geometry":{"type":"Point","coordinates":[91.8746,23.7643]}},{"type":"Feature","properties":{"s":"Tripura","v":32.8},"geometry":{"type":"Point","coordinates":[92.0153,23.8185]}},{"type":"Feature","properties":{"s":"Tripura","v":32.8},"geometry":{"type":"Point","coordinates":[91.6186,23.8977]}},{"type":"Feature","properties":{"s":"Tripura","v":32.8},"geometry":{"type":"Point","coordinates":[91.3963,23.2166]}},{"type":"Feature","properties":{"s":"Tripura","v":32.8},"geometry":{"type":"Point","coordinates":[91.9737,23.8833]}},{"type":"Feature","properties":{"s":"Tripura","v":32.8},"geometry":{"type":"Point","coordinates":[91.8922,23.5917]}},{"type":"Feature","properties":{"s":"Tripura","v":32.8},"geometry":{"type":"Point","coordinates":[91.8077,23.7458]}},{"type":"Feature","properties":{"s":"Tripura","v":32.8},"geometry":{"type":"Point","coordinates":[91.9875,23.704]}},{"type":"Feature","properties":{"s":"Tripura","v":32.8},"geometry":{"type":"Point","coordinates":[91.8073,23.6431]}},{"type":"Feature","properties":{"s":"Tripura","v":32.8},"geometry":{"type":"Point","coordinates":[91.278,23.5679]}},{"type":"Feature","properties":{"s":"Tripura","v":32.8},"geometry":{"type":"Point","coordinates":[92.0822,23.7642]}},{"type":"Feature","properties":{"s":"Tripura","v":32.8},"geometry":{"type":"Point","coordinates":[91.227,23.6672]}},{"type":"Feature","properties":{"s":"Tripura","v":32.8},"geometry":{"type":"Point","coordinates":[91.6011,23.5909]}},{"type":"Feature","properties":{"s":"Tripura","v":32.8},"geometry":{"type":"Point","coordinates":[91.3756,23.4564]}},{"type":"Feature","properties":{"s":"Tripura","v":32.8},"geometry":{"type":"Point","coordinates":[91.5386,23.551]}},{"type":"Feature","properties":{"s":"Tripura","v":32.8},"geometry":{"type":"Point","coordinates":[91.8175,23.5174]}},{"type":"Feature","properties":{"s":"Tripura","v":32.8},"geometry":{"type":"Point","coordinates":[92.1403,23.803]}},{"type":"Feature","properties":{"s":"Tripura","v":32.8},"geometry":{"type":"Point","coordinates":[92.2652,24.1874]}},{"type":"Feature","properties":{"s":"Tripura","v":32.8},"geometry":{"type":"Point","coordinates":[92.2799,23.847]}},{"type":"Feature","properties":{"s":"Tripura","v":32.8},"geometry":{"type":"Point","coordinates":[91.755,23.9966]}},{"type":"Feature","properties":{"s":"Tripura","v":32.8},"geometry":{"type":"Point","coordinates":[91.6017,23.8402]}},{"type":"Feature","properties":{"s":"Tripura","v":32.8},"geometry":{"type":"Point","coordinates":[91.7011,24.1468]}},{"type":"Feature","properties":{"s":"Tripura","v":32.8},"geometry":{"type":"Point","coordinates":[91.3362,23.1512]}},{"type":"Feature","properties":{"s":"Tripura","v":32.8},"geometry":{"type":"Point","coordinates":[91.4724,23.7089]}},{"type":"Feature","properties":{"s":"Tripura","v":32.8},"geometry":{"type":"Point","coordinates":[91.3977,23.8511]}},{"type":"Feature","properties":{"s":"Tripura","v":32.8},"geometry":{"type":"Point","coordinates":[91.7234,23.8007]}},{"type":"Feature","properties":{"s":"Tripura","v":32.8},"geometry":{"type":"Point","coordinates":[92.2487,23.8488]}},{"type":"Feature","properties":{"s":"Tripura","v":32.8},"geometry":{"type":"Point","coordinates":[91.379,23.2699]}},{"type":"Feature","properties":{"s":"Tripura","v":32.8},"geometry":{"type":"Point","coordinates":[91.6638,23.7961]}},{"type":"Feature","properties":{"s":"Tripura","v":32.8},"geometry":{"type":"Point","coordinates":[91.9413,23.4401]}},{"type":"Feature","properties":{"s":"Tripura","v":32.8},"geometry":{"type":"Point","coordinates":[91.6697,24.02]}},{"type":"Feature","properties":{"s":"Tripura","v":32.8},"geometry":{"type":"Point","coordinates":[91.9486,23.7581]}},{"type":"Feature","properties":{"s":"Tripura","v":32.8},"geometry":{"type":"Point","coordinates":[91.528,23.2768]}},{"type":"Feature","properties":{"s":"Tripura","v":32.8},"geometry":{"type":"Point","coordinates":[92.0835,24.0225]}},{"type":"Feature","properties":{"s":"Tripura","v":32.8},"geometry":{"type":"Point","coordinates":[91.7156,23.1711]}},{"type":"Feature","properties":{"s":"Tripura","v":32.8},"geometry":{"type":"Point","coordinates":[91.1963,23.7087]}},{"type":"Feature","properties":{"s":"Tripura","v":32.8},"geometry":{"type":"Point","coordinates":[91.9406,23.6376]}},{"type":"Feature","properties":{"s":"Tripura","v":32.8},"geometry":{"type":"Point","coordinates":[92.224,24.4519]}},{"type":"Feature","properties":{"s":"Tripura","v":32.8},"geometry":{"type":"Point","coordinates":[92.0109,24.2384]}},{"type":"Feature","properties":{"s":"Tripura","v":32.8},"geometry":{"type":"Point","coordinates":[91.4869,23.6093]}},{"type":"Feature","properties":{"s":"Tripura","v":32.8},"geometry":{"type":"Point","coordinates":[91.9549,23.7065]}},{"type":"Feature","properties":{"s":"Tripura","v":32.8},"geometry":{"type":"Point","coordinates":[91.7503,23.6867]}},{"type":"Feature","properties":{"s":"Tripura","v":32.8},"geometry":{"type":"Point","coordinates":[91.7224,23.2534]}},{"type":"Feature","properties":{"s":"Tripura","v":32.8},"geometry":{"type":"Point","coordinates":[91.4763,23.2333]}},{"type":"Feature","properties":{"s":"Tripura","v":32.8},"geometry":{"type":"Point","coordinates":[92.0575,23.8183]}},{"type":"Feature","properties":{"s":"Tripura","v":32.8},"geometry":{"type":"Point","coordinates":[91.7018,23.2217]}},{"type":"Feature","properties":{"s":"Tripura","v":32.8},"geometry":{"type":"Point","coordinates":[91.3099,23.5372]}},{"type":"Feature","properties":{"s":"Tripura","v":32.8},"geometry":{"type":"Point","coordinates":[92.1575,24.1865]}},{"type":"Feature","properties":{"s":"Tripura","v":32.8},"geometry":{"type":"Point","coordinates":[92.2581,23.8677]}},{"type":"Feature","properties":{"s":"Tripura","v":32.8},"geometry":{"type":"Point","coordinates":[92.1234,24.4]}},{"type":"Feature","properties":{"s":"Tripura","v":32.8},"geometry":{"type":"Point","coordinates":[92.2971,24.2379]}},{"type":"Feature","properties":{"s":"Tripura","v":32.8},"geometry":{"type":"Point","coordinates":[91.9229,24.1571]}},{"type":"Feature","properties":{"s":"Tripura","v":32.8},"geometry":{"type":"Point","coordinates":[91.2461,23.5172]}},{"type":"Feature","properties":{"s":"Tripura","v":32.8},"geometry":{"type":"Point","coordinates":[91.5364,23.6892]}},{"type":"Feature","properties":{"s":"Tripura","v":32.8},"geometry":{"type":"Point","coordinates":[91.9427,23.8512]}},{"type":"Feature","properties":{"s":"Tripura","v":32.8},"geometry":{"type":"Point","coordinates":[91.8373,23.6982]}},{"type":"Feature","properties":{"s":"Tripura","v":32.8},"geometry":{"type":"Point","coordinates":[91.8386,23.9211]}},{"type":"Feature","properties":{"s":"Tripura","v":32.8},"geometry":{"type":"Point","coordinates":[91.5414,23.0541]}},{"type":"Feature","properties":{"s":"Tripura","v":32.8},"geometry":{"type":"Point","coordinates":[91.9029,23.7078]}},{"type":"Feature","properties":{"s":"Tripura","v":32.8},"geometry":{"type":"Point","coordinates":[91.8378,23.7556]}},{"type":"Feature","properties":{"s":"Tripura","v":32.8},"geometry":{"type":"Point","coordinates":[91.7578,24.0281]}},{"type":"Feature","properties":{"s":"Tripura","v":32.8},"geometry":{"type":"Point","coordinates":[91.6283,23.7895]}},{"type":"Feature","properties":{"s":"Tripura","v":32.8},"geometry":{"type":"Point","coordinates":[92.0624,24.2543]}},{"type":"Feature","properties":{"s":"Tripura","v":32.8},"geometry":{"type":"Point","coordinates":[91.8266,23.5891]}},{"type":"Feature","properties":{"s":"Tripura","v":32.8},"geometry":{"type":"Point","coordinates":[91.5282,23.3242]}},{"type":"Feature","properties":{"s":"Tripura","v":32.8},"geometry":{"type":"Point","coordinates":[92.149,23.7309]}},{"type":"Feature","properties":{"s":"Tripura","v":32.8},"geometry":{"type":"Point","coordinates":[91.8171,23.8984]}},{"type":"Feature","properties":{"s":"Tripura","v":32.8},"geometry":{"type":"Point","coordinates":[92.162,24.1804]}},{"type":"Feature","properties":{"s":"Tripura","v":32.8},"geometry":{"type":"Point","coordinates":[91.3035,23.6995]}},{"type":"Feature","properties":{"s":"Tripura","v":32.8},"geometry":{"type":"Point","coordinates":[91.743,24.1175]}},{"type":"Feature","properties":{"s":"Tripura","v":32.8},"geometry":{"type":"Point","coordinates":[91.6517,23.9292]}},{"type":"Feature","properties":{"s":"Tripura","v":32.8},"geometry":{"type":"Point","coordinates":[91.3596,23.431]}},{"type":"Feature","properties":{"s":"Tripura","v":32.8},"geometry":{"type":"Point","coordinates":[92.0931,23.7821]}},{"type":"Feature","properties":{"s":"Tripura","v":32.8},"geometry":{"type":"Point","coordinates":[91.6707,23.5467]}},{"type":"Feature","properties":{"s":"Tripura","v":32.8},"geometry":{"type":"Point","coordinates":[91.8119,23.7144]}},{"type":"Feature","properties":{"s":"Tripura","v":32.8},"geometry":{"type":"Point","coordinates":[91.8396,23.4174]}},{"type":"Feature","properties":{"s":"Tripura","v":32.8},"geometry":{"type":"Point","coordinates":[92.1446,23.9291]}},{"type":"Feature","properties":{"s":"Tripura","v":32.8},"geometry":{"type":"Point","coordinates":[91.6258,23.0667]}},{"type":"Feature","properties":{"s":"Tripura","v":32.8},"geometry":{"type":"Point","coordinates":[92.1085,24.3102]}},{"type":"Feature","properties":{"s":"Tripura","v":32.8},"geometry":{"type":"Point","coordinates":[91.4013,23.4555]}},{"type":"Feature","properties":{"s":"Tripura","v":32.8},"geometry":{"type":"Point","coordinates":[91.3907,23.2163]}},{"type":"Feature","properties":{"s":"Tripura","v":32.8},"geometry":{"type":"Point","coordinates":[91.673,23.2002]}},{"type":"Feature","properties":{"s":"Tripura","v":32.8},"geometry":{"type":"Point","coordinates":[91.6659,23.2451]}},{"type":"Feature","properties":{"s":"Tripura","v":32.8},"geometry":{"type":"Point","coordinates":[91.9142,24.0229]}},{"type":"Feature","properties":{"s":"Tripura","v":32.8},"geometry":{"type":"Point","coordinates":[91.933,23.7066]}},{"type":"Feature","properties":{"s":"Tripura","v":32.8},"geometry":{"type":"Point","coordinates":[92.1332,23.9069]}},{"type":"Feature","properties":{"s":"Tripura","v":32.8},"geometry":{"type":"Point","coordinates":[92.1354,23.7416]}},{"type":"Feature","properties":{"s":"Tripura","v":32.8},"geometry":{"type":"Point","coordinates":[91.7614,23.3403]}},{"type":"Feature","properties":{"s":"Tripura","v":32.8},"geometry":{"type":"Point","coordinates":[92.102,24.3484]}},{"type":"Feature","properties":{"s":"Tripura","v":32.8},"geometry":{"type":"Point","coordinates":[91.8995,23.46]}},{"type":"Feature","properties":{"s":"Tripura","v":32.8},"geometry":{"type":"Point","coordinates":[91.6462,23.7852]}},{"type":"Feature","properties":{"s":"Tripura","v":32.8},"geometry":{"type":"Point","coordinates":[91.3966,23.3527]}},{"type":"Feature","properties":{"s":"Tripura","v":32.8},"geometry":{"type":"Point","coordinates":[91.9584,24.0043]}},{"type":"Feature","properties":{"s":"Tripura","v":32.8},"geometry":{"type":"Point","coordinates":[91.5458,23.1495]}},{"type":"Feature","properties":{"s":"Tripura","v":32.8},"geometry":{"type":"Point","coordinates":[91.4868,23.889]}},{"type":"Feature","properties":{"s":"Tripura","v":32.8},"geometry":{"type":"Point","coordinates":[91.3837,23.7377]}},{"type":"Feature","properties":{"s":"Tripura","v":32.8},"geometry":{"type":"Point","coordinates":[91.6602,23.4049]}},{"type":"Feature","properties":{"s":"Tripura","v":32.8},"geometry":{"type":"Point","coordinates":[91.4135,23.4419]}},{"type":"Feature","properties":{"s":"Tripura","v":32.8},"geometry":{"type":"Point","coordinates":[91.7496,23.6026]}},{"type":"Feature","properties":{"s":"Tripura","v":32.8},"geometry":{"type":"Point","coordinates":[91.7638,24.2134]}},{"type":"Feature","properties":{"s":"Tripura","v":32.8},"geometry":{"type":"Point","coordinates":[91.6344,23.3102]}},{"type":"Feature","properties":{"s":"Tripura","v":32.8},"geometry":{"type":"Point","coordinates":[91.9958,24.3145]}},{"type":"Feature","properties":{"s":"Tripura","v":32.8},"geometry":{"type":"Point","coordinates":[92.2443,24.1662]}},{"type":"Feature","properties":{"s":"Tripura","v":32.8},"geometry":{"type":"Point","coordinates":[91.4245,23.4873]}},{"type":"Feature","properties":{"s":"Tripura","v":32.8},"geometry":{"type":"Point","coordinates":[92.0793,24.1991]}},{"type":"Feature","properties":{"s":"Tripura","v":32.8},"geometry":{"type":"Point","coordinates":[91.5823,23.7681]}},{"type":"Feature","properties":{"s":"Tripura","v":32.8},"geometry":{"type":"Point","coordinates":[91.7638,24.0154]}},{"type":"Feature","properties":{"s":"Tripura","v":32.8},"geometry":{"type":"Point","coordinates":[91.9008,23.8546]}},{"type":"Feature","properties":{"s":"Tripura","v":32.8},"geometry":{"type":"Point","coordinates":[91.8588,23.9947]}},{"type":"Feature","properties":{"s":"Tripura","v":32.8},"geometry":{"type":"Point","coordinates":[91.3906,23.278]}},{"type":"Feature","properties":{"s":"Tripura","v":32.8},"geometry":{"type":"Point","coordinates":[91.3614,23.3473]}},{"type":"Feature","properties":{"s":"Tripura","v":32.8},"geometry":{"type":"Point","coordinates":[91.7317,23.6904]}},{"type":"Feature","properties":{"s":"Tripura","v":32.8},"geometry":{"type":"Point","coordinates":[91.3028,23.8095]}},{"type":"Feature","properties":{"s":"Tripura","v":32.8},"geometry":{"type":"Point","coordinates":[91.4976,23.5307]}},{"type":"Feature","properties":{"s":"Tripura","v":32.8},"geometry":{"type":"Point","coordinates":[92.226,24.2275]}},{"type":"Feature","properties":{"s":"Tripura","v":32.8},"geometry":{"type":"Point","coordinates":[91.7204,23.2477]}},{"type":"Feature","properties":{"s":"Tripura","v":32.8},"geometry":{"type":"Point","coordinates":[91.3881,23.7537]}},{"type":"Feature","properties":{"s":"Tripura","v":32.8},"geometry":{"type":"Point","coordinates":[91.5272,23.9498]}},{"type":"Feature","properties":{"s":"Tripura","v":32.8},"geometry":{"type":"Point","coordinates":[91.6876,23.6106]}},{"type":"Feature","properties":{"s":"Tripura","v":32.8},"geometry":{"type":"Point","coordinates":[91.665,23.2275]}},{"type":"Feature","properties":{"s":"Tripura","v":32.8},"geometry":{"type":"Point","coordinates":[92.1804,24.2781]}},{"type":"Feature","properties":{"s":"Tripura","v":32.8},"geometry":{"type":"Point","coordinates":[91.8278,24.0182]}},{"type":"Feature","properties":{"s":"Tripura","v":32.8},"geometry":{"type":"Point","coordinates":[92.233,23.8405]}},{"type":"Feature","properties":{"s":"Tripura","v":32.8},"geometry":{"type":"Point","coordinates":[91.2665,23.4716]}},{"type":"Feature","properties":{"s":"Tripura","v":32.8},"geometry":{"type":"Point","coordinates":[92.1564,24.4321]}},{"type":"Feature","properties":{"s":"Tripura","v":32.8},"geometry":{"type":"Point","coordinates":[92.0745,23.7892]}},{"type":"Feature","properties":{"s":"Tripura","v":32.8},"geometry":{"type":"Point","coordinates":[91.4516,23.6649]}},{"type":"Feature","properties":{"s":"Tripura","v":32.8},"geometry":{"type":"Point","coordinates":[92.0897,24.3252]}},{"type":"Feature","properties":{"s":"Tripura","v":32.8},"geometry":{"type":"Point","coordinates":[91.5897,23.788]}},{"type":"Feature","properties":{"s":"Tripura","v":32.8},"geometry":{"type":"Point","coordinates":[91.9652,24.1104]}},{"type":"Feature","properties":{"s":"Tripura","v":32.8},"geometry":{"type":"Point","coordinates":[92.2095,24.2748]}},{"type":"Feature","properties":{"s":"Tripura","v":32.8},"geometry":{"type":"Point","coordinates":[91.5265,23.9166]}},{"type":"Feature","properties":{"s":"Tripura","v":32.8},"geometry":{"type":"Point","coordinates":[91.5321,23.914]}},{"type":"Feature","properties":{"s":"Tripura","v":32.8},"geometry":{"type":"Point","coordinates":[91.6577,23.5311]}},{"type":"Feature","properties":{"s":"Tripura","v":32.8},"geometry":{"type":"Point","coordinates":[91.5575,23.6975]}},{"type":"Feature","properties":{"s":"Tripura","v":32.8},"geometry":{"type":"Point","coordinates":[91.9078,23.5309]}},{"type":"Feature","properties":{"s":"Tripura","v":32.8},"geometry":{"type":"Point","coordinates":[91.796,23.6146]}},{"type":"Feature","properties":{"s":"Tripura","v":32.8},"geometry":{"type":"Point","coordinates":[91.2411,23.8522]}},{"type":"Feature","properties":{"s":"Tripura","v":32.8},"geometry":{"type":"Point","coordinates":[91.7476,23.9825]}},{"type":"Feature","properties":{"s":"Tripura","v":32.8},"geometry":{"type":"Point","coordinates":[92.2784,24.1818]}},{"type":"Feature","properties":{"s":"Tripura","v":32.8},"geometry":{"type":"Point","coordinates":[91.3168,23.6709]}},{"type":"Feature","properties":{"s":"Tripura","v":32.8},"geometry":{"type":"Point","coordinates":[92.218,23.7935]}},{"type":"Feature","properties":{"s":"Tripura","v":32.8},"geometry":{"type":"Point","coordinates":[92.0161,24.249]}},{"type":"Feature","properties":{"s":"Tripura","v":32.8},"geometry":{"type":"Point","coordinates":[91.9741,23.9505]}},{"type":"Feature","properties":{"s":"Tripura","v":32.8},"geometry":{"type":"Point","coordinates":[91.9705,24.0267]}},{"type":"Feature","properties":{"s":"Tripura","v":32.8},"geometry":{"type":"Point","coordinates":[91.9332,24.0642]}},{"type":"Feature","properties":{"s":"Tripura","v":32.8},"geometry":{"type":"Point","coordinates":[91.4299,23.9254]}},{"type":"Feature","properties":{"s":"Tripura","v":32.8},"geometry":{"type":"Point","coordinates":[91.1709,23.6381]}},{"type":"Feature","properties":{"s":"Tripura","v":32.8},"geometry":{"type":"Point","coordinates":[92.2658,24.1525]}},{"type":"Feature","properties":{"s":"Tripura","v":32.8},"geometry":{"type":"Point","coordinates":[91.356,23.9057]}},{"type":"Feature","properties":{"s":"Tripura","v":32.8},"geometry":{"type":"Point","coordinates":[92.0948,24.0299]}},{"type":"Feature","properties":{"s":"Tripura","v":32.8},"geometry":{"type":"Point","coordinates":[91.5494,23.0783]}},{"type":"Feature","properties":{"s":"Tripura","v":32.8},"geometry":{"type":"Point","coordinates":[91.8498,23.6682]}},{"type":"Feature","properties":{"s":"Tripura","v":32.8},"geometry":{"type":"Point","coordinates":[92.0389,24.2676]}},{"type":"Feature","properties":{"s":"Tripura","v":32.8},"geometry":{"type":"Point","coordinates":[91.4168,23.4045]}},{"type":"Feature","properties":{"s":"Tripura","v":32.8},"geometry":{"type":"Point","coordinates":[92.2876,24.1276]}},{"type":"Feature","properties":{"s":"Tripura","v":32.8},"geometry":{"type":"Point","coordinates":[92.215,23.7264]}},{"type":"Feature","properties":{"s":"Tripura","v":32.8},"geometry":{"type":"Point","coordinates":[92.2674,23.873]}},{"type":"Feature","properties":{"s":"Tripura","v":32.8},"geometry":{"type":"Point","coordinates":[92.0883,23.8844]}},{"type":"Feature","properties":{"s":"Tripura","v":32.8},"geometry":{"type":"Point","coordinates":[91.3834,23.7765]}},{"type":"Feature","properties":{"s":"Tripura","v":32.8},"geometry":{"type":"Point","coordinates":[91.8376,23.4117]}},{"type":"Feature","properties":{"s":"Tripura","v":32.8},"geometry":{"type":"Point","coordinates":[91.4449,23.4988]}},{"type":"Feature","properties":{"s":"Tripura","v":32.8},"geometry":{"type":"Point","coordinates":[91.9229,23.9641]}},{"type":"Feature","properties":{"s":"Tripura","v":32.8},"geometry":{"type":"Point","coordinates":[91.5556,23.0106]}},{"type":"Feature","properties":{"s":"Tripura","v":32.8},"geometry":{"type":"Point","coordinates":[91.5326,23.3236]}},{"type":"Feature","properties":{"s":"Tripura","v":32.8},"geometry":{"type":"Point","coordinates":[91.4604,23.3538]}},{"type":"Feature","properties":{"s":"Tripura","v":32.8},"geometry":{"type":"Point","coordinates":[91.6125,23.4193]}},{"type":"Feature","properties":{"s":"Tripura","v":32.8},"geometry":{"type":"Point","coordinates":[91.6238,23.2146]}},{"type":"Feature","properties":{"s":"Tripura","v":32.8},"geometry":{"type":"Point","coordinates":[91.6401,23.5988]}},{"type":"Feature","properties":{"s":"Tripura","v":32.8},"geometry":{"type":"Point","coordinates":[91.8905,23.9791]}},{"type":"Feature","properties":{"s":"Tripura","v":32.8},"geometry":{"type":"Point","coordinates":[92.0842,24.135]}},{"type":"Feature","properties":{"s":"Tripura","v":32.8},"geometry":{"type":"Point","coordinates":[91.949,24.0597]}},{"type":"Feature","properties":{"s":"Tripura","v":32.8},"geometry":{"type":"Point","coordinates":[91.8208,23.97]}},{"type":"Feature","properties":{"s":"Tripura","v":32.8},"geometry":{"type":"Point","coordinates":[91.6386,23.4375]}},{"type":"Feature","properties":{"s":"Tripura","v":32.8},"geometry":{"type":"Point","coordinates":[91.6262,23.5762]}},{"type":"Feature","properties":{"s":"Tripura","v":32.8},"geometry":{"type":"Point","coordinates":[91.7182,23.7699]}},{"type":"Feature","properties":{"s":"Tripura","v":32.8},"geometry":{"type":"Point","coordinates":[91.904,23.5642]}},{"type":"Feature","properties":{"s":"Tripura","v":32.8},"geometry":{"type":"Point","coordinates":[91.7102,23.7703]}},{"type":"Feature","properties":{"s":"Tripura","v":32.8},"geometry":{"type":"Point","coordinates":[91.7961,24.1858]}},{"type":"Feature","properties":{"s":"Tripura","v":32.8},"geometry":{"type":"Point","coordinates":[92.0563,24.2488]}},{"type":"Feature","properties":{"s":"Tripura","v":32.8},"geometry":{"type":"Point","coordinates":[92.1183,24.1887]}},{"type":"Feature","properties":{"s":"Tripura","v":32.8},"geometry":{"type":"Point","coordinates":[91.724,23.8498]}},{"type":"Feature","properties":{"s":"Tripura","v":32.8},"geometry":{"type":"Point","coordinates":[91.5254,23.2551]}},{"type":"Feature","properties":{"s":"Tripura","v":32.8},"geometry":{"type":"Point","coordinates":[91.5963,23.3879]}},{"type":"Feature","properties":{"s":"Tripura","v":32.8},"geometry":{"type":"Point","coordinates":[91.837,24.0145]}},{"type":"Feature","properties":{"s":"Tripura","v":32.8},"geometry":{"type":"Point","coordinates":[91.3467,23.9528]}},{"type":"Feature","properties":{"s":"Tripura","v":32.8},"geometry":{"type":"Point","coordinates":[91.5078,23.3092]}},{"type":"Feature","properties":{"s":"Tripura","v":32.8},"geometry":{"type":"Point","coordinates":[91.8353,23.6448]}},{"type":"Feature","properties":{"s":"Tripura","v":32.8},"geometry":{"type":"Point","coordinates":[91.9399,24.0634]}},{"type":"Feature","properties":{"s":"Tripura","v":32.8},"geometry":{"type":"Point","coordinates":[91.9236,24.1245]}},{"type":"Feature","properties":{"s":"Tripura","v":32.8},"geometry":{"type":"Point","coordinates":[91.8041,23.362]}},{"type":"Feature","properties":{"s":"Tripura","v":32.8},"geometry":{"type":"Point","coordinates":[91.7776,23.4449]}},{"type":"Feature","properties":{"s":"Tripura","v":32.8},"geometry":{"type":"Point","coordinates":[92.1685,24.3859]}},{"type":"Feature","properties":{"s":"Tripura","v":32.8},"geometry":{"type":"Point","coordinates":[92.0368,23.6765]}},{"type":"Feature","properties":{"s":"Tripura","v":32.8},"geometry":{"type":"Point","coordinates":[92.11,24.1848]}},{"type":"Feature","properties":{"s":"Tripura","v":32.8},"geometry":{"type":"Point","coordinates":[91.584,23.3762]}},{"type":"Feature","properties":{"s":"Tripura","v":32.8},"geometry":{"type":"Point","coordinates":[91.2183,23.7096]}},{"type":"Feature","properties":{"s":"Tripura","v":32.8},"geometry":{"type":"Point","coordinates":[92.1927,23.7563]}},{"type":"Feature","properties":{"s":"Tripura","v":32.8},"geometry":{"type":"Point","coordinates":[91.5216,23.5578]}},{"type":"Feature","properties":{"s":"Tripura","v":32.8},"geometry":{"type":"Point","coordinates":[92.1319,24.2909]}},{"type":"Feature","properties":{"s":"Tripura","v":32.8},"geometry":{"type":"Point","coordinates":[92.1676,24.1635]}},{"type":"Feature","properties":{"s":"Tripura","v":32.8},"geometry":{"type":"Point","coordinates":[91.939,24.026]}},{"type":"Feature","properties":{"s":"Tripura","v":32.8},"geometry":{"type":"Point","coordinates":[92.0872,24.0752]}},{"type":"Feature","properties":{"s":"Tripura","v":32.8},"geometry":{"type":"Point","coordinates":[92.1962,24.2705]}},{"type":"Feature","properties":{"s":"Tripura","v":32.8},"geometry":{"type":"Point","coordinates":[91.9949,23.9111]}},{"type":"Feature","properties":{"s":"Tripura","v":32.8},"geometry":{"type":"Point","coordinates":[92.0783,24.3629]}},{"type":"Feature","properties":{"s":"Tripura","v":32.8},"geometry":{"type":"Point","coordinates":[91.4897,24.0473]}},{"type":"Feature","properties":{"s":"Tripura","v":32.8},"geometry":{"type":"Point","coordinates":[92.214,24.2891]}},{"type":"Feature","properties":{"s":"Tripura","v":32.8},"geometry":{"type":"Point","coordinates":[91.4317,23.8401]}},{"type":"Feature","properties":{"s":"Tripura","v":32.8},"geometry":{"type":"Point","coordinates":[91.4828,23.6079]}},{"type":"Feature","properties":{"s":"Tripura","v":32.8},"geometry":{"type":"Point","coordinates":[91.6874,23.5308]}},{"type":"Feature","properties":{"s":"Tripura","v":32.8},"geometry":{"type":"Point","coordinates":[92.1778,23.8187]}},{"type":"Feature","properties":{"s":"Tripura","v":32.8},"geometry":{"type":"Point","coordinates":[91.8946,23.4996]}},{"type":"Feature","properties":{"s":"Tripura","v":32.8},"geometry":{"type":"Point","coordinates":[91.7356,23.9811]}},{"type":"Feature","properties":{"s":"Tripura","v":32.8},"geometry":{"type":"Point","coordinates":[91.5206,23.1362]}},{"type":"Feature","properties":{"s":"Tripura","v":32.8},"geometry":{"type":"Point","coordinates":[91.2907,23.3711]}},{"type":"Feature","properties":{"s":"Tripura","v":32.8},"geometry":{"type":"Point","coordinates":[92.1092,24.2067]}},{"type":"Feature","properties":{"s":"Tripura","v":32.8},"geometry":{"type":"Point","coordinates":[92.1739,24.0969]}},{"type":"Feature","properties":{"s":"Tripura","v":32.8},"geometry":{"type":"Point","coordinates":[91.5905,23.906]}},{"type":"Feature","properties":{"s":"Tripura","v":32.8},"geometry":{"type":"Point","coordinates":[91.6472,23.0494]}},{"type":"Feature","properties":{"s":"Tripura","v":32.8},"geometry":{"type":"Point","coordinates":[91.6463,23.7904]}},{"type":"Feature","properties":{"s":"Tripura","v":32.8},"geometry":{"type":"Point","coordinates":[91.8165,23.4734]}},{"type":"Feature","properties":{"s":"Tripura","v":32.8},"geometry":{"type":"Point","coordinates":[91.6596,23.6566]}},{"type":"Feature","properties":{"s":"Tripura","v":32.8},"geometry":{"type":"Point","coordinates":[91.4046,23.8754]}},{"type":"Feature","properties":{"s":"Tripura","v":32.8},"geometry":{"type":"Point","coordinates":[91.9839,24.3076]}},{"type":"Feature","properties":{"s":"Tripura","v":32.8},"geometry":{"type":"Point","coordinates":[91.884,23.8643]}},{"type":"Feature","properties":{"s":"Tripura","v":32.8},"geometry":{"type":"Point","coordinates":[92.1287,24.3674]}},{"type":"Feature","properties":{"s":"Tripura","v":32.8},"geometry":{"type":"Point","coordinates":[91.6174,24.07]}},{"type":"Feature","properties":{"s":"Tripura","v":32.8},"geometry":{"type":"Point","coordinates":[91.5006,23.2465]}},{"type":"Feature","properties":{"s":"Tripura","v":32.8},"geometry":{"type":"Point","coordinates":[91.525,23.9728]}},{"type":"Feature","properties":{"s":"Tripura","v":32.8},"geometry":{"type":"Point","coordinates":[91.9831,24.2543]}},{"type":"Feature","properties":{"s":"Tripura","v":32.8},"geometry":{"type":"Point","coordinates":[91.8048,23.4569]}},{"type":"Feature","properties":{"s":"Tripura","v":32.8},"geometry":{"type":"Point","coordinates":[91.5564,23.1228]}},{"type":"Feature","properties":{"s":"Tripura","v":32.8},"geometry":{"type":"Point","coordinates":[91.524,23.8742]}},{"type":"Feature","properties":{"s":"Tripura","v":32.8},"geometry":{"type":"Point","coordinates":[92.0261,24.0749]}},{"type":"Feature","properties":{"s":"Tripura","v":32.8},"geometry":{"type":"Point","coordinates":[91.3322,23.3194]}},{"type":"Feature","properties":{"s":"Tripura","v":32.8},"geometry":{"type":"Point","coordinates":[91.5464,23.1521]}},{"type":"Feature","properties":{"s":"Tripura","v":32.8},"geometry":{"type":"Point","coordinates":[91.4898,23.7897]}},{"type":"Feature","properties":{"s":"Tripura","v":32.8},"geometry":{"type":"Point","coordinates":[92.116,23.9734]}},{"type":"Feature","properties":{"s":"Tripura","v":32.8},"geometry":{"type":"Point","coordinates":[91.4678,23.5101]}},{"type":"Feature","properties":{"s":"Tripura","v":32.8},"geometry":{"type":"Point","coordinates":[92.1345,24.1735]}},{"type":"Feature","properties":{"s":"Tripura","v":32.8},"geometry":{"type":"Point","coordinates":[91.4584,23.9919]}},{"type":"Feature","properties":{"s":"Tripura","v":32.8},"geometry":{"type":"Point","coordinates":[91.5608,23.1433]}},{"type":"Feature","properties":{"s":"Tripura","v":32.8},"geometry":{"type":"Point","coordinates":[91.6194,23.5732]}},{"type":"Feature","properties":{"s":"Tripura","v":32.8},"geometry":{"type":"Point","coordinates":[92.0909,23.7575]}},{"type":"Feature","properties":{"s":"Tripura","v":32.8},"geometry":{"type":"Point","coordinates":[91.722,23.2663]}},{"type":"Feature","properties":{"s":"Tripura","v":32.8},"geometry":{"type":"Point","coordinates":[91.5773,23.4266]}},{"type":"Feature","properties":{"s":"Tripura","v":32.8},"geometry":{"type":"Point","coordinates":[92.1233,24.0838]}},{"type":"Feature","properties":{"s":"Tripura","v":32.8},"geometry":{"type":"Point","coordinates":[91.7534,23.3472]}},{"type":"Feature","properties":{"s":"Tripura","v":32.8},"geometry":{"type":"Point","coordinates":[91.3108,23.8869]}},{"type":"Feature","properties":{"s":"Tripura","v":32.8},"geometry":{"type":"Point","coordinates":[91.3486,23.6003]}},{"type":"Feature","properties":{"s":"Tripura","v":32.8},"geometry":{"type":"Point","coordinates":[92.1343,24.1443]}},{"type":"Feature","properties":{"s":"Tripura","v":32.8},"geometry":{"type":"Point","coordinates":[91.3399,23.6906]}},{"type":"Feature","properties":{"s":"Tripura","v":32.8},"geometry":{"type":"Point","coordinates":[92.2653,23.9859]}},{"type":"Feature","properties":{"s":"Tripura","v":32.8},"geometry":{"type":"Point","coordinates":[91.2789,23.4829]}},{"type":"Feature","properties":{"s":"Tripura","v":32.8},"geometry":{"type":"Point","coordinates":[92.0008,23.9009]}},{"type":"Feature","properties":{"s":"Tripura","v":32.8},"geometry":{"type":"Point","coordinates":[91.8136,23.7317]}},{"type":"Feature","properties":{"s":"Tripura","v":32.8},"geometry":{"type":"Point","coordinates":[91.7514,23.9771]}},{"type":"Feature","properties":{"s":"Tripura","v":32.8},"geometry":{"type":"Point","coordinates":[92.1714,24.1421]}},{"type":"Feature","properties":{"s":"Tripura","v":32.8},"geometry":{"type":"Point","coordinates":[91.9682,24.2398]}},{"type":"Feature","properties":{"s":"Tripura","v":32.8},"geometry":{"type":"Point","coordinates":[91.4812,23.4302]}},{"type":"Feature","properties":{"s":"Tripura","v":32.8},"geometry":{"type":"Point","coordinates":[91.7793,23.8857]}},{"type":"Feature","properties":{"s":"Tripura","v":32.8},"geometry":{"type":"Point","coordinates":[91.5504,23.8356]}},{"type":"Feature","properties":{"s":"Tripura","v":32.8},"geometry":{"type":"Point","coordinates":[91.864,24.0264]}},{"type":"Feature","properties":{"s":"Tripura","v":32.8},"geometry":{"type":"Point","coordinates":[91.3487,23.512]}},{"type":"Feature","properties":{"s":"Tripura","v":32.8},"geometry":{"type":"Point","coordinates":[91.8176,24.1096]}},{"type":"Feature","properties":{"s":"Tripura","v":32.8},"geometry":{"type":"Point","coordinates":[91.5693,23.8473]}},{"type":"Feature","properties":{"s":"Tripura","v":32.8},"geometry":{"type":"Point","coordinates":[91.5812,23.5711]}},{"type":"Feature","properties":{"s":"Tripura","v":32.8},"geometry":{"type":"Point","coordinates":[91.3075,23.3507]}},{"type":"Feature","properties":{"s":"Tripura","v":32.8},"geometry":{"type":"Point","coordinates":[91.3879,23.8678]}},{"type":"Feature","properties":{"s":"Tripura","v":32.8},"geometry":{"type":"Point","coordinates":[92.0278,23.714]}},{"type":"Feature","properties":{"s":"Uttarakhand","v":2.7},"geometry":{"type":"Point","coordinates":[78.9863,30.4971]}},{"type":"Feature","properties":{"s":"Uttarakhand","v":2.7},"geometry":{"type":"Point","coordinates":[79.3762,29.2779]}},{"type":"Feature","properties":{"s":"Uttarakhand","v":2.7},"geometry":{"type":"Point","coordinates":[80.6179,29.9769]}},{"type":"Feature","properties":{"s":"Uttarakhand","v":2.7},"geometry":{"type":"Point","coordinates":[79.6521,29.0297]}},{"type":"Feature","properties":{"s":"Uttarakhand","v":2.7},"geometry":{"type":"Point","coordinates":[79.3717,29.9646]}},{"type":"Feature","properties":{"s":"Uttarakhand","v":2.7},"geometry":{"type":"Point","coordinates":[78.3208,30.3589]}},{"type":"Feature","properties":{"s":"Uttarakhand","v":2.7},"geometry":{"type":"Point","coordinates":[79.3715,30.638]}},{"type":"Feature","properties":{"s":"Uttarakhand","v":2.7},"geometry":{"type":"Point","coordinates":[80.3426,29.7775]}},{"type":"Feature","properties":{"s":"Uttarakhand","v":2.7},"geometry":{"type":"Point","coordinates":[78.82,29.6923]}},{"type":"Feature","properties":{"s":"Uttarakhand","v":2.7},"geometry":{"type":"Point","coordinates":[79.3034,30.7757]}},{"type":"Feature","properties":{"s":"Uttarakhand","v":2.7},"geometry":{"type":"Point","coordinates":[79.8777,29.7346]}},{"type":"Feature","properties":{"s":"Uttarakhand","v":2.7},"geometry":{"type":"Point","coordinates":[78.8749,29.9738]}},{"type":"Feature","properties":{"s":"Uttarakhand","v":2.7},"geometry":{"type":"Point","coordinates":[78.6898,29.8819]}},{"type":"Feature","properties":{"s":"Uttarakhand","v":2.7},"geometry":{"type":"Point","coordinates":[79.7984,29.2551]}},{"type":"Feature","properties":{"s":"Uttarakhand","v":2.7},"geometry":{"type":"Point","coordinates":[79.7211,29.5257]}},{"type":"Feature","properties":{"s":"Uttarakhand","v":2.7},"geometry":{"type":"Point","coordinates":[79.6434,30.3556]}},{"type":"Feature","properties":{"s":"Uttarakhand","v":2.7},"geometry":{"type":"Point","coordinates":[78.4506,30.6353]}},{"type":"Feature","properties":{"s":"Uttarakhand","v":2.7},"geometry":{"type":"Point","coordinates":[79.4412,29.0845]}},{"type":"Feature","properties":{"s":"Uttarakhand","v":2.7},"geometry":{"type":"Point","coordinates":[78.1692,30.475]}},{"type":"Feature","properties":{"s":"Uttarakhand","v":2.7},"geometry":{"type":"Point","coordinates":[78.3627,30.6395]}},{"type":"Feature","properties":{"s":"Uttarakhand","v":2.7},"geometry":{"type":"Point","coordinates":[78.8775,30.326]}},{"type":"Feature","properties":{"s":"Uttarakhand","v":2.7},"geometry":{"type":"Point","coordinates":[79.8007,30.4019]}},{"type":"Feature","properties":{"s":"Uttarakhand","v":2.7},"geometry":{"type":"Point","coordinates":[80.8245,30.2968]}},{"type":"Feature","properties":{"s":"Uttarakhand","v":2.7},"geometry":{"type":"Point","coordinates":[79.8249,30.08]}},{"type":"Feature","properties":{"s":"Uttarakhand","v":2.7},"geometry":{"type":"Point","coordinates":[80.0447,30.3424]}},{"type":"Feature","properties":{"s":"Uttarakhand","v":2.7},"geometry":{"type":"Point","coordinates":[78.0007,29.9396]}},{"type":"Feature","properties":{"s":"Uttarakhand","v":2.7},"geometry":{"type":"Point","coordinates":[79.1125,30.8435]}},{"type":"Feature","properties":{"s":"Uttarakhand","v":2.7},"geometry":{"type":"Point","coordinates":[80.0324,28.8541]}},{"type":"Feature","properties":{"s":"Uttarakhand","v":2.7},"geometry":{"type":"Point","coordinates":[80.0349,29.0662]}},{"type":"Feature","properties":{"s":"Uttarakhand","v":2.7},"geometry":{"type":"Point","coordinates":[80.3024,29.8034]}},{"type":"Feature","properties":{"s":"Uttarakhand","v":2.7},"geometry":{"type":"Point","coordinates":[78.4782,30.72]}},{"type":"Feature","properties":{"s":"Uttarakhand","v":2.7},"geometry":{"type":"Point","coordinates":[78.2319,30.2761]}},{"type":"Feature","properties":{"s":"Uttarakhand","v":2.7},"geometry":{"type":"Point","coordinates":[79.9595,29.4184]}},{"type":"Feature","properties":{"s":"Uttarakhand","v":2.7},"geometry":{"type":"Point","coordinates":[79.4728,30.0039]}},{"type":"Feature","properties":{"s":"Uttarakhand","v":2.7},"geometry":{"type":"Point","coordinates":[79.9274,30.3854]}},{"type":"Feature","properties":{"s":"Uttarakhand","v":2.7},"geometry":{"type":"Point","coordinates":[78.0795,30.6667]}},{"type":"Feature","properties":{"s":"Uttarakhand","v":2.7},"geometry":{"type":"Point","coordinates":[78.399,29.7826]}},{"type":"Feature","properties":{"s":"Uttarakhand","v":2.7},"geometry":{"type":"Point","coordinates":[78.2352,30.4578]}},{"type":"Feature","properties":{"s":"Uttarakhand","v":2.7},"geometry":{"type":"Point","coordinates":[79.8339,30.1072]}},{"type":"Feature","properties":{"s":"Uttarakhand","v":2.7},"geometry":{"type":"Point","coordinates":[78.4829,31.1503]}},{"type":"Feature","properties":{"s":"Uttarakhand","v":2.7},"geometry":{"type":"Point","coordinates":[78.6178,31.0309]}},{"type":"Feature","properties":{"s":"Uttarakhand","v":2.7},"geometry":{"type":"Point","coordinates":[79.7564,29.1454]}},{"type":"Feature","properties":{"s":"Uttarakhand","v":2.7},"geometry":{"type":"Point","coordinates":[78.4451,30.9412]}},{"type":"Feature","properties":{"s":"Uttarakhand","v":2.7},"geometry":{"type":"Point","coordinates":[79.7049,30.2008]}},{"type":"Feature","properties":{"s":"Uttarakhand","v":2.7},"geometry":{"type":"Point","coordinates":[79.6588,30.7405]}},{"type":"Feature","properties":{"s":"Uttarakhand","v":2.7},"geometry":{"type":"Point","coordinates":[78.0797,29.6464]}},{"type":"Feature","properties":{"s":"Uttarakhand","v":2.7},"geometry":{"type":"Point","coordinates":[77.7885,30.6722]}},{"type":"Feature","properties":{"s":"Uttarakhand","v":2.7},"geometry":{"type":"Point","coordinates":[79.909,29.8284]}},{"type":"Feature","properties":{"s":"Uttarakhand","v":2.7},"geometry":{"type":"Point","coordinates":[79.1576,30.9278]}},{"type":"Feature","properties":{"s":"Telangana","v":0.8},"geometry":{"type":"Point","coordinates":[78.116,16.1587]}},{"type":"Feature","properties":{"s":"Telangana","v":0.8},"geometry":{"type":"Point","coordinates":[77.8594,19.0513]}},{"type":"Feature","properties":{"s":"Telangana","v":0.8},"geometry":{"type":"Point","coordinates":[79.04,19.3908]}},{"type":"Feature","properties":{"s":"Telangana","v":0.8},"geometry":{"type":"Point","coordinates":[80.5605,17.1821]}},{"type":"Feature","properties":{"s":"Telangana","v":0.8},"geometry":{"type":"Point","coordinates":[78.2616,18.5112]}},{"type":"Feature","properties":{"s":"Telangana","v":0.8},"geometry":{"type":"Point","coordinates":[80.1607,17.9988]}},{"type":"Feature","properties":{"s":"Telangana","v":0.8},"geometry":{"type":"Point","coordinates":[79.7167,16.96]}},{"type":"Feature","properties":{"s":"Telangana","v":0.8},"geometry":{"type":"Point","coordinates":[78.2119,18.5391]}},{"type":"Feature","properties":{"s":"Telangana","v":0.8},"geometry":{"type":"Point","coordinates":[77.5591,16.2235]}},{"type":"Feature","properties":{"s":"Telangana","v":0.8},"geometry":{"type":"Point","coordinates":[77.7426,16.6121]}},{"type":"Feature","properties":{"s":"Telangana","v":0.8},"geometry":{"type":"Point","coordinates":[77.9249,17.9747]}},{"type":"Feature","properties":{"s":"Telangana","v":0.8},"geometry":{"type":"Point","coordinates":[78.3021,17.5317]}},{"type":"Feature","properties":{"s":"Telangana","v":0.8},"geometry":{"type":"Point","coordinates":[77.7454,18.4881]}},{"type":"Feature","properties":{"s":"Telangana","v":0.8},"geometry":{"type":"Point","coordinates":[78.798,16.1955]}},{"type":"Feature","properties":{"s":"Andaman & Nicobar","v":3.6},"geometry":{"type":"Point","coordinates":[92.8884,12.6017]}},{"type":"Feature","properties":{"s":"Andaman & Nicobar","v":3.6},"geometry":{"type":"Point","coordinates":[92.7578,12.3117]}},{"type":"Feature","properties":{"s":"Andaman & Nicobar","v":3.6},"geometry":{"type":"Point","coordinates":[93.6656,7.3223]}},{"type":"Feature","properties":{"s":"Andaman & Nicobar","v":3.6},"geometry":{"type":"Point","coordinates":[92.8825,12.2032]}},{"type":"Feature","properties":{"s":"Andaman & Nicobar","v":3.6},"geometry":{"type":"Point","coordinates":[92.8268,12.1963]}},{"type":"Feature","properties":{"s":"Andaman & Nicobar","v":3.6},"geometry":{"type":"Point","coordinates":[92.7196,11.8539]}},{"type":"Feature","properties":{"s":"Andaman & Nicobar","v":3.6},"geometry":{"type":"Point","coordinates":[92.799,12.3]}},{"type":"Feature","properties":{"s":"Andaman & Nicobar","v":3.6},"geometry":{"type":"Point","coordinates":[92.8203,12.3412]}},{"type":"Feature","properties":{"s":"Andaman & Nicobar","v":3.6},"geometry":{"type":"Point","coordinates":[92.9693,13.1512]}},{"type":"Feature","properties":{"s":"Andaman & Nicobar","v":3.6},"geometry":{"type":"Point","coordinates":[92.675,11.7307]}},{"type":"Feature","properties":{"s":"Andaman & Nicobar","v":3.6},"geometry":{"type":"Point","coordinates":[92.8683,13.2578]}},{"type":"Feature","properties":{"s":"Andaman & Nicobar","v":3.6},"geometry":{"type":"Point","coordinates":[92.8154,12.7438]}},{"type":"Feature","properties":{"s":"Andaman & Nicobar","v":3.6},"geometry":{"type":"Point","coordinates":[92.7669,12.3487]}},{"type":"Feature","properties":{"s":"Andaman & Nicobar","v":3.6},"geometry":{"type":"Point","coordinates":[93.8677,7.1667]}},{"type":"Feature","properties":{"s":"Andaman & Nicobar","v":3.6},"geometry":{"type":"Point","coordinates":[92.8218,12.1827]}},{"type":"Feature","properties":{"s":"Andaman & Nicobar","v":3.6},"geometry":{"type":"Point","coordinates":[92.7015,12.3333]}},{"type":"Feature","properties":{"s":"Andaman & Nicobar","v":3.6},"geometry":{"type":"Point","coordinates":[92.7084,12.4701]}},{"type":"Feature","properties":{"s":"Andaman & Nicobar","v":3.6},"geometry":{"type":"Point","coordinates":[92.9853,13.2788]}},{"type":"Feature","properties":{"s":"Andaman & Nicobar","v":3.6},"geometry":{"type":"Point","coordinates":[93.866,7.1818]}},{"type":"Feature","properties":{"s":"Andaman & Nicobar","v":3.6},"geometry":{"type":"Point","coordinates":[92.4229,10.7768]}},{"type":"Feature","properties":{"s":"Andaman & Nicobar","v":3.6},"geometry":{"type":"Point","coordinates":[92.6788,11.3917]}},{"type":"Feature","properties":{"s":"Andaman & Nicobar","v":3.6},"geometry":{"type":"Point","coordinates":[93.8222,6.9437]}},{"type":"Feature","properties":{"s":"Andaman & Nicobar","v":3.6},"geometry":{"type":"Point","coordinates":[92.8505,12.4617]}},{"type":"Feature","properties":{"s":"Andaman & Nicobar","v":3.6},"geometry":{"type":"Point","coordinates":[92.7214,9.2116]}},{"type":"Feature","properties":{"s":"Andaman & Nicobar","v":3.6},"geometry":{"type":"Point","coordinates":[92.4384,10.7388]}},{"type":"Feature","properties":{"s":"Andaman & Nicobar","v":3.6},"geometry":{"type":"Point","coordinates":[92.8576,12.4693]}},{"type":"Feature","properties":{"s":"Andaman & Nicobar","v":3.6},"geometry":{"type":"Point","coordinates":[92.8874,12.6797]}},{"type":"Feature","properties":{"s":"Andaman & Nicobar","v":3.6},"geometry":{"type":"Point","coordinates":[92.6534,11.9602]}},{"type":"Feature","properties":{"s":"Andaman & Nicobar","v":3.6},"geometry":{"type":"Point","coordinates":[92.9637,12.5245]}},{"type":"Feature","properties":{"s":"Andaman & Nicobar","v":3.6},"geometry":{"type":"Point","coordinates":[92.9654,13.2883]}},{"type":"Feature","properties":{"s":"Andaman & Nicobar","v":3.6},"geometry":{"type":"Point","coordinates":[92.8908,12.4234]}},{"type":"Feature","properties":{"s":"Andaman & Nicobar","v":3.6},"geometry":{"type":"Point","coordinates":[92.8964,12.4083]}},{"type":"Feature","properties":{"s":"Andaman & Nicobar","v":3.6},"geometry":{"type":"Point","coordinates":[92.8081,12.6549]}},{"type":"Feature","properties":{"s":"Andaman & Nicobar","v":3.6},"geometry":{"type":"Point","coordinates":[93.6518,7.3938]}},{"type":"Feature","properties":{"s":"Andaman & Nicobar","v":3.6},"geometry":{"type":"Point","coordinates":[93.8643,6.9843]}},{"type":"Feature","properties":{"s":"Andaman & Nicobar","v":3.6},"geometry":{"type":"Point","coordinates":[92.4987,10.6396]}},{"type":"Feature","properties":{"s":"Andaman & Nicobar","v":3.6},"geometry":{"type":"Point","coordinates":[93.8486,7.0773]}},{"type":"Feature","properties":{"s":"Andaman & Nicobar","v":3.6},"geometry":{"type":"Point","coordinates":[93.8797,6.877]}},{"type":"Feature","properties":{"s":"Andaman & Nicobar","v":3.6},"geometry":{"type":"Point","coordinates":[92.7436,11.6593]}},{"type":"Feature","properties":{"s":"Andaman & Nicobar","v":3.6},"geometry":{"type":"Point","coordinates":[92.6579,12.0532]}},{"type":"Feature","properties":{"s":"Andaman & Nicobar","v":3.6},"geometry":{"type":"Point","coordinates":[92.6371,11.7111]}},{"type":"Feature","properties":{"s":"Andaman & Nicobar","v":3.6},"geometry":{"type":"Point","coordinates":[92.7145,11.7416]}},{"type":"Feature","properties":{"s":"Andaman & Nicobar","v":3.6},"geometry":{"type":"Point","coordinates":[92.9399,12.5101]}},{"type":"Feature","properties":{"s":"Andaman & Nicobar","v":3.6},"geometry":{"type":"Point","coordinates":[92.9603,12.5806]}},{"type":"Feature","properties":{"s":"Andaman & Nicobar","v":3.6},"geometry":{"type":"Point","coordinates":[93.8872,7.0028]}},{"type":"Feature","properties":{"s":"Andaman & Nicobar","v":3.6},"geometry":{"type":"Point","coordinates":[92.7716,12.5801]}},{"type":"Feature","properties":{"s":"Andaman & Nicobar","v":3.6},"geometry":{"type":"Point","coordinates":[93.0357,13.1298]}},{"type":"Feature","properties":{"s":"Andaman & Nicobar","v":3.6},"geometry":{"type":"Point","coordinates":[92.9704,13.2516]}},{"type":"Feature","properties":{"s":"Andaman & Nicobar","v":3.6},"geometry":{"type":"Point","coordinates":[92.9001,13.0654]}},{"type":"Feature","properties":{"s":"Andaman & Nicobar","v":3.6},"geometry":{"type":"Point","coordinates":[92.8652,13.087]}},{"type":"Feature","properties":{"s":"Andaman & Nicobar","v":3.6},"geometry":{"type":"Point","coordinates":[92.8401,13.0392]}},{"type":"Feature","properties":{"s":"Andaman & Nicobar","v":3.6},"geometry":{"type":"Point","coordinates":[92.6959,11.9903]}},{"type":"Feature","properties":{"s":"Andaman & Nicobar","v":3.6},"geometry":{"type":"Point","coordinates":[92.7563,12.5295]}},{"type":"Feature","properties":{"s":"Andaman & Nicobar","v":3.6},"geometry":{"type":"Point","coordinates":[92.8343,12.599]}},{"type":"Feature","properties":{"s":"Andaman & Nicobar","v":3.6},"geometry":{"type":"Point","coordinates":[92.4652,10.5538]}},{"type":"Feature","properties":{"s":"Andaman & Nicobar","v":3.6},"geometry":{"type":"Point","coordinates":[92.9408,13.1336]}},{"type":"Feature","properties":{"s":"Andaman & Nicobar","v":3.6},"geometry":{"type":"Point","coordinates":[93.0298,13.4825]}},{"type":"Feature","properties":{"s":"Andaman & Nicobar","v":3.6},"geometry":{"type":"Point","coordinates":[93.7305,7.0579]}},{"type":"Feature","properties":{"s":"Andaman & Nicobar","v":3.6},"geometry":{"type":"Point","coordinates":[93.7446,7.12]}},{"type":"Feature","properties":{"s":"Andaman & Nicobar","v":3.6},"geometry":{"type":"Point","coordinates":[92.8927,13.0511]}},{"type":"Feature","properties":{"s":"Andaman & Nicobar","v":3.6},"geometry":{"type":"Point","coordinates":[92.871,12.3566]}},{"type":"Feature","properties":{"s":"Andaman & Nicobar","v":3.6},"geometry":{"type":"Point","coordinates":[92.8917,12.7654]}},{"type":"Feature","properties":{"s":"Andaman & Nicobar","v":3.6},"geometry":{"type":"Point","coordinates":[92.6681,11.715]}},{"type":"Feature","properties":{"s":"Andaman & Nicobar","v":3.6},"geometry":{"type":"Point","coordinates":[92.4866,10.6482]}},{"type":"Feature","properties":{"s":"Andaman & Nicobar","v":3.6},"geometry":{"type":"Point","coordinates":[93.776,7.2072]}},{"type":"Feature","properties":{"s":"Bihar","v":2},"geometry":{"type":"Point","coordinates":[85.5626,25.0484]}},{"type":"Feature","properties":{"s":"Bihar","v":2},"geometry":{"type":"Point","coordinates":[86.1969,26.3474]}},{"type":"Feature","properties":{"s":"Bihar","v":2},"geometry":{"type":"Point","coordinates":[84.9442,26.7455]}},{"type":"Feature","properties":{"s":"Bihar","v":2},"geometry":{"type":"Point","coordinates":[85.1303,24.6398]}},{"type":"Feature","properties":{"s":"Bihar","v":2},"geometry":{"type":"Point","coordinates":[84.2862,26.3172]}},{"type":"Feature","properties":{"s":"Bihar","v":2},"geometry":{"type":"Point","coordinates":[85.2241,26.2357]}},{"type":"Feature","properties":{"s":"Bihar","v":2},"geometry":{"type":"Point","coordinates":[86.2549,24.8161]}},{"type":"Feature","properties":{"s":"Bihar","v":2},"geometry":{"type":"Point","coordinates":[85.4812,25.9327]}},{"type":"Feature","properties":{"s":"Bihar","v":2},"geometry":{"type":"Point","coordinates":[86.7672,25.4573]}},{"type":"Feature","properties":{"s":"Bihar","v":2},"geometry":{"type":"Point","coordinates":[84.6426,24.7339]}},{"type":"Feature","properties":{"s":"Bihar","v":2},"geometry":{"type":"Point","coordinates":[83.6066,25.2716]}},{"type":"Feature","properties":{"s":"Bihar","v":2},"geometry":{"type":"Point","coordinates":[84.8087,25.3629]}},{"type":"Feature","properties":{"s":"Bihar","v":2},"geometry":{"type":"Point","coordinates":[84.7705,25.2792]}},{"type":"Feature","properties":{"s":"Bihar","v":2},"geometry":{"type":"Point","coordinates":[84.9841,26.6115]}},{"type":"Feature","properties":{"s":"Bihar","v":2},"geometry":{"type":"Point","coordinates":[86.7874,24.7218]}},{"type":"Feature","properties":{"s":"Bihar","v":2},"geometry":{"type":"Point","coordinates":[86.4653,26.2453]}},{"type":"Feature","properties":{"s":"Bihar","v":2},"geometry":{"type":"Point","coordinates":[86.6899,25.6297]}},{"type":"Feature","properties":{"s":"Bihar","v":2},"geometry":{"type":"Point","coordinates":[87.5815,25.9271]}},{"type":"Feature","properties":{"s":"Bihar","v":2},"geometry":{"type":"Point","coordinates":[85.252,25.6146]}},{"type":"Feature","properties":{"s":"Bihar","v":2},"geometry":{"type":"Point","coordinates":[85.5937,26.822]}},{"type":"Feature","properties":{"s":"Bihar","v":2},"geometry":{"type":"Point","coordinates":[84.7806,25.4603]}},{"type":"Feature","properties":{"s":"Bihar","v":2},"geometry":{"type":"Point","coordinates":[85.5807,26.782]}},{"type":"Feature","properties":{"s":"Bihar","v":2},"geometry":{"type":"Point","coordinates":[87.9465,26.1714]}},{"type":"Feature","properties":{"s":"Bihar","v":2},"geometry":{"type":"Point","coordinates":[85.0701,25.1161]}},{"type":"Feature","properties":{"s":"Bihar","v":2},"geometry":{"type":"Point","coordinates":[85.7623,26.328]}},{"type":"Feature","properties":{"s":"Bihar","v":2},"geometry":{"type":"Point","coordinates":[86.3531,25.6652]}},{"type":"Feature","properties":{"s":"Bihar","v":2},"geometry":{"type":"Point","coordinates":[83.9204,24.9813]}},{"type":"Feature","properties":{"s":"Bihar","v":2},"geometry":{"type":"Point","coordinates":[86.6543,25.0001]}},{"type":"Feature","properties":{"s":"Bihar","v":2},"geometry":{"type":"Point","coordinates":[85.9192,25.9011]}},{"type":"Feature","properties":{"s":"Bihar","v":2},"geometry":{"type":"Point","coordinates":[85.4485,25.9437]}},{"type":"Feature","properties":{"s":"Bihar","v":2},"geometry":{"type":"Point","coordinates":[84.7724,26.3426]}},{"type":"Feature","properties":{"s":"Bihar","v":2},"geometry":{"type":"Point","coordinates":[84.2078,25.3185]}},{"type":"Feature","properties":{"s":"Bihar","v":2},"geometry":{"type":"Point","coordinates":[87.1203,26.2347]}},{"type":"Feature","properties":{"s":"Bihar","v":2},"geometry":{"type":"Point","coordinates":[86.3984,25.5449]}},{"type":"Feature","properties":{"s":"Bihar","v":2},"geometry":{"type":"Point","coordinates":[84.3523,27.1392]}},{"type":"Feature","properties":{"s":"Bihar","v":2},"geometry":{"type":"Point","coordinates":[85.8708,25.3938]}},{"type":"Feature","properties":{"s":"Gujarat","v":2.3},"geometry":{"type":"Point","coordinates":[73.8142,22.6855]}},{"type":"Feature","properties":{"s":"Gujarat","v":2.3},"geometry":{"type":"Point","coordinates":[69.6455,23.9861]}},{"type":"Feature","properties":{"s":"Gujarat","v":2.3},"geometry":{"type":"Point","coordinates":[73.5638,21.7915]}},{"type":"Feature","properties":{"s":"Gujarat","v":2.3},"geometry":{"type":"Point","coordinates":[72.9841,23.5685]}},{"type":"Feature","properties":{"s":"Gujarat","v":2.3},"geometry":{"type":"Point","coordinates":[72.4373,23.6884]}},{"type":"Feature","properties":{"s":"Gujarat","v":2.3},"geometry":{"type":"Point","coordinates":[72.468,23.9922]}},{"type":"Feature","properties":{"s":"Gujarat","v":2.3},"geometry":{"type":"Point","coordinates":[73.0675,22.3785]}},{"type":"Feature","properties":{"s":"Gujarat","v":2.3},"geometry":{"type":"Point","coordinates":[72.9018,24.1403]}},{"type":"Feature","properties":{"s":"Gujarat","v":2.3},"geometry":{"type":"Point","coordinates":[70.7248,21.7245]}},{"type":"Feature","properties":{"s":"Gujarat","v":2.3},"geometry":{"type":"Point","coordinates":[73.9098,22.7573]}},{"type":"Feature","properties":{"s":"Gujarat","v":2.3},"geometry":{"type":"Point","coordinates":[72.9877,22.4769]}},{"type":"Feature","properties":{"s":"Gujarat","v":2.3},"geometry":{"type":"Point","coordinates":[69.7372,21.8901]}},{"type":"Feature","properties":{"s":"Gujarat","v":2.3},"geometry":{"type":"Point","coordinates":[73.0188,21.8356]}},{"type":"Feature","properties":{"s":"Gujarat","v":2.3},"geometry":{"type":"Point","coordinates":[72.2472,22.4583]}},{"type":"Feature","properties":{"s":"Gujarat","v":2.3},"geometry":{"type":"Point","coordinates":[73.0003,23.9185]}},{"type":"Feature","properties":{"s":"Gujarat","v":2.3},"geometry":{"type":"Point","coordinates":[70.789,22.5281]}},{"type":"Feature","properties":{"s":"Gujarat","v":2.3},"geometry":{"type":"Point","coordinates":[68.6089,23.3]}},{"type":"Feature","properties":{"s":"Gujarat","v":2.3},"geometry":{"type":"Point","coordinates":[70.8382,23.3121]}},{"type":"Feature","properties":{"s":"Gujarat","v":2.3},"geometry":{"type":"Point","coordinates":[71.2167,21.3208]}},{"type":"Feature","properties":{"s":"Gujarat","v":2.3},"geometry":{"type":"Point","coordinates":[69.0722,22.132]}},{"type":"Feature","properties":{"s":"Gujarat","v":2.3},"geometry":{"type":"Point","coordinates":[69.3405,24.0591]}},{"type":"Feature","properties":{"s":"Gujarat","v":2.3},"geometry":{"type":"Point","coordinates":[71.7288,22.1211]}},{"type":"Feature","properties":{"s":"Gujarat","v":2.3},"geometry":{"type":"Point","coordinates":[72.9808,21.3733]}},{"type":"Feature","properties":{"s":"Gujarat","v":2.3},"geometry":{"type":"Point","coordinates":[70.2496,21.1366]}},{"type":"Feature","properties":{"s":"Gujarat","v":2.3},"geometry":{"type":"Point","coordinates":[70.5431,21.9234]}},{"type":"Feature","properties":{"s":"Gujarat","v":2.3},"geometry":{"type":"Point","coordinates":[71.8154,22.9086]}},{"type":"Feature","properties":{"s":"Gujarat","v":2.3},"geometry":{"type":"Point","coordinates":[72.205,24.5572]}},{"type":"Feature","properties":{"s":"Gujarat","v":2.3},"geometry":{"type":"Point","coordinates":[71.4985,22.0415]}},{"type":"Feature","properties":{"s":"Gujarat","v":2.3},"geometry":{"type":"Point","coordinates":[71.3694,23.2221]}},{"type":"Feature","properties":{"s":"Gujarat","v":2.3},"geometry":{"type":"Point","coordinates":[70.9308,20.925]}},{"type":"Feature","properties":{"s":"Gujarat","v":2.3},"geometry":{"type":"Point","coordinates":[71.1761,20.9793]}},{"type":"Feature","properties":{"s":"Gujarat","v":2.3},"geometry":{"type":"Point","coordinates":[72.4355,24.1304]}},{"type":"Feature","properties":{"s":"Gujarat","v":2.3},"geometry":{"type":"Point","coordinates":[71.5031,21.3775]}},{"type":"Feature","properties":{"s":"Gujarat","v":2.3},"geometry":{"type":"Point","coordinates":[69.9591,21.9974]}},{"type":"Feature","properties":{"s":"Gujarat","v":2.3},"geometry":{"type":"Point","coordinates":[73.1346,22.9732]}},{"type":"Feature","properties":{"s":"Gujarat","v":2.3},"geometry":{"type":"Point","coordinates":[71.0178,24.1233]}},{"type":"Feature","properties":{"s":"Gujarat","v":2.3},"geometry":{"type":"Point","coordinates":[69.6899,21.8317]}},{"type":"Feature","properties":{"s":"Gujarat","v":2.3},"geometry":{"type":"Point","coordinates":[69.4316,23.5886]}},{"type":"Feature","properties":{"s":"Gujarat","v":2.3},"geometry":{"type":"Point","coordinates":[72.0689,21.6749]}},{"type":"Feature","properties":{"s":"Gujarat","v":2.3},"geometry":{"type":"Point","coordinates":[69.5611,23.5597]}},{"type":"Feature","properties":{"s":"Gujarat","v":2.3},"geometry":{"type":"Point","coordinates":[68.4439,23.5904]}},{"type":"Feature","properties":{"s":"Kerala","v":0.4},"geometry":{"type":"Point","coordinates":[76.059,11.887]}},{"type":"Feature","properties":{"s":"Kerala","v":0.4},"geometry":{"type":"Point","coordinates":[76.6632,10.0154]}},{"type":"Feature","properties":{"s":"Kerala","v":0.4},"geometry":{"type":"Point","coordinates":[76.6615,8.9247]}},{"type":"Feature","properties":{"s":"Kerala","v":0.4},"geometry":{"type":"Point","coordinates":[76.8755,9.6034]}},{"type":"Feature","properties":{"s":"Kerala","v":0.4},"geometry":{"type":"Point","coordinates":[76.7746,9.6094]}},{"type":"Feature","properties":{"s":"Kerala","v":0.4},"geometry":{"type":"Point","coordinates":[76.6647,9.4003]}},{"type":"Feature","properties":{"s":"Kerala","v":0.4},"geometry":{"type":"Point","coordinates":[76.5141,10.4995]}},{"type":"Feature","properties":{"s":"Lakshadweep","v":1.2},"geometry":{"type":"Point","coordinates":[73.0639,8.2916]}},{"type":"Feature","properties":{"s":"Lakshadweep","v":1.2},"geometry":{"type":"Point","coordinates":[73.0525,8.2793]}},{"type":"Feature","properties":{"s":"Lakshadweep","v":1.2},"geometry":{"type":"Point","coordinates":[73.0521,8.2775]}},{"type":"Feature","properties":{"s":"Lakshadweep","v":1.2},"geometry":{"type":"Point","coordinates":[73.0551,8.2747]}},{"type":"Feature","properties":{"s":"Lakshadweep","v":1.2},"geometry":{"type":"Point","coordinates":[73.0569,8.283]}},{"type":"Feature","properties":{"s":"Lakshadweep","v":1.2},"geometry":{"type":"Point","coordinates":[73.0637,8.293]}},{"type":"Feature","properties":{"s":"Lakshadweep","v":1.2},"geometry":{"type":"Point","coordinates":[73.0528,8.2766]}},{"type":"Feature","properties":{"s":"Lakshadweep","v":1.2},"geometry":{"type":"Point","coordinates":[73.0521,8.2775]}},{"type":"Feature","properties":{"s":"Lakshadweep","v":1.2},"geometry":{"type":"Point","coordinates":[73.0563,8.2831]}},{"type":"Feature","properties":{"s":"Lakshadweep","v":1.2},"geometry":{"type":"Point","coordinates":[73.0547,8.2771]}},{"type":"Feature","properties":{"s":"Lakshadweep","v":1.2},"geometry":{"type":"Point","coordinates":[73.059,8.2828]}},{"type":"Feature","properties":{"s":"Lakshadweep","v":1.2},"geometry":{"type":"Point","coordinates":[73.0649,8.2869]}},{"type":"Feature","properties":{"s":"Lakshadweep","v":1.2},"geometry":{"type":"Point","coordinates":[73.0638,8.2836]}},{"type":"Feature","properties":{"s":"Lakshadweep","v":1.2},"geometry":{"type":"Point","coordinates":[73.0617,8.2843]}},{"type":"Feature","properties":{"s":"Lakshadweep","v":1.2},"geometry":{"type":"Point","coordinates":[73.0635,8.2881]}},{"type":"Feature","properties":{"s":"Lakshadweep","v":1.2},"geometry":{"type":"Point","coordinates":[73.0564,8.2779]}},{"type":"Feature","properties":{"s":"Lakshadweep","v":1.2},"geometry":{"type":"Point","coordinates":[73.0559,8.276]}},{"type":"Feature","properties":{"s":"Lakshadweep","v":1.2},"geometry":{"type":"Point","coordinates":[73.0643,8.2892]}},{"type":"Feature","properties":{"s":"Lakshadweep","v":1.2},"geometry":{"type":"Point","coordinates":[73.0649,8.2855]}},{"type":"Feature","properties":{"s":"Lakshadweep","v":1.2},"geometry":{"type":"Point","coordinates":[73.0529,8.2775]}},{"type":"Feature","properties":{"s":"Lakshadweep","v":1.2},"geometry":{"type":"Point","coordinates":[73.0557,8.2812]}},{"type":"Feature","properties":{"s":"Lakshadweep","v":1.2},"geometry":{"type":"Point","coordinates":[73.0545,8.2802]}},{"type":"Feature","properties":{"s":"Madhya Pradesh","v":1.9},"geometry":{"type":"Point","coordinates":[76.6041,21.9184]}},{"type":"Feature","properties":{"s":"Madhya Pradesh","v":1.9},"geometry":{"type":"Point","coordinates":[79.6305,23.6458]}},{"type":"Feature","properties":{"s":"Madhya Pradesh","v":1.9},"geometry":{"type":"Point","coordinates":[75.5537,22.4841]}},{"type":"Feature","properties":{"s":"Madhya Pradesh","v":1.9},"geometry":{"type":"Point","coordinates":[76.5424,21.4651]}},{"type":"Feature","properties":{"s":"Madhya Pradesh","v":1.9},"geometry":{"type":"Point","coordinates":[77.7112,22.1589]}},{"type":"Feature","properties":{"s":"Madhya Pradesh","v":1.9},"geometry":{"type":"Point","coordinates":[78.7895,26.4285]}},{"type":"Feature","properties":{"s":"Madhya Pradesh","v":1.9},"geometry":{"type":"Point","coordinates":[81.5274,24.0029]}},{"type":"Feature","properties":{"s":"Madhya Pradesh","v":1.9},"geometry":{"type":"Point","coordinates":[78.1101,21.5413]}},{"type":"Feature","properties":{"s":"Madhya Pradesh","v":1.9},"geometry":{"type":"Point","coordinates":[79.18,21.7617]}},{"type":"Feature","properties":{"s":"Madhya Pradesh","v":1.9},"geometry":{"type":"Point","coordinates":[80.5431,22.1613]}},{"type":"Feature","properties":{"s":"Madhya Pradesh","v":1.9},"geometry":{"type":"Point","coordinates":[77.615,24.862]}},{"type":"Feature","properties":{"s":"Madhya Pradesh","v":1.9},"geometry":{"type":"Point","coordinates":[74.2167,22.1359]}},{"type":"Feature","properties":{"s":"Madhya Pradesh","v":1.9},"geometry":{"type":"Point","coordinates":[77.3948,26.3412]}},{"type":"Feature","properties":{"s":"Madhya Pradesh","v":1.9},"geometry":{"type":"Point","coordinates":[78.8889,21.6876]}},{"type":"Feature","properties":{"s":"Madhya Pradesh","v":1.9},"geometry":{"type":"Point","coordinates":[78.9381,26.0943]}},{"type":"Feature","properties":{"s":"Madhya Pradesh","v":1.9},"geometry":{"type":"Point","coordinates":[75.793,21.4411]}},{"type":"Feature","properties":{"s":"Madhya Pradesh","v":1.9},"geometry":{"type":"Point","coordinates":[79.8984,23.4323]}},{"type":"Feature","properties":{"s":"Madhya Pradesh","v":1.9},"geometry":{"type":"Point","coordinates":[78.1658,25.0209]}},{"type":"Feature","properties":{"s":"Madhya Pradesh","v":1.9},"geometry":{"type":"Point","coordinates":[79.5077,23.3633]}},{"type":"Feature","properties":{"s":"Madhya Pradesh","v":1.9},"geometry":{"type":"Point","coordinates":[77.2517,24.985]}},{"type":"Feature","properties":{"s":"Madhya Pradesh","v":1.9},"geometry":{"type":"Point","coordinates":[77.8105,24.6827]}},{"type":"Feature","properties":{"s":"Madhya Pradesh","v":1.9},"geometry":{"type":"Point","coordinates":[75.2885,22.2258]}},{"type":"Feature","properties":{"s":"Madhya Pradesh","v":1.9},"geometry":{"type":"Point","coordinates":[75.3165,23.7335]}},{"type":"Feature","properties":{"s":"Madhya Pradesh","v":1.9},"geometry":{"type":"Point","coordinates":[76.3455,23.6095]}},{"type":"Feature","properties":{"s":"Madhya Pradesh","v":1.9},"geometry":{"type":"Point","coordinates":[79.4065,22.9084]}},{"type":"Feature","properties":{"s":"Madhya Pradesh","v":1.9},"geometry":{"type":"Point","coordinates":[74.3246,22.197]}},{"type":"Feature","properties":{"s":"Madhya Pradesh","v":1.9},"geometry":{"type":"Point","coordinates":[78.0943,24.6331]}},{"type":"Feature","properties":{"s":"Madhya Pradesh","v":1.9},"geometry":{"type":"Point","coordinates":[77.3848,22.4176]}},{"type":"Feature","properties":{"s":"Madhya Pradesh","v":1.9},"geometry":{"type":"Point","coordinates":[79.683,22.5709]}},{"type":"Feature","properties":{"s":"Madhya Pradesh","v":1.9},"geometry":{"type":"Point","coordinates":[76.2223,22.1305]}},{"type":"Feature","properties":{"s":"Madhya Pradesh","v":1.9},"geometry":{"type":"Point","coordinates":[76.8777,23.3119]}},{"type":"Feature","properties":{"s":"Madhya Pradesh","v":1.9},"geometry":{"type":"Point","coordinates":[80.7829,23.9083]}},{"type":"Feature","properties":{"s":"Madhya Pradesh","v":1.9},"geometry":{"type":"Point","coordinates":[77.5595,25.9974]}},{"type":"Feature","properties":{"s":"Madhya Pradesh","v":1.9},"geometry":{"type":"Point","coordinates":[79.0401,23.1811]}},{"type":"Feature","properties":{"s":"Odisha","v":10.8},"geometry":{"type":"Point","coordinates":[84.1107,21.3899]}},{"type":"Feature","properties":{"s":"Odisha","v":10.8},"geometry":{"type":"Point","coordinates":[82.2636,19.8576]}},{"type":"Feature","properties":{"s":"Odisha","v":10.8},"geometry":{"type":"Point","coordinates":[84.0934,20.7079]}},{"type":"Feature","properties":{"s":"Odisha","v":10.8},"geometry":{"type":"Point","coordinates":[86.0932,20.0711]}},{"type":"Feature","properties":{"s":"Odisha","v":10.8},"geometry":{"type":"Point","coordinates":[86.6457,21.079]}},{"type":"Feature","properties":{"s":"Odisha","v":10.8},"geometry":{"type":"Point","coordinates":[82.6723,19.5795]}},{"type":"Feature","properties":{"s":"Odisha","v":10.8},"geometry":{"type":"Point","coordinates":[85.747,20.9693]}},{"type":"Feature","properties":{"s":"Odisha","v":10.8},"geometry":{"type":"Point","coordinates":[84.245,21.4977]}},{"type":"Feature","properties":{"s":"Odisha","v":10.8},"geometry":{"type":"Point","coordinates":[83.2911,20.0746]}},{"type":"Feature","properties":{"s":"Odisha","v":10.8},"geometry":{"type":"Point","coordinates":[82.4797,20.1246]}},{"type":"Feature","properties":{"s":"Odisha","v":10.8},"geometry":{"type":"Point","coordinates":[86.0208,21.6814]}},{"type":"Feature","properties":{"s":"Odisha","v":10.8},"geometry":{"type":"Point","coordinates":[82.3253,19.6945]}},{"type":"Feature","properties":{"s":"Odisha","v":10.8},"geometry":{"type":"Point","coordinates":[86.1392,20.2294]}},{"type":"Feature","properties":{"s":"Odisha","v":10.8},"geometry":{"type":"Point","coordinates":[83.0963,18.7899]}},{"type":"Feature","properties":{"s":"Odisha","v":10.8},"geometry":{"type":"Point","coordinates":[85.679,21.7728]}},{"type":"Feature","properties":{"s":"Odisha","v":10.8},"geometry":{"type":"Point","coordinates":[86.652,21.0336]}},{"type":"Feature","properties":{"s":"Odisha","v":10.8},"geometry":{"type":"Point","coordinates":[83.8018,22.2357]}},{"type":"Feature","properties":{"s":"Odisha","v":10.8},"geometry":{"type":"Point","coordinates":[85.5913,21.6494]}},{"type":"Feature","properties":{"s":"Odisha","v":10.8},"geometry":{"type":"Point","coordinates":[84.4377,20.2346]}},{"type":"Feature","properties":{"s":"Odisha","v":10.8},"geometry":{"type":"Point","coordinates":[86.7549,21.5527]}},{"type":"Feature","properties":{"s":"Odisha","v":10.8},"geometry":{"type":"Point","coordinates":[85.933,21.5266]}},{"type":"Feature","properties":{"s":"Odisha","v":10.8},"geometry":{"type":"Point","coordinates":[85.084,20.9864]}},{"type":"Feature","properties":{"s":"Odisha","v":10.8},"geometry":{"type":"Point","coordinates":[82.5893,19.1602]}},{"type":"Feature","properties":{"s":"Odisha","v":10.8},"geometry":{"type":"Point","coordinates":[84.7617,19.8531]}},{"type":"Feature","properties":{"s":"Odisha","v":10.8},"geometry":{"type":"Point","coordinates":[83.9383,22.0635]}},{"type":"Feature","properties":{"s":"Odisha","v":10.8},"geometry":{"type":"Point","coordinates":[85.4759,22.0528]}},{"type":"Feature","properties":{"s":"Odisha","v":10.8},"geometry":{"type":"Point","coordinates":[84.5514,21.2756]}},{"type":"Feature","properties":{"s":"Odisha","v":10.8},"geometry":{"type":"Point","coordinates":[85.2926,19.6625]}},{"type":"Feature","properties":{"s":"Odisha","v":10.8},"geometry":{"type":"Point","coordinates":[83.8713,22.2122]}},{"type":"Feature","properties":{"s":"Odisha","v":10.8},"geometry":{"type":"Point","coordinates":[84.5608,19.6029]}},{"type":"Feature","properties":{"s":"Odisha","v":10.8},"geometry":{"type":"Point","coordinates":[84.396,19.117]}},{"type":"Feature","properties":{"s":"Odisha","v":10.8},"geometry":{"type":"Point","coordinates":[85.8058,21.2149]}},{"type":"Feature","properties":{"s":"Odisha","v":10.8},"geometry":{"type":"Point","coordinates":[84.9485,22.1907]}},{"type":"Feature","properties":{"s":"Odisha","v":10.8},"geometry":{"type":"Point","coordinates":[86.2045,22.3948]}},{"type":"Feature","properties":{"s":"Odisha","v":10.8},"geometry":{"type":"Point","coordinates":[85.2787,20.907]}},{"type":"Feature","properties":{"s":"Odisha","v":10.8},"geometry":{"type":"Point","coordinates":[85.0556,20.0046]}},{"type":"Feature","properties":{"s":"Odisha","v":10.8},"geometry":{"type":"Point","coordinates":[83.5747,20.6192]}},{"type":"Feature","properties":{"s":"Odisha","v":10.8},"geometry":{"type":"Point","coordinates":[82.0576,18.6842]}},{"type":"Feature","properties":{"s":"Odisha","v":10.8},"geometry":{"type":"Point","coordinates":[85.5771,19.8078]}},{"type":"Feature","properties":{"s":"Odisha","v":10.8},"geometry":{"type":"Point","coordinates":[83.277,18.9557]}},{"type":"Feature","properties":{"s":"Odisha","v":10.8},"geometry":{"type":"Point","coordinates":[85.7702,21.4913]}},{"type":"Feature","properties":{"s":"Odisha","v":10.8},"geometry":{"type":"Point","coordinates":[85.8344,20.3362]}},{"type":"Feature","properties":{"s":"Odisha","v":10.8},"geometry":{"type":"Point","coordinates":[86.57,20.5984]}},{"type":"Feature","properties":{"s":"Odisha","v":10.8},"geometry":{"type":"Point","coordinates":[86.2264,19.9729]}},{"type":"Feature","properties":{"s":"Odisha","v":10.8},"geometry":{"type":"Point","coordinates":[85.073,21.0105]}},{"type":"Feature","properties":{"s":"Odisha","v":10.8},"geometry":{"type":"Point","coordinates":[82.7661,18.5095]}},{"type":"Feature","properties":{"s":"Odisha","v":10.8},"geometry":{"type":"Point","coordinates":[85.9938,21.8123]}},{"type":"Feature","properties":{"s":"Odisha","v":10.8},"geometry":{"type":"Point","coordinates":[82.1505,18.5392]}},{"type":"Feature","properties":{"s":"Odisha","v":10.8},"geometry":{"type":"Point","coordinates":[85.459,19.6702]}},{"type":"Feature","properties":{"s":"Odisha","v":10.8},"geometry":{"type":"Point","coordinates":[83.6749,20.9686]}},{"type":"Feature","properties":{"s":"Odisha","v":10.8},"geometry":{"type":"Point","coordinates":[83.4648,20.3766]}},{"type":"Feature","properties":{"s":"Odisha","v":10.8},"geometry":{"type":"Point","coordinates":[84.6285,21.9847]}},{"type":"Feature","properties":{"s":"Odisha","v":10.8},"geometry":{"type":"Point","coordinates":[85.9085,20.4088]}},{"type":"Feature","properties":{"s":"Odisha","v":10.8},"geometry":{"type":"Point","coordinates":[83.0805,20.7019]}},{"type":"Feature","properties":{"s":"Odisha","v":10.8},"geometry":{"type":"Point","coordinates":[83.5848,19.7942]}},{"type":"Feature","properties":{"s":"Odisha","v":10.8},"geometry":{"type":"Point","coordinates":[82.1186,18.0947]}},{"type":"Feature","properties":{"s":"Odisha","v":10.8},"geometry":{"type":"Point","coordinates":[82.5499,19.7129]}},{"type":"Feature","properties":{"s":"Odisha","v":10.8},"geometry":{"type":"Point","coordinates":[84.1529,22.3392]}},{"type":"Feature","properties":{"s":"Odisha","v":10.8},"geometry":{"type":"Point","coordinates":[82.2764,18.0708]}},{"type":"Feature","properties":{"s":"Odisha","v":10.8},"geometry":{"type":"Point","coordinates":[85.7877,20.9741]}},{"type":"Feature","properties":{"s":"Odisha","v":10.8},"geometry":{"type":"Point","coordinates":[86.6416,20.7978]}},{"type":"Feature","properties":{"s":"Odisha","v":10.8},"geometry":{"type":"Point","coordinates":[86.2374,20.4802]}},{"type":"Feature","properties":{"s":"Odisha","v":10.8},"geometry":{"type":"Point","coordinates":[86.6626,21.6076]}},{"type":"Feature","properties":{"s":"Odisha","v":10.8},"geometry":{"type":"Point","coordinates":[84.0458,21.4604]}},{"type":"Feature","properties":{"s":"Odisha","v":10.8},"geometry":{"type":"Point","coordinates":[86.3908,20.3753]}},{"type":"Feature","properties":{"s":"Odisha","v":10.8},"geometry":{"type":"Point","coordinates":[83.2438,20.6042]}},{"type":"Feature","properties":{"s":"Odisha","v":10.8},"geometry":{"type":"Point","coordinates":[86.031,22.2935]}},{"type":"Feature","properties":{"s":"Odisha","v":10.8},"geometry":{"type":"Point","coordinates":[84.5896,20.5263]}},{"type":"Feature","properties":{"s":"Odisha","v":10.8},"geometry":{"type":"Point","coordinates":[82.6188,19.6351]}},{"type":"Feature","properties":{"s":"Odisha","v":10.8},"geometry":{"type":"Point","coordinates":[86.4316,20.6089]}},{"type":"Feature","properties":{"s":"Odisha","v":10.8},"geometry":{"type":"Point","coordinates":[84.6792,21.1525]}},{"type":"Feature","properties":{"s":"Odisha","v":10.8},"geometry":{"type":"Point","coordinates":[82.8136,20.2654]}},{"type":"Feature","properties":{"s":"Odisha","v":10.8},"geometry":{"type":"Point","coordinates":[83.8574,19.4558]}},{"type":"Feature","properties":{"s":"Odisha","v":10.8},"geometry":{"type":"Point","coordinates":[85.6579,21.891]}},{"type":"Feature","properties":{"s":"Odisha","v":10.8},"geometry":{"type":"Point","coordinates":[83.4702,19.4784]}},{"type":"Feature","properties":{"s":"Odisha","v":10.8},"geometry":{"type":"Point","coordinates":[84.851,20.8056]}},{"type":"Feature","properties":{"s":"Odisha","v":10.8},"geometry":{"type":"Point","coordinates":[82.5063,20.4513]}},{"type":"Feature","properties":{"s":"Odisha","v":10.8},"geometry":{"type":"Point","coordinates":[83.7432,19.8519]}},{"type":"Feature","properties":{"s":"Odisha","v":10.8},"geometry":{"type":"Point","coordinates":[84.4406,21.5738]}},{"type":"Feature","properties":{"s":"Odisha","v":10.8},"geometry":{"type":"Point","coordinates":[83.834,21.0038]}},{"type":"Feature","properties":{"s":"Odisha","v":10.8},"geometry":{"type":"Point","coordinates":[84.1901,20.1326]}},{"type":"Feature","properties":{"s":"Odisha","v":10.8},"geometry":{"type":"Point","coordinates":[84.863,19.3303]}},{"type":"Feature","properties":{"s":"Odisha","v":10.8},"geometry":{"type":"Point","coordinates":[84.362,19.4783]}},{"type":"Feature","properties":{"s":"Odisha","v":10.8},"geometry":{"type":"Point","coordinates":[83.8013,20.6218]}},{"type":"Feature","properties":{"s":"Odisha","v":10.8},"geometry":{"type":"Point","coordinates":[83.5595,21.7291]}},{"type":"Feature","properties":{"s":"Odisha","v":10.8},"geometry":{"type":"Point","coordinates":[85.0205,21.656]}},{"type":"Feature","properties":{"s":"Odisha","v":10.8},"geometry":{"type":"Point","coordinates":[82.9244,20.8463]}},{"type":"Feature","properties":{"s":"Odisha","v":10.8},"geometry":{"type":"Point","coordinates":[85.6037,19.711]}},{"type":"Feature","properties":{"s":"Odisha","v":10.8},"geometry":{"type":"Point","coordinates":[83.8239,20.015]}},{"type":"Feature","properties":{"s":"Odisha","v":10.8},"geometry":{"type":"Point","coordinates":[86.5302,20.5223]}},{"type":"Feature","properties":{"s":"Odisha","v":10.8},"geometry":{"type":"Point","coordinates":[86.0217,20.7586]}},{"type":"Feature","properties":{"s":"Odisha","v":10.8},"geometry":{"type":"Point","coordinates":[82.2127,18.3957]}},{"type":"Feature","properties":{"s":"Odisha","v":10.8},"geometry":{"type":"Point","coordinates":[84.1147,19.5662]}},{"type":"Feature","properties":{"s":"Odisha","v":10.8},"geometry":{"type":"Point","coordinates":[83.9121,21.9211]}},{"type":"Feature","properties":{"s":"Odisha","v":10.8},"geometry":{"type":"Point","coordinates":[86.7127,21.9006]}},{"type":"Feature","properties":{"s":"Odisha","v":10.8},"geometry":{"type":"Point","coordinates":[82.7388,18.8202]}},{"type":"Feature","properties":{"s":"Odisha","v":10.8},"geometry":{"type":"Point","coordinates":[86.9357,20.6794]}},{"type":"Feature","properties":{"s":"Odisha","v":10.8},"geometry":{"type":"Point","coordinates":[87.0634,21.8627]}},{"type":"Feature","properties":{"s":"Odisha","v":10.8},"geometry":{"type":"Point","coordinates":[83.0626,18.9365]}},{"type":"Feature","properties":{"s":"Odisha","v":10.8},"geometry":{"type":"Point","coordinates":[85.2421,21.176]}},{"type":"Feature","properties":{"s":"Odisha","v":10.8},"geometry":{"type":"Point","coordinates":[85.9135,21.9091]}},{"type":"Feature","properties":{"s":"Odisha","v":10.8},"geometry":{"type":"Point","coordinates":[83.6028,20.3423]}},{"type":"Feature","properties":{"s":"Odisha","v":10.8},"geometry":{"type":"Point","coordinates":[85.3892,19.809]}},{"type":"Feature","properties":{"s":"Odisha","v":10.8},"geometry":{"type":"Point","coordinates":[83.4226,20.8259]}},{"type":"Feature","properties":{"s":"Odisha","v":10.8},"geometry":{"type":"Point","coordinates":[82.3612,18.9731]}},{"type":"Feature","properties":{"s":"Odisha","v":10.8},"geometry":{"type":"Point","coordinates":[85.743,21.582]}},{"type":"Feature","properties":{"s":"Odisha","v":10.8},"geometry":{"type":"Point","coordinates":[84.8412,20.0707]}},{"type":"Feature","properties":{"s":"Odisha","v":10.8},"geometry":{"type":"Point","coordinates":[82.0837,18.4571]}},{"type":"Feature","properties":{"s":"Odisha","v":10.8},"geometry":{"type":"Point","coordinates":[86.8789,21.6644]}},{"type":"Feature","properties":{"s":"Odisha","v":10.8},"geometry":{"type":"Point","coordinates":[83.1262,20.363]}},{"type":"Feature","properties":{"s":"Odisha","v":10.8},"geometry":{"type":"Point","coordinates":[86.6086,21.7124]}},{"type":"Feature","properties":{"s":"Odisha","v":10.8},"geometry":{"type":"Point","coordinates":[84.7379,20.3784]}},{"type":"Feature","properties":{"s":"Odisha","v":10.8},"geometry":{"type":"Point","coordinates":[84.382,19.8292]}},{"type":"Feature","properties":{"s":"Odisha","v":10.8},"geometry":{"type":"Point","coordinates":[84.8332,19.944]}},{"type":"Feature","properties":{"s":"Odisha","v":10.8},"geometry":{"type":"Point","coordinates":[83.998,21.8318]}},{"type":"Feature","properties":{"s":"Odisha","v":10.8},"geometry":{"type":"Point","coordinates":[83.7231,21.2967]}},{"type":"Feature","properties":{"s":"Odisha","v":10.8},"geometry":{"type":"Point","coordinates":[84.0426,22.2663]}},{"type":"Feature","properties":{"s":"Odisha","v":10.8},"geometry":{"type":"Point","coordinates":[82.6402,20.1608]}},{"type":"Feature","properties":{"s":"Odisha","v":10.8},"geometry":{"type":"Point","coordinates":[85.7316,21.1607]}},{"type":"Feature","properties":{"s":"Odisha","v":10.8},"geometry":{"type":"Point","coordinates":[82.9566,20.8755]}},{"type":"Feature","properties":{"s":"Odisha","v":10.8},"geometry":{"type":"Point","coordinates":[84.4656,19.0461]}},{"type":"Feature","properties":{"s":"Odisha","v":10.8},"geometry":{"type":"Point","coordinates":[83.5638,20.0665]}},{"type":"Feature","properties":{"s":"Odisha","v":10.8},"geometry":{"type":"Point","coordinates":[86.6029,21.9138]}},{"type":"Feature","properties":{"s":"Odisha","v":10.8},"geometry":{"type":"Point","coordinates":[83.809,19.8807]}},{"type":"Feature","properties":{"s":"Odisha","v":10.8},"geometry":{"type":"Point","coordinates":[82.8352,19.7573]}},{"type":"Feature","properties":{"s":"Odisha","v":10.8},"geometry":{"type":"Point","coordinates":[85.7947,21.0452]}},{"type":"Feature","properties":{"s":"Odisha","v":10.8},"geometry":{"type":"Point","coordinates":[83.5466,21.6108]}},{"type":"Feature","properties":{"s":"Odisha","v":10.8},"geometry":{"type":"Point","coordinates":[83.1888,18.9161]}},{"type":"Feature","properties":{"s":"Odisha","v":10.8},"geometry":{"type":"Point","coordinates":[82.8306,18.6206]}},{"type":"Feature","properties":{"s":"Odisha","v":10.8},"geometry":{"type":"Point","coordinates":[86.9245,20.9055]}},{"type":"Feature","properties":{"s":"Odisha","v":10.8},"geometry":{"type":"Point","coordinates":[82.6607,19.1229]}},{"type":"Feature","properties":{"s":"Odisha","v":10.8},"geometry":{"type":"Point","coordinates":[83.218,19.5248]}},{"type":"Feature","properties":{"s":"Odisha","v":10.8},"geometry":{"type":"Point","coordinates":[84.5519,19.8517]}},{"type":"Feature","properties":{"s":"Odisha","v":10.8},"geometry":{"type":"Point","coordinates":[81.8887,18.2765]}},{"type":"Feature","properties":{"s":"Odisha","v":10.8},"geometry":{"type":"Point","coordinates":[83.0375,21.0416]}},{"type":"Feature","properties":{"s":"Odisha","v":10.8},"geometry":{"type":"Point","coordinates":[85.9369,21.2745]}},{"type":"Feature","properties":{"s":"Odisha","v":10.8},"geometry":{"type":"Point","coordinates":[82.7419,20.6647]}},{"type":"Feature","properties":{"s":"Odisha","v":10.8},"geometry":{"type":"Point","coordinates":[86.4725,22.3262]}},{"type":"Feature","properties":{"s":"Odisha","v":10.8},"geometry":{"type":"Point","coordinates":[84.7653,22.3772]}},{"type":"Feature","properties":{"s":"Odisha","v":10.8},"geometry":{"type":"Point","coordinates":[85.9385,21.8137]}},{"type":"Feature","properties":{"s":"Odisha","v":10.8},"geometry":{"type":"Point","coordinates":[85.2804,20.0826]}},{"type":"Feature","properties":{"s":"Odisha","v":10.8},"geometry":{"type":"Point","coordinates":[81.793,18.3543]}},{"type":"Feature","properties":{"s":"Odisha","v":10.8},"geometry":{"type":"Point","coordinates":[84.695,21.933]}},{"type":"Feature","properties":{"s":"Odisha","v":10.8},"geometry":{"type":"Point","coordinates":[84.6392,20.9385]}},{"type":"Feature","properties":{"s":"Odisha","v":10.8},"geometry":{"type":"Point","coordinates":[84.1771,21.8667]}},{"type":"Feature","properties":{"s":"Odisha","v":10.8},"geometry":{"type":"Point","coordinates":[83.6287,20.7288]}},{"type":"Feature","properties":{"s":"Odisha","v":10.8},"geometry":{"type":"Point","coordinates":[84.5972,20.7669]}},{"type":"Feature","properties":{"s":"Odisha","v":10.8},"geometry":{"type":"Point","coordinates":[86.0873,20.226]}},{"type":"Feature","properties":{"s":"Odisha","v":10.8},"geometry":{"type":"Point","coordinates":[84.0356,21.1185]}},{"type":"Feature","properties":{"s":"Odisha","v":10.8},"geometry":{"type":"Point","coordinates":[85.1672,21.9832]}},{"type":"Feature","properties":{"s":"Odisha","v":10.8},"geometry":{"type":"Point","coordinates":[82.9643,18.9991]}},{"type":"Feature","properties":{"s":"Odisha","v":10.8},"geometry":{"type":"Point","coordinates":[87.1921,21.7102]}},{"type":"Feature","properties":{"s":"Odisha","v":10.8},"geometry":{"type":"Point","coordinates":[86.3812,20.6267]}},{"type":"Feature","properties":{"s":"Odisha","v":10.8},"geometry":{"type":"Point","coordinates":[82.3557,19.7094]}},{"type":"Feature","properties":{"s":"Odisha","v":10.8},"geometry":{"type":"Point","coordinates":[86.3018,20.6487]}},{"type":"Feature","properties":{"s":"Odisha","v":10.8},"geometry":{"type":"Point","coordinates":[84.61,22.1459]}},{"type":"Feature","properties":{"s":"Odisha","v":10.8},"geometry":{"type":"Point","coordinates":[84.497,19.3599]}},{"type":"Feature","properties":{"s":"Odisha","v":10.8},"geometry":{"type":"Point","coordinates":[85.0494,19.6805]}},{"type":"Feature","properties":{"s":"Odisha","v":10.8},"geometry":{"type":"Point","coordinates":[84.5983,21.4563]}},{"type":"Feature","properties":{"s":"Odisha","v":10.8},"geometry":{"type":"Point","coordinates":[84.2598,21.8665]}},{"type":"Feature","properties":{"s":"Odisha","v":10.8},"geometry":{"type":"Point","coordinates":[81.6729,18.1679]}},{"type":"Feature","properties":{"s":"Odisha","v":10.8},"geometry":{"type":"Point","coordinates":[82.0987,19.9976]}},{"type":"Feature","properties":{"s":"Odisha","v":10.8},"geometry":{"type":"Point","coordinates":[84.2161,22.3428]}},{"type":"Feature","properties":{"s":"Odisha","v":10.8},"geometry":{"type":"Point","coordinates":[81.7652,18.2177]}},{"type":"Feature","properties":{"s":"Odisha","v":10.8},"geometry":{"type":"Point","coordinates":[83.7677,21.5054]}},{"type":"Feature","properties":{"s":"Odisha","v":10.8},"geometry":{"type":"Point","coordinates":[82.824,19.8674]}},{"type":"Feature","properties":{"s":"Odisha","v":10.8},"geometry":{"type":"Point","coordinates":[85.6368,19.8568]}},{"type":"Feature","properties":{"s":"Odisha","v":10.8},"geometry":{"type":"Point","coordinates":[85.669,21.234]}},{"type":"Feature","properties":{"s":"Odisha","v":10.8},"geometry":{"type":"Point","coordinates":[86.0406,21.3179]}},{"type":"Feature","properties":{"s":"Odisha","v":10.8},"geometry":{"type":"Point","coordinates":[84.8196,21.2075]}},{"type":"Feature","properties":{"s":"Odisha","v":10.8},"geometry":{"type":"Point","coordinates":[85.4119,20.8121]}},{"type":"Feature","properties":{"s":"Odisha","v":10.8},"geometry":{"type":"Point","coordinates":[85.8045,20.1993]}},{"type":"Feature","properties":{"s":"Odisha","v":10.8},"geometry":{"type":"Point","coordinates":[86.2542,22.3777]}},{"type":"Feature","properties":{"s":"Odisha","v":10.8},"geometry":{"type":"Point","coordinates":[83.3509,21.3271]}},{"type":"Feature","properties":{"s":"Odisha","v":10.8},"geometry":{"type":"Point","coordinates":[82.9154,18.7413]}},{"type":"Feature","properties":{"s":"Odisha","v":10.8},"geometry":{"type":"Point","coordinates":[83.5241,20.8438]}},{"type":"Feature","properties":{"s":"Odisha","v":10.8},"geometry":{"type":"Point","coordinates":[83.6401,20.8021]}},{"type":"Feature","properties":{"s":"Odisha","v":10.8},"geometry":{"type":"Point","coordinates":[81.8173,18.4195]}},{"type":"Feature","properties":{"s":"Odisha","v":10.8},"geometry":{"type":"Point","coordinates":[84.5477,21.3542]}},{"type":"Feature","properties":{"s":"Odisha","v":10.8},"geometry":{"type":"Point","coordinates":[84.4383,22.2721]}},{"type":"Feature","properties":{"s":"Odisha","v":10.8},"geometry":{"type":"Point","coordinates":[82.2633,18.287]}},{"type":"Feature","properties":{"s":"Odisha","v":10.8},"geometry":{"type":"Point","coordinates":[84.4909,21.6423]}},{"type":"Feature","properties":{"s":"Odisha","v":10.8},"geometry":{"type":"Point","coordinates":[86.5335,22.3047]}},{"type":"Feature","properties":{"s":"Odisha","v":10.8},"geometry":{"type":"Point","coordinates":[86.1787,21.2]}},{"type":"Feature","properties":{"s":"Odisha","v":10.8},"geometry":{"type":"Point","coordinates":[85.1553,21.1324]}},{"type":"Feature","properties":{"s":"Odisha","v":10.8},"geometry":{"type":"Point","coordinates":[82.1893,19.854]}},{"type":"Feature","properties":{"s":"Odisha","v":10.8},"geometry":{"type":"Point","coordinates":[83.3144,20.9269]}},{"type":"Feature","properties":{"s":"Odisha","v":10.8},"geometry":{"type":"Point","coordinates":[87.339,21.5509]}},{"type":"Feature","properties":{"s":"Odisha","v":10.8},"geometry":{"type":"Point","coordinates":[87.081,21.4777]}},{"type":"Feature","properties":{"s":"Odisha","v":10.8},"geometry":{"type":"Point","coordinates":[84.7692,22.0998]}},{"type":"Feature","properties":{"s":"Odisha","v":10.8},"geometry":{"type":"Point","coordinates":[83.6199,20.2555]}},{"type":"Feature","properties":{"s":"Odisha","v":10.8},"geometry":{"type":"Point","coordinates":[82.7016,20.6039]}},{"type":"Feature","properties":{"s":"Odisha","v":10.8},"geometry":{"type":"Point","coordinates":[83.4496,19.8418]}},{"type":"Feature","properties":{"s":"Odisha","v":10.8},"geometry":{"type":"Point","coordinates":[85.5133,21.868]}},{"type":"Feature","properties":{"s":"Tamil Nadu","v":0.3},"geometry":{"type":"Point","coordinates":[77.9214,9.0471]}},{"type":"Feature","properties":{"s":"Tamil Nadu","v":0.3},"geometry":{"type":"Point","coordinates":[77.3854,10.0594]}},{"type":"Feature","properties":{"s":"Tamil Nadu","v":0.3},"geometry":{"type":"Point","coordinates":[78.677,11.7451]}},{"type":"Feature","properties":{"s":"Tamil Nadu","v":0.3},"geometry":{"type":"Point","coordinates":[77.0152,11.5675]}},{"type":"Feature","properties":{"s":"Tamil Nadu","v":0.3},"geometry":{"type":"Point","coordinates":[79.7043,11.4779]}},{"type":"Feature","properties":{"s":"Tamil Nadu","v":0.3},"geometry":{"type":"Point","coordinates":[78.7999,12.6416]}},{"type":"Feature","properties":{"s":"Uttar Pradesh","v":4.4},"geometry":{"type":"Point","coordinates":[79.9319,26.0568]}},{"type":"Feature","properties":{"s":"Uttar Pradesh","v":4.4},"geometry":{"type":"Point","coordinates":[83.9218,27.2238]}},{"type":"Feature","properties":{"s":"Uttar Pradesh","v":4.4},"geometry":{"type":"Point","coordinates":[82.2019,26.1]}},{"type":"Feature","properties":{"s":"Uttar Pradesh","v":4.4},"geometry":{"type":"Point","coordinates":[84.0184,27.0407]}},{"type":"Feature","properties":{"s":"Uttar Pradesh","v":4.4},"geometry":{"type":"Point","coordinates":[82.1324,25.577]}},{"type":"Feature","properties":{"s":"Uttar Pradesh","v":4.4},"geometry":{"type":"Point","coordinates":[81.3378,25.7965]}},{"type":"Feature","properties":{"s":"Uttar Pradesh","v":4.4},"geometry":{"type":"Point","coordinates":[78.6559,28.6596]}},{"type":"Feature","properties":{"s":"Uttar Pradesh","v":4.4},"geometry":{"type":"Point","coordinates":[83.1193,25.9446]}},{"type":"Feature","properties":{"s":"Uttar Pradesh","v":4.4},"geometry":{"type":"Point","coordinates":[82.8137,26.9386]}},{"type":"Feature","properties":{"s":"Uttar Pradesh","v":4.4},"geometry":{"type":"Point","coordinates":[81.087,25.2118]}},{"type":"Feature","properties":{"s":"Uttar Pradesh","v":4.4},"geometry":{"type":"Point","coordinates":[81.8712,27.5781]}},{"type":"Feature","properties":{"s":"Uttar Pradesh","v":4.4},"geometry":{"type":"Point","coordinates":[80.0565,27.1323]}},{"type":"Feature","properties":{"s":"Uttar Pradesh","v":4.4},"geometry":{"type":"Point","coordinates":[79.3857,26.1331]}},{"type":"Feature","properties":{"s":"Uttar Pradesh","v":4.4},"geometry":{"type":"Point","coordinates":[79.879,27.4764]}},{"type":"Feature","properties":{"s":"Uttar Pradesh","v":4.4},"geometry":{"type":"Point","coordinates":[78.2668,29.2586]}},{"type":"Feature","properties":{"s":"Uttar Pradesh","v":4.4},"geometry":{"type":"Point","coordinates":[79.1844,25.3848]}},{"type":"Feature","properties":{"s":"Uttar Pradesh","v":4.4},"geometry":{"type":"Point","coordinates":[78.2864,29.3926]}},{"type":"Feature","properties":{"s":"Uttar Pradesh","v":4.4},"geometry":{"type":"Point","coordinates":[82.8304,25.7366]}},{"type":"Feature","properties":{"s":"Uttar Pradesh","v":4.4},"geometry":{"type":"Point","coordinates":[83.2189,25.3568]}},{"type":"Feature","properties":{"s":"Uttar Pradesh","v":4.4},"geometry":{"type":"Point","coordinates":[82.6779,25.067]}},{"type":"Feature","properties":{"s":"Uttar Pradesh","v":4.4},"geometry":{"type":"Point","coordinates":[81.3853,25.3064]}},{"type":"Feature","properties":{"s":"Uttar Pradesh","v":4.4},"geometry":{"type":"Point","coordinates":[83.8646,26.2599]}},{"type":"Feature","properties":{"s":"Uttar Pradesh","v":4.4},"geometry":{"type":"Point","coordinates":[81.5783,27.2861]}},{"type":"Feature","properties":{"s":"Uttar Pradesh","v":4.4},"geometry":{"type":"Point","coordinates":[79.6982,26.3921]}},{"type":"Feature","properties":{"s":"Uttar Pradesh","v":4.4},"geometry":{"type":"Point","coordinates":[78.4125,28.3065]}},{"type":"Feature","properties":{"s":"Uttar Pradesh","v":4.4},"geometry":{"type":"Point","coordinates":[78.8661,27.2727]}},{"type":"Feature","properties":{"s":"Uttar Pradesh","v":4.4},"geometry":{"type":"Point","coordinates":[81.2126,26.7378]}},{"type":"Feature","properties":{"s":"Uttar Pradesh","v":4.4},"geometry":{"type":"Point","coordinates":[79.6193,25.68]}},{"type":"Feature","properties":{"s":"Uttar Pradesh","v":4.4},"geometry":{"type":"Point","coordinates":[82.0892,26.7848]}},{"type":"Feature","properties":{"s":"Uttar Pradesh","v":4.4},"geometry":{"type":"Point","coordinates":[81.6995,25.1917]}},{"type":"Feature","properties":{"s":"Uttar Pradesh","v":4.4},"geometry":{"type":"Point","coordinates":[80.5429,25.667]}},{"type":"Feature","properties":{"s":"Uttar Pradesh","v":4.4},"geometry":{"type":"Point","coordinates":[79.9441,28.6724]}},{"type":"Feature","properties":{"s":"Uttar Pradesh","v":4.4},"geometry":{"type":"Point","coordinates":[81.8216,27.8212]}},{"type":"Feature","properties":{"s":"Uttar Pradesh","v":4.4},"geometry":{"type":"Point","coordinates":[80.7179,25.9214]}},{"type":"Feature","properties":{"s":"Uttar Pradesh","v":4.4},"geometry":{"type":"Point","coordinates":[79.2912,28.1334]}},{"type":"Feature","properties":{"s":"Uttar Pradesh","v":4.4},"geometry":{"type":"Point","coordinates":[82.9445,27.4316]}},{"type":"Feature","properties":{"s":"Uttar Pradesh","v":4.4},"geometry":{"type":"Point","coordinates":[80.9437,25.7331]}},{"type":"Feature","properties":{"s":"Uttar Pradesh","v":4.4},"geometry":{"type":"Point","coordinates":[83.0161,26.7482]}},{"type":"Feature","properties":{"s":"Uttar Pradesh","v":4.4},"geometry":{"type":"Point","coordinates":[79.8689,25.4974]}},{"type":"Feature","properties":{"s":"Uttar Pradesh","v":4.4},"geometry":{"type":"Point","coordinates":[78.8253,27.5881]}},{"type":"Feature","properties":{"s":"Uttar Pradesh","v":4.4},"geometry":{"type":"Point","coordinates":[78.6202,25.037]}},{"type":"Feature","properties":{"s":"Uttar Pradesh","v":4.4},"geometry":{"type":"Point","coordinates":[81.5113,27.0609]}},{"type":"Feature","properties":{"s":"Uttar Pradesh","v":4.4},"geometry":{"type":"Point","coordinates":[84.3069,26.6922]}},{"type":"Feature","properties":{"s":"Uttar Pradesh","v":4.4},"geometry":{"type":"Point","coordinates":[80.8985,24.9371]}},{"type":"Feature","properties":{"s":"Uttar Pradesh","v":4.4},"geometry":{"type":"Point","coordinates":[83.3356,24.6339]}},{"type":"Feature","properties":{"s":"Uttar Pradesh","v":4.4},"geometry":{"type":"Point","coordinates":[79.7162,27.9194]}},{"type":"Feature","properties":{"s":"Uttar Pradesh","v":4.4},"geometry":{"type":"Point","coordinates":[81.9055,27.8253]}},{"type":"Feature","properties":{"s":"Uttar Pradesh","v":4.4},"geometry":{"type":"Point","coordinates":[79.6299,25.3351]}},{"type":"Feature","properties":{"s":"Uttar Pradesh","v":4.4},"geometry":{"type":"Point","coordinates":[80.8748,25.7525]}},{"type":"Feature","properties":{"s":"Uttar Pradesh","v":4.4},"geometry":{"type":"Point","coordinates":[81.7951,27.7664]}},{"type":"Feature","properties":{"s":"Uttar Pradesh","v":4.4},"geometry":{"type":"Point","coordinates":[78.7091,27.4917]}},{"type":"Feature","properties":{"s":"Uttar Pradesh","v":4.4},"geometry":{"type":"Point","coordinates":[77.5987,27.5784]}},{"type":"Feature","properties":{"s":"Uttar Pradesh","v":4.4},"geometry":{"type":"Point","coordinates":[78.1662,28.5385]}},{"type":"Feature","properties":{"s":"Uttar Pradesh","v":4.4},"geometry":{"type":"Point","coordinates":[77.7035,28.0338]}},{"type":"Feature","properties":{"s":"Uttar Pradesh","v":4.4},"geometry":{"type":"Point","coordinates":[81.3885,27.1757]}},{"type":"Feature","properties":{"s":"Uttar Pradesh","v":4.4},"geometry":{"type":"Point","coordinates":[83.5228,26.9011]}},{"type":"Feature","properties":{"s":"Uttar Pradesh","v":4.4},"geometry":{"type":"Point","coordinates":[82.5387,25.963]}},{"type":"Feature","properties":{"s":"Uttar Pradesh","v":4.4},"geometry":{"type":"Point","coordinates":[84.5229,25.6912]}},{"type":"Feature","properties":{"s":"Uttar Pradesh","v":4.4},"geometry":{"type":"Point","coordinates":[81.575,27.9258]}},{"type":"Feature","properties":{"s":"Uttar Pradesh","v":4.4},"geometry":{"type":"Point","coordinates":[80.0698,26.3407]}},{"type":"Feature","properties":{"s":"Uttar Pradesh","v":4.4},"geometry":{"type":"Point","coordinates":[77.3563,28.7322]}},{"type":"Feature","properties":{"s":"Uttar Pradesh","v":4.4},"geometry":{"type":"Point","coordinates":[79.747,27.1487]}},{"type":"Feature","properties":{"s":"Uttar Pradesh","v":4.4},"geometry":{"type":"Point","coordinates":[77.905,27.1]}},{"type":"Feature","properties":{"s":"Uttar Pradesh","v":4.4},"geometry":{"type":"Point","coordinates":[79.5625,27.6903]}},{"type":"Feature","properties":{"s":"Uttar Pradesh","v":4.4},"geometry":{"type":"Point","coordinates":[82.4314,25.4932]}},{"type":"Feature","properties":{"s":"Uttar Pradesh","v":4.4},"geometry":{"type":"Point","coordinates":[78.5736,28.1749]}},{"type":"Feature","properties":{"s":"Uttar Pradesh","v":4.4},"geometry":{"type":"Point","coordinates":[82.2904,27.4507]}},{"type":"Feature","properties":{"s":"Uttar Pradesh","v":4.4},"geometry":{"type":"Point","coordinates":[78.0521,27.5386]}},{"type":"Feature","properties":{"s":"Uttar Pradesh","v":4.4},"geometry":{"type":"Point","coordinates":[83.1266,24.1959]}},{"type":"Feature","properties":{"s":"Uttar Pradesh","v":4.4},"geometry":{"type":"Point","coordinates":[81.6974,25.8864]}},{"type":"Feature","properties":{"s":"Uttar Pradesh","v":4.4},"geometry":{"type":"Point","coordinates":[82.0575,26.3126]}},{"type":"Feature","properties":{"s":"Uttar Pradesh","v":4.4},"geometry":{"type":"Point","coordinates":[80.6646,26.4446]}},{"type":"Feature","properties":{"s":"Uttar Pradesh","v":4.4},"geometry":{"type":"Point","coordinates":[78.9617,29.0421]}},{"type":"Feature","properties":{"s":"Uttar Pradesh","v":4.4},"geometry":{"type":"Point","coordinates":[77.9021,28.1702]}},{"type":"Feature","properties":{"s":"Uttar Pradesh","v":4.4},"geometry":{"type":"Point","coordinates":[80.4581,26.3263]}},{"type":"Feature","properties":{"s":"Uttar Pradesh","v":4.4},"geometry":{"type":"Point","coordinates":[83.9294,25.8338]}},{"type":"Feature","properties":{"s":"Uttar Pradesh","v":4.4},"geometry":{"type":"Point","coordinates":[78.6773,28.2974]}},{"type":"Feature","properties":{"s":"Uttar Pradesh","v":4.4},"geometry":{"type":"Point","coordinates":[82.4674,26.2435]}},{"type":"Feature","properties":{"s":"Uttar Pradesh","v":4.4},"geometry":{"type":"Point","coordinates":[82.8188,25.3871]}},{"type":"Feature","properties":{"s":"West Bengal","v":20.3},"geometry":{"type":"Point","coordinates":[88.3688,24.0226]}},{"type":"Feature","properties":{"s":"West Bengal","v":20.3},"geometry":{"type":"Point","coordinates":[87.4607,22.4204]}},{"type":"Feature","properties":{"s":"West Bengal","v":20.3},"geometry":{"type":"Point","coordinates":[87.6786,22.4389]}},{"type":"Feature","properties":{"s":"West Bengal","v":20.3},"geometry":{"type":"Point","coordinates":[87.2835,23.5103]}},{"type":"Feature","properties":{"s":"West Bengal","v":20.3},"geometry":{"type":"Point","coordinates":[88.1006,25.2244]}},{"type":"Feature","properties":{"s":"West Bengal","v":20.3},"geometry":{"type":"Point","coordinates":[87.5563,22.5288]}},{"type":"Feature","properties":{"s":"West Bengal","v":20.3},"geometry":{"type":"Point","coordinates":[88.5045,22.6188]}},{"type":"Feature","properties":{"s":"West Bengal","v":20.3},"geometry":{"type":"Point","coordinates":[88.3146,22.2961]}},{"type":"Feature","properties":{"s":"West Bengal","v":20.3},"geometry":{"type":"Point","coordinates":[89.4462,26.2321]}},{"type":"Feature","properties":{"s":"West Bengal","v":20.3},"geometry":{"type":"Point","coordinates":[86.7429,22.6306]}},{"type":"Feature","properties":{"s":"West Bengal","v":20.3},"geometry":{"type":"Point","coordinates":[87.0383,23.3895]}},{"type":"Feature","properties":{"s":"West Bengal","v":20.3},"geometry":{"type":"Point","coordinates":[88.1527,26.119]}},{"type":"Feature","properties":{"s":"West Bengal","v":20.3},"geometry":{"type":"Point","coordinates":[89.5251,26.5723]}},{"type":"Feature","properties":{"s":"West Bengal","v":20.3},"geometry":{"type":"Point","coordinates":[87.8861,23.5163]}},{"type":"Feature","properties":{"s":"West Bengal","v":20.3},"geometry":{"type":"Point","coordinates":[88.5432,21.9937]}},{"type":"Feature","properties":{"s":"West Bengal","v":20.3},"geometry":{"type":"Point","coordinates":[88.4837,25.4956]}},{"type":"Feature","properties":{"s":"West Bengal","v":20.3},"geometry":{"type":"Point","coordinates":[87.7136,22.4961]}},{"type":"Feature","properties":{"s":"West Bengal","v":20.3},"geometry":{"type":"Point","coordinates":[87.9069,23.8055]}},{"type":"Feature","properties":{"s":"West Bengal","v":20.3},"geometry":{"type":"Point","coordinates":[89.6799,26.4778]}},{"type":"Feature","properties":{"s":"West Bengal","v":20.3},"geometry":{"type":"Point","coordinates":[87.486,23.1729]}},{"type":"Feature","properties":{"s":"West Bengal","v":20.3},"geometry":{"type":"Point","coordinates":[88.0407,22.5059]}},{"type":"Feature","properties":{"s":"West Bengal","v":20.3},"geometry":{"type":"Point","coordinates":[88.3016,22.303]}},{"type":"Feature","properties":{"s":"West Bengal","v":20.3},"geometry":{"type":"Point","coordinates":[86.8229,22.6376]}},{"type":"Feature","properties":{"s":"West Bengal","v":20.3},"geometry":{"type":"Point","coordinates":[87.1708,23.4185]}},{"type":"Feature","properties":{"s":"West Bengal","v":20.3},"geometry":{"type":"Point","coordinates":[88.1721,23.3765]}},{"type":"Feature","properties":{"s":"West Bengal","v":20.3},"geometry":{"type":"Point","coordinates":[88.3289,27.0491]}},{"type":"Feature","properties":{"s":"West Bengal","v":20.3},"geometry":{"type":"Point","coordinates":[87.9608,24.8065]}},{"type":"Feature","properties":{"s":"West Bengal","v":20.3},"geometry":{"type":"Point","coordinates":[88.8672,22.0348]}},{"type":"Feature","properties":{"s":"West Bengal","v":20.3},"geometry":{"type":"Point","coordinates":[88.7587,27.0203]}},{"type":"Feature","properties":{"s":"West Bengal","v":20.3},"geometry":{"type":"Point","coordinates":[88.4588,23.4801]}},{"type":"Feature","properties":{"s":"West Bengal","v":20.3},"geometry":{"type":"Point","coordinates":[88.2068,23.1025]}},{"type":"Feature","properties":{"s":"West Bengal","v":20.3},"geometry":{"type":"Point","coordinates":[88.5069,23.817]}},{"type":"Feature","properties":{"s":"West Bengal","v":20.3},"geometry":{"type":"Point","coordinates":[87.5475,23.7264]}},{"type":"Feature","properties":{"s":"West Bengal","v":20.3},"geometry":{"type":"Point","coordinates":[87.928,23.207]}},{"type":"Feature","properties":{"s":"West Bengal","v":20.3},"geometry":{"type":"Point","coordinates":[88.2326,25.698]}},{"type":"Feature","properties":{"s":"West Bengal","v":20.3},"geometry":{"type":"Point","coordinates":[87.4793,21.7238]}},{"type":"Feature","properties":{"s":"West Bengal","v":20.3},"geometry":{"type":"Point","coordinates":[88.1541,26.5936]}},{"type":"Feature","properties":{"s":"West Bengal","v":20.3},"geometry":{"type":"Point","coordinates":[88.0519,25.6066]}},{"type":"Feature","properties":{"s":"West Bengal","v":20.3},"geometry":{"type":"Point","coordinates":[88.8326,22.3225]}},{"type":"Feature","properties":{"s":"West Bengal","v":20.3},"geometry":{"type":"Point","coordinates":[87.5638,22.0803]}},{"type":"Feature","properties":{"s":"West Bengal","v":20.3},"geometry":{"type":"Point","coordinates":[88.6702,22.1538]}},{"type":"Feature","properties":{"s":"West Bengal","v":20.3},"geometry":{"type":"Point","coordinates":[87.7299,23.2696]}},{"type":"Feature","properties":{"s":"West Bengal","v":20.3},"geometry":{"type":"Point","coordinates":[88.5595,23.8369]}},{"type":"Feature","properties":{"s":"West Bengal","v":20.3},"geometry":{"type":"Point","coordinates":[88.9104,22.2051]}},{"type":"Feature","properties":{"s":"West Bengal","v":20.3},"geometry":{"type":"Point","coordinates":[86.9754,23.5052]}},{"type":"Feature","properties":{"s":"West Bengal","v":20.3},"geometry":{"type":"Point","coordinates":[88.4015,26.8864]}},{"type":"Feature","properties":{"s":"West Bengal","v":20.3},"geometry":{"type":"Point","coordinates":[88.9011,22.4943]}},{"type":"Feature","properties":{"s":"West Bengal","v":20.3},"geometry":{"type":"Point","coordinates":[86.639,23.2546]}},{"type":"Feature","properties":{"s":"West Bengal","v":20.3},"geometry":{"type":"Point","coordinates":[87.6574,24.0016]}},{"type":"Feature","properties":{"s":"West Bengal","v":20.3},"geometry":{"type":"Point","coordinates":[88.7184,23.4016]}},{"type":"Feature","properties":{"s":"West Bengal","v":20.3},"geometry":{"type":"Point","coordinates":[88.3447,23.9522]}},{"type":"Feature","properties":{"s":"West Bengal","v":20.3},"geometry":{"type":"Point","coordinates":[88.0951,22.5629]}},{"type":"Feature","properties":{"s":"West Bengal","v":20.3},"geometry":{"type":"Point","coordinates":[87.5751,22.6173]}},{"type":"Feature","properties":{"s":"West Bengal","v":20.3},"geometry":{"type":"Point","coordinates":[88.5588,26.74]}},{"type":"Feature","properties":{"s":"West Bengal","v":20.3},"geometry":{"type":"Point","coordinates":[87.5144,22.3284]}},{"type":"Feature","properties":{"s":"West Bengal","v":20.3},"geometry":{"type":"Point","coordinates":[88.7289,27.0177]}},{"type":"Feature","properties":{"s":"West Bengal","v":20.3},"geometry":{"type":"Point","coordinates":[88.3579,27.0404]}},{"type":"Feature","properties":{"s":"West Bengal","v":20.3},"geometry":{"type":"Point","coordinates":[87.7761,22.0792]}},{"type":"Feature","properties":{"s":"West Bengal","v":20.3},"geometry":{"type":"Point","coordinates":[87.6552,22.544]}},{"type":"Feature","properties":{"s":"West Bengal","v":20.3},"geometry":{"type":"Point","coordinates":[88.4927,22.8996]}},{"type":"Feature","properties":{"s":"West Bengal","v":20.3},"geometry":{"type":"Point","coordinates":[88.1221,24.0226]}},{"type":"Feature","properties":{"s":"West Bengal","v":20.3},"geometry":{"type":"Point","coordinates":[88.1216,23.1796]}},{"type":"Feature","properties":{"s":"West Bengal","v":20.3},"geometry":{"type":"Point","coordinates":[88.3986,22.7413]}},{"type":"Feature","properties":{"s":"West Bengal","v":20.3},"geometry":{"type":"Point","coordinates":[88.5652,22.7489]}},{"type":"Feature","properties":{"s":"West Bengal","v":20.3},"geometry":{"type":"Point","coordinates":[87.965,23.8957]}},{"type":"Feature","properties":{"s":"West Bengal","v":20.3},"geometry":{"type":"Point","coordinates":[88.7948,22.4088]}},{"type":"Feature","properties":{"s":"West Bengal","v":20.3},"geometry":{"type":"Point","coordinates":[88.6479,26.5064]}},{"type":"Feature","properties":{"s":"West Bengal","v":20.3},"geometry":{"type":"Point","coordinates":[87.154,23.0924]}},{"type":"Feature","properties":{"s":"West Bengal","v":20.3},"geometry":{"type":"Point","coordinates":[88.5945,22.9106]}},{"type":"Feature","properties":{"s":"West Bengal","v":20.3},"geometry":{"type":"Point","coordinates":[87.9237,24.0588]}},{"type":"Feature","properties":{"s":"West Bengal","v":20.3},"geometry":{"type":"Point","coordinates":[87.2842,21.8492]}},{"type":"Feature","properties":{"s":"West Bengal","v":20.3},"geometry":{"type":"Point","coordinates":[88.7089,21.7071]}},{"type":"Feature","properties":{"s":"West Bengal","v":20.3},"geometry":{"type":"Point","coordinates":[87.6847,22.031]}},{"type":"Feature","properties":{"s":"West Bengal","v":20.3},"geometry":{"type":"Point","coordinates":[86.9847,23.002]}},{"type":"Feature","properties":{"s":"West Bengal","v":20.3},"geometry":{"type":"Point","coordinates":[88.7007,22.0302]}},{"type":"Feature","properties":{"s":"West Bengal","v":20.3},"geometry":{"type":"Point","coordinates":[86.9909,22.471]}},{"type":"Feature","properties":{"s":"West Bengal","v":20.3},"geometry":{"type":"Point","coordinates":[87.1211,22.1079]}},{"type":"Feature","properties":{"s":"West Bengal","v":20.3},"geometry":{"type":"Point","coordinates":[86.4885,23.1459]}},{"type":"Feature","properties":{"s":"West Bengal","v":20.3},"geometry":{"type":"Point","coordinates":[87.8935,22.9562]}},{"type":"Feature","properties":{"s":"West Bengal","v":20.3},"geometry":{"type":"Point","coordinates":[88.3595,25.0547]}},{"type":"Feature","properties":{"s":"West Bengal","v":20.3},"geometry":{"type":"Point","coordinates":[86.3887,23.0315]}},{"type":"Feature","properties":{"s":"West Bengal","v":20.3},"geometry":{"type":"Point","coordinates":[87.3883,23.4021]}},{"type":"Feature","properties":{"s":"West Bengal","v":20.3},"geometry":{"type":"Point","coordinates":[88.1451,26.8994]}},{"type":"Feature","properties":{"s":"West Bengal","v":20.3},"geometry":{"type":"Point","coordinates":[89.2823,26.3745]}},{"type":"Feature","properties":{"s":"West Bengal","v":20.3},"geometry":{"type":"Point","coordinates":[88.3696,25.2181]}},{"type":"Feature","properties":{"s":"West Bengal","v":20.3},"geometry":{"type":"Point","coordinates":[89.1259,26.6408]}},{"type":"Feature","properties":{"s":"West Bengal","v":20.3},"geometry":{"type":"Point","coordinates":[87.1275,23.582]}},{"type":"Feature","properties":{"s":"West Bengal","v":20.3},"geometry":{"type":"Point","coordinates":[86.9595,23.4352]}},{"type":"Feature","properties":{"s":"West Bengal","v":20.3},"geometry":{"type":"Point","coordinates":[87.7678,22.5368]}},{"type":"Feature","properties":{"s":"West Bengal","v":20.3},"geometry":{"type":"Point","coordinates":[88.2732,23.7399]}},{"type":"Feature","properties":{"s":"West Bengal","v":20.3},"geometry":{"type":"Point","coordinates":[87.3629,23.4333]}},{"type":"Feature","properties":{"s":"West Bengal","v":20.3},"geometry":{"type":"Point","coordinates":[88.0389,25.1299]}},{"type":"Feature","properties":{"s":"West Bengal","v":20.3},"geometry":{"type":"Point","coordinates":[87.9141,23.6576]}},{"type":"Feature","properties":{"s":"West Bengal","v":20.3},"geometry":{"type":"Point","coordinates":[87.5791,22.3502]}},{"type":"Feature","properties":{"s":"West Bengal","v":20.3},"geometry":{"type":"Point","coordinates":[88.328,23.2418]}},{"type":"Feature","properties":{"s":"West Bengal","v":20.3},"geometry":{"type":"Point","coordinates":[88.3551,22.7593]}},{"type":"Feature","properties":{"s":"West Bengal","v":20.3},"geometry":{"type":"Point","coordinates":[87.2618,22.5147]}},{"type":"Feature","properties":{"s":"West Bengal","v":20.3},"geometry":{"type":"Point","coordinates":[87.6951,22.4943]}},{"type":"Feature","properties":{"s":"West Bengal","v":20.3},"geometry":{"type":"Point","coordinates":[88.7259,25.342]}},{"type":"Feature","properties":{"s":"West Bengal","v":20.3},"geometry":{"type":"Point","coordinates":[87.3622,22.2152]}},{"type":"Feature","properties":{"s":"West Bengal","v":20.3},"geometry":{"type":"Point","coordinates":[86.0795,23.1334]}},{"type":"Feature","properties":{"s":"West Bengal","v":20.3},"geometry":{"type":"Point","coordinates":[87.0783,22.189]}},{"type":"Feature","properties":{"s":"West Bengal","v":20.3},"geometry":{"type":"Point","coordinates":[87.2046,22.5716]}},{"type":"Feature","properties":{"s":"West Bengal","v":20.3},"geometry":{"type":"Point","coordinates":[89.6046,26.7451]}},{"type":"Feature","properties":{"s":"West Bengal","v":20.3},"geometry":{"type":"Point","coordinates":[88.0203,24.0656]}},{"type":"Feature","properties":{"s":"West Bengal","v":20.3},"geometry":{"type":"Point","coordinates":[88.7745,26.4833]}},{"type":"Feature","properties":{"s":"West Bengal","v":20.3},"geometry":{"type":"Point","coordinates":[88.5512,26.63]}},{"type":"Feature","properties":{"s":"West Bengal","v":20.3},"geometry":{"type":"Point","coordinates":[88.1048,24.5125]}},{"type":"Feature","properties":{"s":"West Bengal","v":20.3},"geometry":{"type":"Point","coordinates":[88.0876,23.2439]}},{"type":"Feature","properties":{"s":"West Bengal","v":20.3},"geometry":{"type":"Point","coordinates":[88.7103,23.2041]}},{"type":"Feature","properties":{"s":"West Bengal","v":20.3},"geometry":{"type":"Point","coordinates":[88.0413,24.2087]}},{"type":"Feature","properties":{"s":"West Bengal","v":20.3},"geometry":{"type":"Point","coordinates":[88.2611,25.1183]}},{"type":"Feature","properties":{"s":"West Bengal","v":20.3},"geometry":{"type":"Point","coordinates":[87.693,23.6641]}},{"type":"Feature","properties":{"s":"West Bengal","v":20.3},"geometry":{"type":"Point","coordinates":[88.6195,22.6881]}},{"type":"Feature","properties":{"s":"West Bengal","v":20.3},"geometry":{"type":"Point","coordinates":[87.8049,22.2283]}},{"type":"Feature","properties":{"s":"West Bengal","v":20.3},"geometry":{"type":"Point","coordinates":[86.617,23.1224]}},{"type":"Feature","properties":{"s":"West Bengal","v":20.3},"geometry":{"type":"Point","coordinates":[87.7819,22.5758]}},{"type":"Feature","properties":{"s":"West Bengal","v":20.3},"geometry":{"type":"Point","coordinates":[88.5314,22.7993]}},{"type":"Feature","properties":{"s":"West Bengal","v":20.3},"geometry":{"type":"Point","coordinates":[87.401,22.8846]}},{"type":"Feature","properties":{"s":"West Bengal","v":20.3},"geometry":{"type":"Point","coordinates":[87.6779,23.2742]}},{"type":"Feature","properties":{"s":"West Bengal","v":20.3},"geometry":{"type":"Point","coordinates":[87.9323,24.117]}},{"type":"Feature","properties":{"s":"West Bengal","v":20.3},"geometry":{"type":"Point","coordinates":[87.6707,23.3548]}},{"type":"Feature","properties":{"s":"West Bengal","v":20.3},"geometry":{"type":"Point","coordinates":[87.3185,22.5408]}},{"type":"Feature","properties":{"s":"West Bengal","v":20.3},"geometry":{"type":"Point","coordinates":[88.3173,26.4019]}},{"type":"Feature","properties":{"s":"West Bengal","v":20.3},"geometry":{"type":"Point","coordinates":[87.4059,22.1167]}},{"type":"Feature","properties":{"s":"West Bengal","v":20.3},"geometry":{"type":"Point","coordinates":[86.5916,23.224]}},{"type":"Feature","properties":{"s":"West Bengal","v":20.3},"geometry":{"type":"Point","coordinates":[87.6933,22.5915]}},{"type":"Feature","properties":{"s":"West Bengal","v":20.3},"geometry":{"type":"Point","coordinates":[88.193,26.7609]}},{"type":"Feature","properties":{"s":"West Bengal","v":20.3},"geometry":{"type":"Point","coordinates":[88.3776,22.9219]}},{"type":"Feature","properties":{"s":"West Bengal","v":20.3},"geometry":{"type":"Point","coordinates":[86.4102,23.4982]}},{"type":"Feature","properties":{"s":"West Bengal","v":20.3},"geometry":{"type":"Point","coordinates":[87.4354,23.2623]}},{"type":"Feature","properties":{"s":"West Bengal","v":20.3},"geometry":{"type":"Point","coordinates":[88.4201,23.6144]}},{"type":"Feature","properties":{"s":"West Bengal","v":20.3},"geometry":{"type":"Point","coordinates":[87.9409,25.0021]}},{"type":"Feature","properties":{"s":"West Bengal","v":20.3},"geometry":{"type":"Point","coordinates":[87.1951,23.6246]}},{"type":"Feature","properties":{"s":"West Bengal","v":20.3},"geometry":{"type":"Point","coordinates":[88.3905,22.4677]}},{"type":"Feature","properties":{"s":"West Bengal","v":20.3},"geometry":{"type":"Point","coordinates":[88.0726,25.6879]}},{"type":"Feature","properties":{"s":"West Bengal","v":20.3},"geometry":{"type":"Point","coordinates":[89.7118,26.3066]}},{"type":"Feature","properties":{"s":"West Bengal","v":20.3},"geometry":{"type":"Point","coordinates":[87.9492,23.9843]}},{"type":"Feature","properties":{"s":"West Bengal","v":20.3},"geometry":{"type":"Point","coordinates":[86.0524,23.3502]}},{"type":"Feature","properties":{"s":"West Bengal","v":20.3},"geometry":{"type":"Point","coordinates":[88.4065,26.379]}},{"type":"Feature","properties":{"s":"West Bengal","v":20.3},"geometry":{"type":"Point","coordinates":[89.675,26.2735]}},{"type":"Feature","properties":{"s":"West Bengal","v":20.3},"geometry":{"type":"Point","coordinates":[88.6971,24.3002]}},{"type":"Feature","properties":{"s":"West Bengal","v":20.3},"geometry":{"type":"Point","coordinates":[87.5529,23.3841]}},{"type":"Feature","properties":{"s":"West Bengal","v":20.3},"geometry":{"type":"Point","coordinates":[86.8022,22.681]}},{"type":"Feature","properties":{"s":"West Bengal","v":20.3},"geometry":{"type":"Point","coordinates":[87.5701,23.0669]}},{"type":"Feature","properties":{"s":"West Bengal","v":20.3},"geometry":{"type":"Point","coordinates":[88.2992,26.8844]}},{"type":"Feature","properties":{"s":"West Bengal","v":20.3},"geometry":{"type":"Point","coordinates":[88.0084,22.8324]}},{"type":"Feature","properties":{"s":"West Bengal","v":20.3},"geometry":{"type":"Point","coordinates":[86.3494,23.0079]}},{"type":"Feature","properties":{"s":"West Bengal","v":20.3},"geometry":{"type":"Point","coordinates":[86.8624,22.7762]}},{"type":"Feature","properties":{"s":"West Bengal","v":20.3},"geometry":{"type":"Point","coordinates":[87.654,23.5837]}},{"type":"Feature","properties":{"s":"West Bengal","v":20.3},"geometry":{"type":"Point","coordinates":[88.3137,25.6104]}},{"type":"Feature","properties":{"s":"West Bengal","v":20.3},"geometry":{"type":"Point","coordinates":[86.5209,22.8696]}},{"type":"Feature","properties":{"s":"West Bengal","v":20.3},"geometry":{"type":"Point","coordinates":[87.0781,23.0739]}},{"type":"Feature","properties":{"s":"West Bengal","v":20.3},"geometry":{"type":"Point","coordinates":[88.6428,23.0518]}},{"type":"Feature","properties":{"s":"West Bengal","v":20.3},"geometry":{"type":"Point","coordinates":[88.1581,22.4095]}},{"type":"Feature","properties":{"s":"West Bengal","v":20.3},"geometry":{"type":"Point","coordinates":[86.5225,23.6025]}},{"type":"Feature","properties":{"s":"West Bengal","v":20.3},"geometry":{"type":"Point","coordinates":[88.1199,24.9392]}},{"type":"Feature","properties":{"s":"West Bengal","v":20.3},"geometry":{"type":"Point","coordinates":[87.8537,23.1483]}},{"type":"Feature","properties":{"s":"West Bengal","v":20.3},"geometry":{"type":"Point","coordinates":[87.6871,24.2061]}},{"type":"Feature","properties":{"s":"West Bengal","v":20.3},"geometry":{"type":"Point","coordinates":[88.1302,23.9563]}},{"type":"Feature","properties":{"s":"West Bengal","v":20.3},"geometry":{"type":"Point","coordinates":[88.626,23.1133]}},{"type":"Feature","properties":{"s":"West Bengal","v":20.3},"geometry":{"type":"Point","coordinates":[88.6997,23.0242]}},{"type":"Feature","properties":{"s":"West Bengal","v":20.3},"geometry":{"type":"Point","coordinates":[86.6204,23.3764]}},{"type":"Feature","properties":{"s":"West Bengal","v":20.3},"geometry":{"type":"Point","coordinates":[88.4721,22.2451]}},{"type":"Feature","properties":{"s":"West Bengal","v":20.3},"geometry":{"type":"Point","coordinates":[87.5185,22.8153]}},{"type":"Feature","properties":{"s":"West Bengal","v":20.3},"geometry":{"type":"Point","coordinates":[88.2386,26.8801]}},{"type":"Feature","properties":{"s":"West Bengal","v":20.3},"geometry":{"type":"Point","coordinates":[87.4775,23.6189]}},{"type":"Feature","properties":{"s":"West Bengal","v":20.3},"geometry":{"type":"Point","coordinates":[87.9261,22.6898]}},{"type":"Feature","properties":{"s":"West Bengal","v":20.3},"geometry":{"type":"Point","coordinates":[87.9914,25.9216]}},{"type":"Feature","properties":{"s":"West Bengal","v":20.3},"geometry":{"type":"Point","coordinates":[88.585,23.5799]}},{"type":"Feature","properties":{"s":"West Bengal","v":20.3},"geometry":{"type":"Point","coordinates":[88.491,23.4742]}},{"type":"Feature","properties":{"s":"West Bengal","v":20.3},"geometry":{"type":"Point","coordinates":[87.6083,22.7976]}},{"type":"Feature","properties":{"s":"West Bengal","v":20.3},"geometry":{"type":"Point","coordinates":[88.317,22.9036]}},{"type":"Feature","properties":{"s":"West Bengal","v":20.3},"geometry":{"type":"Point","coordinates":[88.4586,22.8067]}},{"type":"Feature","properties":{"s":"West Bengal","v":20.3},"geometry":{"type":"Point","coordinates":[87.2959,22.4438]}},{"type":"Feature","properties":{"s":"West Bengal","v":20.3},"geometry":{"type":"Point","coordinates":[88.313,23.2588]}},{"type":"Feature","properties":{"s":"West Bengal","v":20.3},"geometry":{"type":"Point","coordinates":[88.3881,26.7929]}},{"type":"Feature","properties":{"s":"West Bengal","v":20.3},"geometry":{"type":"Point","coordinates":[87.9209,22.1495]}},{"type":"Feature","properties":{"s":"West Bengal","v":20.3},"geometry":{"type":"Point","coordinates":[87.7955,23.689]}},{"type":"Feature","properties":{"s":"West Bengal","v":20.3},"geometry":{"type":"Point","coordinates":[89.8196,26.5529]}},{"type":"Feature","properties":{"s":"West Bengal","v":20.3},"geometry":{"type":"Point","coordinates":[87.3798,22.3562]}},{"type":"Feature","properties":{"s":"West Bengal","v":20.3},"geometry":{"type":"Point","coordinates":[87.813,23.7288]}},{"type":"Feature","properties":{"s":"West Bengal","v":20.3},"geometry":{"type":"Point","coordinates":[89.7597,26.6265]}},{"type":"Feature","properties":{"s":"West Bengal","v":20.3},"geometry":{"type":"Point","coordinates":[87.091,23.1145]}},{"type":"Feature","properties":{"s":"West Bengal","v":20.3},"geometry":{"type":"Point","coordinates":[88.144,22.862]}},{"type":"Feature","properties":{"s":"West Bengal","v":20.3},"geometry":{"type":"Point","coordinates":[88.5415,23.0596]}},{"type":"Feature","properties":{"s":"West Bengal","v":20.3},"geometry":{"type":"Point","coordinates":[88.9969,26.7437]}},{"type":"Feature","properties":{"s":"West Bengal","v":20.3},"geometry":{"type":"Point","coordinates":[87.9695,22.2944]}},{"type":"Feature","properties":{"s":"West Bengal","v":20.3},"geometry":{"type":"Point","coordinates":[88.1553,23.1614]}},{"type":"Feature","properties":{"s":"West Bengal","v":20.3},"geometry":{"type":"Point","coordinates":[88.3666,24.9859]}},{"type":"Feature","properties":{"s":"West Bengal","v":20.3},"geometry":{"type":"Point","coordinates":[87.2872,23.0388]}},{"type":"Feature","properties":{"s":"West Bengal","v":20.3},"geometry":{"type":"Point","coordinates":[87.0617,23.3389]}},{"type":"Feature","properties":{"s":"West Bengal","v":20.3},"geometry":{"type":"Point","coordinates":[88.7886,25.4198]}},{"type":"Feature","properties":{"s":"West Bengal","v":20.3},"geometry":{"type":"Point","coordinates":[86.955,22.9949]}},{"type":"Feature","properties":{"s":"West Bengal","v":20.3},"geometry":{"type":"Point","coordinates":[87.5325,23.7045]}},{"type":"Feature","properties":{"s":"West Bengal","v":20.3},"geometry":{"type":"Point","coordinates":[89.1293,26.6602]}},{"type":"Feature","properties":{"s":"West Bengal","v":20.3},"geometry":{"type":"Point","coordinates":[87.0747,23.6713]}},{"type":"Feature","properties":{"s":"West Bengal","v":20.3},"geometry":{"type":"Point","coordinates":[87.6472,23.8716]}},{"type":"Feature","properties":{"s":"West Bengal","v":20.3},"geometry":{"type":"Point","coordinates":[88.1183,22.6851]}},{"type":"Feature","properties":{"s":"West Bengal","v":20.3},"geometry":{"type":"Point","coordinates":[88.436,26.6899]}},{"type":"Feature","properties":{"s":"West Bengal","v":20.3},"geometry":{"type":"Point","coordinates":[88.8795,22.8751]}},{"type":"Feature","properties":{"s":"West Bengal","v":20.3},"geometry":{"type":"Point","coordinates":[87.9801,24.0035]}},{"type":"Feature","properties":{"s":"West Bengal","v":20.3},"geometry":{"type":"Point","coordinates":[88.4479,22.5034]}},{"type":"Feature","properties":{"s":"West Bengal","v":20.3},"geometry":{"type":"Point","coordinates":[88.8264,22.7201]}},{"type":"Feature","properties":{"s":"West Bengal","v":20.3},"geometry":{"type":"Point","coordinates":[88.5137,26.6944]}},{"type":"Feature","properties":{"s":"West Bengal","v":20.3},"geometry":{"type":"Point","coordinates":[88.4437,26.9974]}},{"type":"Feature","properties":{"s":"West Bengal","v":20.3},"geometry":{"type":"Point","coordinates":[87.7074,21.7989]}},{"type":"Feature","properties":{"s":"West Bengal","v":20.3},"geometry":{"type":"Point","coordinates":[87.7115,21.7618]}},{"type":"Feature","properties":{"s":"West Bengal","v":20.3},"geometry":{"type":"Point","coordinates":[88.6882,22.1465]}},{"type":"Feature","properties":{"s":"West Bengal","v":20.3},"geometry":{"type":"Point","coordinates":[88.436,23.25]}},{"type":"Feature","properties":{"s":"West Bengal","v":20.3},"geometry":{"type":"Point","coordinates":[88.2921,26.54]}},{"type":"Feature","properties":{"s":"West Bengal","v":20.3},"geometry":{"type":"Point","coordinates":[88.3026,25.5064]}},{"type":"Feature","properties":{"s":"West Bengal","v":20.3},"geometry":{"type":"Point","coordinates":[87.856,25.338]}},{"type":"Feature","properties":{"s":"West Bengal","v":20.3},"geometry":{"type":"Point","coordinates":[88.7655,22.5642]}},{"type":"Feature","properties":{"s":"West Bengal","v":20.3},"geometry":{"type":"Point","coordinates":[86.598,22.8492]}},{"type":"Feature","properties":{"s":"West Bengal","v":20.3},"geometry":{"type":"Point","coordinates":[88.08,23.7484]}},{"type":"Feature","properties":{"s":"West Bengal","v":20.3},"geometry":{"type":"Point","coordinates":[87.9763,23.1362]}},{"type":"Feature","properties":{"s":"West Bengal","v":20.3},"geometry":{"type":"Point","coordinates":[88.6106,24.0538]}},{"type":"Feature","properties":{"s":"West Bengal","v":20.3},"geometry":{"type":"Point","coordinates":[88.0136,23.529]}},{"type":"Feature","properties":{"s":"West Bengal","v":20.3},"geometry":{"type":"Point","coordinates":[87.9799,22.1703]}},{"type":"Feature","properties":{"s":"West Bengal","v":20.3},"geometry":{"type":"Point","coordinates":[88.8178,22.6739]}},{"type":"Feature","properties":{"s":"West Bengal","v":20.3},"geometry":{"type":"Point","coordinates":[86.5819,23.2631]}},{"type":"Feature","properties":{"s":"West Bengal","v":20.3},"geometry":{"type":"Point","coordinates":[87.3206,22.7878]}},{"type":"Feature","properties":{"s":"West Bengal","v":20.3},"geometry":{"type":"Point","coordinates":[88.4137,23.9359]}},{"type":"Feature","properties":{"s":"West Bengal","v":20.3},"geometry":{"type":"Point","coordinates":[88.3316,26.7135]}},{"type":"Feature","properties":{"s":"West Bengal","v":20.3},"geometry":{"type":"Point","coordinates":[87.2696,23.9928]}},{"type":"Feature","properties":{"s":"West Bengal","v":20.3},"geometry":{"type":"Point","coordinates":[87.322,22.3757]}},{"type":"Feature","properties":{"s":"West Bengal","v":20.3},"geometry":{"type":"Point","coordinates":[86.7968,23.0547]}},{"type":"Feature","properties":{"s":"West Bengal","v":20.3},"geometry":{"type":"Point","coordinates":[86.9564,23.6837]}},{"type":"Feature","properties":{"s":"West Bengal","v":20.3},"geometry":{"type":"Point","coordinates":[86.7433,23.1846]}},{"type":"Feature","properties":{"s":"West Bengal","v":20.3},"geometry":{"type":"Point","coordinates":[87.7339,23.0029]}},{"type":"Feature","properties":{"s":"West Bengal","v":20.3},"geometry":{"type":"Point","coordinates":[88.4039,23.8948]}},{"type":"Feature","properties":{"s":"West Bengal","v":20.3},"geometry":{"type":"Point","coordinates":[88.2569,26.7869]}},{"type":"Feature","properties":{"s":"West Bengal","v":20.3},"geometry":{"type":"Point","coordinates":[87.548,23.5288]}},{"type":"Feature","properties":{"s":"West Bengal","v":20.3},"geometry":{"type":"Point","coordinates":[88.1209,26.1429]}},{"type":"Feature","properties":{"s":"West Bengal","v":20.3},"geometry":{"type":"Point","coordinates":[88.2806,23.2695]}},{"type":"Feature","properties":{"s":"West Bengal","v":20.3},"geometry":{"type":"Point","coordinates":[89.0023,22.1715]}},{"type":"Feature","properties":{"s":"West Bengal","v":20.3},"geometry":{"type":"Point","coordinates":[89.0515,26.4768]}},{"type":"Feature","properties":{"s":"West Bengal","v":20.3},"geometry":{"type":"Point","coordinates":[87.7626,24.2534]}},{"type":"Feature","properties":{"s":"West Bengal","v":20.3},"geometry":{"type":"Point","coordinates":[88.7552,27.0427]}},{"type":"Feature","properties":{"s":"West Bengal","v":20.3},"geometry":{"type":"Point","coordinates":[87.5196,23.9832]}},{"type":"Feature","properties":{"s":"West Bengal","v":20.3},"geometry":{"type":"Point","coordinates":[88.6318,22.8692]}},{"type":"Feature","properties":{"s":"West Bengal","v":20.3},"geometry":{"type":"Point","coordinates":[87.7232,21.8512]}},{"type":"Feature","properties":{"s":"West Bengal","v":20.3},"geometry":{"type":"Point","coordinates":[88.0366,23.0256]}},{"type":"Feature","properties":{"s":"West Bengal","v":20.3},"geometry":{"type":"Point","coordinates":[87.1625,22.403]}},{"type":"Feature","properties":{"s":"West Bengal","v":20.3},"geometry":{"type":"Point","coordinates":[88.1924,23.7128]}},{"type":"Feature","properties":{"s":"West Bengal","v":20.3},"geometry":{"type":"Point","coordinates":[87.9472,22.6589]}},{"type":"Feature","properties":{"s":"West Bengal","v":20.3},"geometry":{"type":"Point","coordinates":[88.524,24.1833]}},{"type":"Feature","properties":{"s":"West Bengal","v":20.3},"geometry":{"type":"Point","coordinates":[87.4963,22.4786]}},{"type":"Feature","properties":{"s":"West Bengal","v":20.3},"geometry":{"type":"Point","coordinates":[88.345,24.0478]}},{"type":"Feature","properties":{"s":"West Bengal","v":20.3},"geometry":{"type":"Point","coordinates":[88.0776,23.4865]}},{"type":"Feature","properties":{"s":"West Bengal","v":20.3},"geometry":{"type":"Point","coordinates":[89.4682,26.3718]}},{"type":"Feature","properties":{"s":"West Bengal","v":20.3},"geometry":{"type":"Point","coordinates":[86.7772,22.9858]}},{"type":"Feature","properties":{"s":"West Bengal","v":20.3},"geometry":{"type":"Point","coordinates":[88.8889,22.8758]}},{"type":"Feature","properties":{"s":"West Bengal","v":20.3},"geometry":{"type":"Point","coordinates":[88.527,23.6189]}},{"type":"Feature","properties":{"s":"West Bengal","v":20.3},"geometry":{"type":"Point","coordinates":[88.4429,25.6114]}},{"type":"Feature","properties":{"s":"West Bengal","v":20.3},"geometry":{"type":"Point","coordinates":[88.0047,22.5459]}},{"type":"Feature","properties":{"s":"West Bengal","v":20.3},"geometry":{"type":"Point","coordinates":[86.7394,23.41]}},{"type":"Feature","properties":{"s":"West Bengal","v":20.3},"geometry":{"type":"Point","coordinates":[86.6271,23.0895]}},{"type":"Feature","properties":{"s":"West Bengal","v":20.3},"geometry":{"type":"Point","coordinates":[89.3999,26.5256]}},{"type":"Feature","properties":{"s":"West Bengal","v":20.3},"geometry":{"type":"Point","coordinates":[87.9813,26.0718]}},{"type":"Feature","properties":{"s":"West Bengal","v":20.3},"geometry":{"type":"Point","coordinates":[87.4307,22.778]}},{"type":"Feature","properties":{"s":"West Bengal","v":20.3},"geometry":{"type":"Point","coordinates":[87.5744,22.1846]}},{"type":"Feature","properties":{"s":"West Bengal","v":20.3},"geometry":{"type":"Point","coordinates":[87.4379,23.4953]}},{"type":"Feature","properties":{"s":"West Bengal","v":20.3},"geometry":{"type":"Point","coordinates":[87.4485,23.0057]}},{"type":"Feature","properties":{"s":"West Bengal","v":20.3},"geometry":{"type":"Point","coordinates":[89.352,26.4117]}},{"type":"Feature","properties":{"s":"West Bengal","v":20.3},"geometry":{"type":"Point","coordinates":[88.278,25.6075]}},{"type":"Feature","properties":{"s":"West Bengal","v":20.3},"geometry":{"type":"Point","coordinates":[88.2135,22.1318]}},{"type":"Feature","properties":{"s":"West Bengal","v":20.3},"geometry":{"type":"Point","coordinates":[89.7154,26.5711]}},{"type":"Feature","properties":{"s":"West Bengal","v":20.3},"geometry":{"type":"Point","coordinates":[87.6141,23.7751]}},{"type":"Feature","properties":{"s":"West Bengal","v":20.3},"geometry":{"type":"Point","coordinates":[87.5527,23.7787]}},{"type":"Feature","properties":{"s":"West Bengal","v":20.3},"geometry":{"type":"Point","coordinates":[86.5194,23.3456]}},{"type":"Feature","properties":{"s":"West Bengal","v":20.3},"geometry":{"type":"Point","coordinates":[88.3839,24.2055]}},{"type":"Feature","properties":{"s":"West Bengal","v":20.3},"geometry":{"type":"Point","coordinates":[86.8895,23.7539]}},{"type":"Feature","properties":{"s":"West Bengal","v":20.3},"geometry":{"type":"Point","coordinates":[87.811,23.9159]}},{"type":"Feature","properties":{"s":"West Bengal","v":20.3},"geometry":{"type":"Point","coordinates":[86.9933,22.5065]}},{"type":"Feature","properties":{"s":"West Bengal","v":20.3},"geometry":{"type":"Point","coordinates":[87.9991,21.9384]}},{"type":"Feature","properties":{"s":"West Bengal","v":20.3},"geometry":{"type":"Point","coordinates":[87.3154,23.801]}},{"type":"Feature","properties":{"s":"West Bengal","v":20.3},"geometry":{"type":"Point","coordinates":[89.4902,26.3045]}},{"type":"Feature","properties":{"s":"West Bengal","v":20.3},"geometry":{"type":"Point","coordinates":[87.4827,21.7702]}},{"type":"Feature","properties":{"s":"West Bengal","v":20.3},"geometry":{"type":"Point","coordinates":[87.2608,22.8261]}},{"type":"Feature","properties":{"s":"West Bengal","v":20.3},"geometry":{"type":"Point","coordinates":[88.7392,22.7564]}},{"type":"Feature","properties":{"s":"West Bengal","v":20.3},"geometry":{"type":"Point","coordinates":[86.5607,23.2463]}},{"type":"Feature","properties":{"s":"West Bengal","v":20.3},"geometry":{"type":"Point","coordinates":[87.556,22.2944]}},{"type":"Feature","properties":{"s":"West Bengal","v":20.3},"geometry":{"type":"Point","coordinates":[87.112,23.6532]}},{"type":"Feature","properties":{"s":"West Bengal","v":20.3},"geometry":{"type":"Point","coordinates":[87.5169,23.5656]}},{"type":"Feature","properties":{"s":"West Bengal","v":20.3},"geometry":{"type":"Point","coordinates":[86.5908,22.8362]}},{"type":"Feature","properties":{"s":"West Bengal","v":20.3},"geometry":{"type":"Point","coordinates":[88.1173,25.5152]}},{"type":"Feature","properties":{"s":"West Bengal","v":20.3},"geometry":{"type":"Point","coordinates":[87.3498,22.5298]}},{"type":"Feature","properties":{"s":"West Bengal","v":20.3},"geometry":{"type":"Point","coordinates":[88.3307,24.0922]}},{"type":"Feature","properties":{"s":"West Bengal","v":20.3},"geometry":{"type":"Point","coordinates":[88.0289,24.626]}},{"type":"Feature","properties":{"s":"West Bengal","v":20.3},"geometry":{"type":"Point","coordinates":[87.5534,21.6267]}},{"type":"Feature","properties":{"s":"West Bengal","v":20.3},"geometry":{"type":"Point","coordinates":[88.2991,22.5347]}},{"type":"Feature","properties":{"s":"West Bengal","v":20.3},"geometry":{"type":"Point","coordinates":[89.6649,26.5628]}},{"type":"Feature","properties":{"s":"West Bengal","v":20.3},"geometry":{"type":"Point","coordinates":[88.722,22.7164]}},{"type":"Feature","properties":{"s":"West Bengal","v":20.3},"geometry":{"type":"Point","coordinates":[88.0545,22.2185]}},{"type":"Feature","properties":{"s":"West Bengal","v":20.3},"geometry":{"type":"Point","coordinates":[87.7823,24.3476]}},{"type":"Feature","properties":{"s":"West Bengal","v":20.3},"geometry":{"type":"Point","coordinates":[87.7362,23.8045]}},{"type":"Feature","properties":{"s":"West Bengal","v":20.3},"geometry":{"type":"Point","coordinates":[88.2186,24.9743]}},{"type":"Feature","properties":{"s":"West Bengal","v":20.3},"geometry":{"type":"Point","coordinates":[88.8013,21.9758]}},{"type":"Feature","properties":{"s":"West Bengal","v":20.3},"geometry":{"type":"Point","coordinates":[87.9547,24.2869]}},{"type":"Feature","properties":{"s":"West Bengal","v":20.3},"geometry":{"type":"Point","coordinates":[88.3384,23.2564]}},{"type":"Feature","properties":{"s":"West Bengal","v":20.3},"geometry":{"type":"Point","coordinates":[88.7341,21.8133]}},{"type":"Feature","properties":{"s":"West Bengal","v":20.3},"geometry":{"type":"Point","coordinates":[87.3752,22.3799]}},{"type":"Feature","properties":{"s":"West Bengal","v":20.3},"geometry":{"type":"Point","coordinates":[88.3596,27.0021]}},{"type":"Feature","properties":{"s":"West Bengal","v":20.3},"geometry":{"type":"Point","coordinates":[86.8947,22.5494]}},{"type":"Feature","properties":{"s":"West Bengal","v":20.3},"geometry":{"type":"Point","coordinates":[88.2649,21.8623]}},{"type":"Feature","properties":{"s":"West Bengal","v":20.3},"geometry":{"type":"Point","coordinates":[88.1198,23.2994]}},{"type":"Feature","properties":{"s":"West Bengal","v":20.3},"geometry":{"type":"Point","coordinates":[88.5415,21.9936]}},{"type":"Feature","properties":{"s":"West Bengal","v":20.3},"geometry":{"type":"Point","coordinates":[88.2695,23.0969]}},{"type":"Feature","properties":{"s":"West Bengal","v":20.3},"geometry":{"type":"Point","coordinates":[88.0739,22.7003]}},{"type":"Feature","properties":{"s":"West Bengal","v":20.3},"geometry":{"type":"Point","coordinates":[88.3363,22.3973]}},{"type":"Feature","properties":{"s":"West Bengal","v":20.3},"geometry":{"type":"Point","coordinates":[87.0641,23.7406]}},{"type":"Feature","properties":{"s":"West Bengal","v":20.3},"geometry":{"type":"Point","coordinates":[88.4329,22.2542]}},{"type":"Feature","properties":{"s":"West Bengal","v":20.3},"geometry":{"type":"Point","coordinates":[88.8127,22.7078]}},{"type":"Feature","properties":{"s":"West Bengal","v":20.3},"geometry":{"type":"Point","coordinates":[89.4562,26.3186]}},{"type":"Feature","properties":{"s":"West Bengal","v":20.3},"geometry":{"type":"Point","coordinates":[88.8509,26.9706]}},{"type":"Feature","properties":{"s":"West Bengal","v":20.3},"geometry":{"type":"Point","coordinates":[88.9844,22.1732]}},{"type":"Feature","properties":{"s":"West Bengal","v":20.3},"geometry":{"type":"Point","coordinates":[87.4294,23.2016]}},{"type":"Feature","properties":{"s":"West Bengal","v":20.3},"geometry":{"type":"Point","coordinates":[87.7535,21.9083]}},{"type":"Feature","properties":{"s":"West Bengal","v":20.3},"geometry":{"type":"Point","coordinates":[88.1674,26.5119]}},{"type":"Feature","properties":{"s":"West Bengal","v":20.3},"geometry":{"type":"Point","coordinates":[88.7534,22.2451]}},{"type":"Feature","properties":{"s":"West Bengal","v":20.3},"geometry":{"type":"Point","coordinates":[88.1475,24.9692]}},{"type":"Feature","properties":{"s":"West Bengal","v":20.3},"geometry":{"type":"Point","coordinates":[88.1557,23.9604]}},{"type":"Feature","properties":{"s":"West Bengal","v":20.3},"geometry":{"type":"Point","coordinates":[88.2077,25.1532]}},{"type":"Feature","properties":{"s":"West Bengal","v":20.3},"geometry":{"type":"Point","coordinates":[87.1235,22.8314]}},{"type":"Feature","properties":{"s":"West Bengal","v":20.3},"geometry":{"type":"Point","coordinates":[89.0494,26.8752]}},{"type":"Feature","properties":{"s":"West Bengal","v":20.3},"geometry":{"type":"Point","coordinates":[87.6768,23.2732]}},{"type":"Feature","properties":{"s":"West Bengal","v":20.3},"geometry":{"type":"Point","coordinates":[87.9997,25.4744]}},{"type":"Feature","properties":{"s":"West Bengal","v":20.3},"geometry":{"type":"Point","coordinates":[87.8786,25.4931]}},{"type":"Feature","properties":{"s":"West Bengal","v":20.3},"geometry":{"type":"Point","coordinates":[88.2439,23.5995]}},{"type":"Feature","properties":{"s":"West Bengal","v":20.3},"geometry":{"type":"Point","coordinates":[89.6556,26.3991]}},{"type":"Feature","properties":{"s":"West Bengal","v":20.3},"geometry":{"type":"Point","coordinates":[88.2801,22.4551]}},{"type":"Feature","properties":{"s":"West Bengal","v":20.3},"geometry":{"type":"Point","coordinates":[87.7524,22.1007]}},{"type":"Feature","properties":{"s":"West Bengal","v":20.3},"geometry":{"type":"Point","coordinates":[89.7365,26.3636]}},{"type":"Feature","properties":{"s":"West Bengal","v":20.3},"geometry":{"type":"Point","coordinates":[86.708,22.8186]}},{"type":"Feature","properties":{"s":"West Bengal","v":20.3},"geometry":{"type":"Point","coordinates":[87.3961,23.3724]}},{"type":"Feature","properties":{"s":"West Bengal","v":20.3},"geometry":{"type":"Point","coordinates":[86.2604,23.3669]}},{"type":"Feature","properties":{"s":"West Bengal","v":20.3},"geometry":{"type":"Point","coordinates":[87.9797,25.3004]}},{"type":"Feature","properties":{"s":"West Bengal","v":20.3},"geometry":{"type":"Point","coordinates":[87.6365,22.4809]}},{"type":"Feature","properties":{"s":"West Bengal","v":20.3},"geometry":{"type":"Point","coordinates":[86.7745,22.9602]}},{"type":"Feature","properties":{"s":"West Bengal","v":20.3},"geometry":{"type":"Point","coordinates":[88.3047,24.4193]}},{"type":"Feature","properties":{"s":"West Bengal","v":20.3},"geometry":{"type":"Point","coordinates":[88.9268,21.8273]}},{"type":"Feature","properties":{"s":"West Bengal","v":20.3},"geometry":{"type":"Point","coordinates":[88.0729,24.088]}},{"type":"Feature","properties":{"s":"West Bengal","v":20.3},"geometry":{"type":"Point","coordinates":[86.6278,23.1832]}},{"type":"Feature","properties":{"s":"West Bengal","v":20.3},"geometry":{"type":"Point","coordinates":[87.2685,23.6887]}},{"type":"Feature","properties":{"s":"West Bengal","v":20.3},"geometry":{"type":"Point","coordinates":[88.05,23.5797]}},{"type":"Feature","properties":{"s":"West Bengal","v":20.3},"geometry":{"type":"Point","coordinates":[86.5777,23.4172]}},{"type":"Feature","properties":{"s":"West Bengal","v":20.3},"geometry":{"type":"Point","coordinates":[89.1463,26.6803]}},{"type":"Feature","properties":{"s":"West Bengal","v":20.3},"geometry":{"type":"Point","coordinates":[88.3685,26.9405]}},{"type":"Feature","properties":{"s":"West Bengal","v":20.3},"geometry":{"type":"Point","coordinates":[87.6491,22.8092]}},{"type":"Feature","properties":{"s":"West Bengal","v":20.3},"geometry":{"type":"Point","coordinates":[88.2593,25.5558]}},{"type":"Feature","properties":{"s":"West Bengal","v":20.3},"geometry":{"type":"Point","coordinates":[88.7778,26.8316]}},{"type":"Feature","properties":{"s":"West Bengal","v":20.3},"geometry":{"type":"Point","coordinates":[88.0263,23.959]}},{"type":"Feature","properties":{"s":"West Bengal","v":20.3},"geometry":{"type":"Point","coordinates":[88.6309,23.3282]}},{"type":"Feature","properties":{"s":"West Bengal","v":20.3},"geometry":{"type":"Point","coordinates":[87.869,23.1797]}},{"type":"Feature","properties":{"s":"West Bengal","v":20.3},"geometry":{"type":"Point","coordinates":[87.7175,22.544]}},{"type":"Feature","properties":{"s":"West Bengal","v":20.3},"geometry":{"type":"Point","coordinates":[88.5426,26.5356]}},{"type":"Feature","properties":{"s":"West Bengal","v":20.3},"geometry":{"type":"Point","coordinates":[89.5612,26.2177]}},{"type":"Feature","properties":{"s":"West Bengal","v":20.3},"geometry":{"type":"Point","coordinates":[88.3223,24.2084]}},{"type":"Feature","properties":{"s":"West Bengal","v":20.3},"geometry":{"type":"Point","coordinates":[88.4889,23.9351]}},{"type":"Feature","properties":{"s":"West Bengal","v":20.3},"geometry":{"type":"Point","coordinates":[87.9015,24.1953]}},{"type":"Feature","properties":{"s":"West Bengal","v":20.3},"geometry":{"type":"Point","coordinates":[87.8745,21.954]}},{"type":"Feature","properties":{"s":"West Bengal","v":20.3},"geometry":{"type":"Point","coordinates":[86.8518,23.7732]}},{"type":"Feature","properties":{"s":"West Bengal","v":20.3},"geometry":{"type":"Point","coordinates":[88.1193,22.9972]}},{"type":"Feature","properties":{"s":"Andhra Pradesh","v":0.1},"geometry":{"type":"Point","coordinates":[79.8281,13.3745]}},{"type":"Feature","properties":{"s":"Andhra Pradesh","v":0.1},"geometry":{"type":"Point","coordinates":[79.3058,15.1573]}},{"type":"Feature","properties":{"s":"Andhra Pradesh","v":0.1},"geometry":{"type":"Point","coordinates":[80.8296,16.2555]}},{"type":"Feature","properties":{"s":"Andhra Pradesh","v":0.1},"geometry":{"type":"Point","coordinates":[78.4469,13.6548]}},{"type":"Feature","properties":{"s":"Andhra Pradesh","v":0.1},"geometry":{"type":"Point","coordinates":[77.3276,15.727]}},{"type":"Feature","properties":{"s":"Andhra Pradesh","v":0.1},"geometry":{"type":"Point","coordinates":[78.1612,14.731]}},{"type":"Feature","properties":{"s":"Puducherry","v":0.5},"geometry":{"type":"Point","coordinates":[79.7425,11.9093]}},{"type":"Feature","properties":{"s":"Puducherry","v":0.5},"geometry":{"type":"Point","coordinates":[79.8167,10.9856]}},{"type":"Feature","properties":{"s":"Puducherry","v":0.5},"geometry":{"type":"Point","coordinates":[79.8291,10.9276]}},{"type":"Feature","properties":{"s":"Puducherry","v":0.5},"geometry":{"type":"Point","coordinates":[79.755,11.9019]}},{"type":"Feature","properties":{"s":"Puducherry","v":0.5},"geometry":{"type":"Point","coordinates":[79.8452,10.9633]}},{"type":"Feature","properties":{"s":"Puducherry","v":0.5},"geometry":{"type":"Point","coordinates":[79.7768,10.9458]}},{"type":"Feature","properties":{"s":"Puducherry","v":0.5},"geometry":{"type":"Point","coordinates":[79.7465,11.8889]}},{"type":"Feature","properties":{"s":"Puducherry","v":0.5},"geometry":{"type":"Point","coordinates":[79.8213,10.9544]}},{"type":"Feature","properties":{"s":"Puducherry","v":0.5},"geometry":{"type":"Point","coordinates":[79.8193,11.9611]}},{"type":"Feature","properties":{"s":"Maharashtra","v":1.8},"geometry":{"type":"Point","coordinates":[79.0353,20.2053]}},{"type":"Feature","properties":{"s":"Maharashtra","v":1.8},"geometry":{"type":"Point","coordinates":[75.6834,19.9188]}},{"type":"Feature","properties":{"s":"Maharashtra","v":1.8},"geometry":{"type":"Point","coordinates":[74.0075,16.3178]}},{"type":"Feature","properties":{"s":"Maharashtra","v":1.8},"geometry":{"type":"Point","coordinates":[75.9697,21.3269]}},{"type":"Feature","properties":{"s":"Maharashtra","v":1.8},"geometry":{"type":"Point","coordinates":[74.1771,20.9897]}},{"type":"Feature","properties":{"s":"Maharashtra","v":1.8},"geometry":{"type":"Point","coordinates":[76.2,20.0616]}},{"type":"Feature","properties":{"s":"Maharashtra","v":1.8},"geometry":{"type":"Point","coordinates":[76.6889,18.8212]}},{"type":"Feature","properties":{"s":"Maharashtra","v":1.8},"geometry":{"type":"Point","coordinates":[76.4041,18.6308]}},{"type":"Feature","properties":{"s":"Maharashtra","v":1.8},"geometry":{"type":"Point","coordinates":[75.4401,20.8199]}},{"type":"Feature","properties":{"s":"Maharashtra","v":1.8},"geometry":{"type":"Point","coordinates":[76.4156,18.2321]}},{"type":"Feature","properties":{"s":"Maharashtra","v":1.8},"geometry":{"type":"Point","coordinates":[80.3823,19.5587]}},{"type":"Feature","properties":{"s":"Maharashtra","v":1.8},"geometry":{"type":"Point","coordinates":[76.7313,19.1339]}},{"type":"Feature","properties":{"s":"Maharashtra","v":1.8},"geometry":{"type":"Point","coordinates":[75.6382,19.295]}},{"type":"Feature","properties":{"s":"Maharashtra","v":1.8},"geometry":{"type":"Point","coordinates":[78.9258,21.0807]}},{"type":"Feature","properties":{"s":"Maharashtra","v":1.8},"geometry":{"type":"Point","coordinates":[80.2658,20.2303]}},{"type":"Feature","properties":{"s":"Maharashtra","v":1.8},"geometry":{"type":"Point","coordinates":[76.4723,18.771]}},{"type":"Feature","properties":{"s":"Maharashtra","v":1.8},"geometry":{"type":"Point","coordinates":[78.5893,20.0071]}},{"type":"Feature","properties":{"s":"Maharashtra","v":1.8},"geometry":{"type":"Point","coordinates":[72.7394,19.7864]}},{"type":"Feature","properties":{"s":"Maharashtra","v":1.8},"geometry":{"type":"Point","coordinates":[77.017,19.9858]}},{"type":"Feature","properties":{"s":"Maharashtra","v":1.8},"geometry":{"type":"Point","coordinates":[78.758,21.0252]}},{"type":"Feature","properties":{"s":"Maharashtra","v":1.8},"geometry":{"type":"Point","coordinates":[73.3764,18.5677]}},{"type":"Feature","properties":{"s":"Maharashtra","v":1.8},"geometry":{"type":"Point","coordinates":[73.8859,16.7273]}},{"type":"Feature","properties":{"s":"Maharashtra","v":1.8},"geometry":{"type":"Point","coordinates":[80.5397,19.652]}},{"type":"Feature","properties":{"s":"Maharashtra","v":1.8},"geometry":{"type":"Point","coordinates":[77.6214,20.0542]}},{"type":"Feature","properties":{"s":"Maharashtra","v":1.8},"geometry":{"type":"Point","coordinates":[78.8096,19.9712]}},{"type":"Feature","properties":{"s":"Maharashtra","v":1.8},"geometry":{"type":"Point","coordinates":[76.3283,18.9943]}},{"type":"Feature","properties":{"s":"Maharashtra","v":1.8},"geometry":{"type":"Point","coordinates":[75.8669,18.7729]}},{"type":"Feature","properties":{"s":"Maharashtra","v":1.8},"geometry":{"type":"Point","coordinates":[75.0316,20.5559]}},{"type":"Feature","properties":{"s":"Maharashtra","v":1.8},"geometry":{"type":"Point","coordinates":[76.6189,20.3541]}},{"type":"Feature","properties":{"s":"Maharashtra","v":1.8},"geometry":{"type":"Point","coordinates":[77.5985,19.7849]}},{"type":"Feature","properties":{"s":"Maharashtra","v":1.8},"geometry":{"type":"Point","coordinates":[80.3998,21.1331]}},{"type":"Feature","properties":{"s":"Maharashtra","v":1.8},"geometry":{"type":"Point","coordinates":[75.4365,19.875]}},{"type":"Feature","properties":{"s":"Daman & Diu","v":3.1},"geometry":{"type":"Point","coordinates":[72.8476,20.4374]}},{"type":"Feature","properties":{"s":"Daman & Diu","v":3.1},"geometry":{"type":"Point","coordinates":[72.8436,20.4101]}},{"type":"Feature","properties":{"s":"Daman & Diu","v":3.1},"geometry":{"type":"Point","coordinates":[72.8542,20.4273]}},{"type":"Feature","properties":{"s":"Daman & Diu","v":3.1},"geometry":{"type":"Point","coordinates":[72.8284,20.3834]}},{"type":"Feature","properties":{"s":"Daman & Diu","v":3.1},"geometry":{"type":"Point","coordinates":[72.8533,20.4139]}},{"type":"Feature","properties":{"s":"Daman & Diu","v":3.1},"geometry":{"type":"Point","coordinates":[72.8502,20.4496]}},{"type":"Feature","properties":{"s":"Daman & Diu","v":3.1},"geometry":{"type":"Point","coordinates":[72.853,20.4272]}},{"type":"Feature","properties":{"s":"Daman & Diu","v":3.1},"geometry":{"type":"Point","coordinates":[72.8546,20.4637]}},{"type":"Feature","properties":{"s":"Daman & Diu","v":3.1},"geometry":{"type":"Point","coordinates":[72.8474,20.4231]}},{"type":"Feature","properties":{"s":"Daman & Diu","v":3.1},"geometry":{"type":"Point","coordinates":[72.8465,20.4319]}},{"type":"Feature","properties":{"s":"Daman & Diu","v":3.1},"geometry":{"type":"Point","coordinates":[72.8298,20.3887]}},{"type":"Feature","properties":{"s":"Daman & Diu","v":3.1},"geometry":{"type":"Point","coordinates":[72.8231,20.3722]}},{"type":"Feature","properties":{"s":"Daman & Diu","v":3.1},"geometry":{"type":"Point","coordinates":[72.8284,20.3839]}},{"type":"Feature","properties":{"s":"Daman & Diu","v":3.1},"geometry":{"type":"Point","coordinates":[72.8427,20.422]}},{"type":"Feature","properties":{"s":"Daman & Diu","v":3.1},"geometry":{"type":"Point","coordinates":[72.8388,20.4066]}},{"type":"Feature","properties":{"s":"Daman & Diu","v":3.1},"geometry":{"type":"Point","coordinates":[72.8516,20.4117]}},{"type":"Feature","properties":{"s":"Daman & Diu","v":3.1},"geometry":{"type":"Point","coordinates":[72.8412,20.4152]}},{"type":"Feature","properties":{"s":"Daman & Diu","v":3.1},"geometry":{"type":"Point","coordinates":[72.8428,20.4129]}},{"type":"Feature","properties":{"s":"Daman & Diu","v":3.1},"geometry":{"type":"Point","coordinates":[72.8445,20.4119]}},{"type":"Feature","properties":{"s":"Daman & Diu","v":3.1},"geometry":{"type":"Point","coordinates":[72.8481,20.4296]}},{"type":"Feature","properties":{"s":"Daman & Diu","v":3.1},"geometry":{"type":"Point","coordinates":[72.8521,20.4362]}},{"type":"Feature","properties":{"s":"Daman & Diu","v":3.1},"geometry":{"type":"Point","coordinates":[72.8498,20.4322]}},{"type":"Feature","properties":{"s":"Daman & Diu","v":3.1},"geometry":{"type":"Point","coordinates":[72.8503,20.4224]}},{"type":"Feature","properties":{"s":"Daman & Diu","v":3.1},"geometry":{"type":"Point","coordinates":[72.8483,20.4097]}},{"type":"Feature","properties":{"s":"Daman & Diu","v":3.1},"geometry":{"type":"Point","coordinates":[72.8552,20.4562]}},{"type":"Feature","properties":{"s":"Daman & Diu","v":3.1},"geometry":{"type":"Point","coordinates":[72.8483,20.4303]}},{"type":"Feature","properties":{"s":"Daman & Diu","v":3.1},"geometry":{"type":"Point","coordinates":[72.8382,20.3994]}},{"type":"Feature","properties":{"s":"Daman & Diu","v":3.1},"geometry":{"type":"Point","coordinates":[72.856,20.4549]}},{"type":"Feature","properties":{"s":"Daman & Diu","v":3.1},"geometry":{"type":"Point","coordinates":[72.8356,20.4072]}},{"type":"Feature","properties":{"s":"Daman & Diu","v":3.1},"geometry":{"type":"Point","coordinates":[72.8373,20.4079]}},{"type":"Feature","properties":{"s":"Daman & Diu","v":3.1},"geometry":{"type":"Point","coordinates":[72.8423,20.4241]}},{"type":"Feature","properties":{"s":"Daman & Diu","v":3.1},"geometry":{"type":"Point","coordinates":[72.8349,20.3894]}},{"type":"Feature","properties":{"s":"Daman & Diu","v":3.1},"geometry":{"type":"Point","coordinates":[72.8518,20.4461]}},{"type":"Feature","properties":{"s":"Daman & Diu","v":3.1},"geometry":{"type":"Point","coordinates":[72.8475,20.4313]}},{"type":"Feature","properties":{"s":"Daman & Diu","v":3.1},"geometry":{"type":"Point","coordinates":[72.8534,20.4546]}},{"type":"Feature","properties":{"s":"Daman & Diu","v":3.1},"geometry":{"type":"Point","coordinates":[72.8534,20.4306]}},{"type":"Feature","properties":{"s":"Daman & Diu","v":3.1},"geometry":{"type":"Point","coordinates":[72.8346,20.3969]}},{"type":"Feature","properties":{"s":"Daman & Diu","v":3.1},"geometry":{"type":"Point","coordinates":[72.8386,20.4016]}},{"type":"Feature","properties":{"s":"Daman & Diu","v":3.1},"geometry":{"type":"Point","coordinates":[72.8529,20.435]}},{"type":"Feature","properties":{"s":"Daman & Diu","v":3.1},"geometry":{"type":"Point","coordinates":[72.8506,20.435]}},{"type":"Feature","properties":{"s":"Daman & Diu","v":3.1},"geometry":{"type":"Point","coordinates":[72.8358,20.3956]}},{"type":"Feature","properties":{"s":"Daman & Diu","v":3.1},"geometry":{"type":"Point","coordinates":[72.8317,20.3901]}},{"type":"Feature","properties":{"s":"Daman & Diu","v":3.1},"geometry":{"type":"Point","coordinates":[72.8474,20.4108]}},{"type":"Feature","properties":{"s":"Daman & Diu","v":3.1},"geometry":{"type":"Point","coordinates":[72.8424,20.4116]}},{"type":"Feature","properties":{"s":"Daman & Diu","v":3.1},"geometry":{"type":"Point","coordinates":[72.8502,20.435]}},{"type":"Feature","properties":{"s":"Daman & Diu","v":3.1},"geometry":{"type":"Point","coordinates":[72.8446,20.4009]}},{"type":"Feature","properties":{"s":"Daman & Diu","v":3.1},"geometry":{"type":"Point","coordinates":[72.8513,20.4318]}},{"type":"Feature","properties":{"s":"Daman & Diu","v":3.1},"geometry":{"type":"Point","coordinates":[72.8285,20.3872]}},{"type":"Feature","properties":{"s":"Daman & Diu","v":3.1},"geometry":{"type":"Point","coordinates":[72.8527,20.4587]}},{"type":"Feature","properties":{"s":"Daman & Diu","v":3.1},"geometry":{"type":"Point","coordinates":[72.8349,20.4062]}},{"type":"Feature","properties":{"s":"Daman & Diu","v":3.1},"geometry":{"type":"Point","coordinates":[72.8489,20.434]}},{"type":"Feature","properties":{"s":"Daman & Diu","v":3.1},"geometry":{"type":"Point","coordinates":[72.8502,20.4399]}},{"type":"Feature","properties":{"s":"Daman & Diu","v":3.1},"geometry":{"type":"Point","coordinates":[72.8529,20.4348]}},{"type":"Feature","properties":{"s":"Daman & Diu","v":3.1},"geometry":{"type":"Point","coordinates":[72.8415,20.4198]}},{"type":"Feature","properties":{"s":"Daman & Diu","v":3.1},"geometry":{"type":"Point","coordinates":[72.8445,20.403]}},{"type":"Feature","properties":{"s":"Daman & Diu","v":3.1},"geometry":{"type":"Point","coordinates":[72.8514,20.4379]}},{"type":"Feature","properties":{"s":"Dadra & Nagar Haveli","v":3.1},"geometry":{"type":"Point","coordinates":[73.1626,20.1186]}},{"type":"Feature","properties":{"s":"Dadra & Nagar Haveli","v":3.1},"geometry":{"type":"Point","coordinates":[73.0268,20.1842]}},{"type":"Feature","properties":{"s":"Dadra & Nagar Haveli","v":3.1},"geometry":{"type":"Point","coordinates":[73.119,20.0839]}},{"type":"Feature","properties":{"s":"Dadra & Nagar Haveli","v":3.1},"geometry":{"type":"Point","coordinates":[72.9358,20.2832]}},{"type":"Feature","properties":{"s":"Dadra & Nagar Haveli","v":3.1},"geometry":{"type":"Point","coordinates":[73.0759,20.1118]}},{"type":"Feature","properties":{"s":"Dadra & Nagar Haveli","v":3.1},"geometry":{"type":"Point","coordinates":[73.0974,20.2289]}},{"type":"Feature","properties":{"s":"Dadra & Nagar Haveli","v":3.1},"geometry":{"type":"Point","coordinates":[73.1496,20.1209]}},{"type":"Feature","properties":{"s":"Dadra & Nagar Haveli","v":3.1},"geometry":{"type":"Point","coordinates":[73.1675,20.1231]}},{"type":"Feature","properties":{"s":"Dadra & Nagar Haveli","v":3.1},"geometry":{"type":"Point","coordinates":[73.1283,20.168]}},{"type":"Feature","properties":{"s":"Dadra & Nagar Haveli","v":3.1},"geometry":{"type":"Point","coordinates":[73.0548,20.271]}},{"type":"Feature","properties":{"s":"Dadra & Nagar Haveli","v":3.1},"geometry":{"type":"Point","coordinates":[73.081,20.1718]}},{"type":"Feature","properties":{"s":"Dadra & Nagar Haveli","v":3.1},"geometry":{"type":"Point","coordinates":[73.1327,20.176]}},{"type":"Feature","properties":{"s":"Dadra & Nagar Haveli","v":3.1},"geometry":{"type":"Point","coordinates":[73.1013,20.1588]}},{"type":"Feature","properties":{"s":"Dadra & Nagar Haveli","v":3.1},"geometry":{"type":"Point","coordinates":[73.1749,20.1135]}},{"type":"Feature","properties":{"s":"Dadra & Nagar Haveli","v":3.1},"geometry":{"type":"Point","coordinates":[72.9679,20.1998]}},{"type":"Feature","properties":{"s":"Dadra & Nagar Haveli","v":3.1},"geometry":{"type":"Point","coordinates":[72.9733,20.1833]}},{"type":"Feature","properties":{"s":"Dadra & Nagar Haveli","v":3.1},"geometry":{"type":"Point","coordinates":[72.9834,20.2472]}},{"type":"Feature","properties":{"s":"Dadra & Nagar Haveli","v":3.1},"geometry":{"type":"Point","coordinates":[73.0349,20.271]}},{"type":"Feature","properties":{"s":"Dadra & Nagar Haveli","v":3.1},"geometry":{"type":"Point","coordinates":[73.0276,20.2716]}},{"type":"Feature","properties":{"s":"Dadra & Nagar Haveli","v":3.1},"geometry":{"type":"Point","coordinates":[73.0993,20.1108]}},{"type":"Feature","properties":{"s":"Dadra & Nagar Haveli","v":3.1},"geometry":{"type":"Point","coordinates":[73.0591,20.2798]}},{"type":"Feature","properties":{"s":"Dadra & Nagar Haveli","v":3.1},"geometry":{"type":"Point","coordinates":[73.068,20.248]}},{"type":"Feature","properties":{"s":"Dadra & Nagar Haveli","v":3.1},"geometry":{"type":"Point","coordinates":[73.0491,20.1719]}},{"type":"Feature","properties":{"s":"Dadra & Nagar Haveli","v":3.1},"geometry":{"type":"Point","coordinates":[72.998,20.1667]}},{"type":"Feature","properties":{"s":"Dadra & Nagar Haveli","v":3.1},"geometry":{"type":"Point","coordinates":[73.1511,20.1003]}},{"type":"Feature","properties":{"s":"Dadra & Nagar Haveli","v":3.1},"geometry":{"type":"Point","coordinates":[73.1715,20.1277]}},{"type":"Feature","properties":{"s":"Dadra & Nagar Haveli","v":3.1},"geometry":{"type":"Point","coordinates":[73.1426,20.0922]}},{"type":"Feature","properties":{"s":"Dadra & Nagar Haveli","v":3.1},"geometry":{"type":"Point","coordinates":[73.0254,20.2719]}},{"type":"Feature","properties":{"s":"Dadra & Nagar Haveli","v":3.1},"geometry":{"type":"Point","coordinates":[72.9653,20.179]}},{"type":"Feature","properties":{"s":"Dadra & Nagar Haveli","v":3.1},"geometry":{"type":"Point","coordinates":[73.0525,20.1164]}},{"type":"Feature","properties":{"s":"Dadra & Nagar Haveli","v":3.1},"geometry":{"type":"Point","coordinates":[72.9862,20.1987]}},{"type":"Feature","properties":{"s":"Dadra & Nagar Haveli","v":3.1},"geometry":{"type":"Point","coordinates":[72.9721,20.2401]}},{"type":"Feature","properties":{"s":"Dadra & Nagar Haveli","v":3.1},"geometry":{"type":"Point","coordinates":[73.0543,20.1424]}},{"type":"Feature","properties":{"s":"Dadra & Nagar Haveli","v":3.1},"geometry":{"type":"Point","coordinates":[73.021,20.2588]}},{"type":"Feature","properties":{"s":"Dadra & Nagar Haveli","v":3.1},"geometry":{"type":"Point","coordinates":[73.0423,20.2137]}},{"type":"Feature","properties":{"s":"Dadra & Nagar Haveli","v":3.1},"geometry":{"type":"Point","coordinates":[72.9406,20.2472]}},{"type":"Feature","properties":{"s":"Dadra & Nagar Haveli","v":3.1},"geometry":{"type":"Point","coordinates":[73.0373,20.2539]}},{"type":"Feature","properties":{"s":"Dadra & Nagar Haveli","v":3.1},"geometry":{"type":"Point","coordinates":[73.1162,20.155]}},{"type":"Feature","properties":{"s":"Dadra & Nagar Haveli","v":3.1},"geometry":{"type":"Point","coordinates":[73.1527,20.085]}},{"type":"Feature","properties":{"s":"Dadra & Nagar Haveli","v":3.1},"geometry":{"type":"Point","coordinates":[72.978,20.265]}},{"type":"Feature","properties":{"s":"Dadra & Nagar Haveli","v":3.1},"geometry":{"type":"Point","coordinates":[73.1523,20.1637]}},{"type":"Feature","properties":{"s":"Dadra & Nagar Haveli","v":3.1},"geometry":{"type":"Point","coordinates":[73.0405,20.2726]}},{"type":"Feature","properties":{"s":"Dadra & Nagar Haveli","v":3.1},"geometry":{"type":"Point","coordinates":[73.0559,20.1333]}},{"type":"Feature","properties":{"s":"Dadra & Nagar Haveli","v":3.1},"geometry":{"type":"Point","coordinates":[73.0467,20.2723]}},{"type":"Feature","properties":{"s":"Dadra & Nagar Haveli","v":3.1},"geometry":{"type":"Point","coordinates":[72.9856,20.1623]}},{"type":"Feature","properties":{"s":"Dadra & Nagar Haveli","v":3.1},"geometry":{"type":"Point","coordinates":[73.0209,20.1988]}},{"type":"Feature","properties":{"s":"Dadra & Nagar Haveli","v":3.1},"geometry":{"type":"Point","coordinates":[73.0018,20.2398]}},{"type":"Feature","properties":{"s":"Dadra & Nagar Haveli","v":3.1},"geometry":{"type":"Point","coordinates":[73.079,20.2213]}},{"type":"Feature","properties":{"s":"Dadra & Nagar Haveli","v":3.1},"geometry":{"type":"Point","coordinates":[72.9968,20.1789]}},{"type":"Feature","properties":{"s":"Dadra & Nagar Haveli","v":3.1},"geometry":{"type":"Point","coordinates":[73.0847,20.2147]}},{"type":"Feature","properties":{"s":"Dadra & Nagar Haveli","v":3.1},"geometry":{"type":"Point","coordinates":[73.0934,20.168]}},{"type":"Feature","properties":{"s":"Dadra & Nagar Haveli","v":3.1},"geometry":{"type":"Point","coordinates":[73.0355,20.2824]}},{"type":"Feature","properties":{"s":"Dadra & Nagar Haveli","v":3.1},"geometry":{"type":"Point","coordinates":[73.0711,20.2155]}},{"type":"Feature","properties":{"s":"Dadra & Nagar Haveli","v":3.1},"geometry":{"type":"Point","coordinates":[73.1066,20.1395]}},{"type":"Feature","properties":{"s":"Dadra & Nagar Haveli","v":3.1},"geometry":{"type":"Point","coordinates":[73.0412,20.1457]}},{"type":"Feature","properties":{"s":"Dadra & Nagar Haveli","v":3.1},"geometry":{"type":"Point","coordinates":[73.1152,20.1388]}},{"type":"Feature","properties":{"s":"Ladakh","v":6.6},"geometry":{"type":"Point","coordinates":[78.6152,34.6577]}},{"type":"Feature","properties":{"s":"Ladakh","v":6.6},"geometry":{"type":"Point","coordinates":[78.0434,33.527]}},{"type":"Feature","properties":{"s":"Ladakh","v":6.6},"geometry":{"type":"Point","coordinates":[78.2023,34.1621]}},{"type":"Feature","properties":{"s":"Ladakh","v":6.6},"geometry":{"type":"Point","coordinates":[79.0579,34.7376]}},{"type":"Feature","properties":{"s":"Ladakh","v":6.6},"geometry":{"type":"Point","coordinates":[78.6348,33.5708]}},{"type":"Feature","properties":{"s":"Ladakh","v":6.6},"geometry":{"type":"Point","coordinates":[77.5574,35.3601]}},{"type":"Feature","properties":{"s":"Ladakh","v":6.6},"geometry":{"type":"Point","coordinates":[79.3462,34.2135]}},{"type":"Feature","properties":{"s":"Ladakh","v":6.6},"geometry":{"type":"Point","coordinates":[76.3457,33.9034]}},{"type":"Feature","properties":{"s":"Ladakh","v":6.6},"geometry":{"type":"Point","coordinates":[75.3191,34.7794]}},{"type":"Feature","properties":{"s":"Ladakh","v":6.6},"geometry":{"type":"Point","coordinates":[79.6015,34.6353]}},{"type":"Feature","properties":{"s":"Ladakh","v":6.6},"geometry":{"type":"Point","coordinates":[74.1141,35.1438]}},{"type":"Feature","properties":{"s":"Ladakh","v":6.6},"geometry":{"type":"Point","coordinates":[73.9208,36.3178]}},{"type":"Feature","properties":{"s":"Ladakh","v":6.6},"geometry":{"type":"Point","coordinates":[77.1608,34.3395]}},{"type":"Feature","properties":{"s":"Ladakh","v":6.6},"geometry":{"type":"Point","coordinates":[77.9724,32.7016]}},{"type":"Feature","properties":{"s":"Ladakh","v":6.6},"geometry":{"type":"Point","coordinates":[78.8521,35.2856]}},{"type":"Feature","properties":{"s":"Ladakh","v":6.6},"geometry":{"type":"Point","coordinates":[74.1375,36.756]}},{"type":"Feature","properties":{"s":"Ladakh","v":6.6},"geometry":{"type":"Point","coordinates":[75.7077,36.0488]}},{"type":"Feature","properties":{"s":"Ladakh","v":6.6},"geometry":{"type":"Point","coordinates":[79.365,34.8883]}},{"type":"Feature","properties":{"s":"Ladakh","v":6.6},"geometry":{"type":"Point","coordinates":[76.5035,33.6495]}},{"type":"Feature","properties":{"s":"Ladakh","v":6.6},"geometry":{"type":"Point","coordinates":[76.8533,34.9386]}},{"type":"Feature","properties":{"s":"Ladakh","v":6.6},"geometry":{"type":"Point","coordinates":[78.0937,35.0598]}},{"type":"Feature","properties":{"s":"Ladakh","v":6.6},"geometry":{"type":"Point","coordinates":[75.8622,34.5543]}},{"type":"Feature","properties":{"s":"Ladakh","v":6.6},"geometry":{"type":"Point","coordinates":[77.3927,33.2626]}},{"type":"Feature","properties":{"s":"Ladakh","v":6.6},"geometry":{"type":"Point","coordinates":[77.8646,35.4576]}},{"type":"Feature","properties":{"s":"Ladakh","v":6.6},"geometry":{"type":"Point","coordinates":[75.1936,35.314]}},{"type":"Feature","properties":{"s":"Ladakh","v":6.6},"geometry":{"type":"Point","coordinates":[79.0593,34.9442]}},{"type":"Feature","properties":{"s":"Ladakh","v":6.6},"geometry":{"type":"Point","coordinates":[79.8767,35.3431]}},{"type":"Feature","properties":{"s":"Ladakh","v":6.6},"geometry":{"type":"Point","coordinates":[76.4854,35.923]}},{"type":"Feature","properties":{"s":"Ladakh","v":6.6},"geometry":{"type":"Point","coordinates":[78.9973,32.9116]}},{"type":"Feature","properties":{"s":"Ladakh","v":6.6},"geometry":{"type":"Point","coordinates":[75.6882,36.3758]}},{"type":"Feature","properties":{"s":"Ladakh","v":6.6},"geometry":{"type":"Point","coordinates":[75.2023,35.4544]}},{"type":"Feature","properties":{"s":"Ladakh","v":6.6},"geometry":{"type":"Point","coordinates":[78.1612,33.8797]}},{"type":"Feature","properties":{"s":"Ladakh","v":6.6},"geometry":{"type":"Point","coordinates":[76.7903,35.6363]}},{"type":"Feature","properties":{"s":"Ladakh","v":6.6},"geometry":{"type":"Point","coordinates":[78.9455,34.9168]}},{"type":"Feature","properties":{"s":"Ladakh","v":6.6},"geometry":{"type":"Point","coordinates":[77.2208,34.028]}},{"type":"Feature","properties":{"s":"Ladakh","v":6.6},"geometry":{"type":"Point","coordinates":[78.9122,34.4064]}},{"type":"Feature","properties":{"s":"Ladakh","v":6.6},"geometry":{"type":"Point","coordinates":[79.4217,32.7373]}},{"type":"Feature","properties":{"s":"Ladakh","v":6.6},"geometry":{"type":"Point","coordinates":[75.951,36.1273]}},{"type":"Feature","properties":{"s":"Ladakh","v":6.6},"geometry":{"type":"Point","coordinates":[76.6089,36.098]}},{"type":"Feature","properties":{"s":"Ladakh","v":6.6},"geometry":{"type":"Point","coordinates":[77.6054,33.1682]}},{"type":"Feature","properties":{"s":"Ladakh","v":6.6},"geometry":{"type":"Point","coordinates":[74.3444,35.6234]}},{"type":"Feature","properties":{"s":"Ladakh","v":6.6},"geometry":{"type":"Point","coordinates":[73.0859,36.2957]}},{"type":"Feature","properties":{"s":"Ladakh","v":6.6},"geometry":{"type":"Point","coordinates":[75.7843,35.9186]}},{"type":"Feature","properties":{"s":"Ladakh","v":6.6},"geometry":{"type":"Point","coordinates":[78.5223,34.5375]}},{"type":"Feature","properties":{"s":"Ladakh","v":6.6},"geometry":{"type":"Point","coordinates":[79.2712,34.3375]}},{"type":"Feature","properties":{"s":"Ladakh","v":6.6},"geometry":{"type":"Point","coordinates":[78.9409,32.681]}},{"type":"Feature","properties":{"s":"Ladakh","v":6.6},"geometry":{"type":"Point","coordinates":[75.6063,36.1374]}},{"type":"Feature","properties":{"s":"Ladakh","v":6.6},"geometry":{"type":"Point","coordinates":[75.2228,35.8563]}},{"type":"Feature","properties":{"s":"Ladakh","v":6.6},"geometry":{"type":"Point","coordinates":[72.9957,36.0688]}},{"type":"Feature","properties":{"s":"Ladakh","v":6.6},"geometry":{"type":"Point","coordinates":[73.0415,36.1126]}},{"type":"Feature","properties":{"s":"Ladakh","v":6.6},"geometry":{"type":"Point","coordinates":[76.5161,33.5896]}},{"type":"Feature","properties":{"s":"Ladakh","v":6.6},"geometry":{"type":"Point","coordinates":[74.0123,35.3052]}},{"type":"Feature","properties":{"s":"Ladakh","v":6.6},"geometry":{"type":"Point","coordinates":[76.2303,35.8771]}},{"type":"Feature","properties":{"s":"Ladakh","v":6.6},"geometry":{"type":"Point","coordinates":[77.0021,35.5428]}},{"type":"Feature","properties":{"s":"Ladakh","v":6.6},"geometry":{"type":"Point","coordinates":[78.8367,34.243]}},{"type":"Feature","properties":{"s":"Ladakh","v":6.6},"geometry":{"type":"Point","coordinates":[74.6427,36.4335]}},{"type":"Feature","properties":{"s":"Ladakh","v":6.6},"geometry":{"type":"Point","coordinates":[76.7411,36.0111]}},{"type":"Feature","properties":{"s":"Ladakh","v":6.6},"geometry":{"type":"Point","coordinates":[78.2671,34.0218]}},{"type":"Feature","properties":{"s":"Ladakh","v":6.6},"geometry":{"type":"Point","coordinates":[74.1924,35.7667]}},{"type":"Feature","properties":{"s":"Ladakh","v":6.6},"geometry":{"type":"Point","coordinates":[79.5241,34.5642]}},{"type":"Feature","properties":{"s":"Ladakh","v":6.6},"geometry":{"type":"Point","coordinates":[77.7244,33.8294]}},{"type":"Feature","properties":{"s":"Ladakh","v":6.6},"geometry":{"type":"Point","coordinates":[77.8896,33.2366]}},{"type":"Feature","properties":{"s":"Ladakh","v":6.6},"geometry":{"type":"Point","coordinates":[76.634,34.0071]}},{"type":"Feature","properties":{"s":"Ladakh","v":6.6},"geometry":{"type":"Point","coordinates":[78.2102,33.1172]}},{"type":"Feature","properties":{"s":"Ladakh","v":6.6},"geometry":{"type":"Point","coordinates":[77.2624,34.2633]}},{"type":"Feature","properties":{"s":"Ladakh","v":6.6},"geometry":{"type":"Point","coordinates":[79.2962,35.3248]}},{"type":"Feature","properties":{"s":"Ladakh","v":6.6},"geometry":{"type":"Point","coordinates":[77.8129,33.9571]}},{"type":"Feature","properties":{"s":"Ladakh","v":6.6},"geometry":{"type":"Point","coordinates":[73.7224,35.7567]}},{"type":"Feature","properties":{"s":"Ladakh","v":6.6},"geometry":{"type":"Point","coordinates":[78.8095,32.6856]}},{"type":"Feature","properties":{"s":"Ladakh","v":6.6},"geometry":{"type":"Point","coordinates":[76.0899,34.5509]}},{"type":"Feature","properties":{"s":"Ladakh","v":6.6},"geometry":{"type":"Point","coordinates":[78.3966,33.4135]}},{"type":"Feature","properties":{"s":"Ladakh","v":6.6},"geometry":{"type":"Point","coordinates":[78.0304,32.7841]}},{"type":"Feature","properties":{"s":"Ladakh","v":6.6},"geometry":{"type":"Point","coordinates":[78.2226,34.9914]}},{"type":"Feature","properties":{"s":"Ladakh","v":6.6},"geometry":{"type":"Point","coordinates":[76.6938,34.3117]}},{"type":"Feature","properties":{"s":"Ladakh","v":6.6},"geometry":{"type":"Point","coordinates":[78.3742,34.1181]}},{"type":"Feature","properties":{"s":"Ladakh","v":6.6},"geometry":{"type":"Point","coordinates":[76.5231,34.651]}},{"type":"Feature","properties":{"s":"Ladakh","v":6.6},"geometry":{"type":"Point","coordinates":[76.023,35.0375]}},{"type":"Feature","properties":{"s":"Ladakh","v":6.6},"geometry":{"type":"Point","coordinates":[74.7185,36.1183]}},{"type":"Feature","properties":{"s":"Ladakh","v":6.6},"geometry":{"type":"Point","coordinates":[76.851,34.1048]}},{"type":"Feature","properties":{"s":"Ladakh","v":6.6},"geometry":{"type":"Point","coordinates":[74.4623,35.4942]}},{"type":"Feature","properties":{"s":"Ladakh","v":6.6},"geometry":{"type":"Point","coordinates":[78.6226,33.9647]}},{"type":"Feature","properties":{"s":"Ladakh","v":6.6},"geometry":{"type":"Point","coordinates":[74.1176,35.678]}},{"type":"Feature","properties":{"s":"Ladakh","v":6.6},"geometry":{"type":"Point","coordinates":[78.0075,32.8663]}},{"type":"Feature","properties":{"s":"Ladakh","v":6.6},"geometry":{"type":"Point","coordinates":[76.7071,35.9791]}},{"type":"Feature","properties":{"s":"Ladakh","v":6.6},"geometry":{"type":"Point","coordinates":[78.1729,33.7917]}},{"type":"Feature","properties":{"s":"Ladakh","v":6.6},"geometry":{"type":"Point","coordinates":[77.3017,33.3878]}},{"type":"Feature","properties":{"s":"Ladakh","v":6.6},"geometry":{"type":"Point","coordinates":[78.7633,35.6376]}},{"type":"Feature","properties":{"s":"Ladakh","v":6.6},"geometry":{"type":"Point","coordinates":[74.6236,36.9444]}},{"type":"Feature","properties":{"s":"Ladakh","v":6.6},"geometry":{"type":"Point","coordinates":[74.6343,36.2609]}},{"type":"Feature","properties":{"s":"Ladakh","v":6.6},"geometry":{"type":"Point","coordinates":[77.9407,34.2342]}},{"type":"Feature","properties":{"s":"Ladakh","v":6.6},"geometry":{"type":"Point","coordinates":[78.408,33.298]}},{"type":"Feature","properties":{"s":"Ladakh","v":6.6},"geometry":{"type":"Point","coordinates":[75.0539,36.6591]}},{"type":"Feature","properties":{"s":"Ladakh","v":6.6},"geometry":{"type":"Point","coordinates":[73.8968,35.6342]}},{"type":"Feature","properties":{"s":"Ladakh","v":6.6},"geometry":{"type":"Point","coordinates":[76.7274,35.7201]}},{"type":"Feature","properties":{"s":"Ladakh","v":6.6},"geometry":{"type":"Point","coordinates":[79.0054,34.2197]}},{"type":"Feature","properties":{"s":"Ladakh","v":6.6},"geometry":{"type":"Point","coordinates":[79.3344,35.9863]}},{"type":"Feature","properties":{"s":"Ladakh","v":6.6},"geometry":{"type":"Point","coordinates":[77.0253,35.2199]}},{"type":"Feature","properties":{"s":"Ladakh","v":6.6},"geometry":{"type":"Point","coordinates":[75.9566,36.3856]}},{"type":"Feature","properties":{"s":"Ladakh","v":6.6},"geometry":{"type":"Point","coordinates":[75.3011,35.9763]}},{"type":"Feature","properties":{"s":"Ladakh","v":6.6},"geometry":{"type":"Point","coordinates":[79.9635,35.2109]}},{"type":"Feature","properties":{"s":"Ladakh","v":6.6},"geometry":{"type":"Point","coordinates":[75.9096,36.0151]}},{"type":"Feature","properties":{"s":"Ladakh","v":6.6},"geometry":{"type":"Point","coordinates":[77.0071,34.6432]}},{"type":"Feature","properties":{"s":"Ladakh","v":6.6},"geometry":{"type":"Point","coordinates":[79.8347,34.8808]}},{"type":"Feature","properties":{"s":"Ladakh","v":6.6},"geometry":{"type":"Point","coordinates":[79.2195,34.4644]}},{"type":"Feature","properties":{"s":"Ladakh","v":6.6},"geometry":{"type":"Point","coordinates":[77.4254,32.9698]}},{"type":"Feature","properties":{"s":"Ladakh","v":6.6},"geometry":{"type":"Point","coordinates":[75.176,35.0862]}},{"type":"Feature","properties":{"s":"Ladakh","v":6.6},"geometry":{"type":"Point","coordinates":[78.11,34.1242]}},{"type":"Feature","properties":{"s":"Ladakh","v":6.6},"geometry":{"type":"Point","coordinates":[72.9399,35.911]}},{"type":"Feature","properties":{"s":"Ladakh","v":6.6},"geometry":{"type":"Point","coordinates":[75.1843,36.6698]}},{"type":"Feature","properties":{"s":"Ladakh","v":6.6},"geometry":{"type":"Point","coordinates":[80.3066,35.5258]}},{"type":"Feature","properties":{"s":"Ladakh","v":6.6},"geometry":{"type":"Point","coordinates":[77.7004,34.3072]}},{"type":"Feature","properties":{"s":"Ladakh","v":6.6},"geometry":{"type":"Point","coordinates":[78.8244,32.9934]}},{"type":"Feature","properties":{"s":"Ladakh","v":6.6},"geometry":{"type":"Point","coordinates":[76.4075,36.1465]}},{"type":"Feature","properties":{"s":"Ladakh","v":6.6},"geometry":{"type":"Point","coordinates":[76.7623,33.9617]}},{"type":"Feature","properties":{"s":"Ladakh","v":6.6},"geometry":{"type":"Point","coordinates":[74.9443,36.7058]}},{"type":"Feature","properties":{"s":"Ladakh","v":6.6},"geometry":{"type":"Point","coordinates":[76.1033,35.6058]}},{"type":"Feature","properties":{"s":"Ladakh","v":6.6},"geometry":{"type":"Point","coordinates":[75.5151,35.003]}},{"type":"Feature","properties":{"s":"Ladakh","v":6.6},"geometry":{"type":"Point","coordinates":[78.3353,34.5535]}},{"type":"Feature","properties":{"s":"Ladakh","v":6.6},"geometry":{"type":"Point","coordinates":[78.4308,34.6379]}},{"type":"Feature","properties":{"s":"Jammu & Kashmir","v":9},"geometry":{"type":"Point","coordinates":[76.0462,33.7915]}},{"type":"Feature","properties":{"s":"Jammu & Kashmir","v":9},"geometry":{"type":"Point","coordinates":[75.4765,33.3398]}},{"type":"Feature","properties":{"s":"Jammu & Kashmir","v":9},"geometry":{"type":"Point","coordinates":[74.8073,34.6011]}},{"type":"Feature","properties":{"s":"Jammu & Kashmir","v":9},"geometry":{"type":"Point","coordinates":[74.7551,34.5082]}},{"type":"Feature","properties":{"s":"Jammu & Kashmir","v":9},"geometry":{"type":"Point","coordinates":[73.7555,34.5093]}},{"type":"Feature","properties":{"s":"Jammu & Kashmir","v":9},"geometry":{"type":"Point","coordinates":[74.3179,33.9602]}},{"type":"Feature","properties":{"s":"Jammu & Kashmir","v":9},"geometry":{"type":"Point","coordinates":[73.6585,33.9104]}},{"type":"Feature","properties":{"s":"Jammu & Kashmir","v":9},"geometry":{"type":"Point","coordinates":[74.1888,33.8427]}},{"type":"Feature","properties":{"s":"Jammu & Kashmir","v":9},"geometry":{"type":"Point","coordinates":[75.274,34.295]}},{"type":"Feature","properties":{"s":"Jammu & Kashmir","v":9},"geometry":{"type":"Point","coordinates":[75.2563,34.3277]}},{"type":"Feature","properties":{"s":"Jammu & Kashmir","v":9},"geometry":{"type":"Point","coordinates":[75.8022,33.1601]}},{"type":"Feature","properties":{"s":"Jammu & Kashmir","v":9},"geometry":{"type":"Point","coordinates":[75.1486,32.6763]}},{"type":"Feature","properties":{"s":"Jammu & Kashmir","v":9},"geometry":{"type":"Point","coordinates":[75.2844,33.4821]}},{"type":"Feature","properties":{"s":"Jammu & Kashmir","v":9},"geometry":{"type":"Point","coordinates":[74.2363,33.393]}},{"type":"Feature","properties":{"s":"Jammu & Kashmir","v":9},"geometry":{"type":"Point","coordinates":[75.1781,33.9871]}},{"type":"Feature","properties":{"s":"Jammu & Kashmir","v":9},"geometry":{"type":"Point","coordinates":[73.8432,33.0996]}},{"type":"Feature","properties":{"s":"Jammu & Kashmir","v":9},"geometry":{"type":"Point","coordinates":[73.5219,34.2604]}},{"type":"Feature","properties":{"s":"Jammu & Kashmir","v":9},"geometry":{"type":"Point","coordinates":[74.7124,34.1351]}},{"type":"Feature","properties":{"s":"Jammu & Kashmir","v":9},"geometry":{"type":"Point","coordinates":[74.5347,32.892]}},{"type":"Feature","properties":{"s":"Jammu & Kashmir","v":9},"geometry":{"type":"Point","coordinates":[75.5462,33.7971]}},{"type":"Feature","properties":{"s":"Jammu & Kashmir","v":9},"geometry":{"type":"Point","coordinates":[75.3523,33.5191]}},{"type":"Feature","properties":{"s":"Jammu & Kashmir","v":9},"geometry":{"type":"Point","coordinates":[75.8231,33.1771]}},{"type":"Feature","properties":{"s":"Jammu & Kashmir","v":9},"geometry":{"type":"Point","coordinates":[74.8288,34.4958]}},{"type":"Feature","properties":{"s":"Jammu & Kashmir","v":9},"geometry":{"type":"Point","coordinates":[74.6702,34.6226]}},{"type":"Feature","properties":{"s":"Jammu & Kashmir","v":9},"geometry":{"type":"Point","coordinates":[73.908,34.3979]}},{"type":"Feature","properties":{"s":"Jammu & Kashmir","v":9},"geometry":{"type":"Point","coordinates":[75.5777,33.9542]}},{"type":"Feature","properties":{"s":"Jammu & Kashmir","v":9},"geometry":{"type":"Point","coordinates":[74.9206,32.5964]}},{"type":"Feature","properties":{"s":"Jammu & Kashmir","v":9},"geometry":{"type":"Point","coordinates":[73.6689,33.4118]}},{"type":"Feature","properties":{"s":"Jammu & Kashmir","v":9},"geometry":{"type":"Point","coordinates":[74.0497,34.3031]}},{"type":"Feature","properties":{"s":"Jammu & Kashmir","v":9},"geometry":{"type":"Point","coordinates":[74.9145,33.8624]}},{"type":"Feature","properties":{"s":"Jammu & Kashmir","v":9},"geometry":{"type":"Point","coordinates":[74.6464,34.4866]}},{"type":"Feature","properties":{"s":"Jammu & Kashmir","v":9},"geometry":{"type":"Point","coordinates":[73.7526,33.6627]}},{"type":"Feature","properties":{"s":"Jammu & Kashmir","v":9},"geometry":{"type":"Point","coordinates":[75.5385,32.8301]}},{"type":"Feature","properties":{"s":"Jammu & Kashmir","v":9},"geometry":{"type":"Point","coordinates":[74.4936,33.8196]}},{"type":"Feature","properties":{"s":"Jammu & Kashmir","v":9},"geometry":{"type":"Point","coordinates":[75.5249,32.7123]}},{"type":"Feature","properties":{"s":"Jammu & Kashmir","v":9},"geometry":{"type":"Point","coordinates":[74.9664,33.2583]}},{"type":"Feature","properties":{"s":"Jammu & Kashmir","v":9},"geometry":{"type":"Point","coordinates":[75.1175,33.4089]}},{"type":"Feature","properties":{"s":"Jammu & Kashmir","v":9},"geometry":{"type":"Point","coordinates":[76.2498,33.6616]}},{"type":"Feature","properties":{"s":"Jammu & Kashmir","v":9},"geometry":{"type":"Point","coordinates":[74.8677,33.2233]}},{"type":"Feature","properties":{"s":"Jammu & Kashmir","v":9},"geometry":{"type":"Point","coordinates":[75.2841,34.3669]}},{"type":"Feature","properties":{"s":"Jammu & Kashmir","v":9},"geometry":{"type":"Point","coordinates":[74.6399,34.2552]}},{"type":"Feature","properties":{"s":"Jammu & Kashmir","v":9},"geometry":{"type":"Point","coordinates":[74.5238,32.816]}},{"type":"Feature","properties":{"s":"Jammu & Kashmir","v":9},"geometry":{"type":"Point","coordinates":[76.0638,33.7509]}},{"type":"Feature","properties":{"s":"Jammu & Kashmir","v":9},"geometry":{"type":"Point","coordinates":[74.1977,34.7466]}},{"type":"Feature","properties":{"s":"Jammu & Kashmir","v":9},"geometry":{"type":"Point","coordinates":[75.7742,33.8464]}},{"type":"Feature","properties":{"s":"Jammu & Kashmir","v":9},"geometry":{"type":"Point","coordinates":[74.9121,32.989]}},{"type":"Feature","properties":{"s":"Jammu & Kashmir","v":9},"geometry":{"type":"Point","coordinates":[74.7215,34.5585]}},{"type":"Feature","properties":{"s":"Jammu & Kashmir","v":9},"geometry":{"type":"Point","coordinates":[75.6458,32.9808]}},{"type":"Feature","properties":{"s":"Jammu & Kashmir","v":9},"geometry":{"type":"Point","coordinates":[73.6406,34.3137]}},{"type":"Feature","properties":{"s":"Jammu & Kashmir","v":9},"geometry":{"type":"Point","coordinates":[75.9929,33.5808]}},{"type":"Feature","properties":{"s":"Jammu & Kashmir","v":9},"geometry":{"type":"Point","coordinates":[73.4467,34.3633]}},{"type":"Feature","properties":{"s":"Jammu & Kashmir","v":9},"geometry":{"type":"Point","coordinates":[74.9016,32.6304]}},{"type":"Feature","properties":{"s":"Jammu & Kashmir","v":9},"geometry":{"type":"Point","coordinates":[74.5837,33.9759]}},{"type":"Feature","properties":{"s":"Jammu & Kashmir","v":9},"geometry":{"type":"Point","coordinates":[74.4832,33.8278]}},{"type":"Feature","properties":{"s":"Jammu & Kashmir","v":9},"geometry":{"type":"Point","coordinates":[74.1335,33.3934]}},{"type":"Feature","properties":{"s":"Jammu & Kashmir","v":9},"geometry":{"type":"Point","coordinates":[75.623,33.2924]}},{"type":"Feature","properties":{"s":"Jammu & Kashmir","v":9},"geometry":{"type":"Point","coordinates":[75.5005,33.3346]}},{"type":"Feature","properties":{"s":"Jammu & Kashmir","v":9},"geometry":{"type":"Point","coordinates":[76.1534,33.7762]}},{"type":"Feature","properties":{"s":"Jammu & Kashmir","v":9},"geometry":{"type":"Point","coordinates":[75.8846,33.402]}},{"type":"Feature","properties":{"s":"Jammu & Kashmir","v":9},"geometry":{"type":"Point","coordinates":[74.2033,34.1444]}},{"type":"Feature","properties":{"s":"Jammu & Kashmir","v":9},"geometry":{"type":"Point","coordinates":[73.6006,33.2782]}},{"type":"Feature","properties":{"s":"Jammu & Kashmir","v":9},"geometry":{"type":"Point","coordinates":[75.9941,33.4856]}},{"type":"Feature","properties":{"s":"Jammu & Kashmir","v":9},"geometry":{"type":"Point","coordinates":[74.8312,32.6427]}},{"type":"Feature","properties":{"s":"Jammu & Kashmir","v":9},"geometry":{"type":"Point","coordinates":[74.6877,34.3873]}},{"type":"Feature","properties":{"s":"Jammu & Kashmir","v":9},"geometry":{"type":"Point","coordinates":[73.6441,33.1441]}},{"type":"Feature","properties":{"s":"Jammu & Kashmir","v":9},"geometry":{"type":"Point","coordinates":[74.5635,34.0016]}},{"type":"Feature","properties":{"s":"Jammu & Kashmir","v":9},"geometry":{"type":"Point","coordinates":[75.012,33.5717]}},{"type":"Feature","properties":{"s":"Jammu & Kashmir","v":9},"geometry":{"type":"Point","coordinates":[75.7125,33.9705]}},{"type":"Feature","properties":{"s":"Jammu & Kashmir","v":9},"geometry":{"type":"Point","coordinates":[75.44,32.5511]}},{"type":"Feature","properties":{"s":"Jammu & Kashmir","v":9},"geometry":{"type":"Point","coordinates":[74.7744,34.0383]}},{"type":"Feature","properties":{"s":"Jammu & Kashmir","v":9},"geometry":{"type":"Point","coordinates":[74.1978,33.7912]}},{"type":"Feature","properties":{"s":"Jammu & Kashmir","v":9},"geometry":{"type":"Point","coordinates":[75.8716,32.956]}},{"type":"Feature","properties":{"s":"Jammu & Kashmir","v":9},"geometry":{"type":"Point","coordinates":[75.5205,32.5347]}},{"type":"Feature","properties":{"s":"Jammu & Kashmir","v":9},"geometry":{"type":"Point","coordinates":[74.9801,33.2456]}},{"type":"Feature","properties":{"s":"Jammu & Kashmir","v":9},"geometry":{"type":"Point","coordinates":[75.6908,32.7936]}},{"type":"Feature","properties":{"s":"Jammu & Kashmir","v":9},"geometry":{"type":"Point","coordinates":[74.9093,32.9271]}},{"type":"Feature","properties":{"s":"Jammu & Kashmir","v":9},"geometry":{"type":"Point","coordinates":[74.6659,32.9074]}},{"type":"Feature","properties":{"s":"Jammu & Kashmir","v":9},"geometry":{"type":"Point","coordinates":[73.4439,34.4563]}},{"type":"Feature","properties":{"s":"Jammu & Kashmir","v":9},"geometry":{"type":"Point","coordinates":[75.45,33.3374]}},{"type":"Feature","properties":{"s":"Jammu & Kashmir","v":9},"geometry":{"type":"Point","coordinates":[73.844,33.4038]}},{"type":"Feature","properties":{"s":"Jammu & Kashmir","v":9},"geometry":{"type":"Point","coordinates":[74.5784,32.9104]}},{"type":"Feature","properties":{"s":"Jammu & Kashmir","v":9},"geometry":{"type":"Point","coordinates":[74.4611,33.3016]}},{"type":"Feature","properties":{"s":"Jammu & Kashmir","v":9},"geometry":{"type":"Point","coordinates":[74.5769,34.6212]}},{"type":"Feature","properties":{"s":"Jammu & Kashmir","v":9},"geometry":{"type":"Point","coordinates":[75.8372,33.3223]}},{"type":"Feature","properties":{"s":"Jammu & Kashmir","v":9},"geometry":{"type":"Point","coordinates":[75.2611,33.6511]}},{"type":"Feature","properties":{"s":"Jammu & Kashmir","v":9},"geometry":{"type":"Point","coordinates":[74.2275,33.0877]}},{"type":"Feature","properties":{"s":"Jammu & Kashmir","v":9},"geometry":{"type":"Point","coordinates":[74.7963,32.8425]}},{"type":"Feature","properties":{"s":"Jammu & Kashmir","v":9},"geometry":{"type":"Point","coordinates":[75.5299,33.2103]}},{"type":"Feature","properties":{"s":"Jammu & Kashmir","v":9},"geometry":{"type":"Point","coordinates":[75.6227,33.2506]}},{"type":"Feature","properties":{"s":"Jammu & Kashmir","v":9},"geometry":{"type":"Point","coordinates":[76.1417,33.0703]}},{"type":"Feature","properties":{"s":"Jammu & Kashmir","v":9},"geometry":{"type":"Point","coordinates":[75.2331,34.0034]}},{"type":"Feature","properties":{"s":"Jammu & Kashmir","v":9},"geometry":{"type":"Point","coordinates":[75.3241,33.7634]}},{"type":"Feature","properties":{"s":"Jammu & Kashmir","v":9},"geometry":{"type":"Point","coordinates":[74.3759,34.5663]}},{"type":"Feature","properties":{"s":"Jammu & Kashmir","v":9},"geometry":{"type":"Point","coordinates":[75.3192,33.694]}},{"type":"Feature","properties":{"s":"Jammu & Kashmir","v":9},"geometry":{"type":"Point","coordinates":[76.4017,33.2052]}},{"type":"Feature","properties":{"s":"Jammu & Kashmir","v":9},"geometry":{"type":"Point","coordinates":[76.1703,33.7187]}},{"type":"Feature","properties":{"s":"Jammu & Kashmir","v":9},"geometry":{"type":"Point","coordinates":[74.6102,34.0353]}},{"type":"Feature","properties":{"s":"Jammu & Kashmir","v":9},"geometry":{"type":"Point","coordinates":[74.2449,33.604]}},{"type":"Feature","properties":{"s":"Jammu & Kashmir","v":9},"geometry":{"type":"Point","coordinates":[73.7431,34.1735]}},{"type":"Feature","properties":{"s":"Jammu & Kashmir","v":9},"geometry":{"type":"Point","coordinates":[74.8063,34.667]}},{"type":"Feature","properties":{"s":"Jammu & Kashmir","v":9},"geometry":{"type":"Point","coordinates":[74.9936,33.1329]}},{"type":"Feature","properties":{"s":"Jammu & Kashmir","v":9},"geometry":{"type":"Point","coordinates":[74.4235,33.1058]}},{"type":"Feature","properties":{"s":"Jammu & Kashmir","v":9},"geometry":{"type":"Point","coordinates":[74.1048,33.685]}},{"type":"Feature","properties":{"s":"Jammu & Kashmir","v":9},"geometry":{"type":"Point","coordinates":[74.9133,33.6662]}},{"type":"Feature","properties":{"s":"Jammu & Kashmir","v":9},"geometry":{"type":"Point","coordinates":[74.0361,33.7272]}},{"type":"Feature","properties":{"s":"Jammu & Kashmir","v":9},"geometry":{"type":"Point","coordinates":[74.8999,32.9315]}},{"type":"Feature","properties":{"s":"Jammu & Kashmir","v":9},"geometry":{"type":"Point","coordinates":[74.4679,33.5925]}},{"type":"Feature","properties":{"s":"Jammu & Kashmir","v":9},"geometry":{"type":"Point","coordinates":[74.5684,33.21]}},{"type":"Feature","properties":{"s":"Jammu & Kashmir","v":9},"geometry":{"type":"Point","coordinates":[75.0458,33.282]}},{"type":"Feature","properties":{"s":"Jammu & Kashmir","v":9},"geometry":{"type":"Point","coordinates":[75.5119,33.198]}},{"type":"Feature","properties":{"s":"Jammu & Kashmir","v":9},"geometry":{"type":"Point","coordinates":[76.0779,33.7004]}},{"type":"Feature","properties":{"s":"Jammu & Kashmir","v":9},"geometry":{"type":"Point","coordinates":[75.772,33.1185]}},{"type":"Feature","properties":{"s":"Jammu & Kashmir","v":9},"geometry":{"type":"Point","coordinates":[74.2493,32.9114]}},{"type":"Feature","properties":{"s":"Jammu & Kashmir","v":9},"geometry":{"type":"Point","coordinates":[76.6185,33.341]}},{"type":"Feature","properties":{"s":"Jammu & Kashmir","v":9},"geometry":{"type":"Point","coordinates":[74.6363,33.2852]}},{"type":"Feature","properties":{"s":"Jammu & Kashmir","v":9},"geometry":{"type":"Point","coordinates":[73.9614,34.5202]}},{"type":"Feature","properties":{"s":"Jammu & Kashmir","v":9},"geometry":{"type":"Point","coordinates":[74.1777,34.7448]}},{"type":"Feature","properties":{"s":"Jammu & Kashmir","v":9},"geometry":{"type":"Point","coordinates":[74.4781,32.9782]}},{"type":"Feature","properties":{"s":"Jammu & Kashmir","v":9},"geometry":{"type":"Point","coordinates":[73.7287,34.4438]}},{"type":"Feature","properties":{"s":"Jammu & Kashmir","v":9},"geometry":{"type":"Point","coordinates":[75.9383,33.0664]}},{"type":"Feature","properties":{"s":"Jammu & Kashmir","v":9},"geometry":{"type":"Point","coordinates":[75.3934,33.9699]}},{"type":"Feature","properties":{"s":"Jammu & Kashmir","v":9},"geometry":{"type":"Point","coordinates":[74.2496,34.2568]}},{"type":"Feature","properties":{"s":"Jammu & Kashmir","v":9},"geometry":{"type":"Point","coordinates":[75.321,32.437]}},{"type":"Feature","properties":{"s":"Jammu & Kashmir","v":9},"geometry":{"type":"Point","coordinates":[74.4474,34.7517]}},{"type":"Feature","properties":{"s":"Jammu & Kashmir","v":9},"geometry":{"type":"Point","coordinates":[74.6899,34.4507]}},{"type":"Feature","properties":{"s":"Jammu & Kashmir","v":9},"geometry":{"type":"Point","coordinates":[73.9424,33.5435]}},{"type":"Feature","properties":{"s":"Jammu & Kashmir","v":9},"geometry":{"type":"Point","coordinates":[75.3804,33.2256]}},{"type":"Feature","properties":{"s":"Jammu & Kashmir","v":9},"geometry":{"type":"Point","coordinates":[76.5186,33.2497]}},{"type":"Feature","properties":{"s":"Jammu & Kashmir","v":9},"geometry":{"type":"Point","coordinates":[74.3475,34.0517]}},{"type":"Feature","properties":{"s":"Jammu & Kashmir","v":9},"geometry":{"type":"Point","coordinates":[74.2263,33.1325]}},{"type":"Feature","properties":{"s":"Jammu & Kashmir","v":9},"geometry":{"type":"Point","coordinates":[74.966,33.7403]}},{"type":"Feature","properties":{"s":"Jammu & Kashmir","v":9},"geometry":{"type":"Point","coordinates":[75.7592,33.494]}},{"type":"Feature","properties":{"s":"Jammu & Kashmir","v":9},"geometry":{"type":"Point","coordinates":[74.2049,33.4354]}},{"type":"Feature","properties":{"s":"Jammu & Kashmir","v":9},"geometry":{"type":"Point","coordinates":[74.9686,33.8425]}},{"type":"Feature","properties":{"s":"Jammu & Kashmir","v":9},"geometry":{"type":"Point","coordinates":[74.8461,33.1383]}},{"type":"Feature","properties":{"s":"Jammu & Kashmir","v":9},"geometry":{"type":"Point","coordinates":[75.6992,33.2267]}},{"type":"Feature","properties":{"s":"Jammu & Kashmir","v":9},"geometry":{"type":"Point","coordinates":[74.3262,32.9952]}},{"type":"Feature","properties":{"s":"Jammu & Kashmir","v":9},"geometry":{"type":"Point","coordinates":[74.4013,33.5233]}},{"type":"Feature","properties":{"s":"Jammu & Kashmir","v":9},"geometry":{"type":"Point","coordinates":[74.6937,32.8189]}},{"type":"Feature","properties":{"s":"Jammu & Kashmir","v":9},"geometry":{"type":"Point","coordinates":[73.8596,34.6262]}},{"type":"Feature","properties":{"s":"Jammu & Kashmir","v":9},"geometry":{"type":"Point","coordinates":[74.7257,33.0542]}},{"type":"Feature","properties":{"s":"Jammu & Kashmir","v":9},"geometry":{"type":"Point","coordinates":[75.5551,33.1105]}},{"type":"Feature","properties":{"s":"Jammu & Kashmir","v":9},"geometry":{"type":"Point","coordinates":[74.3038,34.2684]}},{"type":"Feature","properties":{"s":"Jammu & Kashmir","v":9},"geometry":{"type":"Point","coordinates":[74.4788,34.1586]}},{"type":"Feature","properties":{"s":"Jammu & Kashmir","v":9},"geometry":{"type":"Point","coordinates":[74.7024,33.5803]}},{"type":"Feature","properties":{"s":"Jammu & Kashmir","v":9},"geometry":{"type":"Point","coordinates":[74.7302,33.7978]}},{"type":"Feature","properties":{"s":"Jammu & Kashmir","v":9},"geometry":{"type":"Point","coordinates":[74.0558,33.101]}},{"type":"Feature","properties":{"s":"Jammu & Kashmir","v":9},"geometry":{"type":"Point","coordinates":[75.0986,34.0881]}},{"type":"Feature","properties":{"s":"Jammu & Kashmir","v":9},"geometry":{"type":"Point","coordinates":[75.1009,34.4418]}},{"type":"Feature","properties":{"s":"Jammu & Kashmir","v":9},"geometry":{"type":"Point","coordinates":[73.7056,34.2697]}},{"type":"Feature","properties":{"s":"Jammu & Kashmir","v":9},"geometry":{"type":"Point","coordinates":[74.1189,34.6199]}},{"type":"Feature","properties":{"s":"Jammu & Kashmir","v":9},"geometry":{"type":"Point","coordinates":[75.718,32.7782]}},{"type":"Feature","properties":{"s":"Jammu & Kashmir","v":9},"geometry":{"type":"Point","coordinates":[74.4181,33.8083]}},{"type":"Feature","properties":{"s":"Jammu & Kashmir","v":9},"geometry":{"type":"Point","coordinates":[74.5343,33.3621]}},{"type":"Feature","properties":{"s":"Jammu & Kashmir","v":9},"geometry":{"type":"Point","coordinates":[76.0427,33.3405]}},{"type":"Feature","properties":{"s":"Jammu & Kashmir","v":9},"geometry":{"type":"Point","coordinates":[74.4902,34.0362]}},{"type":"Feature","properties":{"s":"Jammu & Kashmir","v":9},"geometry":{"type":"Point","coordinates":[74.0624,33.37]}},{"type":"Feature","properties":{"s":"Jammu & Kashmir","v":9},"geometry":{"type":"Point","coordinates":[74.8695,33.5648]}},{"type":"Feature","properties":{"s":"Jammu & Kashmir","v":9},"geometry":{"type":"Point","coordinates":[74.3665,32.9854]}},{"type":"Feature","properties":{"s":"Jammu & Kashmir","v":9},"geometry":{"type":"Point","coordinates":[73.7278,33.8441]}},{"type":"Feature","properties":{"s":"Jammu & Kashmir","v":9},"geometry":{"type":"Point","coordinates":[75.9909,33.5596]}},{"type":"Feature","properties":{"s":"Jammu & Kashmir","v":9},"geometry":{"type":"Point","coordinates":[74.5141,32.7782]}}]}